ISO-10303-21;
HEADER;
FILE_DESCRIPTION((''),'2;1');
FILE_NAME('C-282858-2','2008-10-25T',('workeradm'),(
'Tyco Electronics Corporation'),
'PRO/ENGINEER BY PARAMETRIC TECHNOLOGY CORPORATION, 2005450',
'PRO/ENGINEER BY PARAMETRIC TECHNOLOGY CORPORATION, 2005450','');
FILE_SCHEMA(('CONFIG_CONTROL_DESIGN', 'GEOMETRIC_VALIDATION_PROPERTIES_MIM'));
ENDSEC;
DATA;
#1=DRAUGHTING_PRE_DEFINED_COLOUR('black');
#2=COLOUR_RGB('',0.E0,0.E0,3.6E-1);
#3=COLOUR_RGB('',0.E0,0.E0,4.8E-1);
#4=DRAUGHTING_PRE_DEFINED_COLOUR('blue');
#5=COLOUR_RGB('',0.E0,3.6E-1,9.E-2);
#6=COLOUR_RGB('',0.E0,3.6E-1,2.7E-1);
#7=COLOUR_RGB('',0.E0,5.6E-1,6.4E-1);
#8=COLOUR_RGB('',0.E0,5.8E-1,8.E-1);
#9=COLOUR_RGB('',0.E0,7.1E-1,6.6E-1);
#10=COLOUR_RGB('',0.E0,7.13E-1,0.E0);
#11=COLOUR_RGB('',0.E0,9.5E-1,8.4E-1);
#12=DRAUGHTING_PRE_DEFINED_COLOUR('green');
#13=DRAUGHTING_PRE_DEFINED_COLOUR('cyan');
#14=COLOUR_RGB('',4.E-2,0.E0,1.6E-1);
#15=COLOUR_RGB('',9.E-2,0.E0,1.2E-1);
#16=COLOUR_RGB('',1.E-1,0.E0,2.5E-1);
#17=COLOUR_RGB('',1.6E-1,3.2E-2,0.E0);
#18=COLOUR_RGB('',1.6E-1,4.6E-1,6.5E-1);
#19=COLOUR_RGB('',1.6E-1,1.E0,1.6E-1);
#20=COLOUR_RGB('',2.E-1,3.2E-2,0.E0);
#21=COLOUR_RGB('',3.1E-1,3.1E-1,5.6E-1);
#22=COLOUR_RGB('',3.2E-1,1.5E-1,0.E0);
#23=COLOUR_RGB('',4.E-1,4.E-1,4.E-1);
#24=COLOUR_RGB('',4.2E-1,4.2E-1,1.E0);
#25=COLOUR_RGB('',4.4E-1,8.5E-1,1.E0);
#26=COLOUR_RGB('',4.9E-1,4.9E-1,0.E0);
#27=COLOUR_RGB('',4.9E-1,1.E0,0.E0);
#28=COLOUR_RGB('',5.E-1,0.E0,0.E0);
#29=COLOUR_RGB('',5.E-1,0.E0,2.3E-1);
#30=COLOUR_RGB('',5.E-1,5.E-1,5.E-1);
#31=COLOUR_RGB('',5.3E-1,0.E0,0.E0);
#32=COLOUR_RGB('',5.4E-1,0.E0,4.4E-1);
#33=COLOUR_RGB('',5.5E-1,3.E-1,0.E0);
#34=COLOUR_RGB('',5.6E-1,1.E-1,5.E-2);
#35=COLOUR_RGB('',5.8E-1,2.2E-1,1.E-2);
#36=COLOUR_RGB('',6.E-1,6.E-1,6.E-1);
#37=COLOUR_RGB('',6.2E-1,0.E0,5.5E-1);
#38=COLOUR_RGB('',6.4E-1,0.E0,2.5E-1);
#39=COLOUR_RGB('',6.4E-1,1.E-2,0.E0);
#40=COLOUR_RGB('',6.8E-1,7.5E-1,1.E0);
#41=COLOUR_RGB('',7.1E-1,3.1E-1,0.E0);
#42=COLOUR_RGB('',7.2E-1,7.2E-1,7.2E-1);
#43=COLOUR_RGB('',7.4E-1,1.E0,2.6E-1);
#44=COLOUR_RGB('',7.5E-1,3.E-2,0.E0);
#45=COLOUR_RGB('',7.6E-1,0.E0,4.7E-1);
#46=COLOUR_RGB('',8.1E-1,4.E-2,0.E0);
#47=COLOUR_RGB('',8.1E-1,6.1E-1,0.E0);
#48=COLOUR_RGB('',8.2E-1,4.E-2,6.6E-1);
#49=COLOUR_RGB('',8.5E-1,8.5E-1,8.5E-1);
#50=COLOUR_RGB('',8.784E-1,9.49E-1,1.E0);
#51=COLOUR_RGB('',9.E-1,1.E0,0.E0);
#52=COLOUR_RGB('',9.37E-1,7.85E-1,0.E0);
#53=COLOUR_RGB('',9.5E-1,2.2E-1,8.1E-1);
#54=COLOUR_RGB('',9.6E-1,3.7E-1,3.E-1);
#55=COLOUR_RGB('',9.6E-1,7.1E-1,3.75E-1);
#56=DRAUGHTING_PRE_DEFINED_COLOUR('red');
#57=COLOUR_RGB('',1.E0,0.E0,6.1E-1);
#58=COLOUR_RGB('',1.E0,4.E-2,0.E0);
#59=COLOUR_RGB('',1.E0,2.3E-1,0.E0);
#60=COLOUR_RGB('',1.E0,3.5E-1,5.2E-1);
#61=COLOUR_RGB('',1.E0,3.6E-1,0.E0);
#62=COLOUR_RGB('',1.E0,4.9E-1,3.7E-1);
#63=COLOUR_RGB('',1.E0,5.E-1,0.E0);
#64=COLOUR_RGB('',1.E0,5.6E-1,7.8E-1);
#65=COLOUR_RGB('',1.E0,6.4E-1,4.9E-1);
#66=COLOUR_RGB('',1.E0,6.7E-1,0.E0);
#67=COLOUR_RGB('',1.E0,7.6E-1,6.5E-1);
#68=COLOUR_RGB('',1.E0,8.6E-1,4.E-2);
#69=COLOUR_RGB('',1.E0,9.8E-1,7.2E-1);
#70=DRAUGHTING_PRE_DEFINED_COLOUR('yellow');
#71=DRAUGHTING_PRE_DEFINED_COLOUR('white');
#73=DIRECTION('',(0.E0,1.E0,0.E0));
#74=VECTOR('',#73,3.E-1);
#75=CARTESIAN_POINT('',(-7.5E0,4.3E0,-7.5E0));
#76=LINE('',#75,#74);
#77=DRAUGHTING_PRE_DEFINED_CURVE_FONT('continuous');
#78=CURVE_STYLE('',#77,POSITIVE_LENGTH_MEASURE(2.E-2),#50);
#79=PRESENTATION_STYLE_ASSIGNMENT((#78));
#80=STYLED_ITEM('',(#79),#76);
#81=DIRECTION('',(0.E0,-1.191452206184E-1,9.928768384869E-1));
#82=VECTOR('',#81,7.553806987209E0);
#83=CARTESIAN_POINT('',(-7.5E0,4.6E0,-7.5E0));
#84=LINE('',#83,#82);
#85=CURVE_STYLE('',#77,POSITIVE_LENGTH_MEASURE(2.E-2),#50);
#86=PRESENTATION_STYLE_ASSIGNMENT((#85));
#87=STYLED_ITEM('',(#86),#84);
#88=DIRECTION('',(0.E0,-1.E0,0.E0));
#89=VECTOR('',#88,5.5E0);
#90=CARTESIAN_POINT('',(-7.5E0,3.7E0,0.E0));
#91=LINE('',#90,#89);
#92=CURVE_STYLE('',#77,POSITIVE_LENGTH_MEASURE(2.E-2),#50);
#93=PRESENTATION_STYLE_ASSIGNMENT((#92));
#94=STYLED_ITEM('',(#93),#91);
#95=DIRECTION('',(0.E0,-9.053574604252E-2,-9.958932064677E-1));
#96=VECTOR('',#95,3.313608305156E0);
#97=CARTESIAN_POINT('',(-7.5E0,-1.8E0,0.E0));
#98=LINE('',#97,#96);
#99=CURVE_STYLE('',#77,POSITIVE_LENGTH_MEASURE(2.E-2),#50);
#100=PRESENTATION_STYLE_ASSIGNMENT((#99));
#101=STYLED_ITEM('',(#100),#98);
#102=DIRECTION('',(0.E0,0.E0,-1.E0));
#103=VECTOR('',#102,4.2E0);
#104=CARTESIAN_POINT('',(-7.5E0,-2.1E0,-3.3E0));
#105=LINE('',#104,#103);
#106=CURVE_STYLE('',#77,POSITIVE_LENGTH_MEASURE(2.E-2),#50);
#107=PRESENTATION_STYLE_ASSIGNMENT((#106));
#108=STYLED_ITEM('',(#107),#105);
#109=DIRECTION('',(0.E0,-1.E0,0.E0));
#110=VECTOR('',#109,2.2E0);
#111=CARTESIAN_POINT('',(-7.5E0,-2.1E0,-7.5E0));
#112=LINE('',#111,#110);
#113=CURVE_STYLE('',#77,POSITIVE_LENGTH_MEASURE(2.E-2),#50);
#114=PRESENTATION_STYLE_ASSIGNMENT((#113));
#115=STYLED_ITEM('',(#114),#112);
#116=DIRECTION('',(0.E0,0.E0,1.E0));
#117=VECTOR('',#116,1.15E1);
#118=CARTESIAN_POINT('',(-7.5E0,-4.3E0,-1.9E1));
#119=LINE('',#118,#117);
#120=CURVE_STYLE('',#77,POSITIVE_LENGTH_MEASURE(2.E-2),#50);
#121=PRESENTATION_STYLE_ASSIGNMENT((#120));
#122=STYLED_ITEM('',(#121),#119);
#123=DIRECTION('',(0.E0,1.E0,0.E0));
#124=VECTOR('',#123,8.6E0);
#125=CARTESIAN_POINT('',(-7.5E0,-4.3E0,-1.9E1));
#126=LINE('',#125,#124);
#127=CURVE_STYLE('',#77,POSITIVE_LENGTH_MEASURE(2.E-2),#50);
#128=PRESENTATION_STYLE_ASSIGNMENT((#127));
#129=STYLED_ITEM('',(#128),#126);
#130=DIRECTION('',(0.E0,0.E0,1.E0));
#131=VECTOR('',#130,1.15E1);
#132=CARTESIAN_POINT('',(-7.5E0,4.3E0,-1.9E1));
#133=LINE('',#132,#131);
#134=CURVE_STYLE('',#77,POSITIVE_LENGTH_MEASURE(2.E-2),#50);
#135=PRESENTATION_STYLE_ASSIGNMENT((#134));
#136=STYLED_ITEM('',(#135),#133);
#137=DIRECTION('',(0.E0,-1.E0,0.E0));
#138=VECTOR('',#137,4.E-1);
#139=CARTESIAN_POINT('',(7.E0,5.E0,-7.5E0));
#140=LINE('',#139,#138);
#141=CURVE_STYLE('',#77,POSITIVE_LENGTH_MEASURE(2.E-2),#50);
#142=PRESENTATION_STYLE_ASSIGNMENT((#141));
#143=STYLED_ITEM('',(#142),#140);
#144=DIRECTION('',(9.284766908853E-1,3.713906763541E-1,0.E0));
#145=VECTOR('',#144,5.385164807135E-1);
#146=CARTESIAN_POINT('',(-8.E0,4.1E0,-7.5E0));
#147=LINE('',#146,#145);
#148=CURVE_STYLE('',#77,POSITIVE_LENGTH_MEASURE(2.E-2),#50);
#149=PRESENTATION_STYLE_ASSIGNMENT((#148));
#150=STYLED_ITEM('',(#149),#147);
#151=DIRECTION('',(0.E0,-1.E0,0.E0));
#152=VECTOR('',#151,9.E-1);
#153=CARTESIAN_POINT('',(-8.E0,5.E0,-7.5E0));
#154=LINE('',#153,#152);
#155=CURVE_STYLE('',#77,POSITIVE_LENGTH_MEASURE(2.E-2),#50);
#156=PRESENTATION_STYLE_ASSIGNMENT((#155));
#157=STYLED_ITEM('',(#156),#154);
#158=DIRECTION('',(0.E0,-1.E0,0.E0));
#159=VECTOR('',#158,1.5E0);
#160=CARTESIAN_POINT('',(3.65E0,-3.E0,-7.5E0));
#161=LINE('',#160,#159);
#162=CURVE_STYLE('',#77,POSITIVE_LENGTH_MEASURE(2.E-2),#50);
#163=PRESENTATION_STYLE_ASSIGNMENT((#162));
#164=STYLED_ITEM('',(#163),#161);
#165=DIRECTION('',(1.E0,0.E0,0.E0));
#166=VECTOR('',#165,2.7E0);
#167=CARTESIAN_POINT('',(3.65E0,-4.5E0,-7.5E0));
#168=LINE('',#167,#166);
#169=CURVE_STYLE('',#77,POSITIVE_LENGTH_MEASURE(2.E-2),#50);
#170=PRESENTATION_STYLE_ASSIGNMENT((#169));
#171=STYLED_ITEM('',(#170),#168);
#172=DIRECTION('',(0.E0,1.E0,0.E0));
#173=VECTOR('',#172,1.5E0);
#174=CARTESIAN_POINT('',(6.35E0,-4.5E0,-7.5E0));
#175=LINE('',#174,#173);
#176=CURVE_STYLE('',#77,POSITIVE_LENGTH_MEASURE(2.E-2),#50);
#177=PRESENTATION_STYLE_ASSIGNMENT((#176));
#178=STYLED_ITEM('',(#177),#175);
#179=DIRECTION('',(-1.E0,0.E0,0.E0));
#180=VECTOR('',#179,2.7E0);
#181=CARTESIAN_POINT('',(6.35E0,-3.E0,-7.5E0));
#182=LINE('',#181,#180);
#183=CURVE_STYLE('',#77,POSITIVE_LENGTH_MEASURE(2.E-2),#50);
#184=PRESENTATION_STYLE_ASSIGNMENT((#183));
#185=STYLED_ITEM('',(#184),#182);
#186=DIRECTION('',(0.E0,-1.E0,0.E0));
#187=VECTOR('',#186,1.5E0);
#188=CARTESIAN_POINT('',(-1.35E0,-3.E0,-7.5E0));
#189=LINE('',#188,#187);
#190=CURVE_STYLE('',#77,POSITIVE_LENGTH_MEASURE(2.E-2),#50);
#191=PRESENTATION_STYLE_ASSIGNMENT((#190));
#192=STYLED_ITEM('',(#191),#189);
#193=DIRECTION('',(1.E0,0.E0,0.E0));
#194=VECTOR('',#193,2.7E0);
#195=CARTESIAN_POINT('',(-1.35E0,-4.5E0,-7.5E0));
#196=LINE('',#195,#194);
#197=CURVE_STYLE('',#77,POSITIVE_LENGTH_MEASURE(2.E-2),#50);
#198=PRESENTATION_STYLE_ASSIGNMENT((#197));
#199=STYLED_ITEM('',(#198),#196);
#200=DIRECTION('',(0.E0,1.E0,0.E0));
#201=VECTOR('',#200,1.5E0);
#202=CARTESIAN_POINT('',(1.35E0,-4.5E0,-7.5E0));
#203=LINE('',#202,#201);
#204=CURVE_STYLE('',#77,POSITIVE_LENGTH_MEASURE(2.E-2),#50);
#205=PRESENTATION_STYLE_ASSIGNMENT((#204));
#206=STYLED_ITEM('',(#205),#203);
#207=DIRECTION('',(-1.E0,0.E0,0.E0));
#208=VECTOR('',#207,2.7E0);
#209=CARTESIAN_POINT('',(1.35E0,-3.E0,-7.5E0));
#210=LINE('',#209,#208);
#211=CURVE_STYLE('',#77,POSITIVE_LENGTH_MEASURE(2.E-2),#50);
#212=PRESENTATION_STYLE_ASSIGNMENT((#211));
#213=STYLED_ITEM('',(#212),#210);
#214=DIRECTION('',(0.E0,-1.E0,0.E0));
#215=VECTOR('',#214,1.5E0);
#216=CARTESIAN_POINT('',(-6.35E0,-3.E0,-7.5E0));
#217=LINE('',#216,#215);
#218=CURVE_STYLE('',#77,POSITIVE_LENGTH_MEASURE(2.E-2),#50);
#219=PRESENTATION_STYLE_ASSIGNMENT((#218));
#220=STYLED_ITEM('',(#219),#217);
#221=DIRECTION('',(1.E0,0.E0,0.E0));
#222=VECTOR('',#221,2.7E0);
#223=CARTESIAN_POINT('',(-6.35E0,-4.5E0,-7.5E0));
#224=LINE('',#223,#222);
#225=CURVE_STYLE('',#77,POSITIVE_LENGTH_MEASURE(2.E-2),#50);
#226=PRESENTATION_STYLE_ASSIGNMENT((#225));
#227=STYLED_ITEM('',(#226),#224);
#228=DIRECTION('',(0.E0,1.E0,0.E0));
#229=VECTOR('',#228,1.5E0);
#230=CARTESIAN_POINT('',(-3.65E0,-4.5E0,-7.5E0));
#231=LINE('',#230,#229);
#232=CURVE_STYLE('',#77,POSITIVE_LENGTH_MEASURE(2.E-2),#50);
#233=PRESENTATION_STYLE_ASSIGNMENT((#232));
#234=STYLED_ITEM('',(#233),#231);
#235=DIRECTION('',(-1.E0,0.E0,0.E0));
#236=VECTOR('',#235,2.7E0);
#237=CARTESIAN_POINT('',(-3.65E0,-3.E0,-7.5E0));
#238=LINE('',#237,#236);
#239=CURVE_STYLE('',#77,POSITIVE_LENGTH_MEASURE(2.E-2),#50);
#240=PRESENTATION_STYLE_ASSIGNMENT((#239));
#241=STYLED_ITEM('',(#240),#238);
#242=DIRECTION('',(0.E0,-1.E0,0.E0));
#243=VECTOR('',#242,9.E-1);
#244=CARTESIAN_POINT('',(-8.E0,-4.1E0,-7.5E0));
#245=LINE('',#244,#243);
#246=CURVE_STYLE('',#77,POSITIVE_LENGTH_MEASURE(2.E-2),#50);
#247=PRESENTATION_STYLE_ASSIGNMENT((#246));
#248=STYLED_ITEM('',(#247),#245);
#249=DIRECTION('',(-9.284766908853E-1,3.713906763541E-1,0.E0));
#250=VECTOR('',#249,5.385164807135E-1);
#251=CARTESIAN_POINT('',(-7.5E0,-4.3E0,-7.5E0));
#252=LINE('',#251,#250);
#253=CURVE_STYLE('',#77,POSITIVE_LENGTH_MEASURE(2.E-2),#50);
#254=PRESENTATION_STYLE_ASSIGNMENT((#253));
#255=STYLED_ITEM('',(#254),#252);
#256=DIRECTION('',(1.E0,0.E0,0.E0));
#257=VECTOR('',#256,1.5E1);
#258=CARTESIAN_POINT('',(-7.5E0,-2.1E0,-7.5E0));
#259=LINE('',#258,#257);
#260=CURVE_STYLE('',#77,POSITIVE_LENGTH_MEASURE(2.E-2),#50);
#261=PRESENTATION_STYLE_ASSIGNMENT((#260));
#262=STYLED_ITEM('',(#261),#259);
#263=DIRECTION('',(-9.284766908853E-1,3.713906763541E-1,0.E0));
#264=VECTOR('',#263,5.385164807135E-1);
#265=CARTESIAN_POINT('',(7.5E0,-4.3E0,-7.5E0));
#266=LINE('',#265,#264);
#267=CURVE_STYLE('',#77,POSITIVE_LENGTH_MEASURE(2.E-2),#50);
#268=PRESENTATION_STYLE_ASSIGNMENT((#267));
#269=STYLED_ITEM('',(#268),#266);
#270=DIRECTION('',(0.E0,1.E0,0.E0));
#271=VECTOR('',#270,9.E-1);
#272=CARTESIAN_POINT('',(7.E0,-5.E0,-7.5E0));
#273=LINE('',#272,#271);
#274=CURVE_STYLE('',#77,POSITIVE_LENGTH_MEASURE(2.E-2),#50);
#275=PRESENTATION_STYLE_ASSIGNMENT((#274));
#276=STYLED_ITEM('',(#275),#273);
#277=DIRECTION('',(0.E0,0.E0,-1.E0));
#278=VECTOR('',#277,6.5E0);
#279=CARTESIAN_POINT('',(6.6E0,5.E0,-9.4E0));
#280=LINE('',#279,#278);
#281=CURVE_STYLE('',#77,POSITIVE_LENGTH_MEASURE(2.E-2),#50);
#282=PRESENTATION_STYLE_ASSIGNMENT((#281));
#283=STYLED_ITEM('',(#282),#280);
#284=DIRECTION('',(-1.E0,0.E0,0.E0));
#285=VECTOR('',#284,3.2E0);
#286=CARTESIAN_POINT('',(6.6E0,5.E0,-1.59E1));
#287=LINE('',#286,#285);
#288=CURVE_STYLE('',#77,POSITIVE_LENGTH_MEASURE(2.E-2),#50);
#289=PRESENTATION_STYLE_ASSIGNMENT((#288));
#290=STYLED_ITEM('',(#289),#287);
#291=DIRECTION('',(0.E0,0.E0,1.E0));
#292=VECTOR('',#291,6.5E0);
#293=CARTESIAN_POINT('',(3.4E0,5.E0,-1.59E1));
#294=LINE('',#293,#292);
#295=CURVE_STYLE('',#77,POSITIVE_LENGTH_MEASURE(2.E-2),#50);
#296=PRESENTATION_STYLE_ASSIGNMENT((#295));
#297=STYLED_ITEM('',(#296),#294);
#298=DIRECTION('',(1.E0,0.E0,0.E0));
#299=VECTOR('',#298,3.2E0);
#300=CARTESIAN_POINT('',(3.4E0,5.E0,-9.4E0));
#301=LINE('',#300,#299);
#302=CURVE_STYLE('',#77,POSITIVE_LENGTH_MEASURE(2.E-2),#50);
#303=PRESENTATION_STYLE_ASSIGNMENT((#302));
#304=STYLED_ITEM('',(#303),#301);
#305=DIRECTION('',(0.E0,0.E0,-1.E0));
#306=VECTOR('',#305,6.5E0);
#307=CARTESIAN_POINT('',(1.6E0,5.E0,-9.4E0));
#308=LINE('',#307,#306);
#309=CURVE_STYLE('',#77,POSITIVE_LENGTH_MEASURE(2.E-2),#50);
#310=PRESENTATION_STYLE_ASSIGNMENT((#309));
#311=STYLED_ITEM('',(#310),#308);
#312=DIRECTION('',(-1.E0,0.E0,0.E0));
#313=VECTOR('',#312,3.2E0);
#314=CARTESIAN_POINT('',(1.6E0,5.E0,-1.59E1));
#315=LINE('',#314,#313);
#316=CURVE_STYLE('',#77,POSITIVE_LENGTH_MEASURE(2.E-2),#50);
#317=PRESENTATION_STYLE_ASSIGNMENT((#316));
#318=STYLED_ITEM('',(#317),#315);
#319=DIRECTION('',(0.E0,0.E0,1.E0));
#320=VECTOR('',#319,6.5E0);
#321=CARTESIAN_POINT('',(-1.6E0,5.E0,-1.59E1));
#322=LINE('',#321,#320);
#323=CURVE_STYLE('',#77,POSITIVE_LENGTH_MEASURE(2.E-2),#50);
#324=PRESENTATION_STYLE_ASSIGNMENT((#323));
#325=STYLED_ITEM('',(#324),#322);
#326=DIRECTION('',(1.E0,0.E0,0.E0));
#327=VECTOR('',#326,3.2E0);
#328=CARTESIAN_POINT('',(-1.6E0,5.E0,-9.4E0));
#329=LINE('',#328,#327);
#330=CURVE_STYLE('',#77,POSITIVE_LENGTH_MEASURE(2.E-2),#50);
#331=PRESENTATION_STYLE_ASSIGNMENT((#330));
#332=STYLED_ITEM('',(#331),#329);
#333=DIRECTION('',(0.E0,0.E0,-1.E0));
#334=VECTOR('',#333,6.5E0);
#335=CARTESIAN_POINT('',(-3.4E0,5.E0,-9.4E0));
#336=LINE('',#335,#334);
#337=CURVE_STYLE('',#77,POSITIVE_LENGTH_MEASURE(2.E-2),#50);
#338=PRESENTATION_STYLE_ASSIGNMENT((#337));
#339=STYLED_ITEM('',(#338),#336);
#340=DIRECTION('',(-1.E0,0.E0,0.E0));
#341=VECTOR('',#340,3.2E0);
#342=CARTESIAN_POINT('',(-3.4E0,5.E0,-1.59E1));
#343=LINE('',#342,#341);
#344=CURVE_STYLE('',#77,POSITIVE_LENGTH_MEASURE(2.E-2),#50);
#345=PRESENTATION_STYLE_ASSIGNMENT((#344));
#346=STYLED_ITEM('',(#345),#343);
#347=DIRECTION('',(0.E0,0.E0,1.E0));
#348=VECTOR('',#347,6.5E0);
#349=CARTESIAN_POINT('',(-6.6E0,5.E0,-1.59E1));
#350=LINE('',#349,#348);
#351=CURVE_STYLE('',#77,POSITIVE_LENGTH_MEASURE(2.E-2),#50);
#352=PRESENTATION_STYLE_ASSIGNMENT((#351));
#353=STYLED_ITEM('',(#352),#350);
#354=DIRECTION('',(1.E0,0.E0,0.E0));
#355=VECTOR('',#354,3.2E0);
#356=CARTESIAN_POINT('',(-6.6E0,5.E0,-9.4E0));
#357=LINE('',#356,#355);
#358=CURVE_STYLE('',#77,POSITIVE_LENGTH_MEASURE(2.E-2),#50);
#359=PRESENTATION_STYLE_ASSIGNMENT((#358));
#360=STYLED_ITEM('',(#359),#357);
#361=DIRECTION('',(-1.E0,0.E0,0.E0));
#362=VECTOR('',#361,1.5E1);
#363=CARTESIAN_POINT('',(7.E0,5.E0,-7.5E0));
#364=LINE('',#363,#362);
#365=CURVE_STYLE('',#77,POSITIVE_LENGTH_MEASURE(2.E-2),#50);
#366=PRESENTATION_STYLE_ASSIGNMENT((#365));
#367=STYLED_ITEM('',(#366),#364);
#368=DIRECTION('',(0.E0,0.E0,1.E0));
#369=VECTOR('',#368,1.15E1);
#370=CARTESIAN_POINT('',(7.E0,5.E0,-1.9E1));
#371=LINE('',#370,#369);
#372=CURVE_STYLE('',#77,POSITIVE_LENGTH_MEASURE(2.E-2),#50);
#373=PRESENTATION_STYLE_ASSIGNMENT((#372));
#374=STYLED_ITEM('',(#373),#371);
#375=DIRECTION('',(1.059625885652E-1,7.417381199564E-1,6.622661785325E-1));
#376=VECTOR('',#375,1.887458608818E0);
#377=CARTESIAN_POINT('',(6.4E0,3.6E0,-1.065E1));
#378=LINE('',#377,#376);
#379=CURVE_STYLE('',#77,POSITIVE_LENGTH_MEASURE(2.E-2),#50);
#380=PRESENTATION_STYLE_ASSIGNMENT((#379));
#381=STYLED_ITEM('',(#380),#378);
#382=DIRECTION('',(-1.059625885652E-1,7.417381199564E-1,6.622661785325E-1));
#383=VECTOR('',#382,1.887458608818E0);
#384=CARTESIAN_POINT('',(3.6E0,3.6E0,-1.065E1));
#385=LINE('',#384,#383);
#386=CURVE_STYLE('',#77,POSITIVE_LENGTH_MEASURE(2.E-2),#50);
#387=PRESENTATION_STYLE_ASSIGNMENT((#386));
#388=STYLED_ITEM('',(#387),#385);
#389=DIRECTION('',(-1.059625885652E-1,7.417381199564E-1,-6.622661785325E-1));
#390=VECTOR('',#389,1.887458608818E0);
#391=CARTESIAN_POINT('',(3.6E0,3.6E0,-1.465E1));
#392=LINE('',#391,#390);
#393=CURVE_STYLE('',#77,POSITIVE_LENGTH_MEASURE(2.E-2),#50);
#394=PRESENTATION_STYLE_ASSIGNMENT((#393));
#395=STYLED_ITEM('',(#394),#392);
#396=DIRECTION('',(1.059625885652E-1,7.417381199564E-1,-6.622661785325E-1));
#397=VECTOR('',#396,1.887458608818E0);
#398=CARTESIAN_POINT('',(6.4E0,3.6E0,-1.465E1));
#399=LINE('',#398,#397);
#400=CURVE_STYLE('',#77,POSITIVE_LENGTH_MEASURE(2.E-2),#50);
#401=PRESENTATION_STYLE_ASSIGNMENT((#400));
#402=STYLED_ITEM('',(#401),#399);
#403=DIRECTION('',(0.E0,0.E0,-1.E0));
#404=VECTOR('',#403,4.E0);
#405=CARTESIAN_POINT('',(6.4E0,3.6E0,-1.065E1));
#406=LINE('',#405,#404);
#407=CURVE_STYLE('',#77,POSITIVE_LENGTH_MEASURE(2.E-2),#50);
#408=PRESENTATION_STYLE_ASSIGNMENT((#407));
#409=STYLED_ITEM('',(#408),#406);
#410=DIRECTION('',(1.E0,0.E0,0.E0));
#411=VECTOR('',#410,2.8E0);
#412=CARTESIAN_POINT('',(3.6E0,3.6E0,-1.065E1));
#413=LINE('',#412,#411);
#414=CURVE_STYLE('',#77,POSITIVE_LENGTH_MEASURE(2.E-2),#50);
#415=PRESENTATION_STYLE_ASSIGNMENT((#414));
#416=STYLED_ITEM('',(#415),#413);
#417=DIRECTION('',(0.E0,0.E0,1.E0));
#418=VECTOR('',#417,4.E0);
#419=CARTESIAN_POINT('',(3.6E0,3.6E0,-1.465E1));
#420=LINE('',#419,#418);
#421=CURVE_STYLE('',#77,POSITIVE_LENGTH_MEASURE(2.E-2),#50);
#422=PRESENTATION_STYLE_ASSIGNMENT((#421));
#423=STYLED_ITEM('',(#422),#420);
#424=DIRECTION('',(-1.E0,0.E0,0.E0));
#425=VECTOR('',#424,2.8E0);
#426=CARTESIAN_POINT('',(6.4E0,3.6E0,-1.465E1));
#427=LINE('',#426,#425);
#428=CURVE_STYLE('',#77,POSITIVE_LENGTH_MEASURE(2.E-2),#50);
#429=PRESENTATION_STYLE_ASSIGNMENT((#428));
#430=STYLED_ITEM('',(#429),#427);
#431=DIRECTION('',(1.059625885652E-1,7.417381199564E-1,6.622661785325E-1));
#432=VECTOR('',#431,1.887458608818E0);
#433=CARTESIAN_POINT('',(1.4E0,3.6E0,-1.065E1));
#434=LINE('',#433,#432);
#435=CURVE_STYLE('',#77,POSITIVE_LENGTH_MEASURE(2.E-2),#50);
#436=PRESENTATION_STYLE_ASSIGNMENT((#435));
#437=STYLED_ITEM('',(#436),#434);
#438=DIRECTION('',(-1.059625885652E-1,7.417381199564E-1,6.622661785325E-1));
#439=VECTOR('',#438,1.887458608818E0);
#440=CARTESIAN_POINT('',(-1.4E0,3.6E0,-1.065E1));
#441=LINE('',#440,#439);
#442=CURVE_STYLE('',#77,POSITIVE_LENGTH_MEASURE(2.E-2),#50);
#443=PRESENTATION_STYLE_ASSIGNMENT((#442));
#444=STYLED_ITEM('',(#443),#441);
#445=DIRECTION('',(-1.059625885652E-1,7.417381199564E-1,-6.622661785325E-1));
#446=VECTOR('',#445,1.887458608818E0);
#447=CARTESIAN_POINT('',(-1.4E0,3.6E0,-1.465E1));
#448=LINE('',#447,#446);
#449=CURVE_STYLE('',#77,POSITIVE_LENGTH_MEASURE(2.E-2),#50);
#450=PRESENTATION_STYLE_ASSIGNMENT((#449));
#451=STYLED_ITEM('',(#450),#448);
#452=DIRECTION('',(1.059625885652E-1,7.417381199564E-1,-6.622661785325E-1));
#453=VECTOR('',#452,1.887458608818E0);
#454=CARTESIAN_POINT('',(1.4E0,3.6E0,-1.465E1));
#455=LINE('',#454,#453);
#456=CURVE_STYLE('',#77,POSITIVE_LENGTH_MEASURE(2.E-2),#50);
#457=PRESENTATION_STYLE_ASSIGNMENT((#456));
#458=STYLED_ITEM('',(#457),#455);
#459=DIRECTION('',(0.E0,0.E0,-1.E0));
#460=VECTOR('',#459,4.E0);
#461=CARTESIAN_POINT('',(1.4E0,3.6E0,-1.065E1));
#462=LINE('',#461,#460);
#463=CURVE_STYLE('',#77,POSITIVE_LENGTH_MEASURE(2.E-2),#50);
#464=PRESENTATION_STYLE_ASSIGNMENT((#463));
#465=STYLED_ITEM('',(#464),#462);
#466=DIRECTION('',(1.E0,0.E0,0.E0));
#467=VECTOR('',#466,2.8E0);
#468=CARTESIAN_POINT('',(-1.4E0,3.6E0,-1.065E1));
#469=LINE('',#468,#467);
#470=CURVE_STYLE('',#77,POSITIVE_LENGTH_MEASURE(2.E-2),#50);
#471=PRESENTATION_STYLE_ASSIGNMENT((#470));
#472=STYLED_ITEM('',(#471),#469);
#473=DIRECTION('',(0.E0,0.E0,1.E0));
#474=VECTOR('',#473,4.E0);
#475=CARTESIAN_POINT('',(-1.4E0,3.6E0,-1.465E1));
#476=LINE('',#475,#474);
#477=CURVE_STYLE('',#77,POSITIVE_LENGTH_MEASURE(2.E-2),#50);
#478=PRESENTATION_STYLE_ASSIGNMENT((#477));
#479=STYLED_ITEM('',(#478),#476);
#480=DIRECTION('',(-1.E0,0.E0,0.E0));
#481=VECTOR('',#480,2.8E0);
#482=CARTESIAN_POINT('',(1.4E0,3.6E0,-1.465E1));
#483=LINE('',#482,#481);
#484=CURVE_STYLE('',#77,POSITIVE_LENGTH_MEASURE(2.E-2),#50);
#485=PRESENTATION_STYLE_ASSIGNMENT((#484));
#486=STYLED_ITEM('',(#485),#483);
#487=DIRECTION('',(1.059625885652E-1,7.417381199564E-1,6.622661785325E-1));
#488=VECTOR('',#487,1.887458608818E0);
#489=CARTESIAN_POINT('',(-3.6E0,3.6E0,-1.065E1));
#490=LINE('',#489,#488);
#491=CURVE_STYLE('',#77,POSITIVE_LENGTH_MEASURE(2.E-2),#50);
#492=PRESENTATION_STYLE_ASSIGNMENT((#491));
#493=STYLED_ITEM('',(#492),#490);
#494=DIRECTION('',(-1.059625885652E-1,7.417381199564E-1,6.622661785325E-1));
#495=VECTOR('',#494,1.887458608818E0);
#496=CARTESIAN_POINT('',(-6.4E0,3.6E0,-1.065E1));
#497=LINE('',#496,#495);
#498=CURVE_STYLE('',#77,POSITIVE_LENGTH_MEASURE(2.E-2),#50);
#499=PRESENTATION_STYLE_ASSIGNMENT((#498));
#500=STYLED_ITEM('',(#499),#497);
#501=DIRECTION('',(-1.059625885652E-1,7.417381199564E-1,-6.622661785325E-1));
#502=VECTOR('',#501,1.887458608818E0);
#503=CARTESIAN_POINT('',(-6.4E0,3.6E0,-1.465E1));
#504=LINE('',#503,#502);
#505=CURVE_STYLE('',#77,POSITIVE_LENGTH_MEASURE(2.E-2),#50);
#506=PRESENTATION_STYLE_ASSIGNMENT((#505));
#507=STYLED_ITEM('',(#506),#504);
#508=DIRECTION('',(1.059625885652E-1,7.417381199564E-1,-6.622661785325E-1));
#509=VECTOR('',#508,1.887458608818E0);
#510=CARTESIAN_POINT('',(-3.6E0,3.6E0,-1.465E1));
#511=LINE('',#510,#509);
#512=CURVE_STYLE('',#77,POSITIVE_LENGTH_MEASURE(2.E-2),#50);
#513=PRESENTATION_STYLE_ASSIGNMENT((#512));
#514=STYLED_ITEM('',(#513),#511);
#515=DIRECTION('',(0.E0,0.E0,-1.E0));
#516=VECTOR('',#515,4.E0);
#517=CARTESIAN_POINT('',(-3.6E0,3.6E0,-1.065E1));
#518=LINE('',#517,#516);
#519=CURVE_STYLE('',#77,POSITIVE_LENGTH_MEASURE(2.E-2),#50);
#520=PRESENTATION_STYLE_ASSIGNMENT((#519));
#521=STYLED_ITEM('',(#520),#518);
#522=DIRECTION('',(1.E0,0.E0,0.E0));
#523=VECTOR('',#522,2.8E0);
#524=CARTESIAN_POINT('',(-6.4E0,3.6E0,-1.065E1));
#525=LINE('',#524,#523);
#526=CURVE_STYLE('',#77,POSITIVE_LENGTH_MEASURE(2.E-2),#50);
#527=PRESENTATION_STYLE_ASSIGNMENT((#526));
#528=STYLED_ITEM('',(#527),#525);
#529=DIRECTION('',(0.E0,0.E0,1.E0));
#530=VECTOR('',#529,4.E0);
#531=CARTESIAN_POINT('',(-6.4E0,3.6E0,-1.465E1));
#532=LINE('',#531,#530);
#533=CURVE_STYLE('',#77,POSITIVE_LENGTH_MEASURE(2.E-2),#50);
#534=PRESENTATION_STYLE_ASSIGNMENT((#533));
#535=STYLED_ITEM('',(#534),#532);
#536=DIRECTION('',(-1.E0,0.E0,0.E0));
#537=VECTOR('',#536,2.8E0);
#538=CARTESIAN_POINT('',(-3.6E0,3.6E0,-1.465E1));
#539=LINE('',#538,#537);
#540=CURVE_STYLE('',#77,POSITIVE_LENGTH_MEASURE(2.E-2),#50);
#541=PRESENTATION_STYLE_ASSIGNMENT((#540));
#542=STYLED_ITEM('',(#541),#539);
#543=DIRECTION('',(0.E0,0.E0,-1.E0));
#544=VECTOR('',#543,1.15E1);
#545=CARTESIAN_POINT('',(-8.E0,5.E0,-7.5E0));
#546=LINE('',#545,#544);
#547=CURVE_STYLE('',#77,POSITIVE_LENGTH_MEASURE(2.E-2),#50);
#548=PRESENTATION_STYLE_ASSIGNMENT((#547));
#549=STYLED_ITEM('',(#548),#546);
#550=DIRECTION('',(0.E0,0.E0,-1.E0));
#551=VECTOR('',#550,1.15E1);
#552=CARTESIAN_POINT('',(-8.E0,4.1E0,-7.5E0));
#553=LINE('',#552,#551);
#554=CURVE_STYLE('',#77,POSITIVE_LENGTH_MEASURE(2.E-2),#50);
#555=PRESENTATION_STYLE_ASSIGNMENT((#554));
#556=STYLED_ITEM('',(#555),#553);
#557=DIRECTION('',(-1.E0,0.E0,0.E0));
#558=VECTOR('',#557,1.5E1);
#559=CARTESIAN_POINT('',(7.E0,5.E0,-1.9E1));
#560=LINE('',#559,#558);
#561=CURVE_STYLE('',#77,POSITIVE_LENGTH_MEASURE(2.E-2),#50);
#562=PRESENTATION_STYLE_ASSIGNMENT((#561));
#563=STYLED_ITEM('',(#562),#560);
#564=DIRECTION('',(0.E0,-1.E0,0.E0));
#565=VECTOR('',#564,9.E-1);
#566=CARTESIAN_POINT('',(-8.E0,5.E0,-1.9E1));
#567=LINE('',#566,#565);
#568=CURVE_STYLE('',#77,POSITIVE_LENGTH_MEASURE(2.E-2),#50);
#569=PRESENTATION_STYLE_ASSIGNMENT((#568));
#570=STYLED_ITEM('',(#569),#567);
#571=DIRECTION('',(9.284766908853E-1,3.713906763541E-1,0.E0));
#572=VECTOR('',#571,5.385164807135E-1);
#573=CARTESIAN_POINT('',(-8.E0,4.1E0,-1.9E1));
#574=LINE('',#573,#572);
#575=CURVE_STYLE('',#77,POSITIVE_LENGTH_MEASURE(2.E-2),#50);
#576=PRESENTATION_STYLE_ASSIGNMENT((#575));
#577=STYLED_ITEM('',(#576),#574);
#578=DIRECTION('',(-9.284766908853E-1,3.713906763541E-1,0.E0));
#579=VECTOR('',#578,5.385164807135E-1);
#580=CARTESIAN_POINT('',(-7.5E0,-4.3E0,-1.9E1));
#581=LINE('',#580,#579);
#582=CURVE_STYLE('',#77,POSITIVE_LENGTH_MEASURE(2.E-2),#50);
#583=PRESENTATION_STYLE_ASSIGNMENT((#582));
#584=STYLED_ITEM('',(#583),#581);
#585=DIRECTION('',(0.E0,-1.E0,0.E0));
#586=VECTOR('',#585,9.E-1);
#587=CARTESIAN_POINT('',(-8.E0,-4.1E0,-1.9E1));
#588=LINE('',#587,#586);
#589=CURVE_STYLE('',#77,POSITIVE_LENGTH_MEASURE(2.E-2),#50);
#590=PRESENTATION_STYLE_ASSIGNMENT((#589));
#591=STYLED_ITEM('',(#590),#588);
#592=DIRECTION('',(1.E0,0.E0,0.E0));
#593=VECTOR('',#592,1.5E1);
#594=CARTESIAN_POINT('',(-8.E0,-5.E0,-1.9E1));
#595=LINE('',#594,#593);
#596=CURVE_STYLE('',#77,POSITIVE_LENGTH_MEASURE(2.E-2),#50);
#597=PRESENTATION_STYLE_ASSIGNMENT((#596));
#598=STYLED_ITEM('',(#597),#595);
#599=DIRECTION('',(0.E0,1.E0,0.E0));
#600=VECTOR('',#599,9.E-1);
#601=CARTESIAN_POINT('',(7.E0,-5.E0,-1.9E1));
#602=LINE('',#601,#600);
#603=CURVE_STYLE('',#77,POSITIVE_LENGTH_MEASURE(2.E-2),#50);
#604=PRESENTATION_STYLE_ASSIGNMENT((#603));
#605=STYLED_ITEM('',(#604),#602);
#606=DIRECTION('',(-9.284766908853E-1,3.713906763541E-1,0.E0));
#607=VECTOR('',#606,5.385164807135E-1);
#608=CARTESIAN_POINT('',(7.5E0,-4.3E0,-1.9E1));
#609=LINE('',#608,#607);
#610=CURVE_STYLE('',#77,POSITIVE_LENGTH_MEASURE(2.E-2),#50);
#611=PRESENTATION_STYLE_ASSIGNMENT((#610));
#612=STYLED_ITEM('',(#611),#609);
#613=DIRECTION('',(9.284766908853E-1,3.713906763541E-1,0.E0));
#614=VECTOR('',#613,5.385164807135E-1);
#615=CARTESIAN_POINT('',(7.E0,4.1E0,-1.9E1));
#616=LINE('',#615,#614);
#617=CURVE_STYLE('',#77,POSITIVE_LENGTH_MEASURE(2.E-2),#50);
#618=PRESENTATION_STYLE_ASSIGNMENT((#617));
#619=STYLED_ITEM('',(#618),#616);
#620=DIRECTION('',(0.E0,-1.E0,0.E0));
#621=VECTOR('',#620,9.E-1);
#622=CARTESIAN_POINT('',(7.E0,5.E0,-1.9E1));
#623=LINE('',#622,#621);
#624=CURVE_STYLE('',#77,POSITIVE_LENGTH_MEASURE(2.E-2),#50);
#625=PRESENTATION_STYLE_ASSIGNMENT((#624));
#626=STYLED_ITEM('',(#625),#623);
#627=DIRECTION('',(1.E0,0.E0,0.E0));
#628=VECTOR('',#627,1.E0);
#629=CARTESIAN_POINT('',(4.5E0,4.E-1,-1.9E1));
#630=LINE('',#629,#628);
#631=CURVE_STYLE('',#77,POSITIVE_LENGTH_MEASURE(2.E-2),#50);
#632=PRESENTATION_STYLE_ASSIGNMENT((#631));
#633=STYLED_ITEM('',(#632),#630);
#634=DIRECTION('',(0.E0,-1.E0,0.E0));
#635=VECTOR('',#634,8.E-1);
#636=CARTESIAN_POINT('',(5.5E0,4.E-1,-1.9E1));
#637=LINE('',#636,#635);
#638=CURVE_STYLE('',#77,POSITIVE_LENGTH_MEASURE(2.E-2),#50);
#639=PRESENTATION_STYLE_ASSIGNMENT((#638));
#640=STYLED_ITEM('',(#639),#637);
#641=DIRECTION('',(1.E0,0.E0,0.E0));
#642=VECTOR('',#641,1.E0);
#643=CARTESIAN_POINT('',(4.5E0,-4.E-1,-1.9E1));
#644=LINE('',#643,#642);
#645=CURVE_STYLE('',#77,POSITIVE_LENGTH_MEASURE(2.E-2),#50);
#646=PRESENTATION_STYLE_ASSIGNMENT((#645));
#647=STYLED_ITEM('',(#646),#644);
#648=DIRECTION('',(0.E0,-1.E0,0.E0));
#649=VECTOR('',#648,8.E-1);
#650=CARTESIAN_POINT('',(4.5E0,4.E-1,-1.9E1));
#651=LINE('',#650,#649);
#652=CURVE_STYLE('',#77,POSITIVE_LENGTH_MEASURE(2.E-2),#50);
#653=PRESENTATION_STYLE_ASSIGNMENT((#652));
#654=STYLED_ITEM('',(#653),#651);
#655=DIRECTION('',(1.E0,0.E0,0.E0));
#656=VECTOR('',#655,1.E0);
#657=CARTESIAN_POINT('',(-5.5E0,4.E-1,-1.9E1));
#658=LINE('',#657,#656);
#659=CURVE_STYLE('',#77,POSITIVE_LENGTH_MEASURE(2.E-2),#50);
#660=PRESENTATION_STYLE_ASSIGNMENT((#659));
#661=STYLED_ITEM('',(#660),#658);
#662=DIRECTION('',(0.E0,-1.E0,0.E0));
#663=VECTOR('',#662,8.E-1);
#664=CARTESIAN_POINT('',(-4.5E0,4.E-1,-1.9E1));
#665=LINE('',#664,#663);
#666=CURVE_STYLE('',#77,POSITIVE_LENGTH_MEASURE(2.E-2),#50);
#667=PRESENTATION_STYLE_ASSIGNMENT((#666));
#668=STYLED_ITEM('',(#667),#665);
#669=DIRECTION('',(1.E0,0.E0,0.E0));
#670=VECTOR('',#669,1.E0);
#671=CARTESIAN_POINT('',(-5.5E0,-4.E-1,-1.9E1));
#672=LINE('',#671,#670);
#673=CURVE_STYLE('',#77,POSITIVE_LENGTH_MEASURE(2.E-2),#50);
#674=PRESENTATION_STYLE_ASSIGNMENT((#673));
#675=STYLED_ITEM('',(#674),#672);
#676=DIRECTION('',(0.E0,-1.E0,0.E0));
#677=VECTOR('',#676,8.E-1);
#678=CARTESIAN_POINT('',(-5.5E0,4.E-1,-1.9E1));
#679=LINE('',#678,#677);
#680=CURVE_STYLE('',#77,POSITIVE_LENGTH_MEASURE(2.E-2),#50);
#681=PRESENTATION_STYLE_ASSIGNMENT((#680));
#682=STYLED_ITEM('',(#681),#679);
#683=DIRECTION('',(0.E0,0.E0,-1.E0));
#684=VECTOR('',#683,1.15E1);
#685=CARTESIAN_POINT('',(-8.E0,-4.1E0,-7.5E0));
#686=LINE('',#685,#684);
#687=CURVE_STYLE('',#77,POSITIVE_LENGTH_MEASURE(2.E-2),#50);
#688=PRESENTATION_STYLE_ASSIGNMENT((#687));
#689=STYLED_ITEM('',(#688),#686);
#690=DIRECTION('',(0.E0,0.E0,-1.E0));
#691=VECTOR('',#690,1.15E1);
#692=CARTESIAN_POINT('',(-8.E0,-5.E0,-7.5E0));
#693=LINE('',#692,#691);
#694=CURVE_STYLE('',#77,POSITIVE_LENGTH_MEASURE(2.E-2),#50);
#695=PRESENTATION_STYLE_ASSIGNMENT((#694));
#696=STYLED_ITEM('',(#695),#693);
#697=DIRECTION('',(1.E0,0.E0,0.E0));
#698=VECTOR('',#697,1.5E1);
#699=CARTESIAN_POINT('',(-8.E0,-5.E0,-7.5E0));
#700=LINE('',#699,#698);
#701=CURVE_STYLE('',#77,POSITIVE_LENGTH_MEASURE(2.E-2),#50);
#702=PRESENTATION_STYLE_ASSIGNMENT((#701));
#703=STYLED_ITEM('',(#702),#700);
#704=DIRECTION('',(0.E0,0.E0,-1.E0));
#705=VECTOR('',#704,1.15E1);
#706=CARTESIAN_POINT('',(7.E0,-5.E0,-7.5E0));
#707=LINE('',#706,#705);
#708=CURVE_STYLE('',#77,POSITIVE_LENGTH_MEASURE(2.E-2),#50);
#709=PRESENTATION_STYLE_ASSIGNMENT((#708));
#710=STYLED_ITEM('',(#709),#707);
#711=DIRECTION('',(0.E0,0.E0,-1.E0));
#712=VECTOR('',#711,1.15E1);
#713=CARTESIAN_POINT('',(7.E0,-4.1E0,-7.5E0));
#714=LINE('',#713,#712);
#715=CURVE_STYLE('',#77,POSITIVE_LENGTH_MEASURE(2.E-2),#50);
#716=PRESENTATION_STYLE_ASSIGNMENT((#715));
#717=STYLED_ITEM('',(#716),#714);
#718=DIRECTION('',(0.E0,1.E0,0.E0));
#719=VECTOR('',#718,3.E-1);
#720=CARTESIAN_POINT('',(7.5E0,4.3E0,-7.5E0));
#721=LINE('',#720,#719);
#722=CURVE_STYLE('',#77,POSITIVE_LENGTH_MEASURE(2.E-2),#50);
#723=PRESENTATION_STYLE_ASSIGNMENT((#722));
#724=STYLED_ITEM('',(#723),#721);
#725=DIRECTION('',(0.E0,0.E0,1.E0));
#726=VECTOR('',#725,1.15E1);
#727=CARTESIAN_POINT('',(7.5E0,4.3E0,-1.9E1));
#728=LINE('',#727,#726);
#729=CURVE_STYLE('',#77,POSITIVE_LENGTH_MEASURE(2.E-2),#50);
#730=PRESENTATION_STYLE_ASSIGNMENT((#729));
#731=STYLED_ITEM('',(#730),#728);
#732=DIRECTION('',(0.E0,1.E0,0.E0));
#733=VECTOR('',#732,8.6E0);
#734=CARTESIAN_POINT('',(7.5E0,-4.3E0,-1.9E1));
#735=LINE('',#734,#733);
#736=CURVE_STYLE('',#77,POSITIVE_LENGTH_MEASURE(2.E-2),#50);
#737=PRESENTATION_STYLE_ASSIGNMENT((#736));
#738=STYLED_ITEM('',(#737),#735);
#739=DIRECTION('',(0.E0,0.E0,1.E0));
#740=VECTOR('',#739,1.15E1);
#741=CARTESIAN_POINT('',(7.5E0,-4.3E0,-1.9E1));
#742=LINE('',#741,#740);
#743=CURVE_STYLE('',#77,POSITIVE_LENGTH_MEASURE(2.E-2),#50);
#744=PRESENTATION_STYLE_ASSIGNMENT((#743));
#745=STYLED_ITEM('',(#744),#742);
#746=DIRECTION('',(0.E0,-1.E0,0.E0));
#747=VECTOR('',#746,2.2E0);
#748=CARTESIAN_POINT('',(7.5E0,-2.1E0,-7.5E0));
#749=LINE('',#748,#747);
#750=CURVE_STYLE('',#77,POSITIVE_LENGTH_MEASURE(2.E-2),#50);
#751=PRESENTATION_STYLE_ASSIGNMENT((#750));
#752=STYLED_ITEM('',(#751),#749);
#753=DIRECTION('',(0.E0,0.E0,-1.E0));
#754=VECTOR('',#753,4.2E0);
#755=CARTESIAN_POINT('',(7.5E0,-2.1E0,-3.3E0));
#756=LINE('',#755,#754);
#757=CURVE_STYLE('',#77,POSITIVE_LENGTH_MEASURE(2.E-2),#50);
#758=PRESENTATION_STYLE_ASSIGNMENT((#757));
#759=STYLED_ITEM('',(#758),#756);
#760=DIRECTION('',(0.E0,-9.053574604252E-2,-9.958932064677E-1));
#761=VECTOR('',#760,3.313608305156E0);
#762=CARTESIAN_POINT('',(7.5E0,-1.8E0,0.E0));
#763=LINE('',#762,#761);
#764=CURVE_STYLE('',#77,POSITIVE_LENGTH_MEASURE(2.E-2),#50);
#765=PRESENTATION_STYLE_ASSIGNMENT((#764));
#766=STYLED_ITEM('',(#765),#763);
#767=DIRECTION('',(0.E0,-1.E0,0.E0));
#768=VECTOR('',#767,5.5E0);
#769=CARTESIAN_POINT('',(7.5E0,3.7E0,0.E0));
#770=LINE('',#769,#768);
#771=CURVE_STYLE('',#77,POSITIVE_LENGTH_MEASURE(2.E-2),#50);
#772=PRESENTATION_STYLE_ASSIGNMENT((#771));
#773=STYLED_ITEM('',(#772),#770);
#774=DIRECTION('',(0.E0,-1.191452206184E-1,9.928768384869E-1));
#775=VECTOR('',#774,7.553806987209E0);
#776=CARTESIAN_POINT('',(7.5E0,4.6E0,-7.5E0));
#777=LINE('',#776,#775);
#778=CURVE_STYLE('',#77,POSITIVE_LENGTH_MEASURE(2.E-2),#50);
#779=PRESENTATION_STYLE_ASSIGNMENT((#778));
#780=STYLED_ITEM('',(#779),#777);
#781=DIRECTION('',(0.E0,-1.E0,0.E0));
#782=VECTOR('',#781,5.E-1);
#783=CARTESIAN_POINT('',(7.E0,4.6E0,-7.5E0));
#784=LINE('',#783,#782);
#785=CURVE_STYLE('',#77,POSITIVE_LENGTH_MEASURE(2.E-2),#50);
#786=PRESENTATION_STYLE_ASSIGNMENT((#785));
#787=STYLED_ITEM('',(#786),#784);
#788=DIRECTION('',(9.284766908853E-1,3.713906763541E-1,0.E0));
#789=VECTOR('',#788,5.385164807135E-1);
#790=CARTESIAN_POINT('',(7.E0,4.1E0,-7.5E0));
#791=LINE('',#790,#789);
#792=CURVE_STYLE('',#77,POSITIVE_LENGTH_MEASURE(2.E-2),#50);
#793=PRESENTATION_STYLE_ASSIGNMENT((#792));
#794=STYLED_ITEM('',(#793),#791);
#795=DIRECTION('',(1.E0,0.E0,0.E0));
#796=VECTOR('',#795,1.45E1);
#797=CARTESIAN_POINT('',(-7.5E0,4.6E0,-7.5E0));
#798=LINE('',#797,#796);
#799=CURVE_STYLE('',#77,POSITIVE_LENGTH_MEASURE(2.E-2),#50);
#800=PRESENTATION_STYLE_ASSIGNMENT((#799));
#801=STYLED_ITEM('',(#800),#798);
#802=DIRECTION('',(-1.E0,0.E0,0.E0));
#803=VECTOR('',#802,5.E-1);
#804=CARTESIAN_POINT('',(7.5E0,4.6E0,-7.5E0));
#805=LINE('',#804,#803);
#806=CURVE_STYLE('',#77,POSITIVE_LENGTH_MEASURE(2.E-2),#50);
#807=PRESENTATION_STYLE_ASSIGNMENT((#806));
#808=STYLED_ITEM('',(#807),#805);
#809=DIRECTION('',(1.E0,0.E0,0.E0));
#810=VECTOR('',#809,1.5E1);
#811=CARTESIAN_POINT('',(-7.5E0,3.7E0,0.E0));
#812=LINE('',#811,#810);
#813=CURVE_STYLE('',#77,POSITIVE_LENGTH_MEASURE(2.E-2),#50);
#814=PRESENTATION_STYLE_ASSIGNMENT((#813));
#815=STYLED_ITEM('',(#814),#812);
#816=CARTESIAN_POINT('',(5.E0,9.5E-1,0.E0));
#817=DIRECTION('',(0.E0,0.E0,1.E0));
#818=DIRECTION('',(1.E0,0.E0,0.E0));
#819=AXIS2_PLACEMENT_3D('',#816,#817,#818);
#821=CURVE_STYLE('',#77,POSITIVE_LENGTH_MEASURE(2.E-2),#50);
#822=PRESENTATION_STYLE_ASSIGNMENT((#821));
#823=STYLED_ITEM('',(#822),#820);
#824=CARTESIAN_POINT('',(5.E0,9.5E-1,0.E0));
#825=DIRECTION('',(0.E0,0.E0,1.E0));
#826=DIRECTION('',(-1.E0,0.E0,0.E0));
#827=AXIS2_PLACEMENT_3D('',#824,#825,#826);
#829=CURVE_STYLE('',#77,POSITIVE_LENGTH_MEASURE(2.E-2),#50);
#830=PRESENTATION_STYLE_ASSIGNMENT((#829));
#831=STYLED_ITEM('',(#830),#828);
#832=CARTESIAN_POINT('',(0.E0,9.5E-1,0.E0));
#833=DIRECTION('',(0.E0,0.E0,1.E0));
#834=DIRECTION('',(1.E0,0.E0,0.E0));
#835=AXIS2_PLACEMENT_3D('',#832,#833,#834);
#837=CURVE_STYLE('',#77,POSITIVE_LENGTH_MEASURE(2.E-2),#50);
#838=PRESENTATION_STYLE_ASSIGNMENT((#837));
#839=STYLED_ITEM('',(#838),#836);
#840=CARTESIAN_POINT('',(0.E0,9.5E-1,0.E0));
#841=DIRECTION('',(0.E0,0.E0,1.E0));
#842=DIRECTION('',(-1.E0,0.E0,0.E0));
#843=AXIS2_PLACEMENT_3D('',#840,#841,#842);
#845=CURVE_STYLE('',#77,POSITIVE_LENGTH_MEASURE(2.E-2),#50);
#846=PRESENTATION_STYLE_ASSIGNMENT((#845));
#847=STYLED_ITEM('',(#846),#844);
#848=CARTESIAN_POINT('',(-5.E0,9.5E-1,0.E0));
#849=DIRECTION('',(0.E0,0.E0,1.E0));
#850=DIRECTION('',(1.E0,0.E0,0.E0));
#851=AXIS2_PLACEMENT_3D('',#848,#849,#850);
#853=CURVE_STYLE('',#77,POSITIVE_LENGTH_MEASURE(2.E-2),#50);
#854=PRESENTATION_STYLE_ASSIGNMENT((#853));
#855=STYLED_ITEM('',(#854),#852);
#856=CARTESIAN_POINT('',(-5.E0,9.5E-1,0.E0));
#857=DIRECTION('',(0.E0,0.E0,1.E0));
#858=DIRECTION('',(-1.E0,0.E0,0.E0));
#859=AXIS2_PLACEMENT_3D('',#856,#857,#858);
#861=CURVE_STYLE('',#77,POSITIVE_LENGTH_MEASURE(2.E-2),#50);
#862=PRESENTATION_STYLE_ASSIGNMENT((#861));
#863=STYLED_ITEM('',(#862),#860);
#864=DIRECTION('',(1.E0,0.E0,0.E0));
#865=VECTOR('',#864,1.5E1);
#866=CARTESIAN_POINT('',(-7.5E0,-1.8E0,0.E0));
#867=LINE('',#866,#865);
#868=CURVE_STYLE('',#77,POSITIVE_LENGTH_MEASURE(2.E-2),#50);
#869=PRESENTATION_STYLE_ASSIGNMENT((#868));
#870=STYLED_ITEM('',(#869),#867);
#871=DIRECTION('',(1.E0,0.E0,0.E0));
#872=VECTOR('',#871,1.5E1);
#873=CARTESIAN_POINT('',(-7.5E0,-2.1E0,-3.3E0));
#874=LINE('',#873,#872);
#875=CURVE_STYLE('',#77,POSITIVE_LENGTH_MEASURE(2.E-2),#50);
#876=PRESENTATION_STYLE_ASSIGNMENT((#875));
#877=STYLED_ITEM('',(#876),#874);
#878=DIRECTION('',(0.E0,0.E0,-1.E0));
#879=VECTOR('',#878,8.E-1);
#880=CARTESIAN_POINT('',(6.632379670101E0,2.016694245152E0,-1.2E0));
#881=LINE('',#880,#879);
#882=CURVE_STYLE('',#77,POSITIVE_LENGTH_MEASURE(2.E-2),#50);
#883=PRESENTATION_STYLE_ASSIGNMENT((#882));
#884=STYLED_ITEM('',(#883),#881);
#885=DIRECTION('',(0.E0,0.E0,-1.E0));
#886=VECTOR('',#885,1.2E0);
#887=CARTESIAN_POINT('',(6.95E0,9.5E-1,0.E0));
#888=LINE('',#887,#886);
#889=CURVE_STYLE('',#77,POSITIVE_LENGTH_MEASURE(2.E-2),#50);
#890=PRESENTATION_STYLE_ASSIGNMENT((#889));
#891=STYLED_ITEM('',(#890),#888);
#892=CARTESIAN_POINT('',(5.E0,9.5E-1,-1.2E0));
#893=DIRECTION('',(0.E0,0.E0,1.E0));
#894=DIRECTION('',(1.E0,0.E0,0.E0));
#895=AXIS2_PLACEMENT_3D('',#892,#893,#894);
#897=CURVE_STYLE('',#77,POSITIVE_LENGTH_MEASURE(2.E-2),#50);
#898=PRESENTATION_STYLE_ASSIGNMENT((#897));
#899=STYLED_ITEM('',(#898),#896);
#900=CARTESIAN_POINT('',(5.E0,9.5E-1,-1.2E0));
#901=DIRECTION('',(0.E0,0.E0,1.E0));
#902=DIRECTION('',(-5.470226898215E-1,-8.371177795391E-1,0.E0));
#903=AXIS2_PLACEMENT_3D('',#900,#901,#902);
#905=CURVE_STYLE('',#77,POSITIVE_LENGTH_MEASURE(2.E-2),#50);
#906=PRESENTATION_STYLE_ASSIGNMENT((#905));
#907=STYLED_ITEM('',(#906),#904);
#908=DIRECTION('',(7.071067811865E-1,7.071067811865E-1,0.E0));
#909=VECTOR('',#908,3.817066936798E0);
#910=CARTESIAN_POINT('',(3.933305754848E0,-6.823796701012E-1,-1.2E0));
#911=LINE('',#910,#909);
#912=CURVE_STYLE('',#77,POSITIVE_LENGTH_MEASURE(2.E-2),#50);
#913=PRESENTATION_STYLE_ASSIGNMENT((#912));
#914=STYLED_ITEM('',(#913),#911);
#915=CARTESIAN_POINT('',(5.E0,9.5E-1,-1.2E0));
#916=DIRECTION('',(0.E0,0.E0,1.E0));
#917=DIRECTION('',(5.470226898215E-1,8.371177795391E-1,0.E0));
#918=AXIS2_PLACEMENT_3D('',#915,#916,#917);
#920=CURVE_STYLE('',#77,POSITIVE_LENGTH_MEASURE(2.E-2),#50);
#921=PRESENTATION_STYLE_ASSIGNMENT((#920));
#922=STYLED_ITEM('',(#921),#919);
#923=DIRECTION('',(-7.071067811865E-1,-7.071067811865E-1,0.E0));
#924=VECTOR('',#923,3.817066936798E0);
#925=CARTESIAN_POINT('',(6.066694245152E0,2.582379670101E0,-1.2E0));
#926=LINE('',#925,#924);
#927=CURVE_STYLE('',#77,POSITIVE_LENGTH_MEASURE(2.E-2),#50);
#928=PRESENTATION_STYLE_ASSIGNMENT((#927));
#929=STYLED_ITEM('',(#928),#926);
#930=CARTESIAN_POINT('',(5.E0,9.5E-1,-1.2E0));
#931=DIRECTION('',(0.E0,0.E0,1.E0));
#932=DIRECTION('',(-1.E0,0.E0,0.E0));
#933=AXIS2_PLACEMENT_3D('',#930,#931,#932);
#935=CURVE_STYLE('',#77,POSITIVE_LENGTH_MEASURE(2.E-2),#50);
#936=PRESENTATION_STYLE_ASSIGNMENT((#935));
#937=STYLED_ITEM('',(#936),#934);
#938=DIRECTION('',(0.E0,0.E0,-1.E0));
#939=VECTOR('',#938,8.E-1);
#940=CARTESIAN_POINT('',(3.367620329899E0,-1.166942451520E-1,-1.2E0));
#941=LINE('',#940,#939);
#942=CURVE_STYLE('',#77,POSITIVE_LENGTH_MEASURE(2.E-2),#50);
#943=PRESENTATION_STYLE_ASSIGNMENT((#942));
#944=STYLED_ITEM('',(#943),#941);
#945=DIRECTION('',(0.E0,0.E0,-1.E0));
#946=VECTOR('',#945,1.2E0);
#947=CARTESIAN_POINT('',(3.05E0,9.5E-1,0.E0));
#948=LINE('',#947,#946);
#949=CURVE_STYLE('',#77,POSITIVE_LENGTH_MEASURE(2.E-2),#50);
#950=PRESENTATION_STYLE_ASSIGNMENT((#949));
#951=STYLED_ITEM('',(#950),#948);
#952=DIRECTION('',(0.E0,0.E0,-1.E0));
#953=VECTOR('',#952,8.E-1);
#954=CARTESIAN_POINT('',(6.066694245152E0,2.582379670101E0,-1.2E0));
#955=LINE('',#954,#953);
#956=CURVE_STYLE('',#77,POSITIVE_LENGTH_MEASURE(2.E-2),#50);
#957=PRESENTATION_STYLE_ASSIGNMENT((#956));
#958=STYLED_ITEM('',(#957),#955);
#959=CARTESIAN_POINT('',(5.E0,9.5E-1,-2.E0));
#960=DIRECTION('',(0.E0,0.E0,1.E0));
#961=DIRECTION('',(8.371177795391E-1,5.470226898215E-1,0.E0));
#962=AXIS2_PLACEMENT_3D('',#959,#960,#961);
#964=CURVE_STYLE('',#77,POSITIVE_LENGTH_MEASURE(2.E-2),#50);
#965=PRESENTATION_STYLE_ASSIGNMENT((#964));
#966=STYLED_ITEM('',(#965),#963);
#967=DIRECTION('',(7.071067811865E-1,7.071067811865E-1,0.E0));
#968=VECTOR('',#967,3.817066936798E0);
#969=CARTESIAN_POINT('',(3.933305754848E0,-6.823796701012E-1,-2.E0));
#970=LINE('',#969,#968);
#971=CURVE_STYLE('',#77,POSITIVE_LENGTH_MEASURE(2.E-2),#50);
#972=PRESENTATION_STYLE_ASSIGNMENT((#971));
#973=STYLED_ITEM('',(#972),#970);
#974=CARTESIAN_POINT('',(5.E0,9.5E-1,-2.E0));
#975=DIRECTION('',(0.E0,0.E0,1.E0));
#976=DIRECTION('',(-8.371177795391E-1,-5.470226898215E-1,0.E0));
#977=AXIS2_PLACEMENT_3D('',#974,#975,#976);
#979=CURVE_STYLE('',#77,POSITIVE_LENGTH_MEASURE(2.E-2),#50);
#980=PRESENTATION_STYLE_ASSIGNMENT((#979));
#981=STYLED_ITEM('',(#980),#978);
#982=DIRECTION('',(-7.071067811865E-1,-7.071067811865E-1,0.E0));
#983=VECTOR('',#982,3.817066936798E0);
#984=CARTESIAN_POINT('',(6.066694245152E0,2.582379670101E0,-2.E0));
#985=LINE('',#984,#983);
#986=CURVE_STYLE('',#77,POSITIVE_LENGTH_MEASURE(2.E-2),#50);
#987=PRESENTATION_STYLE_ASSIGNMENT((#986));
#988=STYLED_ITEM('',(#987),#985);
#989=DIRECTION('',(0.E0,0.E0,-1.E0));
#990=VECTOR('',#989,8.E-1);
#991=CARTESIAN_POINT('',(3.933305754848E0,-6.823796701012E-1,-1.2E0));
#992=LINE('',#991,#990);
#993=CURVE_STYLE('',#77,POSITIVE_LENGTH_MEASURE(2.E-2),#50);
#994=PRESENTATION_STYLE_ASSIGNMENT((#993));
#995=STYLED_ITEM('',(#994),#992);
#996=DIRECTION('',(0.E0,0.E0,-1.E0));
#997=VECTOR('',#996,1.2E0);
#998=CARTESIAN_POINT('',(1.95E0,9.5E-1,0.E0));
#999=LINE('',#998,#997);
#1000=CURVE_STYLE('',#77,POSITIVE_LENGTH_MEASURE(2.E-2),#50);
#1001=PRESENTATION_STYLE_ASSIGNMENT((#1000));
#1002=STYLED_ITEM('',(#1001),#999);
#1003=DIRECTION('',(0.E0,0.E0,-1.E0));
#1004=VECTOR('',#1003,1.2E0);
#1005=CARTESIAN_POINT('',(-1.95E0,9.5E-1,0.E0));
#1006=LINE('',#1005,#1004);
#1007=CURVE_STYLE('',#77,POSITIVE_LENGTH_MEASURE(2.E-2),#50);
#1008=PRESENTATION_STYLE_ASSIGNMENT((#1007));
#1009=STYLED_ITEM('',(#1008),#1006);
#1010=CARTESIAN_POINT('',(0.E0,9.5E-1,-1.2E0));
#1011=DIRECTION('',(0.E0,0.E0,1.E0));
#1012=DIRECTION('',(1.E0,0.E0,0.E0));
#1013=AXIS2_PLACEMENT_3D('',#1010,#1011,#1012);
#1015=CURVE_STYLE('',#77,POSITIVE_LENGTH_MEASURE(2.E-2),#50);
#1016=PRESENTATION_STYLE_ASSIGNMENT((#1015));
#1017=STYLED_ITEM('',(#1016),#1014);
#1018=CARTESIAN_POINT('',(0.E0,9.5E-1,-1.2E0));
#1019=DIRECTION('',(0.E0,0.E0,1.E0));
#1020=DIRECTION('',(-1.E0,0.E0,0.E0));
#1021=AXIS2_PLACEMENT_3D('',#1018,#1019,#1020);
#1023=CURVE_STYLE('',#77,POSITIVE_LENGTH_MEASURE(2.E-2),#50);
#1024=PRESENTATION_STYLE_ASSIGNMENT((#1023));
#1025=STYLED_ITEM('',(#1024),#1022);
#1026=DIRECTION('',(0.E0,0.E0,-1.E0));
#1027=VECTOR('',#1026,8.E-1);
#1028=CARTESIAN_POINT('',(-3.367620329899E0,2.016694245152E0,-1.2E0));
#1029=LINE('',#1028,#1027);
#1030=CURVE_STYLE('',#77,POSITIVE_LENGTH_MEASURE(2.E-2),#50);
#1031=PRESENTATION_STYLE_ASSIGNMENT((#1030));
#1032=STYLED_ITEM('',(#1031),#1029);
#1033=DIRECTION('',(0.E0,0.E0,-1.E0));
#1034=VECTOR('',#1033,1.2E0);
#1035=CARTESIAN_POINT('',(-3.05E0,9.5E-1,0.E0));
#1036=LINE('',#1035,#1034);
#1037=CURVE_STYLE('',#77,POSITIVE_LENGTH_MEASURE(2.E-2),#50);
#1038=PRESENTATION_STYLE_ASSIGNMENT((#1037));
#1039=STYLED_ITEM('',(#1038),#1036);
#1040=DIRECTION('',(-7.071067811865E-1,-7.071067811865E-1,0.E0));
#1041=VECTOR('',#1040,3.817066936798E0);
#1042=CARTESIAN_POINT('',(-3.933305754848E0,2.582379670101E0,-1.2E0));
#1043=LINE('',#1042,#1041);
#1044=CURVE_STYLE('',#77,POSITIVE_LENGTH_MEASURE(2.E-2),#50);
#1045=PRESENTATION_STYLE_ASSIGNMENT((#1044));
#1046=STYLED_ITEM('',(#1045),#1043);
#1047=CARTESIAN_POINT('',(-5.E0,9.5E-1,-1.2E0));
#1048=DIRECTION('',(0.E0,0.E0,1.E0));
#1049=DIRECTION('',(-1.E0,0.E0,0.E0));
#1050=AXIS2_PLACEMENT_3D('',#1047,#1048,#1049);
#1052=CURVE_STYLE('',#77,POSITIVE_LENGTH_MEASURE(2.E-2),#50);
#1053=PRESENTATION_STYLE_ASSIGNMENT((#1052));
#1054=STYLED_ITEM('',(#1053),#1051);
#1055=CARTESIAN_POINT('',(-5.E0,9.5E-1,-1.2E0));
#1056=DIRECTION('',(0.E0,0.E0,1.E0));
#1057=DIRECTION('',(5.470226898215E-1,8.371177795391E-1,0.E0));
#1058=AXIS2_PLACEMENT_3D('',#1055,#1056,#1057);
#1060=CURVE_STYLE('',#77,POSITIVE_LENGTH_MEASURE(2.E-2),#50);
#1061=PRESENTATION_STYLE_ASSIGNMENT((#1060));
#1062=STYLED_ITEM('',(#1061),#1059);
#1063=DIRECTION('',(7.071067811865E-1,7.071067811865E-1,0.E0));
#1064=VECTOR('',#1063,3.817066936798E0);
#1065=CARTESIAN_POINT('',(-6.066694245152E0,-6.823796701012E-1,-1.2E0));
#1066=LINE('',#1065,#1064);
#1067=CURVE_STYLE('',#77,POSITIVE_LENGTH_MEASURE(2.E-2),#50);
#1068=PRESENTATION_STYLE_ASSIGNMENT((#1067));
#1069=STYLED_ITEM('',(#1068),#1066);
#1070=CARTESIAN_POINT('',(-5.E0,9.5E-1,-1.2E0));
#1071=DIRECTION('',(0.E0,0.E0,1.E0));
#1072=DIRECTION('',(1.E0,0.E0,0.E0));
#1073=AXIS2_PLACEMENT_3D('',#1070,#1071,#1072);
#1075=CURVE_STYLE('',#77,POSITIVE_LENGTH_MEASURE(2.E-2),#50);
#1076=PRESENTATION_STYLE_ASSIGNMENT((#1075));
#1077=STYLED_ITEM('',(#1076),#1074);
#1078=CARTESIAN_POINT('',(-5.E0,9.5E-1,-1.2E0));
#1079=DIRECTION('',(0.E0,0.E0,1.E0));
#1080=DIRECTION('',(-5.470226898215E-1,-8.371177795391E-1,0.E0));
#1081=AXIS2_PLACEMENT_3D('',#1078,#1079,#1080);
#1083=CURVE_STYLE('',#77,POSITIVE_LENGTH_MEASURE(2.E-2),#50);
#1084=PRESENTATION_STYLE_ASSIGNMENT((#1083));
#1085=STYLED_ITEM('',(#1084),#1082);
#1086=DIRECTION('',(0.E0,0.E0,-1.E0));
#1087=VECTOR('',#1086,8.E-1);
#1088=CARTESIAN_POINT('',(-3.933305754848E0,2.582379670101E0,-1.2E0));
#1089=LINE('',#1088,#1087);
#1090=CURVE_STYLE('',#77,POSITIVE_LENGTH_MEASURE(2.E-2),#50);
#1091=PRESENTATION_STYLE_ASSIGNMENT((#1090));
#1092=STYLED_ITEM('',(#1091),#1089);
#1093=CARTESIAN_POINT('',(-5.E0,9.5E-1,-2.E0));
#1094=DIRECTION('',(0.E0,0.E0,1.E0));
#1095=DIRECTION('',(8.371177795391E-1,5.470226898215E-1,0.E0));
#1096=AXIS2_PLACEMENT_3D('',#1093,#1094,#1095);
#1098=CURVE_STYLE('',#77,POSITIVE_LENGTH_MEASURE(2.E-2),#50);
#1099=PRESENTATION_STYLE_ASSIGNMENT((#1098));
#1100=STYLED_ITEM('',(#1099),#1097);
#1101=DIRECTION('',(7.071067811865E-1,7.071067811865E-1,0.E0));
#1102=VECTOR('',#1101,3.817066936798E0);
#1103=CARTESIAN_POINT('',(-6.066694245152E0,-6.823796701012E-1,-2.E0));
#1104=LINE('',#1103,#1102);
#1105=CURVE_STYLE('',#77,POSITIVE_LENGTH_MEASURE(2.E-2),#50);
#1106=PRESENTATION_STYLE_ASSIGNMENT((#1105));
#1107=STYLED_ITEM('',(#1106),#1104);
#1108=CARTESIAN_POINT('',(-5.E0,9.5E-1,-2.E0));
#1109=DIRECTION('',(0.E0,0.E0,1.E0));
#1110=DIRECTION('',(-8.371177795391E-1,-5.470226898215E-1,0.E0));
#1111=AXIS2_PLACEMENT_3D('',#1108,#1109,#1110);
#1113=CURVE_STYLE('',#77,POSITIVE_LENGTH_MEASURE(2.E-2),#50);
#1114=PRESENTATION_STYLE_ASSIGNMENT((#1113));
#1115=STYLED_ITEM('',(#1114),#1112);
#1116=DIRECTION('',(-7.071067811865E-1,-7.071067811865E-1,0.E0));
#1117=VECTOR('',#1116,3.817066936798E0);
#1118=CARTESIAN_POINT('',(-3.933305754848E0,2.582379670101E0,-2.E0));
#1119=LINE('',#1118,#1117);
#1120=CURVE_STYLE('',#77,POSITIVE_LENGTH_MEASURE(2.E-2),#50);
#1121=PRESENTATION_STYLE_ASSIGNMENT((#1120));
#1122=STYLED_ITEM('',(#1121),#1119);
#1123=DIRECTION('',(0.E0,0.E0,-1.E0));
#1124=VECTOR('',#1123,8.E-1);
#1125=CARTESIAN_POINT('',(-6.066694245152E0,-6.823796701012E-1,-1.2E0));
#1126=LINE('',#1125,#1124);
#1127=CURVE_STYLE('',#77,POSITIVE_LENGTH_MEASURE(2.E-2),#50);
#1128=PRESENTATION_STYLE_ASSIGNMENT((#1127));
#1129=STYLED_ITEM('',(#1128),#1126);
#1130=DIRECTION('',(0.E0,0.E0,-1.E0));
#1131=VECTOR('',#1130,8.E-1);
#1132=CARTESIAN_POINT('',(-6.632379670101E0,-1.166942451520E-1,-1.2E0));
#1133=LINE('',#1132,#1131);
#1134=CURVE_STYLE('',#77,POSITIVE_LENGTH_MEASURE(2.E-2),#50);
#1135=PRESENTATION_STYLE_ASSIGNMENT((#1134));
#1136=STYLED_ITEM('',(#1135),#1133);
#1137=DIRECTION('',(0.E0,0.E0,-1.E0));
#1138=VECTOR('',#1137,1.2E0);
#1139=CARTESIAN_POINT('',(-6.95E0,9.5E-1,0.E0));
#1140=LINE('',#1139,#1138);
#1141=CURVE_STYLE('',#77,POSITIVE_LENGTH_MEASURE(2.E-2),#50);
#1142=PRESENTATION_STYLE_ASSIGNMENT((#1141));
#1143=STYLED_ITEM('',(#1142),#1140);
#1144=DIRECTION('',(0.E0,0.E0,-1.E0));
#1145=VECTOR('',#1144,1.15E1);
#1146=CARTESIAN_POINT('',(7.E0,4.1E0,-7.5E0));
#1147=LINE('',#1146,#1145);
#1148=CURVE_STYLE('',#77,POSITIVE_LENGTH_MEASURE(2.E-2),#50);
#1149=PRESENTATION_STYLE_ASSIGNMENT((#1148));
#1150=STYLED_ITEM('',(#1149),#1147);
#1151=DIRECTION('',(-1.E0,0.E0,0.E0));
#1152=VECTOR('',#1151,1.E0);
#1153=CARTESIAN_POINT('',(5.5E0,4.E-1,-2.22E1));
#1154=LINE('',#1153,#1152);
#1155=CURVE_STYLE('',#77,POSITIVE_LENGTH_MEASURE(2.E-2),#50);
#1156=PRESENTATION_STYLE_ASSIGNMENT((#1155));
#1157=STYLED_ITEM('',(#1156),#1154);
#1158=DIRECTION('',(0.E0,0.E0,1.E0));
#1159=VECTOR('',#1158,3.2E0);
#1160=CARTESIAN_POINT('',(5.5E0,4.E-1,-2.22E1));
#1161=LINE('',#1160,#1159);
#1162=CURVE_STYLE('',#77,POSITIVE_LENGTH_MEASURE(2.E-2),#50);
#1163=PRESENTATION_STYLE_ASSIGNMENT((#1162));
#1164=STYLED_ITEM('',(#1163),#1161);
#1165=DIRECTION('',(0.E0,0.E0,-1.E0));
#1166=VECTOR('',#1165,3.2E0);
#1167=CARTESIAN_POINT('',(4.5E0,4.E-1,-1.9E1));
#1168=LINE('',#1167,#1166);
#1169=CURVE_STYLE('',#77,POSITIVE_LENGTH_MEASURE(2.E-2),#50);
#1170=PRESENTATION_STYLE_ASSIGNMENT((#1169));
#1171=STYLED_ITEM('',(#1170),#1168);
#1172=DIRECTION('',(-5.391638660172E-1,5.391638660172E-1,6.469966392206E-1));
#1173=VECTOR('',#1172,4.636809247748E-1);
#1174=CARTESIAN_POINT('',(4.75E0,1.5E-1,-2.25E1));
#1175=LINE('',#1174,#1173);
#1176=CURVE_STYLE('',#77,POSITIVE_LENGTH_MEASURE(2.E-2),#50);
#1177=PRESENTATION_STYLE_ASSIGNMENT((#1176));
#1178=STYLED_ITEM('',(#1177),#1175);
#1179=DIRECTION('',(-5.391638660172E-1,-5.391638660172E-1,6.469966392206E-1));
#1180=VECTOR('',#1179,4.636809247748E-1);
#1181=CARTESIAN_POINT('',(4.75E0,-1.5E-1,-2.25E1));
#1182=LINE('',#1181,#1180);
#1183=CURVE_STYLE('',#77,POSITIVE_LENGTH_MEASURE(2.E-2),#50);
#1184=PRESENTATION_STYLE_ASSIGNMENT((#1183));
#1185=STYLED_ITEM('',(#1184),#1182);
#1186=DIRECTION('',(0.E0,1.E0,0.E0));
#1187=VECTOR('',#1186,8.E-1);
#1188=CARTESIAN_POINT('',(4.5E0,-4.E-1,-2.22E1));
#1189=LINE('',#1188,#1187);
#1190=CURVE_STYLE('',#77,POSITIVE_LENGTH_MEASURE(2.E-2),#50);
#1191=PRESENTATION_STYLE_ASSIGNMENT((#1190));
#1192=STYLED_ITEM('',(#1191),#1189);
#1193=DIRECTION('',(1.E0,0.E0,0.E0));
#1194=VECTOR('',#1193,1.E0);
#1195=CARTESIAN_POINT('',(4.5E0,-4.E-1,-2.22E1));
#1196=LINE('',#1195,#1194);
#1197=CURVE_STYLE('',#77,POSITIVE_LENGTH_MEASURE(2.E-2),#50);
#1198=PRESENTATION_STYLE_ASSIGNMENT((#1197));
#1199=STYLED_ITEM('',(#1198),#1196);
#1200=DIRECTION('',(0.E0,0.E0,-1.E0));
#1201=VECTOR('',#1200,3.2E0);
#1202=CARTESIAN_POINT('',(4.5E0,-4.E-1,-1.9E1));
#1203=LINE('',#1202,#1201);
#1204=CURVE_STYLE('',#77,POSITIVE_LENGTH_MEASURE(2.E-2),#50);
#1205=PRESENTATION_STYLE_ASSIGNMENT((#1204));
#1206=STYLED_ITEM('',(#1205),#1203);
#1207=DIRECTION('',(0.E0,0.E0,1.E0));
#1208=VECTOR('',#1207,3.2E0);
#1209=CARTESIAN_POINT('',(5.5E0,-4.E-1,-2.22E1));
#1210=LINE('',#1209,#1208);
#1211=CURVE_STYLE('',#77,POSITIVE_LENGTH_MEASURE(2.E-2),#50);
#1212=PRESENTATION_STYLE_ASSIGNMENT((#1211));
#1213=STYLED_ITEM('',(#1212),#1210);
#1214=DIRECTION('',(0.E0,1.E0,0.E0));
#1215=VECTOR('',#1214,3.E-1);
#1216=CARTESIAN_POINT('',(5.25E0,-1.5E-1,-2.25E1));
#1217=LINE('',#1216,#1215);
#1218=CURVE_STYLE('',#77,POSITIVE_LENGTH_MEASURE(2.E-2),#50);
#1219=PRESENTATION_STYLE_ASSIGNMENT((#1218));
#1220=STYLED_ITEM('',(#1219),#1217);
#1221=DIRECTION('',(-1.E0,0.E0,0.E0));
#1222=VECTOR('',#1221,5.E-1);
#1223=CARTESIAN_POINT('',(5.25E0,1.5E-1,-2.25E1));
#1224=LINE('',#1223,#1222);
#1225=CURVE_STYLE('',#77,POSITIVE_LENGTH_MEASURE(2.E-2),#50);
#1226=PRESENTATION_STYLE_ASSIGNMENT((#1225));
#1227=STYLED_ITEM('',(#1226),#1224);
#1228=DIRECTION('',(0.E0,1.E0,0.E0));
#1229=VECTOR('',#1228,3.E-1);
#1230=CARTESIAN_POINT('',(4.75E0,-1.5E-1,-2.25E1));
#1231=LINE('',#1230,#1229);
#1232=CURVE_STYLE('',#77,POSITIVE_LENGTH_MEASURE(2.E-2),#50);
#1233=PRESENTATION_STYLE_ASSIGNMENT((#1232));
#1234=STYLED_ITEM('',(#1233),#1231);
#1235=DIRECTION('',(1.E0,0.E0,0.E0));
#1236=VECTOR('',#1235,5.E-1);
#1237=CARTESIAN_POINT('',(4.75E0,-1.5E-1,-2.25E1));
#1238=LINE('',#1237,#1236);
#1239=CURVE_STYLE('',#77,POSITIVE_LENGTH_MEASURE(2.E-2),#50);
#1240=PRESENTATION_STYLE_ASSIGNMENT((#1239));
#1241=STYLED_ITEM('',(#1240),#1238);
#1242=DIRECTION('',(5.391638660172E-1,5.391638660172E-1,6.469966392206E-1));
#1243=VECTOR('',#1242,4.636809247748E-1);
#1244=CARTESIAN_POINT('',(5.25E0,1.5E-1,-2.25E1));
#1245=LINE('',#1244,#1243);
#1246=CURVE_STYLE('',#77,POSITIVE_LENGTH_MEASURE(2.E-2),#50);
#1247=PRESENTATION_STYLE_ASSIGNMENT((#1246));
#1248=STYLED_ITEM('',(#1247),#1245);
#1249=DIRECTION('',(-5.391638660172E-1,5.391638660172E-1,-6.469966392206E-1));
#1250=VECTOR('',#1249,4.636809247748E-1);
#1251=CARTESIAN_POINT('',(5.5E0,-4.E-1,-2.22E1));
#1252=LINE('',#1251,#1250);
#1253=CURVE_STYLE('',#77,POSITIVE_LENGTH_MEASURE(2.E-2),#50);
#1254=PRESENTATION_STYLE_ASSIGNMENT((#1253));
#1255=STYLED_ITEM('',(#1254),#1252);
#1256=DIRECTION('',(0.E0,1.E0,0.E0));
#1257=VECTOR('',#1256,8.E-1);
#1258=CARTESIAN_POINT('',(5.5E0,-4.E-1,-2.22E1));
#1259=LINE('',#1258,#1257);
#1260=CURVE_STYLE('',#77,POSITIVE_LENGTH_MEASURE(2.E-2),#50);
#1261=PRESENTATION_STYLE_ASSIGNMENT((#1260));
#1262=STYLED_ITEM('',(#1261),#1259);
#1263=DIRECTION('',(-1.E0,0.E0,0.E0));
#1264=VECTOR('',#1263,1.E0);
#1265=CARTESIAN_POINT('',(-4.5E0,4.E-1,-2.22E1));
#1266=LINE('',#1265,#1264);
#1267=CURVE_STYLE('',#77,POSITIVE_LENGTH_MEASURE(2.E-2),#50);
#1268=PRESENTATION_STYLE_ASSIGNMENT((#1267));
#1269=STYLED_ITEM('',(#1268),#1266);
#1270=DIRECTION('',(0.E0,0.E0,1.E0));
#1271=VECTOR('',#1270,3.2E0);
#1272=CARTESIAN_POINT('',(-4.5E0,4.E-1,-2.22E1));
#1273=LINE('',#1272,#1271);
#1274=CURVE_STYLE('',#77,POSITIVE_LENGTH_MEASURE(2.E-2),#50);
#1275=PRESENTATION_STYLE_ASSIGNMENT((#1274));
#1276=STYLED_ITEM('',(#1275),#1273);
#1277=DIRECTION('',(0.E0,0.E0,-1.E0));
#1278=VECTOR('',#1277,3.2E0);
#1279=CARTESIAN_POINT('',(-5.5E0,4.E-1,-1.9E1));
#1280=LINE('',#1279,#1278);
#1281=CURVE_STYLE('',#77,POSITIVE_LENGTH_MEASURE(2.E-2),#50);
#1282=PRESENTATION_STYLE_ASSIGNMENT((#1281));
#1283=STYLED_ITEM('',(#1282),#1280);
#1284=DIRECTION('',(-5.391638660172E-1,5.391638660172E-1,6.469966392206E-1));
#1285=VECTOR('',#1284,4.636809247748E-1);
#1286=CARTESIAN_POINT('',(-5.25E0,1.5E-1,-2.25E1));
#1287=LINE('',#1286,#1285);
#1288=CURVE_STYLE('',#77,POSITIVE_LENGTH_MEASURE(2.E-2),#50);
#1289=PRESENTATION_STYLE_ASSIGNMENT((#1288));
#1290=STYLED_ITEM('',(#1289),#1287);
#1291=DIRECTION('',(-5.391638660172E-1,-5.391638660172E-1,6.469966392206E-1));
#1292=VECTOR('',#1291,4.636809247748E-1);
#1293=CARTESIAN_POINT('',(-5.25E0,-1.5E-1,-2.25E1));
#1294=LINE('',#1293,#1292);
#1295=CURVE_STYLE('',#77,POSITIVE_LENGTH_MEASURE(2.E-2),#50);
#1296=PRESENTATION_STYLE_ASSIGNMENT((#1295));
#1297=STYLED_ITEM('',(#1296),#1294);
#1298=DIRECTION('',(0.E0,1.E0,0.E0));
#1299=VECTOR('',#1298,8.E-1);
#1300=CARTESIAN_POINT('',(-5.5E0,-4.E-1,-2.22E1));
#1301=LINE('',#1300,#1299);
#1302=CURVE_STYLE('',#77,POSITIVE_LENGTH_MEASURE(2.E-2),#50);
#1303=PRESENTATION_STYLE_ASSIGNMENT((#1302));
#1304=STYLED_ITEM('',(#1303),#1301);
#1305=DIRECTION('',(1.E0,0.E0,0.E0));
#1306=VECTOR('',#1305,1.E0);
#1307=CARTESIAN_POINT('',(-5.5E0,-4.E-1,-2.22E1));
#1308=LINE('',#1307,#1306);
#1309=CURVE_STYLE('',#77,POSITIVE_LENGTH_MEASURE(2.E-2),#50);
#1310=PRESENTATION_STYLE_ASSIGNMENT((#1309));
#1311=STYLED_ITEM('',(#1310),#1308);
#1312=DIRECTION('',(0.E0,0.E0,-1.E0));
#1313=VECTOR('',#1312,3.2E0);
#1314=CARTESIAN_POINT('',(-5.5E0,-4.E-1,-1.9E1));
#1315=LINE('',#1314,#1313);
#1316=CURVE_STYLE('',#77,POSITIVE_LENGTH_MEASURE(2.E-2),#50);
#1317=PRESENTATION_STYLE_ASSIGNMENT((#1316));
#1318=STYLED_ITEM('',(#1317),#1315);
#1319=DIRECTION('',(0.E0,0.E0,1.E0));
#1320=VECTOR('',#1319,3.2E0);
#1321=CARTESIAN_POINT('',(-4.5E0,-4.E-1,-2.22E1));
#1322=LINE('',#1321,#1320);
#1323=CURVE_STYLE('',#77,POSITIVE_LENGTH_MEASURE(2.E-2),#50);
#1324=PRESENTATION_STYLE_ASSIGNMENT((#1323));
#1325=STYLED_ITEM('',(#1324),#1322);
#1326=DIRECTION('',(0.E0,1.E0,0.E0));
#1327=VECTOR('',#1326,3.E-1);
#1328=CARTESIAN_POINT('',(-4.75E0,-1.5E-1,-2.25E1));
#1329=LINE('',#1328,#1327);
#1330=CURVE_STYLE('',#77,POSITIVE_LENGTH_MEASURE(2.E-2),#50);
#1331=PRESENTATION_STYLE_ASSIGNMENT((#1330));
#1332=STYLED_ITEM('',(#1331),#1329);
#1333=DIRECTION('',(-1.E0,0.E0,0.E0));
#1334=VECTOR('',#1333,5.E-1);
#1335=CARTESIAN_POINT('',(-4.75E0,1.5E-1,-2.25E1));
#1336=LINE('',#1335,#1334);
#1337=CURVE_STYLE('',#77,POSITIVE_LENGTH_MEASURE(2.E-2),#50);
#1338=PRESENTATION_STYLE_ASSIGNMENT((#1337));
#1339=STYLED_ITEM('',(#1338),#1336);
#1340=DIRECTION('',(0.E0,1.E0,0.E0));
#1341=VECTOR('',#1340,3.E-1);
#1342=CARTESIAN_POINT('',(-5.25E0,-1.5E-1,-2.25E1));
#1343=LINE('',#1342,#1341);
#1344=CURVE_STYLE('',#77,POSITIVE_LENGTH_MEASURE(2.E-2),#50);
#1345=PRESENTATION_STYLE_ASSIGNMENT((#1344));
#1346=STYLED_ITEM('',(#1345),#1343);
#1347=DIRECTION('',(1.E0,0.E0,0.E0));
#1348=VECTOR('',#1347,5.E-1);
#1349=CARTESIAN_POINT('',(-5.25E0,-1.5E-1,-2.25E1));
#1350=LINE('',#1349,#1348);
#1351=CURVE_STYLE('',#77,POSITIVE_LENGTH_MEASURE(2.E-2),#50);
#1352=PRESENTATION_STYLE_ASSIGNMENT((#1351));
#1353=STYLED_ITEM('',(#1352),#1350);
#1354=DIRECTION('',(5.391638660172E-1,5.391638660172E-1,6.469966392206E-1));
#1355=VECTOR('',#1354,4.636809247748E-1);
#1356=CARTESIAN_POINT('',(-4.75E0,1.5E-1,-2.25E1));
#1357=LINE('',#1356,#1355);
#1358=CURVE_STYLE('',#77,POSITIVE_LENGTH_MEASURE(2.E-2),#50);
#1359=PRESENTATION_STYLE_ASSIGNMENT((#1358));
#1360=STYLED_ITEM('',(#1359),#1357);
#1361=DIRECTION('',(-5.391638660172E-1,5.391638660172E-1,-6.469966392206E-1));
#1362=VECTOR('',#1361,4.636809247748E-1);
#1363=CARTESIAN_POINT('',(-4.5E0,-4.E-1,-2.22E1));
#1364=LINE('',#1363,#1362);
#1365=CURVE_STYLE('',#77,POSITIVE_LENGTH_MEASURE(2.E-2),#50);
#1366=PRESENTATION_STYLE_ASSIGNMENT((#1365));
#1367=STYLED_ITEM('',(#1366),#1364);
#1368=DIRECTION('',(0.E0,1.E0,0.E0));
#1369=VECTOR('',#1368,8.E-1);
#1370=CARTESIAN_POINT('',(-4.5E0,-4.E-1,-2.22E1));
#1371=LINE('',#1370,#1369);
#1372=CURVE_STYLE('',#77,POSITIVE_LENGTH_MEASURE(2.E-2),#50);
#1373=PRESENTATION_STYLE_ASSIGNMENT((#1372));
#1374=STYLED_ITEM('',(#1373),#1371);
#1375=DIRECTION('',(0.E0,0.E0,-1.E0));
#1376=VECTOR('',#1375,1.E0);
#1377=CARTESIAN_POINT('',(3.65E0,-3.E0,-7.5E0));
#1378=LINE('',#1377,#1376);
#1379=CURVE_STYLE('',#77,POSITIVE_LENGTH_MEASURE(2.E-2),#50);
#1380=PRESENTATION_STYLE_ASSIGNMENT((#1379));
#1381=STYLED_ITEM('',(#1380),#1378);
#1382=DIRECTION('',(0.E0,0.E0,-1.E0));
#1383=VECTOR('',#1382,1.E0);
#1384=CARTESIAN_POINT('',(6.35E0,-3.E0,-7.5E0));
#1385=LINE('',#1384,#1383);
#1386=CURVE_STYLE('',#77,POSITIVE_LENGTH_MEASURE(2.E-2),#50);
#1387=PRESENTATION_STYLE_ASSIGNMENT((#1386));
#1388=STYLED_ITEM('',(#1387),#1385);
#1389=DIRECTION('',(0.E0,0.E0,-1.E0));
#1390=VECTOR('',#1389,1.E0);
#1391=CARTESIAN_POINT('',(6.35E0,-4.5E0,-7.5E0));
#1392=LINE('',#1391,#1390);
#1393=CURVE_STYLE('',#77,POSITIVE_LENGTH_MEASURE(2.E-2),#50);
#1394=PRESENTATION_STYLE_ASSIGNMENT((#1393));
#1395=STYLED_ITEM('',(#1394),#1392);
#1396=DIRECTION('',(0.E0,0.E0,-1.E0));
#1397=VECTOR('',#1396,1.E0);
#1398=CARTESIAN_POINT('',(3.65E0,-4.5E0,-7.5E0));
#1399=LINE('',#1398,#1397);
#1400=CURVE_STYLE('',#77,POSITIVE_LENGTH_MEASURE(2.E-2),#50);
#1401=PRESENTATION_STYLE_ASSIGNMENT((#1400));
#1402=STYLED_ITEM('',(#1401),#1399);
#1403=DIRECTION('',(0.E0,-1.E0,0.E0));
#1404=VECTOR('',#1403,1.5E0);
#1405=CARTESIAN_POINT('',(3.65E0,-3.E0,-8.5E0));
#1406=LINE('',#1405,#1404);
#1407=CURVE_STYLE('',#77,POSITIVE_LENGTH_MEASURE(2.E-2),#50);
#1408=PRESENTATION_STYLE_ASSIGNMENT((#1407));
#1409=STYLED_ITEM('',(#1408),#1406);
#1410=DIRECTION('',(-1.E0,0.E0,0.E0));
#1411=VECTOR('',#1410,2.7E0);
#1412=CARTESIAN_POINT('',(6.35E0,-3.E0,-8.5E0));
#1413=LINE('',#1412,#1411);
#1414=CURVE_STYLE('',#77,POSITIVE_LENGTH_MEASURE(2.E-2),#50);
#1415=PRESENTATION_STYLE_ASSIGNMENT((#1414));
#1416=STYLED_ITEM('',(#1415),#1413);
#1417=DIRECTION('',(0.E0,1.E0,0.E0));
#1418=VECTOR('',#1417,1.5E0);
#1419=CARTESIAN_POINT('',(6.35E0,-4.5E0,-8.5E0));
#1420=LINE('',#1419,#1418);
#1421=CURVE_STYLE('',#77,POSITIVE_LENGTH_MEASURE(2.E-2),#50);
#1422=PRESENTATION_STYLE_ASSIGNMENT((#1421));
#1423=STYLED_ITEM('',(#1422),#1420);
#1424=DIRECTION('',(1.E0,0.E0,0.E0));
#1425=VECTOR('',#1424,2.7E0);
#1426=CARTESIAN_POINT('',(3.65E0,-4.5E0,-8.5E0));
#1427=LINE('',#1426,#1425);
#1428=CURVE_STYLE('',#77,POSITIVE_LENGTH_MEASURE(2.E-2),#50);
#1429=PRESENTATION_STYLE_ASSIGNMENT((#1428));
#1430=STYLED_ITEM('',(#1429),#1427);
#1431=DIRECTION('',(0.E0,0.E0,-1.E0));
#1432=VECTOR('',#1431,1.E0);
#1433=CARTESIAN_POINT('',(-1.35E0,-3.E0,-7.5E0));
#1434=LINE('',#1433,#1432);
#1435=CURVE_STYLE('',#77,POSITIVE_LENGTH_MEASURE(2.E-2),#50);
#1436=PRESENTATION_STYLE_ASSIGNMENT((#1435));
#1437=STYLED_ITEM('',(#1436),#1434);
#1438=DIRECTION('',(0.E0,0.E0,-1.E0));
#1439=VECTOR('',#1438,1.E0);
#1440=CARTESIAN_POINT('',(1.35E0,-3.E0,-7.5E0));
#1441=LINE('',#1440,#1439);
#1442=CURVE_STYLE('',#77,POSITIVE_LENGTH_MEASURE(2.E-2),#50);
#1443=PRESENTATION_STYLE_ASSIGNMENT((#1442));
#1444=STYLED_ITEM('',(#1443),#1441);
#1445=DIRECTION('',(0.E0,0.E0,-1.E0));
#1446=VECTOR('',#1445,1.E0);
#1447=CARTESIAN_POINT('',(1.35E0,-4.5E0,-7.5E0));
#1448=LINE('',#1447,#1446);
#1449=CURVE_STYLE('',#77,POSITIVE_LENGTH_MEASURE(2.E-2),#50);
#1450=PRESENTATION_STYLE_ASSIGNMENT((#1449));
#1451=STYLED_ITEM('',(#1450),#1448);
#1452=DIRECTION('',(0.E0,0.E0,-1.E0));
#1453=VECTOR('',#1452,1.E0);
#1454=CARTESIAN_POINT('',(-1.35E0,-4.5E0,-7.5E0));
#1455=LINE('',#1454,#1453);
#1456=CURVE_STYLE('',#77,POSITIVE_LENGTH_MEASURE(2.E-2),#50);
#1457=PRESENTATION_STYLE_ASSIGNMENT((#1456));
#1458=STYLED_ITEM('',(#1457),#1455);
#1459=DIRECTION('',(0.E0,-1.E0,0.E0));
#1460=VECTOR('',#1459,1.5E0);
#1461=CARTESIAN_POINT('',(-1.35E0,-3.E0,-8.5E0));
#1462=LINE('',#1461,#1460);
#1463=CURVE_STYLE('',#77,POSITIVE_LENGTH_MEASURE(2.E-2),#50);
#1464=PRESENTATION_STYLE_ASSIGNMENT((#1463));
#1465=STYLED_ITEM('',(#1464),#1462);
#1466=DIRECTION('',(-1.E0,0.E0,0.E0));
#1467=VECTOR('',#1466,2.7E0);
#1468=CARTESIAN_POINT('',(1.35E0,-3.E0,-8.5E0));
#1469=LINE('',#1468,#1467);
#1470=CURVE_STYLE('',#77,POSITIVE_LENGTH_MEASURE(2.E-2),#50);
#1471=PRESENTATION_STYLE_ASSIGNMENT((#1470));
#1472=STYLED_ITEM('',(#1471),#1469);
#1473=DIRECTION('',(0.E0,1.E0,0.E0));
#1474=VECTOR('',#1473,1.5E0);
#1475=CARTESIAN_POINT('',(1.35E0,-4.5E0,-8.5E0));
#1476=LINE('',#1475,#1474);
#1477=CURVE_STYLE('',#77,POSITIVE_LENGTH_MEASURE(2.E-2),#50);
#1478=PRESENTATION_STYLE_ASSIGNMENT((#1477));
#1479=STYLED_ITEM('',(#1478),#1476);
#1480=DIRECTION('',(1.E0,0.E0,0.E0));
#1481=VECTOR('',#1480,2.7E0);
#1482=CARTESIAN_POINT('',(-1.35E0,-4.5E0,-8.5E0));
#1483=LINE('',#1482,#1481);
#1484=CURVE_STYLE('',#77,POSITIVE_LENGTH_MEASURE(2.E-2),#50);
#1485=PRESENTATION_STYLE_ASSIGNMENT((#1484));
#1486=STYLED_ITEM('',(#1485),#1483);
#1487=DIRECTION('',(0.E0,0.E0,-1.E0));
#1488=VECTOR('',#1487,1.E0);
#1489=CARTESIAN_POINT('',(-6.35E0,-3.E0,-7.5E0));
#1490=LINE('',#1489,#1488);
#1491=CURVE_STYLE('',#77,POSITIVE_LENGTH_MEASURE(2.E-2),#50);
#1492=PRESENTATION_STYLE_ASSIGNMENT((#1491));
#1493=STYLED_ITEM('',(#1492),#1490);
#1494=DIRECTION('',(0.E0,0.E0,-1.E0));
#1495=VECTOR('',#1494,1.E0);
#1496=CARTESIAN_POINT('',(-3.65E0,-3.E0,-7.5E0));
#1497=LINE('',#1496,#1495);
#1498=CURVE_STYLE('',#77,POSITIVE_LENGTH_MEASURE(2.E-2),#50);
#1499=PRESENTATION_STYLE_ASSIGNMENT((#1498));
#1500=STYLED_ITEM('',(#1499),#1497);
#1501=DIRECTION('',(0.E0,0.E0,-1.E0));
#1502=VECTOR('',#1501,1.E0);
#1503=CARTESIAN_POINT('',(-3.65E0,-4.5E0,-7.5E0));
#1504=LINE('',#1503,#1502);
#1505=CURVE_STYLE('',#77,POSITIVE_LENGTH_MEASURE(2.E-2),#50);
#1506=PRESENTATION_STYLE_ASSIGNMENT((#1505));
#1507=STYLED_ITEM('',(#1506),#1504);
#1508=DIRECTION('',(0.E0,0.E0,-1.E0));
#1509=VECTOR('',#1508,1.E0);
#1510=CARTESIAN_POINT('',(-6.35E0,-4.5E0,-7.5E0));
#1511=LINE('',#1510,#1509);
#1512=CURVE_STYLE('',#77,POSITIVE_LENGTH_MEASURE(2.E-2),#50);
#1513=PRESENTATION_STYLE_ASSIGNMENT((#1512));
#1514=STYLED_ITEM('',(#1513),#1511);
#1515=DIRECTION('',(0.E0,-1.E0,0.E0));
#1516=VECTOR('',#1515,1.5E0);
#1517=CARTESIAN_POINT('',(-6.35E0,-3.E0,-8.5E0));
#1518=LINE('',#1517,#1516);
#1519=CURVE_STYLE('',#77,POSITIVE_LENGTH_MEASURE(2.E-2),#50);
#1520=PRESENTATION_STYLE_ASSIGNMENT((#1519));
#1521=STYLED_ITEM('',(#1520),#1518);
#1522=DIRECTION('',(-1.E0,0.E0,0.E0));
#1523=VECTOR('',#1522,2.7E0);
#1524=CARTESIAN_POINT('',(-3.65E0,-3.E0,-8.5E0));
#1525=LINE('',#1524,#1523);
#1526=CURVE_STYLE('',#77,POSITIVE_LENGTH_MEASURE(2.E-2),#50);
#1527=PRESENTATION_STYLE_ASSIGNMENT((#1526));
#1528=STYLED_ITEM('',(#1527),#1525);
#1529=DIRECTION('',(0.E0,1.E0,0.E0));
#1530=VECTOR('',#1529,1.5E0);
#1531=CARTESIAN_POINT('',(-3.65E0,-4.5E0,-8.5E0));
#1532=LINE('',#1531,#1530);
#1533=CURVE_STYLE('',#77,POSITIVE_LENGTH_MEASURE(2.E-2),#50);
#1534=PRESENTATION_STYLE_ASSIGNMENT((#1533));
#1535=STYLED_ITEM('',(#1534),#1532);
#1536=DIRECTION('',(1.E0,0.E0,0.E0));
#1537=VECTOR('',#1536,2.7E0);
#1538=CARTESIAN_POINT('',(-6.35E0,-4.5E0,-8.5E0));
#1539=LINE('',#1538,#1537);
#1540=CURVE_STYLE('',#77,POSITIVE_LENGTH_MEASURE(2.E-2),#50);
#1541=PRESENTATION_STYLE_ASSIGNMENT((#1540));
#1542=STYLED_ITEM('',(#1541),#1539);
#1543=CARTESIAN_POINT('',(-7.5E0,3.7E0,0.E0));
#1544=CARTESIAN_POINT('',(-7.5E0,-1.8E0,0.E0));
#1545=VERTEX_POINT('',#1543);
#1546=VERTEX_POINT('',#1544);
#1547=CARTESIAN_POINT('',(-7.5E0,-2.1E0,-3.3E0));
#1548=VERTEX_POINT('',#1547);
#1549=CARTESIAN_POINT('',(-7.5E0,-2.1E0,-7.5E0));
#1550=VERTEX_POINT('',#1549);
#1551=CARTESIAN_POINT('',(7.5E0,3.7E0,0.E0));
#1552=CARTESIAN_POINT('',(7.5E0,-1.8E0,0.E0));
#1553=VERTEX_POINT('',#1551);
#1554=VERTEX_POINT('',#1552);
#1555=CARTESIAN_POINT('',(7.5E0,-2.1E0,-3.3E0));
#1556=VERTEX_POINT('',#1555);
#1557=CARTESIAN_POINT('',(7.5E0,-2.1E0,-7.5E0));
#1558=VERTEX_POINT('',#1557);
#1559=CARTESIAN_POINT('',(6.95E0,9.5E-1,0.E0));
#1560=CARTESIAN_POINT('',(3.05E0,9.5E-1,0.E0));
#1561=VERTEX_POINT('',#1559);
#1562=VERTEX_POINT('',#1560);
#1563=CARTESIAN_POINT('',(6.95E0,9.5E-1,-1.2E0));
#1564=VERTEX_POINT('',#1563);
#1565=CARTESIAN_POINT('',(3.05E0,9.5E-1,-1.2E0));
#1566=VERTEX_POINT('',#1565);
#1567=CARTESIAN_POINT('',(1.95E0,9.5E-1,-1.2E0));
#1568=CARTESIAN_POINT('',(-1.95E0,9.5E-1,-1.2E0));
#1569=VERTEX_POINT('',#1567);
#1570=VERTEX_POINT('',#1568);
#1571=CARTESIAN_POINT('',(1.95E0,9.5E-1,0.E0));
#1572=CARTESIAN_POINT('',(-1.95E0,9.5E-1,0.E0));
#1573=VERTEX_POINT('',#1571);
#1574=VERTEX_POINT('',#1572);
#1575=CARTESIAN_POINT('',(-3.05E0,9.5E-1,0.E0));
#1576=CARTESIAN_POINT('',(-6.95E0,9.5E-1,0.E0));
#1577=VERTEX_POINT('',#1575);
#1578=VERTEX_POINT('',#1576);
#1579=CARTESIAN_POINT('',(-3.05E0,9.5E-1,-1.2E0));
#1580=VERTEX_POINT('',#1579);
#1581=CARTESIAN_POINT('',(-6.95E0,9.5E-1,-1.2E0));
#1582=VERTEX_POINT('',#1581);
#1583=CARTESIAN_POINT('',(6.632379670101E0,2.016694245152E0,-1.2E0));
#1584=VERTEX_POINT('',#1583);
#1585=CARTESIAN_POINT('',(6.066694245152E0,2.582379670101E0,-1.2E0));
#1586=VERTEX_POINT('',#1585);
#1587=CARTESIAN_POINT('',(3.367620329899E0,-1.166942451520E-1,-1.2E0));
#1588=VERTEX_POINT('',#1587);
#1589=CARTESIAN_POINT('',(3.933305754848E0,-6.823796701012E-1,-1.2E0));
#1590=VERTEX_POINT('',#1589);
#1591=CARTESIAN_POINT('',(3.65E0,-3.E0,-8.5E0));
#1592=CARTESIAN_POINT('',(3.65E0,-4.5E0,-8.5E0));
#1593=VERTEX_POINT('',#1591);
#1594=VERTEX_POINT('',#1592);
#1595=CARTESIAN_POINT('',(6.35E0,-4.5E0,-8.5E0));
#1596=VERTEX_POINT('',#1595);
#1597=CARTESIAN_POINT('',(6.35E0,-3.E0,-8.5E0));
#1598=VERTEX_POINT('',#1597);
#1599=CARTESIAN_POINT('',(3.65E0,-3.E0,-7.5E0));
#1600=CARTESIAN_POINT('',(3.65E0,-4.5E0,-7.5E0));
#1601=VERTEX_POINT('',#1599);
#1602=VERTEX_POINT('',#1600);
#1603=CARTESIAN_POINT('',(6.35E0,-4.5E0,-7.5E0));
#1604=VERTEX_POINT('',#1603);
#1605=CARTESIAN_POINT('',(6.35E0,-3.E0,-7.5E0));
#1606=VERTEX_POINT('',#1605);
#1607=CARTESIAN_POINT('',(-1.35E0,-3.E0,-8.5E0));
#1608=CARTESIAN_POINT('',(-1.35E0,-4.5E0,-8.5E0));
#1609=VERTEX_POINT('',#1607);
#1610=VERTEX_POINT('',#1608);
#1611=CARTESIAN_POINT('',(1.35E0,-4.5E0,-8.5E0));
#1612=VERTEX_POINT('',#1611);
#1613=CARTESIAN_POINT('',(1.35E0,-3.E0,-8.5E0));
#1614=VERTEX_POINT('',#1613);
#1615=CARTESIAN_POINT('',(-1.35E0,-3.E0,-7.5E0));
#1616=CARTESIAN_POINT('',(-1.35E0,-4.5E0,-7.5E0));
#1617=VERTEX_POINT('',#1615);
#1618=VERTEX_POINT('',#1616);
#1619=CARTESIAN_POINT('',(1.35E0,-4.5E0,-7.5E0));
#1620=VERTEX_POINT('',#1619);
#1621=CARTESIAN_POINT('',(1.35E0,-3.E0,-7.5E0));
#1622=VERTEX_POINT('',#1621);
#1623=CARTESIAN_POINT('',(-6.35E0,-3.E0,-8.5E0));
#1624=CARTESIAN_POINT('',(-6.35E0,-4.5E0,-8.5E0));
#1625=VERTEX_POINT('',#1623);
#1626=VERTEX_POINT('',#1624);
#1627=CARTESIAN_POINT('',(-3.65E0,-4.5E0,-8.5E0));
#1628=VERTEX_POINT('',#1627);
#1629=CARTESIAN_POINT('',(-3.65E0,-3.E0,-8.5E0));
#1630=VERTEX_POINT('',#1629);
#1631=CARTESIAN_POINT('',(-6.35E0,-3.E0,-7.5E0));
#1632=CARTESIAN_POINT('',(-6.35E0,-4.5E0,-7.5E0));
#1633=VERTEX_POINT('',#1631);
#1634=VERTEX_POINT('',#1632);
#1635=CARTESIAN_POINT('',(-3.65E0,-4.5E0,-7.5E0));
#1636=VERTEX_POINT('',#1635);
#1637=CARTESIAN_POINT('',(-3.65E0,-3.E0,-7.5E0));
#1638=VERTEX_POINT('',#1637);
#1639=CARTESIAN_POINT('',(6.4E0,3.6E0,-1.065E1));
#1640=CARTESIAN_POINT('',(6.4E0,3.6E0,-1.465E1));
#1641=VERTEX_POINT('',#1639);
#1642=VERTEX_POINT('',#1640);
#1643=CARTESIAN_POINT('',(3.6E0,3.6E0,-1.465E1));
#1644=VERTEX_POINT('',#1643);
#1645=CARTESIAN_POINT('',(3.6E0,3.6E0,-1.065E1));
#1646=VERTEX_POINT('',#1645);
#1647=CARTESIAN_POINT('',(6.6E0,5.E0,-9.4E0));
#1648=CARTESIAN_POINT('',(6.6E0,5.E0,-1.59E1));
#1649=VERTEX_POINT('',#1647);
#1650=VERTEX_POINT('',#1648);
#1651=CARTESIAN_POINT('',(3.4E0,5.E0,-1.59E1));
#1652=VERTEX_POINT('',#1651);
#1653=CARTESIAN_POINT('',(3.4E0,5.E0,-9.4E0));
#1654=VERTEX_POINT('',#1653);
#1655=CARTESIAN_POINT('',(1.4E0,3.6E0,-1.065E1));
#1656=CARTESIAN_POINT('',(1.4E0,3.6E0,-1.465E1));
#1657=VERTEX_POINT('',#1655);
#1658=VERTEX_POINT('',#1656);
#1659=CARTESIAN_POINT('',(-1.4E0,3.6E0,-1.465E1));
#1660=VERTEX_POINT('',#1659);
#1661=CARTESIAN_POINT('',(-1.4E0,3.6E0,-1.065E1));
#1662=VERTEX_POINT('',#1661);
#1663=CARTESIAN_POINT('',(1.6E0,5.E0,-9.4E0));
#1664=CARTESIAN_POINT('',(1.6E0,5.E0,-1.59E1));
#1665=VERTEX_POINT('',#1663);
#1666=VERTEX_POINT('',#1664);
#1667=CARTESIAN_POINT('',(-1.6E0,5.E0,-1.59E1));
#1668=VERTEX_POINT('',#1667);
#1669=CARTESIAN_POINT('',(-1.6E0,5.E0,-9.4E0));
#1670=VERTEX_POINT('',#1669);
#1671=CARTESIAN_POINT('',(-3.6E0,3.6E0,-1.065E1));
#1672=CARTESIAN_POINT('',(-3.6E0,3.6E0,-1.465E1));
#1673=VERTEX_POINT('',#1671);
#1674=VERTEX_POINT('',#1672);
#1675=CARTESIAN_POINT('',(-6.4E0,3.6E0,-1.465E1));
#1676=VERTEX_POINT('',#1675);
#1677=CARTESIAN_POINT('',(-6.4E0,3.6E0,-1.065E1));
#1678=VERTEX_POINT('',#1677);
#1679=CARTESIAN_POINT('',(-3.4E0,5.E0,-9.4E0));
#1680=CARTESIAN_POINT('',(-3.4E0,5.E0,-1.59E1));
#1681=VERTEX_POINT('',#1679);
#1682=VERTEX_POINT('',#1680);
#1683=CARTESIAN_POINT('',(-6.6E0,5.E0,-1.59E1));
#1684=VERTEX_POINT('',#1683);
#1685=CARTESIAN_POINT('',(-6.6E0,5.E0,-9.4E0));
#1686=VERTEX_POINT('',#1685);
#1687=CARTESIAN_POINT('',(7.5E0,4.3E0,-7.5E0));
#1688=CARTESIAN_POINT('',(7.5E0,4.6E0,-7.5E0));
#1689=VERTEX_POINT('',#1687);
#1690=VERTEX_POINT('',#1688);
#1691=CARTESIAN_POINT('',(7.E0,4.6E0,-7.5E0));
#1692=VERTEX_POINT('',#1691);
#1693=CARTESIAN_POINT('',(7.5E0,-4.3E0,-7.5E0));
#1694=VERTEX_POINT('',#1693);
#1695=CARTESIAN_POINT('',(7.5E0,-4.3E0,-1.9E1));
#1696=CARTESIAN_POINT('',(7.5E0,4.3E0,-1.9E1));
#1697=VERTEX_POINT('',#1695);
#1698=VERTEX_POINT('',#1696);
#1699=CARTESIAN_POINT('',(7.E0,-4.1E0,-7.5E0));
#1700=VERTEX_POINT('',#1699);
#1701=CARTESIAN_POINT('',(7.E0,-5.E0,-7.5E0));
#1702=VERTEX_POINT('',#1701);
#1703=CARTESIAN_POINT('',(7.E0,-5.E0,-1.9E1));
#1704=VERTEX_POINT('',#1703);
#1705=CARTESIAN_POINT('',(7.E0,5.E0,-1.9E1));
#1706=CARTESIAN_POINT('',(7.E0,4.1E0,-1.9E1));
#1707=VERTEX_POINT('',#1705);
#1708=VERTEX_POINT('',#1706);
#1709=CARTESIAN_POINT('',(7.E0,-4.1E0,-1.9E1));
#1710=VERTEX_POINT('',#1709);
#1711=CARTESIAN_POINT('',(7.E0,5.E0,-7.5E0));
#1712=VERTEX_POINT('',#1711);
#1713=CARTESIAN_POINT('',(7.E0,4.1E0,-7.5E0));
#1714=VERTEX_POINT('',#1713);
#1715=CARTESIAN_POINT('',(-8.E0,5.E0,-7.5E0));
#1716=CARTESIAN_POINT('',(-8.E0,4.1E0,-7.5E0));
#1717=VERTEX_POINT('',#1715);
#1718=VERTEX_POINT('',#1716);
#1719=CARTESIAN_POINT('',(-8.E0,-4.1E0,-7.5E0));
#1720=CARTESIAN_POINT('',(-8.E0,-5.E0,-7.5E0));
#1721=VERTEX_POINT('',#1719);
#1722=VERTEX_POINT('',#1720);
#1723=CARTESIAN_POINT('',(-8.E0,5.E0,-1.9E1));
#1724=CARTESIAN_POINT('',(-8.E0,4.1E0,-1.9E1));
#1725=VERTEX_POINT('',#1723);
#1726=VERTEX_POINT('',#1724);
#1727=CARTESIAN_POINT('',(-8.E0,-4.1E0,-1.9E1));
#1728=CARTESIAN_POINT('',(-8.E0,-5.E0,-1.9E1));
#1729=VERTEX_POINT('',#1727);
#1730=VERTEX_POINT('',#1728);
#1731=CARTESIAN_POINT('',(-7.5E0,4.3E0,-7.5E0));
#1732=CARTESIAN_POINT('',(-7.5E0,4.6E0,-7.5E0));
#1733=VERTEX_POINT('',#1731);
#1734=VERTEX_POINT('',#1732);
#1735=CARTESIAN_POINT('',(-7.5E0,4.3E0,-1.9E1));
#1736=VERTEX_POINT('',#1735);
#1737=CARTESIAN_POINT('',(-7.5E0,-4.3E0,-1.9E1));
#1738=CARTESIAN_POINT('',(-7.5E0,-4.3E0,-7.5E0));
#1739=VERTEX_POINT('',#1737);
#1740=VERTEX_POINT('',#1738);
#1741=CARTESIAN_POINT('',(4.5E0,4.E-1,-1.9E1));
#1742=CARTESIAN_POINT('',(5.5E0,4.E-1,-1.9E1));
#1743=VERTEX_POINT('',#1741);
#1744=VERTEX_POINT('',#1742);
#1745=CARTESIAN_POINT('',(4.5E0,-4.E-1,-1.9E1));
#1746=CARTESIAN_POINT('',(5.5E0,-4.E-1,-1.9E1));
#1747=VERTEX_POINT('',#1745);
#1748=VERTEX_POINT('',#1746);
#1749=CARTESIAN_POINT('',(6.632379670101E0,2.016694245152E0,-2.E0));
#1750=CARTESIAN_POINT('',(6.066694245152E0,2.582379670101E0,-2.E0));
#1751=VERTEX_POINT('',#1749);
#1752=VERTEX_POINT('',#1750);
#1753=CARTESIAN_POINT('',(3.367620329899E0,-1.166942451520E-1,-2.E0));
#1754=VERTEX_POINT('',#1753);
#1755=CARTESIAN_POINT('',(3.933305754848E0,-6.823796701012E-1,-2.E0));
#1756=VERTEX_POINT('',#1755);
#1757=CARTESIAN_POINT('',(5.5E0,-4.E-1,-2.22E1));
#1758=CARTESIAN_POINT('',(5.5E0,4.E-1,-2.22E1));
#1759=VERTEX_POINT('',#1757);
#1760=VERTEX_POINT('',#1758);
#1761=CARTESIAN_POINT('',(5.25E0,-1.5E-1,-2.25E1));
#1762=CARTESIAN_POINT('',(5.25E0,1.5E-1,-2.25E1));
#1763=VERTEX_POINT('',#1761);
#1764=VERTEX_POINT('',#1762);
#1765=CARTESIAN_POINT('',(4.5E0,4.E-1,-2.22E1));
#1766=VERTEX_POINT('',#1765);
#1767=CARTESIAN_POINT('',(4.75E0,1.5E-1,-2.25E1));
#1768=VERTEX_POINT('',#1767);
#1769=CARTESIAN_POINT('',(4.5E0,-4.E-1,-2.22E1));
#1770=VERTEX_POINT('',#1769);
#1771=CARTESIAN_POINT('',(4.75E0,-1.5E-1,-2.25E1));
#1772=VERTEX_POINT('',#1771);
#1773=CARTESIAN_POINT('',(-3.367620329899E0,2.016694245152E0,-2.E0));
#1774=CARTESIAN_POINT('',(-3.933305754848E0,2.582379670101E0,-2.E0));
#1775=VERTEX_POINT('',#1773);
#1776=VERTEX_POINT('',#1774);
#1777=CARTESIAN_POINT('',(-6.632379670101E0,-1.166942451520E-1,-2.E0));
#1778=VERTEX_POINT('',#1777);
#1779=CARTESIAN_POINT('',(-6.066694245152E0,-6.823796701012E-1,-2.E0));
#1780=VERTEX_POINT('',#1779);
#1781=CARTESIAN_POINT('',(-3.933305754848E0,2.582379670101E0,-1.2E0));
#1782=CARTESIAN_POINT('',(-6.632379670101E0,-1.166942451520E-1,-1.2E0));
#1783=VERTEX_POINT('',#1781);
#1784=VERTEX_POINT('',#1782);
#1785=CARTESIAN_POINT('',(-6.066694245152E0,-6.823796701012E-1,-1.2E0));
#1786=CARTESIAN_POINT('',(-3.367620329899E0,2.016694245152E0,-1.2E0));
#1787=VERTEX_POINT('',#1785);
#1788=VERTEX_POINT('',#1786);
#1789=CARTESIAN_POINT('',(-5.5E0,4.E-1,-1.9E1));
#1790=CARTESIAN_POINT('',(-4.5E0,4.E-1,-1.9E1));
#1791=VERTEX_POINT('',#1789);
#1792=VERTEX_POINT('',#1790);
#1793=CARTESIAN_POINT('',(-5.5E0,-4.E-1,-1.9E1));
#1794=CARTESIAN_POINT('',(-4.5E0,-4.E-1,-1.9E1));
#1795=VERTEX_POINT('',#1793);
#1796=VERTEX_POINT('',#1794);
#1797=CARTESIAN_POINT('',(-4.5E0,-4.E-1,-2.22E1));
#1798=CARTESIAN_POINT('',(-4.5E0,4.E-1,-2.22E1));
#1799=VERTEX_POINT('',#1797);
#1800=VERTEX_POINT('',#1798);
#1801=CARTESIAN_POINT('',(-4.75E0,-1.5E-1,-2.25E1));
#1802=CARTESIAN_POINT('',(-4.75E0,1.5E-1,-2.25E1));
#1803=VERTEX_POINT('',#1801);
#1804=VERTEX_POINT('',#1802);
#1805=CARTESIAN_POINT('',(-5.5E0,4.E-1,-2.22E1));
#1806=VERTEX_POINT('',#1805);
#1807=CARTESIAN_POINT('',(-5.25E0,1.5E-1,-2.25E1));
#1808=VERTEX_POINT('',#1807);
#1809=CARTESIAN_POINT('',(-5.5E0,-4.E-1,-2.22E1));
#1810=VERTEX_POINT('',#1809);
#1811=CARTESIAN_POINT('',(-5.25E0,-1.5E-1,-2.25E1));
#1812=VERTEX_POINT('',#1811);
#1813=CARTESIAN_POINT('',(-7.5E0,0.E0,0.E0));
#1814=DIRECTION('',(1.E0,0.E0,0.E0));
#1815=DIRECTION('',(0.E0,0.E0,-1.E0));
#1816=AXIS2_PLACEMENT_3D('',#1813,#1814,#1815);
#1817=PLANE('',#1816);
#1819=ORIENTED_EDGE('',*,*,#1818,.T.);
#1821=ORIENTED_EDGE('',*,*,#1820,.T.);
#1823=ORIENTED_EDGE('',*,*,#1822,.T.);
#1825=ORIENTED_EDGE('',*,*,#1824,.T.);
#1827=ORIENTED_EDGE('',*,*,#1826,.T.);
#1829=ORIENTED_EDGE('',*,*,#1828,.T.);
#1831=ORIENTED_EDGE('',*,*,#1830,.F.);
#1833=ORIENTED_EDGE('',*,*,#1832,.T.);
#1835=ORIENTED_EDGE('',*,*,#1834,.T.);
#1836=EDGE_LOOP('',(#1819,#1821,#1823,#1825,#1827,#1829,#1831,#1833,#1835));
#1837=FACE_OUTER_BOUND('',#1836,.F.);
#1838=ADVANCED_FACE('',(#1837),#1817,.F.);
#1839=CARTESIAN_POINT('',(-7.5E0,-2.1E0,-7.5E0));
#1840=DIRECTION('',(0.E0,0.E0,1.E0));
#1841=DIRECTION('',(0.E0,-1.E0,0.E0));
#1842=AXIS2_PLACEMENT_3D('',#1839,#1840,#1841);
#1843=PLANE('',#1842);
#1845=ORIENTED_EDGE('',*,*,#1844,.F.);
#1847=ORIENTED_EDGE('',*,*,#1846,.T.);
#1849=ORIENTED_EDGE('',*,*,#1848,.F.);
#1850=ORIENTED_EDGE('',*,*,#1818,.F.);
#1852=ORIENTED_EDGE('',*,*,#1851,.F.);
#1854=ORIENTED_EDGE('',*,*,#1853,.F.);
#1855=EDGE_LOOP('',(#1845,#1847,#1849,#1850,#1852,#1854));
#1856=FACE_OUTER_BOUND('',#1855,.F.);
#1857=ADVANCED_FACE('',(#1856),#1843,.T.);
#1858=CARTESIAN_POINT('',(-7.5E0,-2.1E0,-7.5E0));
#1859=DIRECTION('',(0.E0,0.E0,1.E0));
#1860=DIRECTION('',(0.E0,-1.E0,0.E0));
#1861=AXIS2_PLACEMENT_3D('',#1858,#1859,#1860);
#1862=PLANE('',#1861);
#1864=ORIENTED_EDGE('',*,*,#1863,.F.);
#1866=ORIENTED_EDGE('',*,*,#1865,.F.);
#1868=ORIENTED_EDGE('',*,*,#1867,.F.);
#1869=ORIENTED_EDGE('',*,*,#1828,.F.);
#1871=ORIENTED_EDGE('',*,*,#1870,.T.);
#1873=ORIENTED_EDGE('',*,*,#1872,.T.);
#1875=ORIENTED_EDGE('',*,*,#1874,.T.);
#1877=ORIENTED_EDGE('',*,*,#1876,.F.);
#1878=EDGE_LOOP('',(#1864,#1866,#1868,#1869,#1871,#1873,#1875,#1877));
#1879=FACE_OUTER_BOUND('',#1878,.F.);
#1881=ORIENTED_EDGE('',*,*,#1880,.T.);
#1883=ORIENTED_EDGE('',*,*,#1882,.T.);
#1885=ORIENTED_EDGE('',*,*,#1884,.T.);
#1887=ORIENTED_EDGE('',*,*,#1886,.T.);
#1888=EDGE_LOOP('',(#1881,#1883,#1885,#1887));
#1889=FACE_BOUND('',#1888,.F.);
#1891=ORIENTED_EDGE('',*,*,#1890,.T.);
#1893=ORIENTED_EDGE('',*,*,#1892,.T.);
#1895=ORIENTED_EDGE('',*,*,#1894,.T.);
#1897=ORIENTED_EDGE('',*,*,#1896,.T.);
#1898=EDGE_LOOP('',(#1891,#1893,#1895,#1897));
#1899=FACE_BOUND('',#1898,.F.);
#1901=ORIENTED_EDGE('',*,*,#1900,.T.);
#1903=ORIENTED_EDGE('',*,*,#1902,.T.);
#1905=ORIENTED_EDGE('',*,*,#1904,.T.);
#1907=ORIENTED_EDGE('',*,*,#1906,.T.);
#1908=EDGE_LOOP('',(#1901,#1903,#1905,#1907));
#1909=FACE_BOUND('',#1908,.F.);
#1910=ADVANCED_FACE('',(#1879,#1889,#1899,#1909),#1862,.T.);
#1911=CARTESIAN_POINT('',(-7.5E0,5.E0,-1.9E1));
#1912=DIRECTION('',(0.E0,1.E0,0.E0));
#1913=DIRECTION('',(0.E0,0.E0,1.E0));
#1914=AXIS2_PLACEMENT_3D('',#1911,#1912,#1913);
#1915=PLANE('',#1914);
#1916=ORIENTED_EDGE('',*,*,#1844,.T.);
#1918=ORIENTED_EDGE('',*,*,#1917,.T.);
#1920=ORIENTED_EDGE('',*,*,#1919,.F.);
#1922=ORIENTED_EDGE('',*,*,#1921,.T.);
#1923=EDGE_LOOP('',(#1916,#1918,#1920,#1922));
#1924=FACE_OUTER_BOUND('',#1923,.F.);
#1926=ORIENTED_EDGE('',*,*,#1925,.T.);
#1928=ORIENTED_EDGE('',*,*,#1927,.T.);
#1930=ORIENTED_EDGE('',*,*,#1929,.T.);
#1932=ORIENTED_EDGE('',*,*,#1931,.T.);
#1933=EDGE_LOOP('',(#1926,#1928,#1930,#1932));
#1934=FACE_BOUND('',#1933,.F.);
#1936=ORIENTED_EDGE('',*,*,#1935,.T.);
#1938=ORIENTED_EDGE('',*,*,#1937,.T.);
#1940=ORIENTED_EDGE('',*,*,#1939,.T.);
#1942=ORIENTED_EDGE('',*,*,#1941,.T.);
#1943=EDGE_LOOP('',(#1936,#1938,#1940,#1942));
#1944=FACE_BOUND('',#1943,.F.);
#1946=ORIENTED_EDGE('',*,*,#1945,.T.);
#1948=ORIENTED_EDGE('',*,*,#1947,.T.);
#1950=ORIENTED_EDGE('',*,*,#1949,.T.);
#1952=ORIENTED_EDGE('',*,*,#1951,.T.);
#1953=EDGE_LOOP('',(#1946,#1948,#1950,#1952));
#1954=FACE_BOUND('',#1953,.F.);
#1955=ADVANCED_FACE('',(#1924,#1934,#1944,#1954),#1915,.T.);
#1956=CARTESIAN_POINT('',(6.5E0,4.3E0,-1.265E1));
#1957=DIRECTION('',(9.899494936612E-1,-1.414213562373E-1,0.E0));
#1958=DIRECTION('',(0.E0,0.E0,-1.E0));
#1959=AXIS2_PLACEMENT_3D('',#1956,#1957,#1958);
#1960=PLANE('',#1959);
#1961=ORIENTED_EDGE('',*,*,#1925,.F.);
#1963=ORIENTED_EDGE('',*,*,#1962,.F.);
#1965=ORIENTED_EDGE('',*,*,#1964,.T.);
#1967=ORIENTED_EDGE('',*,*,#1966,.T.);
#1968=EDGE_LOOP('',(#1961,#1963,#1965,#1967));
#1969=FACE_OUTER_BOUND('',#1968,.F.);
#1970=ADVANCED_FACE('',(#1969),#1960,.F.);
#1971=CARTESIAN_POINT('',(5.E0,4.3E0,-1.0025E1));
#1972=DIRECTION('',(0.E0,-6.660157693089E-1,7.459376616259E-1));
#1973=DIRECTION('',(1.E0,0.E0,0.E0));
#1974=AXIS2_PLACEMENT_3D('',#1971,#1972,#1973);
#1975=PLANE('',#1974);
#1976=ORIENTED_EDGE('',*,*,#1931,.F.);
#1978=ORIENTED_EDGE('',*,*,#1977,.F.);
#1980=ORIENTED_EDGE('',*,*,#1979,.T.);
#1981=ORIENTED_EDGE('',*,*,#1962,.T.);
#1982=EDGE_LOOP('',(#1976,#1978,#1980,#1981));
#1983=FACE_OUTER_BOUND('',#1982,.F.);
#1984=ADVANCED_FACE('',(#1983),#1975,.F.);
#1985=CARTESIAN_POINT('',(3.5E0,4.3E0,-1.265E1));
#1986=DIRECTION('',(-9.899494936612E-1,-1.414213562373E-1,0.E0));
#1987=DIRECTION('',(0.E0,0.E0,1.E0));
#1988=AXIS2_PLACEMENT_3D('',#1985,#1986,#1987);
#1989=PLANE('',#1988);
#1990=ORIENTED_EDGE('',*,*,#1929,.F.);
#1992=ORIENTED_EDGE('',*,*,#1991,.F.);
#1994=ORIENTED_EDGE('',*,*,#1993,.T.);
#1995=ORIENTED_EDGE('',*,*,#1977,.T.);
#1996=EDGE_LOOP('',(#1990,#1992,#1994,#1995));
#1997=FACE_OUTER_BOUND('',#1996,.F.);
#1998=ADVANCED_FACE('',(#1997),#1989,.F.);
#1999=CARTESIAN_POINT('',(5.E0,4.3E0,-1.5275E1));
#2000=DIRECTION('',(0.E0,-6.660157693089E-1,-7.459376616259E-1));
#2001=DIRECTION('',(-1.E0,0.E0,0.E0));
#2002=AXIS2_PLACEMENT_3D('',#1999,#2000,#2001);
#2003=PLANE('',#2002);
#2004=ORIENTED_EDGE('',*,*,#1927,.F.);
#2005=ORIENTED_EDGE('',*,*,#1966,.F.);
#2007=ORIENTED_EDGE('',*,*,#2006,.T.);
#2008=ORIENTED_EDGE('',*,*,#1991,.T.);
#2009=EDGE_LOOP('',(#2004,#2005,#2007,#2008));
#2010=FACE_OUTER_BOUND('',#2009,.F.);
#2011=ADVANCED_FACE('',(#2010),#2003,.F.);
#2012=CARTESIAN_POINT('',(-7.5E0,3.6E0,0.E0));
#2013=DIRECTION('',(0.E0,1.E0,0.E0));
#2014=DIRECTION('',(-1.E0,0.E0,0.E0));
#2015=AXIS2_PLACEMENT_3D('',#2012,#2013,#2014);
#2016=PLANE('',#2015);
#2017=ORIENTED_EDGE('',*,*,#1964,.F.);
#2018=ORIENTED_EDGE('',*,*,#1979,.F.);
#2019=ORIENTED_EDGE('',*,*,#1993,.F.);
#2020=ORIENTED_EDGE('',*,*,#2006,.F.);
#2021=EDGE_LOOP('',(#2017,#2018,#2019,#2020));
#2022=FACE_OUTER_BOUND('',#2021,.F.);
#2023=ADVANCED_FACE('',(#2022),#2016,.T.);
#2024=CARTESIAN_POINT('',(1.5E0,4.3E0,-1.265E1));
#2025=DIRECTION('',(9.899494936612E-1,-1.414213562373E-1,0.E0));
#2026=DIRECTION('',(0.E0,0.E0,-1.E0));
#2027=AXIS2_PLACEMENT_3D('',#2024,#2025,#2026);
#2028=PLANE('',#2027);
#2029=ORIENTED_EDGE('',*,*,#1935,.F.);
#2031=ORIENTED_EDGE('',*,*,#2030,.F.);
#2033=ORIENTED_EDGE('',*,*,#2032,.T.);
#2035=ORIENTED_EDGE('',*,*,#2034,.T.);
#2036=EDGE_LOOP('',(#2029,#2031,#2033,#2035));
#2037=FACE_OUTER_BOUND('',#2036,.F.);
#2038=ADVANCED_FACE('',(#2037),#2028,.F.);
#2039=CARTESIAN_POINT('',(0.E0,4.3E0,-1.0025E1));
#2040=DIRECTION('',(0.E0,-6.660157693089E-1,7.459376616259E-1));
#2041=DIRECTION('',(1.E0,0.E0,0.E0));
#2042=AXIS2_PLACEMENT_3D('',#2039,#2040,#2041);
#2043=PLANE('',#2042);
#2044=ORIENTED_EDGE('',*,*,#1941,.F.);
#2046=ORIENTED_EDGE('',*,*,#2045,.F.);
#2048=ORIENTED_EDGE('',*,*,#2047,.T.);
#2049=ORIENTED_EDGE('',*,*,#2030,.T.);
#2050=EDGE_LOOP('',(#2044,#2046,#2048,#2049));
#2051=FACE_OUTER_BOUND('',#2050,.F.);
#2052=ADVANCED_FACE('',(#2051),#2043,.F.);
#2053=CARTESIAN_POINT('',(-1.5E0,4.3E0,-1.265E1));
#2054=DIRECTION('',(-9.899494936612E-1,-1.414213562373E-1,0.E0));
#2055=DIRECTION('',(0.E0,0.E0,1.E0));
#2056=AXIS2_PLACEMENT_3D('',#2053,#2054,#2055);
#2057=PLANE('',#2056);
#2058=ORIENTED_EDGE('',*,*,#1939,.F.);
#2060=ORIENTED_EDGE('',*,*,#2059,.F.);
#2062=ORIENTED_EDGE('',*,*,#2061,.T.);
#2063=ORIENTED_EDGE('',*,*,#2045,.T.);
#2064=EDGE_LOOP('',(#2058,#2060,#2062,#2063));
#2065=FACE_OUTER_BOUND('',#2064,.F.);
#2066=ADVANCED_FACE('',(#2065),#2057,.F.);
#2067=CARTESIAN_POINT('',(0.E0,4.3E0,-1.5275E1));
#2068=DIRECTION('',(0.E0,-6.660157693089E-1,-7.459376616259E-1));
#2069=DIRECTION('',(-1.E0,0.E0,0.E0));
#2070=AXIS2_PLACEMENT_3D('',#2067,#2068,#2069);
#2071=PLANE('',#2070);
#2072=ORIENTED_EDGE('',*,*,#1937,.F.);
#2073=ORIENTED_EDGE('',*,*,#2034,.F.);
#2075=ORIENTED_EDGE('',*,*,#2074,.T.);
#2076=ORIENTED_EDGE('',*,*,#2059,.T.);
#2077=EDGE_LOOP('',(#2072,#2073,#2075,#2076));
#2078=FACE_OUTER_BOUND('',#2077,.F.);
#2079=ADVANCED_FACE('',(#2078),#2071,.F.);
#2080=CARTESIAN_POINT('',(-7.5E0,3.6E0,0.E0));
#2081=DIRECTION('',(0.E0,1.E0,0.E0));
#2082=DIRECTION('',(-1.E0,0.E0,0.E0));
#2083=AXIS2_PLACEMENT_3D('',#2080,#2081,#2082);
#2084=PLANE('',#2083);
#2085=ORIENTED_EDGE('',*,*,#2032,.F.);
#2086=ORIENTED_EDGE('',*,*,#2047,.F.);
#2087=ORIENTED_EDGE('',*,*,#2061,.F.);
#2088=ORIENTED_EDGE('',*,*,#2074,.F.);
#2089=EDGE_LOOP('',(#2085,#2086,#2087,#2088));
#2090=FACE_OUTER_BOUND('',#2089,.F.);
#2091=ADVANCED_FACE('',(#2090),#2084,.T.);
#2092=CARTESIAN_POINT('',(-3.5E0,4.3E0,-1.265E1));
#2093=DIRECTION('',(9.899494936612E-1,-1.414213562373E-1,0.E0));
#2094=DIRECTION('',(0.E0,0.E0,-1.E0));
#2095=AXIS2_PLACEMENT_3D('',#2092,#2093,#2094);
#2096=PLANE('',#2095);
#2097=ORIENTED_EDGE('',*,*,#1945,.F.);
#2099=ORIENTED_EDGE('',*,*,#2098,.F.);
#2101=ORIENTED_EDGE('',*,*,#2100,.T.);
#2103=ORIENTED_EDGE('',*,*,#2102,.T.);
#2104=EDGE_LOOP('',(#2097,#2099,#2101,#2103));
#2105=FACE_OUTER_BOUND('',#2104,.F.);
#2106=ADVANCED_FACE('',(#2105),#2096,.F.);
#2107=CARTESIAN_POINT('',(-5.E0,4.3E0,-1.0025E1));
#2108=DIRECTION('',(0.E0,-6.660157693089E-1,7.459376616259E-1));
#2109=DIRECTION('',(1.E0,0.E0,0.E0));
#2110=AXIS2_PLACEMENT_3D('',#2107,#2108,#2109);
#2111=PLANE('',#2110);
#2112=ORIENTED_EDGE('',*,*,#1951,.F.);
#2114=ORIENTED_EDGE('',*,*,#2113,.F.);
#2116=ORIENTED_EDGE('',*,*,#2115,.T.);
#2117=ORIENTED_EDGE('',*,*,#2098,.T.);
#2118=EDGE_LOOP('',(#2112,#2114,#2116,#2117));
#2119=FACE_OUTER_BOUND('',#2118,.F.);
#2120=ADVANCED_FACE('',(#2119),#2111,.F.);
#2121=CARTESIAN_POINT('',(-6.5E0,4.3E0,-1.265E1));
#2122=DIRECTION('',(-9.899494936612E-1,-1.414213562373E-1,0.E0));
#2123=DIRECTION('',(0.E0,0.E0,1.E0));
#2124=AXIS2_PLACEMENT_3D('',#2121,#2122,#2123);
#2125=PLANE('',#2124);
#2126=ORIENTED_EDGE('',*,*,#1949,.F.);
#2128=ORIENTED_EDGE('',*,*,#2127,.F.);
#2130=ORIENTED_EDGE('',*,*,#2129,.T.);
#2131=ORIENTED_EDGE('',*,*,#2113,.T.);
#2132=EDGE_LOOP('',(#2126,#2128,#2130,#2131));
#2133=FACE_OUTER_BOUND('',#2132,.F.);
#2134=ADVANCED_FACE('',(#2133),#2125,.F.);
#2135=CARTESIAN_POINT('',(-5.E0,4.3E0,-1.5275E1));
#2136=DIRECTION('',(0.E0,-6.660157693089E-1,-7.459376616259E-1));
#2137=DIRECTION('',(-1.E0,0.E0,0.E0));
#2138=AXIS2_PLACEMENT_3D('',#2135,#2136,#2137);
#2139=PLANE('',#2138);
#2140=ORIENTED_EDGE('',*,*,#1947,.F.);
#2141=ORIENTED_EDGE('',*,*,#2102,.F.);
#2143=ORIENTED_EDGE('',*,*,#2142,.T.);
#2144=ORIENTED_EDGE('',*,*,#2127,.T.);
#2145=EDGE_LOOP('',(#2140,#2141,#2143,#2144));
#2146=FACE_OUTER_BOUND('',#2145,.F.);
#2147=ADVANCED_FACE('',(#2146),#2139,.F.);
#2148=CARTESIAN_POINT('',(-7.5E0,3.6E0,0.E0));
#2149=DIRECTION('',(0.E0,1.E0,0.E0));
#2150=DIRECTION('',(-1.E0,0.E0,0.E0));
#2151=AXIS2_PLACEMENT_3D('',#2148,#2149,#2150);
#2152=PLANE('',#2151);
#2153=ORIENTED_EDGE('',*,*,#2100,.F.);
#2154=ORIENTED_EDGE('',*,*,#2115,.F.);
#2155=ORIENTED_EDGE('',*,*,#2129,.F.);
#2156=ORIENTED_EDGE('',*,*,#2142,.F.);
#2157=EDGE_LOOP('',(#2153,#2154,#2155,#2156));
#2158=FACE_OUTER_BOUND('',#2157,.F.);
#2159=ADVANCED_FACE('',(#2158),#2152,.T.);
#2160=CARTESIAN_POINT('',(-8.E0,5.E0,-7.5E0));
#2161=DIRECTION('',(-1.E0,0.E0,0.E0));
#2162=DIRECTION('',(0.E0,-1.E0,0.E0));
#2163=AXIS2_PLACEMENT_3D('',#2160,#2161,#2162);
#2164=PLANE('',#2163);
#2165=ORIENTED_EDGE('',*,*,#1853,.T.);
#2167=ORIENTED_EDGE('',*,*,#2166,.T.);
#2169=ORIENTED_EDGE('',*,*,#2168,.F.);
#2170=ORIENTED_EDGE('',*,*,#1917,.F.);
#2171=EDGE_LOOP('',(#2165,#2167,#2169,#2170));
#2172=FACE_OUTER_BOUND('',#2171,.F.);
#2173=ADVANCED_FACE('',(#2172),#2164,.T.);
#2174=CARTESIAN_POINT('',(-8.E0,4.1E0,-7.5E0));
#2175=DIRECTION('',(3.713906763541E-1,-9.284766908853E-1,0.E0));
#2176=DIRECTION('',(9.284766908853E-1,3.713906763541E-1,0.E0));
#2177=AXIS2_PLACEMENT_3D('',#2174,#2175,#2176);
#2178=PLANE('',#2177);
#2179=ORIENTED_EDGE('',*,*,#1834,.F.);
#2181=ORIENTED_EDGE('',*,*,#2180,.F.);
#2182=ORIENTED_EDGE('',*,*,#2166,.F.);
#2183=ORIENTED_EDGE('',*,*,#1851,.T.);
#2184=EDGE_LOOP('',(#2179,#2181,#2182,#2183));
#2185=FACE_OUTER_BOUND('',#2184,.F.);
#2186=ADVANCED_FACE('',(#2185),#2178,.T.);
#2187=CARTESIAN_POINT('',(-7.5E0,-5.E0,-1.9E1));
#2188=DIRECTION('',(0.E0,0.E0,-1.E0));
#2189=DIRECTION('',(0.E0,1.E0,0.E0));
#2190=AXIS2_PLACEMENT_3D('',#2187,#2188,#2189);
#2191=PLANE('',#2190);
#2192=ORIENTED_EDGE('',*,*,#1919,.T.);
#2193=ORIENTED_EDGE('',*,*,#2168,.T.);
#2194=ORIENTED_EDGE('',*,*,#2180,.T.);
#2195=ORIENTED_EDGE('',*,*,#1832,.F.);
#2197=ORIENTED_EDGE('',*,*,#2196,.T.);
#2199=ORIENTED_EDGE('',*,*,#2198,.T.);
#2201=ORIENTED_EDGE('',*,*,#2200,.T.);
#2203=ORIENTED_EDGE('',*,*,#2202,.T.);
#2205=ORIENTED_EDGE('',*,*,#2204,.F.);
#2207=ORIENTED_EDGE('',*,*,#2206,.T.);
#2209=ORIENTED_EDGE('',*,*,#2208,.F.);
#2211=ORIENTED_EDGE('',*,*,#2210,.F.);
#2212=EDGE_LOOP('',(#2192,#2193,#2194,#2195,#2197,#2199,#2201,#2203,#2205,#2207,
#2209,#2211));
#2213=FACE_OUTER_BOUND('',#2212,.F.);
#2215=ORIENTED_EDGE('',*,*,#2214,.T.);
#2217=ORIENTED_EDGE('',*,*,#2216,.T.);
#2219=ORIENTED_EDGE('',*,*,#2218,.F.);
#2221=ORIENTED_EDGE('',*,*,#2220,.F.);
#2222=EDGE_LOOP('',(#2215,#2217,#2219,#2221));
#2223=FACE_BOUND('',#2222,.F.);
#2225=ORIENTED_EDGE('',*,*,#2224,.T.);
#2227=ORIENTED_EDGE('',*,*,#2226,.T.);
#2229=ORIENTED_EDGE('',*,*,#2228,.F.);
#2231=ORIENTED_EDGE('',*,*,#2230,.F.);
#2232=EDGE_LOOP('',(#2225,#2227,#2229,#2231));
#2233=FACE_BOUND('',#2232,.F.);
#2234=ADVANCED_FACE('',(#2213,#2223,#2233),#2191,.T.);
#2235=CARTESIAN_POINT('',(-7.5E0,-4.3E0,-7.5E0));
#2236=DIRECTION('',(3.713906763541E-1,9.284766908853E-1,0.E0));
#2237=DIRECTION('',(-9.284766908853E-1,3.713906763541E-1,0.E0));
#2238=AXIS2_PLACEMENT_3D('',#2235,#2236,#2237);
#2239=PLANE('',#2238);
#2240=ORIENTED_EDGE('',*,*,#1830,.T.);
#2241=ORIENTED_EDGE('',*,*,#1867,.T.);
#2243=ORIENTED_EDGE('',*,*,#2242,.T.);
#2244=ORIENTED_EDGE('',*,*,#2196,.F.);
#2245=EDGE_LOOP('',(#2240,#2241,#2243,#2244));
#2246=FACE_OUTER_BOUND('',#2245,.F.);
#2247=ADVANCED_FACE('',(#2246),#2239,.T.);
#2248=CARTESIAN_POINT('',(-8.E0,-4.1E0,-7.5E0));
#2249=DIRECTION('',(-1.E0,0.E0,0.E0));
#2250=DIRECTION('',(0.E0,-1.E0,0.E0));
#2251=AXIS2_PLACEMENT_3D('',#2248,#2249,#2250);
#2252=PLANE('',#2251);
#2253=ORIENTED_EDGE('',*,*,#1865,.T.);
#2255=ORIENTED_EDGE('',*,*,#2254,.T.);
#2256=ORIENTED_EDGE('',*,*,#2198,.F.);
#2257=ORIENTED_EDGE('',*,*,#2242,.F.);
#2258=EDGE_LOOP('',(#2253,#2255,#2256,#2257));
#2259=FACE_OUTER_BOUND('',#2258,.F.);
#2260=ADVANCED_FACE('',(#2259),#2252,.T.);
#2261=CARTESIAN_POINT('',(-7.5E0,-5.E0,-7.5E0));
#2262=DIRECTION('',(0.E0,-1.E0,0.E0));
#2263=DIRECTION('',(0.E0,0.E0,-1.E0));
#2264=AXIS2_PLACEMENT_3D('',#2261,#2262,#2263);
#2265=PLANE('',#2264);
#2266=ORIENTED_EDGE('',*,*,#2200,.F.);
#2267=ORIENTED_EDGE('',*,*,#2254,.F.);
#2268=ORIENTED_EDGE('',*,*,#1863,.T.);
#2270=ORIENTED_EDGE('',*,*,#2269,.T.);
#2271=EDGE_LOOP('',(#2266,#2267,#2268,#2270));
#2272=FACE_OUTER_BOUND('',#2271,.F.);
#2273=ADVANCED_FACE('',(#2272),#2265,.T.);
#2274=CARTESIAN_POINT('',(7.E0,-4.1E0,-7.5E0));
#2275=DIRECTION('',(-1.E0,0.E0,0.E0));
#2276=DIRECTION('',(0.E0,-1.E0,0.E0));
#2277=AXIS2_PLACEMENT_3D('',#2274,#2275,#2276);
#2278=PLANE('',#2277);
#2279=ORIENTED_EDGE('',*,*,#1876,.T.);
#2281=ORIENTED_EDGE('',*,*,#2280,.T.);
#2282=ORIENTED_EDGE('',*,*,#2202,.F.);
#2283=ORIENTED_EDGE('',*,*,#2269,.F.);
#2284=EDGE_LOOP('',(#2279,#2281,#2282,#2283));
#2285=FACE_OUTER_BOUND('',#2284,.F.);
#2286=ADVANCED_FACE('',(#2285),#2278,.F.);
#2287=CARTESIAN_POINT('',(7.5E0,-4.3E0,-7.5E0));
#2288=DIRECTION('',(3.713906763541E-1,9.284766908853E-1,0.E0));
#2289=DIRECTION('',(-9.284766908853E-1,3.713906763541E-1,0.E0));
#2290=AXIS2_PLACEMENT_3D('',#2287,#2288,#2289);
#2291=PLANE('',#2290);
#2293=ORIENTED_EDGE('',*,*,#2292,.F.);
#2294=ORIENTED_EDGE('',*,*,#2204,.T.);
#2295=ORIENTED_EDGE('',*,*,#2280,.F.);
#2296=ORIENTED_EDGE('',*,*,#1874,.F.);
#2297=EDGE_LOOP('',(#2293,#2294,#2295,#2296));
#2298=FACE_OUTER_BOUND('',#2297,.F.);
#2299=ADVANCED_FACE('',(#2298),#2291,.F.);
#2300=CARTESIAN_POINT('',(7.5E0,0.E0,0.E0));
#2301=DIRECTION('',(1.E0,0.E0,0.E0));
#2302=DIRECTION('',(0.E0,0.E0,-1.E0));
#2303=AXIS2_PLACEMENT_3D('',#2300,#2301,#2302);
#2304=PLANE('',#2303);
#2306=ORIENTED_EDGE('',*,*,#2305,.F.);
#2308=ORIENTED_EDGE('',*,*,#2307,.F.);
#2309=ORIENTED_EDGE('',*,*,#2206,.F.);
#2310=ORIENTED_EDGE('',*,*,#2292,.T.);
#2311=ORIENTED_EDGE('',*,*,#1872,.F.);
#2313=ORIENTED_EDGE('',*,*,#2312,.F.);
#2315=ORIENTED_EDGE('',*,*,#2314,.F.);
#2317=ORIENTED_EDGE('',*,*,#2316,.F.);
#2319=ORIENTED_EDGE('',*,*,#2318,.F.);
#2320=EDGE_LOOP('',(#2306,#2308,#2309,#2310,#2311,#2313,#2315,#2317,#2319));
#2321=FACE_OUTER_BOUND('',#2320,.F.);
#2322=ADVANCED_FACE('',(#2321),#2304,.T.);
#2323=CARTESIAN_POINT('',(-7.5E0,0.E0,-7.5E0));
#2324=DIRECTION('',(0.E0,0.E0,1.E0));
#2325=DIRECTION('',(1.E0,0.E0,0.E0));
#2326=AXIS2_PLACEMENT_3D('',#2323,#2324,#2325);
#2327=PLANE('',#2326);
#2329=ORIENTED_EDGE('',*,*,#2328,.T.);
#2331=ORIENTED_EDGE('',*,*,#2330,.T.);
#2333=ORIENTED_EDGE('',*,*,#2332,.T.);
#2334=ORIENTED_EDGE('',*,*,#2305,.T.);
#2335=EDGE_LOOP('',(#2329,#2331,#2333,#2334));
#2336=FACE_OUTER_BOUND('',#2335,.F.);
#2337=ADVANCED_FACE('',(#2336),#2327,.F.);
#2338=CARTESIAN_POINT('',(-7.5E0,4.6E0,-7.5E0));
#2339=DIRECTION('',(0.E0,9.928768384869E-1,1.191452206184E-1));
#2340=DIRECTION('',(0.E0,-1.191452206184E-1,9.928768384869E-1));
#2341=AXIS2_PLACEMENT_3D('',#2338,#2339,#2340);
#2342=PLANE('',#2341);
#2343=ORIENTED_EDGE('',*,*,#1820,.F.);
#2344=ORIENTED_EDGE('',*,*,#1848,.T.);
#2345=ORIENTED_EDGE('',*,*,#2328,.F.);
#2346=ORIENTED_EDGE('',*,*,#2318,.T.);
#2348=ORIENTED_EDGE('',*,*,#2347,.F.);
#2349=EDGE_LOOP('',(#2343,#2344,#2345,#2346,#2348));
#2350=FACE_OUTER_BOUND('',#2349,.F.);
#2351=ADVANCED_FACE('',(#2350),#2342,.T.);
#2352=CARTESIAN_POINT('',(-7.5E0,3.7E0,0.E0));
#2353=DIRECTION('',(0.E0,0.E0,1.E0));
#2354=DIRECTION('',(0.E0,-1.E0,0.E0));
#2355=AXIS2_PLACEMENT_3D('',#2352,#2353,#2354);
#2356=PLANE('',#2355);
#2357=ORIENTED_EDGE('',*,*,#1822,.F.);
#2358=ORIENTED_EDGE('',*,*,#2347,.T.);
#2359=ORIENTED_EDGE('',*,*,#2316,.T.);
#2361=ORIENTED_EDGE('',*,*,#2360,.F.);
#2362=EDGE_LOOP('',(#2357,#2358,#2359,#2361));
#2363=FACE_OUTER_BOUND('',#2362,.F.);
#2365=ORIENTED_EDGE('',*,*,#2364,.T.);
#2367=ORIENTED_EDGE('',*,*,#2366,.T.);
#2368=EDGE_LOOP('',(#2365,#2367));
#2369=FACE_BOUND('',#2368,.F.);
#2371=ORIENTED_EDGE('',*,*,#2370,.T.);
#2373=ORIENTED_EDGE('',*,*,#2372,.T.);
#2374=EDGE_LOOP('',(#2371,#2373));
#2375=FACE_BOUND('',#2374,.F.);
#2377=ORIENTED_EDGE('',*,*,#2376,.T.);
#2379=ORIENTED_EDGE('',*,*,#2378,.T.);
#2380=EDGE_LOOP('',(#2377,#2379));
#2381=FACE_BOUND('',#2380,.F.);
#2382=ADVANCED_FACE('',(#2363,#2369,#2375,#2381),#2356,.T.);
#2383=CARTESIAN_POINT('',(-7.5E0,-1.8E0,0.E0));
#2384=DIRECTION('',(0.E0,-9.958932064677E-1,9.053574604252E-2));
#2385=DIRECTION('',(0.E0,-9.053574604252E-2,-9.958932064677E-1));
#2386=AXIS2_PLACEMENT_3D('',#2383,#2384,#2385);
#2387=PLANE('',#2386);
#2388=ORIENTED_EDGE('',*,*,#1824,.F.);
#2389=ORIENTED_EDGE('',*,*,#2360,.T.);
#2390=ORIENTED_EDGE('',*,*,#2314,.T.);
#2392=ORIENTED_EDGE('',*,*,#2391,.F.);
#2393=EDGE_LOOP('',(#2388,#2389,#2390,#2392));
#2394=FACE_OUTER_BOUND('',#2393,.F.);
#2395=ADVANCED_FACE('',(#2394),#2387,.T.);
#2396=CARTESIAN_POINT('',(-7.5E0,-2.1E0,-3.3E0));
#2397=DIRECTION('',(0.E0,-1.E0,0.E0));
#2398=DIRECTION('',(0.E0,0.E0,-1.E0));
#2399=AXIS2_PLACEMENT_3D('',#2396,#2397,#2398);
#2400=PLANE('',#2399);
#2401=ORIENTED_EDGE('',*,*,#1826,.F.);
#2402=ORIENTED_EDGE('',*,*,#2391,.T.);
#2403=ORIENTED_EDGE('',*,*,#2312,.T.);
#2404=ORIENTED_EDGE('',*,*,#1870,.F.);
#2405=EDGE_LOOP('',(#2401,#2402,#2403,#2404));
#2406=FACE_OUTER_BOUND('',#2405,.F.);
#2407=ADVANCED_FACE('',(#2406),#2400,.T.);
#2408=CARTESIAN_POINT('',(5.E0,9.5E-1,0.E0));
#2409=DIRECTION('',(0.E0,0.E0,1.E0));
#2410=DIRECTION('',(1.E0,0.E0,0.E0));
#2411=AXIS2_PLACEMENT_3D('',#2408,#2409,#2410);
#2412=CYLINDRICAL_SURFACE('',#2411,1.95E0);
#2414=ORIENTED_EDGE('',*,*,#2413,.T.);
#2416=ORIENTED_EDGE('',*,*,#2415,.T.);
#2418=ORIENTED_EDGE('',*,*,#2417,.T.);
#2420=ORIENTED_EDGE('',*,*,#2419,.F.);
#2422=ORIENTED_EDGE('',*,*,#2421,.T.);
#2424=ORIENTED_EDGE('',*,*,#2423,.F.);
#2425=ORIENTED_EDGE('',*,*,#2364,.F.);
#2427=ORIENTED_EDGE('',*,*,#2426,.T.);
#2428=EDGE_LOOP('',(#2414,#2416,#2418,#2420,#2422,#2424,#2425,#2427));
#2429=FACE_OUTER_BOUND('',#2428,.F.);
#2430=ADVANCED_FACE('',(#2429),#2412,.F.);
#2431=CARTESIAN_POINT('',(-7.5E0,0.E0,-1.2E0));
#2432=DIRECTION('',(0.E0,0.E0,1.E0));
#2433=DIRECTION('',(1.E0,0.E0,0.E0));
#2434=AXIS2_PLACEMENT_3D('',#2431,#2432,#2433);
#2435=PLANE('',#2434);
#2436=ORIENTED_EDGE('',*,*,#2413,.F.);
#2438=ORIENTED_EDGE('',*,*,#2437,.F.);
#2440=ORIENTED_EDGE('',*,*,#2439,.T.);
#2441=EDGE_LOOP('',(#2436,#2438,#2440));
#2442=FACE_OUTER_BOUND('',#2441,.F.);
#2443=ADVANCED_FACE('',(#2442),#2435,.T.);
#2444=CARTESIAN_POINT('',(-7.5E0,0.E0,-1.2E0));
#2445=DIRECTION('',(0.E0,0.E0,1.E0));
#2446=DIRECTION('',(1.E0,0.E0,0.E0));
#2447=AXIS2_PLACEMENT_3D('',#2444,#2445,#2446);
#2448=PLANE('',#2447);
#2449=ORIENTED_EDGE('',*,*,#2421,.F.);
#2451=ORIENTED_EDGE('',*,*,#2450,.T.);
#2453=ORIENTED_EDGE('',*,*,#2452,.F.);
#2454=EDGE_LOOP('',(#2449,#2451,#2453));
#2455=FACE_OUTER_BOUND('',#2454,.F.);
#2456=ADVANCED_FACE('',(#2455),#2448,.T.);
#2457=CARTESIAN_POINT('',(5.E0,9.5E-1,0.E0));
#2458=DIRECTION('',(0.E0,0.E0,1.E0));
#2459=DIRECTION('',(1.E0,0.E0,0.E0));
#2460=AXIS2_PLACEMENT_3D('',#2457,#2458,#2459);
#2461=CYLINDRICAL_SURFACE('',#2460,1.95E0);
#2462=ORIENTED_EDGE('',*,*,#2452,.T.);
#2464=ORIENTED_EDGE('',*,*,#2463,.T.);
#2466=ORIENTED_EDGE('',*,*,#2465,.T.);
#2468=ORIENTED_EDGE('',*,*,#2467,.F.);
#2469=ORIENTED_EDGE('',*,*,#2437,.T.);
#2470=ORIENTED_EDGE('',*,*,#2426,.F.);
#2471=ORIENTED_EDGE('',*,*,#2366,.F.);
#2472=ORIENTED_EDGE('',*,*,#2423,.T.);
#2473=EDGE_LOOP('',(#2462,#2464,#2466,#2468,#2469,#2470,#2471,#2472));
#2474=FACE_OUTER_BOUND('',#2473,.F.);
#2475=ADVANCED_FACE('',(#2474),#2461,.F.);
#2476=CARTESIAN_POINT('',(6.066694245152E0,2.582379670101E0,-1.2E0));
#2477=DIRECTION('',(-7.071067811865E-1,7.071067811865E-1,0.E0));
#2478=DIRECTION('',(-7.071067811865E-1,-7.071067811865E-1,0.E0));
#2479=AXIS2_PLACEMENT_3D('',#2476,#2477,#2478);
#2480=PLANE('',#2479);
#2481=ORIENTED_EDGE('',*,*,#2450,.F.);
#2482=ORIENTED_EDGE('',*,*,#2419,.T.);
#2484=ORIENTED_EDGE('',*,*,#2483,.T.);
#2485=ORIENTED_EDGE('',*,*,#2463,.F.);
#2486=EDGE_LOOP('',(#2481,#2482,#2484,#2485));
#2487=FACE_OUTER_BOUND('',#2486,.F.);
#2488=ADVANCED_FACE('',(#2487),#2480,.F.);
#2489=CARTESIAN_POINT('',(-7.5E0,0.E0,-2.E0));
#2490=DIRECTION('',(0.E0,0.E0,1.E0));
#2491=DIRECTION('',(1.E0,0.E0,0.E0));
#2492=AXIS2_PLACEMENT_3D('',#2489,#2490,#2491);
#2493=PLANE('',#2492);
#2494=ORIENTED_EDGE('',*,*,#2417,.F.);
#2496=ORIENTED_EDGE('',*,*,#2495,.F.);
#2497=ORIENTED_EDGE('',*,*,#2465,.F.);
#2498=ORIENTED_EDGE('',*,*,#2483,.F.);
#2499=EDGE_LOOP('',(#2494,#2496,#2497,#2498));
#2500=FACE_OUTER_BOUND('',#2499,.F.);
#2501=ADVANCED_FACE('',(#2500),#2493,.T.);
#2502=CARTESIAN_POINT('',(3.933305754848E0,-6.823796701012E-1,-1.2E0));
#2503=DIRECTION('',(7.071067811865E-1,-7.071067811865E-1,0.E0));
#2504=DIRECTION('',(7.071067811865E-1,7.071067811865E-1,0.E0));
#2505=AXIS2_PLACEMENT_3D('',#2502,#2503,#2504);
#2506=PLANE('',#2505);
#2507=ORIENTED_EDGE('',*,*,#2439,.F.);
#2508=ORIENTED_EDGE('',*,*,#2467,.T.);
#2509=ORIENTED_EDGE('',*,*,#2495,.T.);
#2510=ORIENTED_EDGE('',*,*,#2415,.F.);
#2511=EDGE_LOOP('',(#2507,#2508,#2509,#2510));
#2512=FACE_OUTER_BOUND('',#2511,.F.);
#2513=ADVANCED_FACE('',(#2512),#2506,.F.);
#2514=CARTESIAN_POINT('',(0.E0,9.5E-1,0.E0));
#2515=DIRECTION('',(0.E0,0.E0,1.E0));
#2516=DIRECTION('',(1.E0,0.E0,0.E0));
#2517=AXIS2_PLACEMENT_3D('',#2514,#2515,#2516);
#2518=CYLINDRICAL_SURFACE('',#2517,1.95E0);
#2519=ORIENTED_EDGE('',*,*,#2370,.F.);
#2521=ORIENTED_EDGE('',*,*,#2520,.T.);
#2523=ORIENTED_EDGE('',*,*,#2522,.T.);
#2525=ORIENTED_EDGE('',*,*,#2524,.F.);
#2526=EDGE_LOOP('',(#2519,#2521,#2523,#2525));
#2527=FACE_OUTER_BOUND('',#2526,.F.);
#2528=ADVANCED_FACE('',(#2527),#2518,.F.);
#2529=CARTESIAN_POINT('',(0.E0,9.5E-1,0.E0));
#2530=DIRECTION('',(0.E0,0.E0,1.E0));
#2531=DIRECTION('',(1.E0,0.E0,0.E0));
#2532=AXIS2_PLACEMENT_3D('',#2529,#2530,#2531);
#2533=CYLINDRICAL_SURFACE('',#2532,1.95E0);
#2534=ORIENTED_EDGE('',*,*,#2372,.F.);
#2535=ORIENTED_EDGE('',*,*,#2524,.T.);
#2537=ORIENTED_EDGE('',*,*,#2536,.T.);
#2538=ORIENTED_EDGE('',*,*,#2520,.F.);
#2539=EDGE_LOOP('',(#2534,#2535,#2537,#2538));
#2540=FACE_OUTER_BOUND('',#2539,.F.);
#2541=ADVANCED_FACE('',(#2540),#2533,.F.);
#2542=CARTESIAN_POINT('',(-1.25E1,0.E0,-1.2E0));
#2543=DIRECTION('',(0.E0,0.E0,1.E0));
#2544=DIRECTION('',(1.E0,0.E0,0.E0));
#2545=AXIS2_PLACEMENT_3D('',#2542,#2543,#2544);
#2546=PLANE('',#2545);
#2547=ORIENTED_EDGE('',*,*,#2522,.F.);
#2548=ORIENTED_EDGE('',*,*,#2536,.F.);
#2549=EDGE_LOOP('',(#2547,#2548));
#2550=FACE_OUTER_BOUND('',#2549,.F.);
#2551=ADVANCED_FACE('',(#2550),#2546,.T.);
#2552=CARTESIAN_POINT('',(-5.E0,9.5E-1,0.E0));
#2553=DIRECTION('',(0.E0,0.E0,1.E0));
#2554=DIRECTION('',(1.E0,0.E0,0.E0));
#2555=AXIS2_PLACEMENT_3D('',#2552,#2553,#2554);
#2556=CYLINDRICAL_SURFACE('',#2555,1.95E0);
#2558=ORIENTED_EDGE('',*,*,#2557,.T.);
#2560=ORIENTED_EDGE('',*,*,#2559,.T.);
#2562=ORIENTED_EDGE('',*,*,#2561,.T.);
#2564=ORIENTED_EDGE('',*,*,#2563,.F.);
#2566=ORIENTED_EDGE('',*,*,#2565,.T.);
#2568=ORIENTED_EDGE('',*,*,#2567,.F.);
#2569=ORIENTED_EDGE('',*,*,#2376,.F.);
#2571=ORIENTED_EDGE('',*,*,#2570,.T.);
#2572=EDGE_LOOP('',(#2558,#2560,#2562,#2564,#2566,#2568,#2569,#2571));
#2573=FACE_OUTER_BOUND('',#2572,.F.);
#2574=ADVANCED_FACE('',(#2573),#2556,.F.);
#2575=CARTESIAN_POINT('',(-1.75E1,0.E0,-1.2E0));
#2576=DIRECTION('',(0.E0,0.E0,1.E0));
#2577=DIRECTION('',(1.E0,0.E0,0.E0));
#2578=AXIS2_PLACEMENT_3D('',#2575,#2576,#2577);
#2579=PLANE('',#2578);
#2581=ORIENTED_EDGE('',*,*,#2580,.T.);
#2583=ORIENTED_EDGE('',*,*,#2582,.F.);
#2584=ORIENTED_EDGE('',*,*,#2565,.F.);
#2585=EDGE_LOOP('',(#2581,#2583,#2584));
#2586=FACE_OUTER_BOUND('',#2585,.F.);
#2587=ADVANCED_FACE('',(#2586),#2579,.T.);
#2588=CARTESIAN_POINT('',(-1.75E1,0.E0,-1.2E0));
#2589=DIRECTION('',(0.E0,0.E0,1.E0));
#2590=DIRECTION('',(1.E0,0.E0,0.E0));
#2591=AXIS2_PLACEMENT_3D('',#2588,#2589,#2590);
#2592=PLANE('',#2591);
#2594=ORIENTED_EDGE('',*,*,#2593,.T.);
#2595=ORIENTED_EDGE('',*,*,#2557,.F.);
#2597=ORIENTED_EDGE('',*,*,#2596,.F.);
#2598=EDGE_LOOP('',(#2594,#2595,#2597));
#2599=FACE_OUTER_BOUND('',#2598,.F.);
#2600=ADVANCED_FACE('',(#2599),#2592,.T.);
#2601=CARTESIAN_POINT('',(-3.933305754848E0,2.582379670101E0,-1.2E0));
#2602=DIRECTION('',(-7.071067811865E-1,7.071067811865E-1,0.E0));
#2603=DIRECTION('',(-7.071067811865E-1,-7.071067811865E-1,0.E0));
#2604=AXIS2_PLACEMENT_3D('',#2601,#2602,#2603);
#2605=PLANE('',#2604);
#2606=ORIENTED_EDGE('',*,*,#2580,.F.);
#2607=ORIENTED_EDGE('',*,*,#2563,.T.);
#2609=ORIENTED_EDGE('',*,*,#2608,.T.);
#2611=ORIENTED_EDGE('',*,*,#2610,.F.);
#2612=EDGE_LOOP('',(#2606,#2607,#2609,#2611));
#2613=FACE_OUTER_BOUND('',#2612,.F.);
#2614=ADVANCED_FACE('',(#2613),#2605,.F.);
#2615=CARTESIAN_POINT('',(-1.75E1,0.E0,-2.E0));
#2616=DIRECTION('',(0.E0,0.E0,1.E0));
#2617=DIRECTION('',(1.E0,0.E0,0.E0));
#2618=AXIS2_PLACEMENT_3D('',#2615,#2616,#2617);
#2619=PLANE('',#2618);
#2620=ORIENTED_EDGE('',*,*,#2561,.F.);
#2622=ORIENTED_EDGE('',*,*,#2621,.F.);
#2624=ORIENTED_EDGE('',*,*,#2623,.F.);
#2625=ORIENTED_EDGE('',*,*,#2608,.F.);
#2626=EDGE_LOOP('',(#2620,#2622,#2624,#2625));
#2627=FACE_OUTER_BOUND('',#2626,.F.);
#2628=ADVANCED_FACE('',(#2627),#2619,.T.);
#2629=CARTESIAN_POINT('',(-6.066694245152E0,-6.823796701012E-1,-1.2E0));
#2630=DIRECTION('',(7.071067811865E-1,-7.071067811865E-1,0.E0));
#2631=DIRECTION('',(7.071067811865E-1,7.071067811865E-1,0.E0));
#2632=AXIS2_PLACEMENT_3D('',#2629,#2630,#2631);
#2633=PLANE('',#2632);
#2634=ORIENTED_EDGE('',*,*,#2593,.F.);
#2636=ORIENTED_EDGE('',*,*,#2635,.T.);
#2637=ORIENTED_EDGE('',*,*,#2621,.T.);
#2638=ORIENTED_EDGE('',*,*,#2559,.F.);
#2639=EDGE_LOOP('',(#2634,#2636,#2637,#2638));
#2640=FACE_OUTER_BOUND('',#2639,.F.);
#2641=ADVANCED_FACE('',(#2640),#2633,.F.);
#2642=CARTESIAN_POINT('',(-5.E0,9.5E-1,0.E0));
#2643=DIRECTION('',(0.E0,0.E0,1.E0));
#2644=DIRECTION('',(1.E0,0.E0,0.E0));
#2645=AXIS2_PLACEMENT_3D('',#2642,#2643,#2644);
#2646=CYLINDRICAL_SURFACE('',#2645,1.95E0);
#2647=ORIENTED_EDGE('',*,*,#2582,.T.);
#2648=ORIENTED_EDGE('',*,*,#2610,.T.);
#2649=ORIENTED_EDGE('',*,*,#2623,.T.);
#2650=ORIENTED_EDGE('',*,*,#2635,.F.);
#2651=ORIENTED_EDGE('',*,*,#2596,.T.);
#2652=ORIENTED_EDGE('',*,*,#2570,.F.);
#2653=ORIENTED_EDGE('',*,*,#2378,.F.);
#2654=ORIENTED_EDGE('',*,*,#2567,.T.);
#2655=EDGE_LOOP('',(#2647,#2648,#2649,#2650,#2651,#2652,#2653,#2654));
#2656=FACE_OUTER_BOUND('',#2655,.F.);
#2657=ADVANCED_FACE('',(#2656),#2646,.F.);
#2658=CARTESIAN_POINT('',(7.E0,5.E0,-7.5E0));
#2659=DIRECTION('',(-1.E0,0.E0,0.E0));
#2660=DIRECTION('',(0.E0,-1.E0,0.E0));
#2661=AXIS2_PLACEMENT_3D('',#2658,#2659,#2660);
#2662=PLANE('',#2661);
#2663=ORIENTED_EDGE('',*,*,#2210,.T.);
#2665=ORIENTED_EDGE('',*,*,#2664,.F.);
#2666=ORIENTED_EDGE('',*,*,#2330,.F.);
#2667=ORIENTED_EDGE('',*,*,#1846,.F.);
#2668=ORIENTED_EDGE('',*,*,#1921,.F.);
#2669=EDGE_LOOP('',(#2663,#2665,#2666,#2667,#2668));
#2670=FACE_OUTER_BOUND('',#2669,.F.);
#2671=ADVANCED_FACE('',(#2670),#2662,.F.);
#2672=CARTESIAN_POINT('',(7.E0,4.1E0,-7.5E0));
#2673=DIRECTION('',(3.713906763541E-1,-9.284766908853E-1,0.E0));
#2674=DIRECTION('',(9.284766908853E-1,3.713906763541E-1,0.E0));
#2675=AXIS2_PLACEMENT_3D('',#2672,#2673,#2674);
#2676=PLANE('',#2675);
#2677=ORIENTED_EDGE('',*,*,#2307,.T.);
#2678=ORIENTED_EDGE('',*,*,#2332,.F.);
#2679=ORIENTED_EDGE('',*,*,#2664,.T.);
#2680=ORIENTED_EDGE('',*,*,#2208,.T.);
#2681=EDGE_LOOP('',(#2677,#2678,#2679,#2680));
#2682=FACE_OUTER_BOUND('',#2681,.F.);
#2683=ADVANCED_FACE('',(#2682),#2676,.F.);
#2684=CARTESIAN_POINT('',(0.E0,4.E-1,0.E0));
#2685=DIRECTION('',(0.E0,-1.E0,0.E0));
#2686=DIRECTION('',(1.E0,0.E0,0.E0));
#2687=AXIS2_PLACEMENT_3D('',#2684,#2685,#2686);
#2688=PLANE('',#2687);
#2690=ORIENTED_EDGE('',*,*,#2689,.F.);
#2692=ORIENTED_EDGE('',*,*,#2691,.T.);
#2693=ORIENTED_EDGE('',*,*,#2214,.F.);
#2695=ORIENTED_EDGE('',*,*,#2694,.T.);
#2696=EDGE_LOOP('',(#2690,#2692,#2693,#2695));
#2697=FACE_OUTER_BOUND('',#2696,.F.);
#2698=ADVANCED_FACE('',(#2697),#2688,.F.);
#2699=CARTESIAN_POINT('',(5.E0,2.75E-1,-2.235E1));
#2700=DIRECTION('',(0.E0,7.682212795974E-1,-6.401843996645E-1));
#2701=DIRECTION('',(-1.E0,0.E0,0.E0));
#2702=AXIS2_PLACEMENT_3D('',#2699,#2700,#2701);
#2703=PLANE('',#2702);
#2704=ORIENTED_EDGE('',*,*,#2689,.T.);
#2706=ORIENTED_EDGE('',*,*,#2705,.F.);
#2708=ORIENTED_EDGE('',*,*,#2707,.F.);
#2710=ORIENTED_EDGE('',*,*,#2709,.T.);
#2711=EDGE_LOOP('',(#2704,#2706,#2708,#2710));
#2712=FACE_OUTER_BOUND('',#2711,.F.);
#2713=ADVANCED_FACE('',(#2712),#2703,.T.);
#2714=CARTESIAN_POINT('',(4.625E0,0.E0,-2.235E1));
#2715=DIRECTION('',(-7.682212795974E-1,0.E0,-6.401843996645E-1));
#2716=DIRECTION('',(0.E0,-1.E0,0.E0));
#2717=AXIS2_PLACEMENT_3D('',#2714,#2715,#2716);
#2718=PLANE('',#2717);
#2720=ORIENTED_EDGE('',*,*,#2719,.F.);
#2722=ORIENTED_EDGE('',*,*,#2721,.F.);
#2724=ORIENTED_EDGE('',*,*,#2723,.T.);
#2725=ORIENTED_EDGE('',*,*,#2705,.T.);
#2726=EDGE_LOOP('',(#2720,#2722,#2724,#2725));
#2727=FACE_OUTER_BOUND('',#2726,.F.);
#2728=ADVANCED_FACE('',(#2727),#2718,.T.);
#2729=CARTESIAN_POINT('',(4.5E0,4.E-1,-1.9E1));
#2730=DIRECTION('',(-1.E0,0.E0,0.E0));
#2731=DIRECTION('',(0.E0,0.E0,-1.E0));
#2732=AXIS2_PLACEMENT_3D('',#2729,#2730,#2731);
#2733=PLANE('',#2732);
#2734=ORIENTED_EDGE('',*,*,#2719,.T.);
#2735=ORIENTED_EDGE('',*,*,#2694,.F.);
#2736=ORIENTED_EDGE('',*,*,#2220,.T.);
#2738=ORIENTED_EDGE('',*,*,#2737,.T.);
#2739=EDGE_LOOP('',(#2734,#2735,#2736,#2738));
#2740=FACE_OUTER_BOUND('',#2739,.F.);
#2741=ADVANCED_FACE('',(#2740),#2733,.T.);
#2742=CARTESIAN_POINT('',(0.E0,-4.E-1,0.E0));
#2743=DIRECTION('',(0.E0,-1.E0,0.E0));
#2744=DIRECTION('',(1.E0,0.E0,0.E0));
#2745=AXIS2_PLACEMENT_3D('',#2742,#2743,#2744);
#2746=PLANE('',#2745);
#2748=ORIENTED_EDGE('',*,*,#2747,.F.);
#2749=ORIENTED_EDGE('',*,*,#2737,.F.);
#2750=ORIENTED_EDGE('',*,*,#2218,.T.);
#2752=ORIENTED_EDGE('',*,*,#2751,.F.);
#2753=EDGE_LOOP('',(#2748,#2749,#2750,#2752));
#2754=FACE_OUTER_BOUND('',#2753,.F.);
#2755=ADVANCED_FACE('',(#2754),#2746,.T.);
#2756=CARTESIAN_POINT('',(5.E0,-2.75E-1,-2.235E1));
#2757=DIRECTION('',(0.E0,-7.682212795974E-1,-6.401843996645E-1));
#2758=DIRECTION('',(-1.E0,0.E0,0.E0));
#2759=AXIS2_PLACEMENT_3D('',#2756,#2757,#2758);
#2760=PLANE('',#2759);
#2762=ORIENTED_EDGE('',*,*,#2761,.F.);
#2763=ORIENTED_EDGE('',*,*,#2721,.T.);
#2764=ORIENTED_EDGE('',*,*,#2747,.T.);
#2766=ORIENTED_EDGE('',*,*,#2765,.T.);
#2767=EDGE_LOOP('',(#2762,#2763,#2764,#2766));
#2768=FACE_OUTER_BOUND('',#2767,.F.);
#2769=ADVANCED_FACE('',(#2768),#2760,.T.);
#2770=CARTESIAN_POINT('',(4.5E0,4.E-1,-2.25E1));
#2771=DIRECTION('',(0.E0,0.E0,-1.E0));
#2772=DIRECTION('',(1.E0,0.E0,0.E0));
#2773=AXIS2_PLACEMENT_3D('',#2770,#2771,#2772);
#2774=PLANE('',#2773);
#2776=ORIENTED_EDGE('',*,*,#2775,.T.);
#2777=ORIENTED_EDGE('',*,*,#2707,.T.);
#2778=ORIENTED_EDGE('',*,*,#2723,.F.);
#2779=ORIENTED_EDGE('',*,*,#2761,.T.);
#2780=EDGE_LOOP('',(#2776,#2777,#2778,#2779));
#2781=FACE_OUTER_BOUND('',#2780,.F.);
#2782=ADVANCED_FACE('',(#2781),#2774,.T.);
#2783=CARTESIAN_POINT('',(5.375E0,0.E0,-2.235E1));
#2784=DIRECTION('',(7.682212795974E-1,0.E0,-6.401843996645E-1));
#2785=DIRECTION('',(0.E0,-1.E0,0.E0));
#2786=AXIS2_PLACEMENT_3D('',#2783,#2784,#2785);
#2787=PLANE('',#2786);
#2789=ORIENTED_EDGE('',*,*,#2788,.T.);
#2790=ORIENTED_EDGE('',*,*,#2709,.F.);
#2791=ORIENTED_EDGE('',*,*,#2775,.F.);
#2792=ORIENTED_EDGE('',*,*,#2765,.F.);
#2793=EDGE_LOOP('',(#2789,#2790,#2791,#2792));
#2794=FACE_OUTER_BOUND('',#2793,.F.);
#2795=ADVANCED_FACE('',(#2794),#2787,.T.);
#2796=CARTESIAN_POINT('',(5.5E0,4.E-1,-2.25E1));
#2797=DIRECTION('',(1.E0,0.E0,0.E0));
#2798=DIRECTION('',(0.E0,0.E0,1.E0));
#2799=AXIS2_PLACEMENT_3D('',#2796,#2797,#2798);
#2800=PLANE('',#2799);
#2801=ORIENTED_EDGE('',*,*,#2788,.F.);
#2802=ORIENTED_EDGE('',*,*,#2751,.T.);
#2803=ORIENTED_EDGE('',*,*,#2216,.F.);
#2804=ORIENTED_EDGE('',*,*,#2691,.F.);
#2805=EDGE_LOOP('',(#2801,#2802,#2803,#2804));
#2806=FACE_OUTER_BOUND('',#2805,.F.);
#2807=ADVANCED_FACE('',(#2806),#2800,.T.);
#2808=CARTESIAN_POINT('',(-1.E1,4.E-1,0.E0));
#2809=DIRECTION('',(0.E0,-1.E0,0.E0));
#2810=DIRECTION('',(1.E0,0.E0,0.E0));
#2811=AXIS2_PLACEMENT_3D('',#2808,#2809,#2810);
#2812=PLANE('',#2811);
#2814=ORIENTED_EDGE('',*,*,#2813,.F.);
#2816=ORIENTED_EDGE('',*,*,#2815,.T.);
#2817=ORIENTED_EDGE('',*,*,#2224,.F.);
#2819=ORIENTED_EDGE('',*,*,#2818,.T.);
#2820=EDGE_LOOP('',(#2814,#2816,#2817,#2819));
#2821=FACE_OUTER_BOUND('',#2820,.F.);
#2822=ADVANCED_FACE('',(#2821),#2812,.F.);
#2823=CARTESIAN_POINT('',(-5.E0,2.75E-1,-2.235E1));
#2824=DIRECTION('',(0.E0,7.682212795974E-1,-6.401843996645E-1));
#2825=DIRECTION('',(-1.E0,0.E0,0.E0));
#2826=AXIS2_PLACEMENT_3D('',#2823,#2824,#2825);
#2827=PLANE('',#2826);
#2828=ORIENTED_EDGE('',*,*,#2813,.T.);
#2830=ORIENTED_EDGE('',*,*,#2829,.F.);
#2832=ORIENTED_EDGE('',*,*,#2831,.F.);
#2834=ORIENTED_EDGE('',*,*,#2833,.T.);
#2835=EDGE_LOOP('',(#2828,#2830,#2832,#2834));
#2836=FACE_OUTER_BOUND('',#2835,.F.);
#2837=ADVANCED_FACE('',(#2836),#2827,.T.);
#2838=CARTESIAN_POINT('',(-5.375E0,0.E0,-2.235E1));
#2839=DIRECTION('',(-7.682212795974E-1,0.E0,-6.401843996645E-1));
#2840=DIRECTION('',(0.E0,-1.E0,0.E0));
#2841=AXIS2_PLACEMENT_3D('',#2838,#2839,#2840);
#2842=PLANE('',#2841);
#2844=ORIENTED_EDGE('',*,*,#2843,.F.);
#2846=ORIENTED_EDGE('',*,*,#2845,.F.);
#2848=ORIENTED_EDGE('',*,*,#2847,.T.);
#2849=ORIENTED_EDGE('',*,*,#2829,.T.);
#2850=EDGE_LOOP('',(#2844,#2846,#2848,#2849));
#2851=FACE_OUTER_BOUND('',#2850,.F.);
#2852=ADVANCED_FACE('',(#2851),#2842,.T.);
#2853=CARTESIAN_POINT('',(-5.5E0,4.E-1,-1.9E1));
#2854=DIRECTION('',(-1.E0,0.E0,0.E0));
#2855=DIRECTION('',(0.E0,0.E0,-1.E0));
#2856=AXIS2_PLACEMENT_3D('',#2853,#2854,#2855);
#2857=PLANE('',#2856);
#2858=ORIENTED_EDGE('',*,*,#2843,.T.);
#2859=ORIENTED_EDGE('',*,*,#2818,.F.);
#2860=ORIENTED_EDGE('',*,*,#2230,.T.);
#2862=ORIENTED_EDGE('',*,*,#2861,.T.);
#2863=EDGE_LOOP('',(#2858,#2859,#2860,#2862));
#2864=FACE_OUTER_BOUND('',#2863,.F.);
#2865=ADVANCED_FACE('',(#2864),#2857,.T.);
#2866=CARTESIAN_POINT('',(-1.E1,-4.E-1,0.E0));
#2867=DIRECTION('',(0.E0,-1.E0,0.E0));
#2868=DIRECTION('',(1.E0,0.E0,0.E0));
#2869=AXIS2_PLACEMENT_3D('',#2866,#2867,#2868);
#2870=PLANE('',#2869);
#2872=ORIENTED_EDGE('',*,*,#2871,.F.);
#2873=ORIENTED_EDGE('',*,*,#2861,.F.);
#2874=ORIENTED_EDGE('',*,*,#2228,.T.);
#2876=ORIENTED_EDGE('',*,*,#2875,.F.);
#2877=EDGE_LOOP('',(#2872,#2873,#2874,#2876));
#2878=FACE_OUTER_BOUND('',#2877,.F.);
#2879=ADVANCED_FACE('',(#2878),#2870,.T.);
#2880=CARTESIAN_POINT('',(-5.E0,-2.75E-1,-2.235E1));
#2881=DIRECTION('',(0.E0,-7.682212795974E-1,-6.401843996645E-1));
#2882=DIRECTION('',(-1.E0,0.E0,0.E0));
#2883=AXIS2_PLACEMENT_3D('',#2880,#2881,#2882);
#2884=PLANE('',#2883);
#2886=ORIENTED_EDGE('',*,*,#2885,.F.);
#2887=ORIENTED_EDGE('',*,*,#2845,.T.);
#2888=ORIENTED_EDGE('',*,*,#2871,.T.);
#2890=ORIENTED_EDGE('',*,*,#2889,.T.);
#2891=EDGE_LOOP('',(#2886,#2887,#2888,#2890));
#2892=FACE_OUTER_BOUND('',#2891,.F.);
#2893=ADVANCED_FACE('',(#2892),#2884,.T.);
#2894=CARTESIAN_POINT('',(-5.5E0,4.E-1,-2.25E1));
#2895=DIRECTION('',(0.E0,0.E0,-1.E0));
#2896=DIRECTION('',(1.E0,0.E0,0.E0));
#2897=AXIS2_PLACEMENT_3D('',#2894,#2895,#2896);
#2898=PLANE('',#2897);
#2900=ORIENTED_EDGE('',*,*,#2899,.T.);
#2901=ORIENTED_EDGE('',*,*,#2831,.T.);
#2902=ORIENTED_EDGE('',*,*,#2847,.F.);
#2903=ORIENTED_EDGE('',*,*,#2885,.T.);
#2904=EDGE_LOOP('',(#2900,#2901,#2902,#2903));
#2905=FACE_OUTER_BOUND('',#2904,.F.);
#2906=ADVANCED_FACE('',(#2905),#2898,.T.);
#2907=CARTESIAN_POINT('',(-4.625E0,0.E0,-2.235E1));
#2908=DIRECTION('',(7.682212795974E-1,0.E0,-6.401843996645E-1));
#2909=DIRECTION('',(0.E0,-1.E0,0.E0));
#2910=AXIS2_PLACEMENT_3D('',#2907,#2908,#2909);
#2911=PLANE('',#2910);
#2913=ORIENTED_EDGE('',*,*,#2912,.T.);
#2914=ORIENTED_EDGE('',*,*,#2833,.F.);
#2915=ORIENTED_EDGE('',*,*,#2899,.F.);
#2916=ORIENTED_EDGE('',*,*,#2889,.F.);
#2917=EDGE_LOOP('',(#2913,#2914,#2915,#2916));
#2918=FACE_OUTER_BOUND('',#2917,.F.);
#2919=ADVANCED_FACE('',(#2918),#2911,.T.);
#2920=CARTESIAN_POINT('',(-4.5E0,4.E-1,-2.25E1));
#2921=DIRECTION('',(1.E0,0.E0,0.E0));
#2922=DIRECTION('',(0.E0,0.E0,1.E0));
#2923=AXIS2_PLACEMENT_3D('',#2920,#2921,#2922);
#2924=PLANE('',#2923);
#2925=ORIENTED_EDGE('',*,*,#2912,.F.);
#2926=ORIENTED_EDGE('',*,*,#2875,.T.);
#2927=ORIENTED_EDGE('',*,*,#2226,.F.);
#2928=ORIENTED_EDGE('',*,*,#2815,.F.);
#2929=EDGE_LOOP('',(#2925,#2926,#2927,#2928));
#2930=FACE_OUTER_BOUND('',#2929,.F.);
#2931=ADVANCED_FACE('',(#2930),#2924,.T.);
#2932=CARTESIAN_POINT('',(3.65E0,-3.E0,-7.5E0));
#2933=DIRECTION('',(-1.E0,0.E0,0.E0));
#2934=DIRECTION('',(0.E0,-1.E0,0.E0));
#2935=AXIS2_PLACEMENT_3D('',#2932,#2933,#2934);
#2936=PLANE('',#2935);
#2937=ORIENTED_EDGE('',*,*,#1880,.F.);
#2939=ORIENTED_EDGE('',*,*,#2938,.T.);
#2941=ORIENTED_EDGE('',*,*,#2940,.T.);
#2943=ORIENTED_EDGE('',*,*,#2942,.F.);
#2944=EDGE_LOOP('',(#2937,#2939,#2941,#2943));
#2945=FACE_OUTER_BOUND('',#2944,.F.);
#2946=ADVANCED_FACE('',(#2945),#2936,.F.);
#2947=CARTESIAN_POINT('',(6.35E0,-3.E0,-7.5E0));
#2948=DIRECTION('',(0.E0,1.E0,0.E0));
#2949=DIRECTION('',(-1.E0,0.E0,0.E0));
#2950=AXIS2_PLACEMENT_3D('',#2947,#2948,#2949);
#2951=PLANE('',#2950);
#2952=ORIENTED_EDGE('',*,*,#1886,.F.);
#2954=ORIENTED_EDGE('',*,*,#2953,.T.);
#2956=ORIENTED_EDGE('',*,*,#2955,.T.);
#2957=ORIENTED_EDGE('',*,*,#2938,.F.);
#2958=EDGE_LOOP('',(#2952,#2954,#2956,#2957));
#2959=FACE_OUTER_BOUND('',#2958,.F.);
#2960=ADVANCED_FACE('',(#2959),#2951,.F.);
#2961=CARTESIAN_POINT('',(6.35E0,-4.5E0,-7.5E0));
#2962=DIRECTION('',(1.E0,0.E0,0.E0));
#2963=DIRECTION('',(0.E0,1.E0,0.E0));
#2964=AXIS2_PLACEMENT_3D('',#2961,#2962,#2963);
#2965=PLANE('',#2964);
#2966=ORIENTED_EDGE('',*,*,#1884,.F.);
#2968=ORIENTED_EDGE('',*,*,#2967,.T.);
#2970=ORIENTED_EDGE('',*,*,#2969,.T.);
#2971=ORIENTED_EDGE('',*,*,#2953,.F.);
#2972=EDGE_LOOP('',(#2966,#2968,#2970,#2971));
#2973=FACE_OUTER_BOUND('',#2972,.F.);
#2974=ADVANCED_FACE('',(#2973),#2965,.F.);
#2975=CARTESIAN_POINT('',(3.65E0,-4.5E0,-7.5E0));
#2976=DIRECTION('',(0.E0,-1.E0,0.E0));
#2977=DIRECTION('',(1.E0,0.E0,0.E0));
#2978=AXIS2_PLACEMENT_3D('',#2975,#2976,#2977);
#2979=PLANE('',#2978);
#2980=ORIENTED_EDGE('',*,*,#1882,.F.);
#2981=ORIENTED_EDGE('',*,*,#2942,.T.);
#2983=ORIENTED_EDGE('',*,*,#2982,.T.);
#2984=ORIENTED_EDGE('',*,*,#2967,.F.);
#2985=EDGE_LOOP('',(#2980,#2981,#2983,#2984));
#2986=FACE_OUTER_BOUND('',#2985,.F.);
#2987=ADVANCED_FACE('',(#2986),#2979,.F.);
#2988=CARTESIAN_POINT('',(-7.5E0,0.E0,-8.5E0));
#2989=DIRECTION('',(0.E0,0.E0,1.E0));
#2990=DIRECTION('',(1.E0,0.E0,0.E0));
#2991=AXIS2_PLACEMENT_3D('',#2988,#2989,#2990);
#2992=PLANE('',#2991);
#2993=ORIENTED_EDGE('',*,*,#2940,.F.);
#2994=ORIENTED_EDGE('',*,*,#2955,.F.);
#2995=ORIENTED_EDGE('',*,*,#2969,.F.);
#2996=ORIENTED_EDGE('',*,*,#2982,.F.);
#2997=EDGE_LOOP('',(#2993,#2994,#2995,#2996));
#2998=FACE_OUTER_BOUND('',#2997,.F.);
#2999=ADVANCED_FACE('',(#2998),#2992,.T.);
#3000=CARTESIAN_POINT('',(-1.35E0,-3.E0,-7.5E0));
#3001=DIRECTION('',(-1.E0,0.E0,0.E0));
#3002=DIRECTION('',(0.E0,-1.E0,0.E0));
#3003=AXIS2_PLACEMENT_3D('',#3000,#3001,#3002);
#3004=PLANE('',#3003);
#3005=ORIENTED_EDGE('',*,*,#1890,.F.);
#3007=ORIENTED_EDGE('',*,*,#3006,.T.);
#3009=ORIENTED_EDGE('',*,*,#3008,.T.);
#3011=ORIENTED_EDGE('',*,*,#3010,.F.);
#3012=EDGE_LOOP('',(#3005,#3007,#3009,#3011));
#3013=FACE_OUTER_BOUND('',#3012,.F.);
#3014=ADVANCED_FACE('',(#3013),#3004,.F.);
#3015=CARTESIAN_POINT('',(1.35E0,-3.E0,-7.5E0));
#3016=DIRECTION('',(0.E0,1.E0,0.E0));
#3017=DIRECTION('',(-1.E0,0.E0,0.E0));
#3018=AXIS2_PLACEMENT_3D('',#3015,#3016,#3017);
#3019=PLANE('',#3018);
#3020=ORIENTED_EDGE('',*,*,#1896,.F.);
#3022=ORIENTED_EDGE('',*,*,#3021,.T.);
#3024=ORIENTED_EDGE('',*,*,#3023,.T.);
#3025=ORIENTED_EDGE('',*,*,#3006,.F.);
#3026=EDGE_LOOP('',(#3020,#3022,#3024,#3025));
#3027=FACE_OUTER_BOUND('',#3026,.F.);
#3028=ADVANCED_FACE('',(#3027),#3019,.F.);
#3029=CARTESIAN_POINT('',(1.35E0,-4.5E0,-7.5E0));
#3030=DIRECTION('',(1.E0,0.E0,0.E0));
#3031=DIRECTION('',(0.E0,1.E0,0.E0));
#3032=AXIS2_PLACEMENT_3D('',#3029,#3030,#3031);
#3033=PLANE('',#3032);
#3034=ORIENTED_EDGE('',*,*,#1894,.F.);
#3036=ORIENTED_EDGE('',*,*,#3035,.T.);
#3038=ORIENTED_EDGE('',*,*,#3037,.T.);
#3039=ORIENTED_EDGE('',*,*,#3021,.F.);
#3040=EDGE_LOOP('',(#3034,#3036,#3038,#3039));
#3041=FACE_OUTER_BOUND('',#3040,.F.);
#3042=ADVANCED_FACE('',(#3041),#3033,.F.);
#3043=CARTESIAN_POINT('',(-1.35E0,-4.5E0,-7.5E0));
#3044=DIRECTION('',(0.E0,-1.E0,0.E0));
#3045=DIRECTION('',(1.E0,0.E0,0.E0));
#3046=AXIS2_PLACEMENT_3D('',#3043,#3044,#3045);
#3047=PLANE('',#3046);
#3048=ORIENTED_EDGE('',*,*,#1892,.F.);
#3049=ORIENTED_EDGE('',*,*,#3010,.T.);
#3051=ORIENTED_EDGE('',*,*,#3050,.T.);
#3052=ORIENTED_EDGE('',*,*,#3035,.F.);
#3053=EDGE_LOOP('',(#3048,#3049,#3051,#3052));
#3054=FACE_OUTER_BOUND('',#3053,.F.);
#3055=ADVANCED_FACE('',(#3054),#3047,.F.);
#3056=CARTESIAN_POINT('',(-7.5E0,0.E0,-8.5E0));
#3057=DIRECTION('',(0.E0,0.E0,1.E0));
#3058=DIRECTION('',(1.E0,0.E0,0.E0));
#3059=AXIS2_PLACEMENT_3D('',#3056,#3057,#3058);
#3060=PLANE('',#3059);
#3061=ORIENTED_EDGE('',*,*,#3008,.F.);
#3062=ORIENTED_EDGE('',*,*,#3023,.F.);
#3063=ORIENTED_EDGE('',*,*,#3037,.F.);
#3064=ORIENTED_EDGE('',*,*,#3050,.F.);
#3065=EDGE_LOOP('',(#3061,#3062,#3063,#3064));
#3066=FACE_OUTER_BOUND('',#3065,.F.);
#3067=ADVANCED_FACE('',(#3066),#3060,.T.);
#3068=CARTESIAN_POINT('',(-6.35E0,-3.E0,-7.5E0));
#3069=DIRECTION('',(-1.E0,0.E0,0.E0));
#3070=DIRECTION('',(0.E0,-1.E0,0.E0));
#3071=AXIS2_PLACEMENT_3D('',#3068,#3069,#3070);
#3072=PLANE('',#3071);
#3073=ORIENTED_EDGE('',*,*,#1900,.F.);
#3075=ORIENTED_EDGE('',*,*,#3074,.T.);
#3077=ORIENTED_EDGE('',*,*,#3076,.T.);
#3079=ORIENTED_EDGE('',*,*,#3078,.F.);
#3080=EDGE_LOOP('',(#3073,#3075,#3077,#3079));
#3081=FACE_OUTER_BOUND('',#3080,.F.);
#3082=ADVANCED_FACE('',(#3081),#3072,.F.);
#3083=CARTESIAN_POINT('',(-3.65E0,-3.E0,-7.5E0));
#3084=DIRECTION('',(0.E0,1.E0,0.E0));
#3085=DIRECTION('',(-1.E0,0.E0,0.E0));
#3086=AXIS2_PLACEMENT_3D('',#3083,#3084,#3085);
#3087=PLANE('',#3086);
#3088=ORIENTED_EDGE('',*,*,#1906,.F.);
#3090=ORIENTED_EDGE('',*,*,#3089,.T.);
#3092=ORIENTED_EDGE('',*,*,#3091,.T.);
#3093=ORIENTED_EDGE('',*,*,#3074,.F.);
#3094=EDGE_LOOP('',(#3088,#3090,#3092,#3093));
#3095=FACE_OUTER_BOUND('',#3094,.F.);
#3096=ADVANCED_FACE('',(#3095),#3087,.F.);
#3097=CARTESIAN_POINT('',(-3.65E0,-4.5E0,-7.5E0));
#3098=DIRECTION('',(1.E0,0.E0,0.E0));
#3099=DIRECTION('',(0.E0,1.E0,0.E0));
#3100=AXIS2_PLACEMENT_3D('',#3097,#3098,#3099);
#3101=PLANE('',#3100);
#3102=ORIENTED_EDGE('',*,*,#1904,.F.);
#3104=ORIENTED_EDGE('',*,*,#3103,.T.);
#3106=ORIENTED_EDGE('',*,*,#3105,.T.);
#3107=ORIENTED_EDGE('',*,*,#3089,.F.);
#3108=EDGE_LOOP('',(#3102,#3104,#3106,#3107));
#3109=FACE_OUTER_BOUND('',#3108,.F.);
#3110=ADVANCED_FACE('',(#3109),#3101,.F.);
#3111=CARTESIAN_POINT('',(-6.35E0,-4.5E0,-7.5E0));
#3112=DIRECTION('',(0.E0,-1.E0,0.E0));
#3113=DIRECTION('',(1.E0,0.E0,0.E0));
#3114=AXIS2_PLACEMENT_3D('',#3111,#3112,#3113);
#3115=PLANE('',#3114);
#3116=ORIENTED_EDGE('',*,*,#1902,.F.);
#3117=ORIENTED_EDGE('',*,*,#3078,.T.);
#3119=ORIENTED_EDGE('',*,*,#3118,.T.);
#3120=ORIENTED_EDGE('',*,*,#3103,.F.);
#3121=EDGE_LOOP('',(#3116,#3117,#3119,#3120));
#3122=FACE_OUTER_BOUND('',#3121,.F.);
#3123=ADVANCED_FACE('',(#3122),#3115,.F.);
#3124=CARTESIAN_POINT('',(-7.5E0,0.E0,-8.5E0));
#3125=DIRECTION('',(0.E0,0.E0,1.E0));
#3126=DIRECTION('',(1.E0,0.E0,0.E0));
#3127=AXIS2_PLACEMENT_3D('',#3124,#3125,#3126);
#3128=PLANE('',#3127);
#3129=ORIENTED_EDGE('',*,*,#3076,.F.);
#3130=ORIENTED_EDGE('',*,*,#3091,.F.);
#3131=ORIENTED_EDGE('',*,*,#3105,.F.);
#3132=ORIENTED_EDGE('',*,*,#3118,.F.);
#3133=EDGE_LOOP('',(#3129,#3130,#3131,#3132));
#3134=FACE_OUTER_BOUND('',#3133,.F.);
#3135=ADVANCED_FACE('',(#3134),#3128,.T.);
#3136=CLOSED_SHELL('',(#1838,#1857,#1910,#1955,#1970,#1984,#1998,#2011,#2023,
#2038,#2052,#2066,#2079,#2091,#2106,#2120,#2134,#2147,#2159,#2173,#2186,#2234,
#2247,#2260,#2273,#2286,#2299,#2322,#2337,#2351,#2382,#2395,#2407,#2430,#2443,
#2456,#2475,#2488,#2501,#2513,#2528,#2541,#2551,#2574,#2587,#2600,#2614,#2628,
#2641,#2657,#2671,#2683,#2698,#2713,#2728,#2741,#2755,#2769,#2782,#2795,#2807,
#2822,#2837,#2852,#2865,#2879,#2893,#2906,#2919,#2931,#2946,#2960,#2974,#2987,
#2999,#3014,#3028,#3042,#3055,#3067,#3082,#3096,#3110,#3123,#3135));
#3137=MANIFOLD_SOLID_BREP('',#3136);
#3138=FILL_AREA_STYLE_COLOUR('',#50);
#3139=FILL_AREA_STYLE('',(#3138));
#3140=SURFACE_STYLE_FILL_AREA(#3139);
#3141=SURFACE_SIDE_STYLE('',(#3140));
#3142=SURFACE_STYLE_USAGE(.BOTH.,#3141);
#3143=PRESENTATION_STYLE_ASSIGNMENT((#3142));
#72=STYLED_ITEM('',(#3143),#3137);
#3144=(LENGTH_UNIT()NAMED_UNIT(*)SI_UNIT(.MILLI.,.METRE.));
#3145=DIMENSIONAL_EXPONENTS(0.E0,0.E0,0.E0,0.E0,0.E0,0.E0,0.E0);
#3146=(NAMED_UNIT(*)PLANE_ANGLE_UNIT()SI_UNIT($,.RADIAN.));
#3147=PLANE_ANGLE_MEASURE_WITH_UNIT(PLANE_ANGLE_MEASURE(1.745329251994E-2),
#3146);
#3148=(CONVERSION_BASED_UNIT('DEGREE',#3147)NAMED_UNIT(#3145)PLANE_ANGLE_UNIT(
));
#3149=(NAMED_UNIT(*)SI_UNIT($,.STERADIAN.)SOLID_ANGLE_UNIT());
#3150=UNCERTAINTY_MEASURE_WITH_UNIT(LENGTH_MEASURE(2.909350926503E-3),#3144,
'closure',
'Maximum model space distance between geometric entities at asserted connectivities');
#3151=(GEOMETRIC_REPRESENTATION_CONTEXT(3)GLOBAL_UNCERTAINTY_ASSIGNED_CONTEXT((
#3150))GLOBAL_UNIT_ASSIGNED_CONTEXT((#3144,#3148,#3149))REPRESENTATION_CONTEXT(
'ID1','3'));
#3153=MECHANICAL_DESIGN_GEOMETRIC_PRESENTATION_REPRESENTATION('',(#80,#87,#94,
#101,#108,#115,#122,#129,#136,#143,#150,#157,#164,#171,#178,#185,#192,#199,#206,
#213,#220,#227,#234,#241,#248,#255,#262,#269,#276,#283,#290,#297,#304,#311,#318,
#325,#332,#339,#346,#353,#360,#367,#374,#381,#388,#395,#402,#409,#416,#423,#430,
#437,#444,#451,#458,#465,#472,#479,#486,#493,#500,#507,#514,#521,#528,#535,#542,
#549,#556,#563,#570,#577,#584,#591,#598,#605,#612,#619,#626,#633,#640,#647,#654,
#661,#668,#675,#682,#689,#696,#703,#710,#717,#724,#731,#738,#745,#752,#759,#766,
#773,#780,#787,#794,#801,#808,#815,#823,#831,#839,#847,#855,#863,#870,#877,#884,
#891,#899,#907,#914,#922,#929,#937,#944,#951,#958,#966,#973,#981,#988,#995,
#1002,#1009,#1017,#1025,#1032,#1039,#1046,#1054,#1062,#1069,#1077,#1085,#1092,
#1100,#1107,#1115,#1122,#1129,#1136,#1143,#1150,#1157,#1164,#1171,#1178,#1185,
#1192,#1199,#1206,#1213,#1220,#1227,#1234,#1241,#1248,#1255,#1262,#1269,#1276,
#1283,#1290,#1297,#1304,#1311,#1318,#1325,#1332,#1339,#1346,#1353,#1360,#1367,
#1374,#1381,#1388,#1395,#1402,#1409,#1416,#1423,#1430,#1437,#1444,#1451,#1458,
#1465,#1472,#1479,#1486,#1493,#1500,#1507,#1514,#1521,#1528,#1535,#1542,#72),
#3151);
#3154=APPLICATION_CONTEXT(
'CONFIGURATION CONTROLLED 3D DESIGNS OF MECHANICAL PARTS AND ASSEMBLIES');
#3155=APPLICATION_PROTOCOL_DEFINITION('international standard',
'ccd_cla_gvp_ast_asd',1995,#3154);
#3156=DESIGN_CONTEXT('',#3154,'design');
#3157=MECHANICAL_CONTEXT('',#3154,'mechanical');
#3158=PRODUCT('C-282858-2','C-282858-2','NOT SPECIFIED',(#3157));
#3159=PRODUCT_DEFINITION_FORMATION_WITH_SPECIFIED_SOURCE('1','LAST_VERSION',
#3158,.MADE.);
#3166=(LENGTH_UNIT()NAMED_UNIT(*)SI_UNIT(.MILLI.,.METRE.));
#3167=DERIVED_UNIT_ELEMENT(#3166,2.E0);
#3168=DERIVED_UNIT((#3167));
#3169=MEASURE_REPRESENTATION_ITEM('surface area measure',AREA_MEASURE(
1.367545240374E3),#3168);
#3173=(LENGTH_UNIT()NAMED_UNIT(*)SI_UNIT(.MILLI.,.METRE.));
#3174=DERIVED_UNIT_ELEMENT(#3173,3.E0);
#3175=DERIVED_UNIT((#3174));
#3176=MEASURE_REPRESENTATION_ITEM('volume measure',VOLUME_MEASURE(
2.299467965358E3),#3175);
#3180=CARTESIAN_POINT('centre point',(-6.001405411319E-2,1.951296239800E-1,
-1.073604725726E1));
#3185=PRODUCT_CATEGORY('part','');
#3186=PRODUCT_RELATED_PRODUCT_CATEGORY('detail','',(#3158));
#3187=PRODUCT_CATEGORY_RELATIONSHIP('','',#3185,#3186);
#3188=SECURITY_CLASSIFICATION_LEVEL('unclassified');
#3189=SECURITY_CLASSIFICATION('','',#3188);
#3190=CC_DESIGN_SECURITY_CLASSIFICATION(#3189,(#3159));
#3191=APPROVAL_STATUS('approved');
#3192=APPROVAL(#3191,'');
#3193=CC_DESIGN_APPROVAL(#3192,(#3189,#3159,#3160));
#3194=CALENDAR_DATE(108,25,10);
#3195=COORDINATED_UNIVERSAL_TIME_OFFSET(3,0,.BEHIND.);
#3196=LOCAL_TIME(2,31,2.4E1,#3195);
#3197=DATE_AND_TIME(#3194,#3196);
#3198=APPROVAL_DATE_TIME(#3197,#3192);
#3199=DATE_TIME_ROLE('creation_date');
#3200=CC_DESIGN_DATE_AND_TIME_ASSIGNMENT(#3197,#3199,(#3160));
#3201=DATE_TIME_ROLE('classification_date');
#3202=CC_DESIGN_DATE_AND_TIME_ASSIGNMENT(#3197,#3201,(#3189));
#3203=PERSON('UNSPECIFIED','UNSPECIFIED',$,$,$,$);
#3204=ORGANIZATION('UNSPECIFIED','UNSPECIFIED','UNSPECIFIED');
#3205=PERSON_AND_ORGANIZATION(#3203,#3204);
#3206=APPROVAL_ROLE('approver');
#3207=APPROVAL_PERSON_ORGANIZATION(#3205,#3192,#3206);
#3208=PERSON_AND_ORGANIZATION_ROLE('creator');
#3209=CC_DESIGN_PERSON_AND_ORGANIZATION_ASSIGNMENT(#3205,#3208,(#3159,#3160));
#3210=PERSON_AND_ORGANIZATION_ROLE('design_supplier');
#3211=CC_DESIGN_PERSON_AND_ORGANIZATION_ASSIGNMENT(#3205,#3210,(#3159));
#3212=PERSON_AND_ORGANIZATION_ROLE('classification_officer');
#3213=CC_DESIGN_PERSON_AND_ORGANIZATION_ASSIGNMENT(#3205,#3212,(#3189));
#3214=PERSON_AND_ORGANIZATION_ROLE('design_owner');
#3215=CC_DESIGN_PERSON_AND_ORGANIZATION_ASSIGNMENT(#3205,#3214,(#3158));
#820=CIRCLE('',#819,1.95E0);
#828=CIRCLE('',#827,1.95E0);
#836=CIRCLE('',#835,1.95E0);
#844=CIRCLE('',#843,1.95E0);
#852=CIRCLE('',#851,1.95E0);
#860=CIRCLE('',#859,1.95E0);
#896=CIRCLE('',#895,1.95E0);
#904=CIRCLE('',#903,1.95E0);
#919=CIRCLE('',#918,1.95E0);
#934=CIRCLE('',#933,1.95E0);
#963=CIRCLE('',#962,1.95E0);
#978=CIRCLE('',#977,1.95E0);
#1014=CIRCLE('',#1013,1.95E0);
#1022=CIRCLE('',#1021,1.95E0);
#1051=CIRCLE('',#1050,1.95E0);
#1059=CIRCLE('',#1058,1.95E0);
#1074=CIRCLE('',#1073,1.95E0);
#1082=CIRCLE('',#1081,1.95E0);
#1097=CIRCLE('',#1096,1.95E0);
#1112=CIRCLE('',#1111,1.95E0);
#1818=EDGE_CURVE('',#1733,#1734,#76,.T.);
#1820=EDGE_CURVE('',#1734,#1545,#84,.T.);
#1822=EDGE_CURVE('',#1545,#1546,#91,.T.);
#1824=EDGE_CURVE('',#1546,#1548,#98,.T.);
#1826=EDGE_CURVE('',#1548,#1550,#105,.T.);
#1828=EDGE_CURVE('',#1550,#1740,#112,.T.);
#1830=EDGE_CURVE('',#1739,#1740,#119,.T.);
#1832=EDGE_CURVE('',#1739,#1736,#126,.T.);
#1834=EDGE_CURVE('',#1736,#1733,#133,.T.);
#1844=EDGE_CURVE('',#1712,#1717,#364,.T.);
#1846=EDGE_CURVE('',#1712,#1692,#140,.T.);
#1848=EDGE_CURVE('',#1734,#1692,#798,.T.);
#1851=EDGE_CURVE('',#1718,#1733,#147,.T.);
#1853=EDGE_CURVE('',#1717,#1718,#154,.T.);
#1863=EDGE_CURVE('',#1722,#1702,#700,.T.);
#1865=EDGE_CURVE('',#1721,#1722,#245,.T.);
#1867=EDGE_CURVE('',#1740,#1721,#252,.T.);
#1870=EDGE_CURVE('',#1550,#1558,#259,.T.);
#1872=EDGE_CURVE('',#1558,#1694,#749,.T.);
#1874=EDGE_CURVE('',#1694,#1700,#266,.T.);
#1876=EDGE_CURVE('',#1702,#1700,#273,.T.);
#1880=EDGE_CURVE('',#1601,#1602,#161,.T.);
#1882=EDGE_CURVE('',#1602,#1604,#168,.T.);
#1884=EDGE_CURVE('',#1604,#1606,#175,.T.);
#1886=EDGE_CURVE('',#1606,#1601,#182,.T.);
#1890=EDGE_CURVE('',#1617,#1618,#189,.T.);
#1892=EDGE_CURVE('',#1618,#1620,#196,.T.);
#1894=EDGE_CURVE('',#1620,#1622,#203,.T.);
#1896=EDGE_CURVE('',#1622,#1617,#210,.T.);
#1900=EDGE_CURVE('',#1633,#1634,#217,.T.);
#1902=EDGE_CURVE('',#1634,#1636,#224,.T.);
#1904=EDGE_CURVE('',#1636,#1638,#231,.T.);
#1906=EDGE_CURVE('',#1638,#1633,#238,.T.);
#1917=EDGE_CURVE('',#1717,#1725,#546,.T.);
#1919=EDGE_CURVE('',#1707,#1725,#560,.T.);
#1921=EDGE_CURVE('',#1707,#1712,#371,.T.);
#1925=EDGE_CURVE('',#1649,#1650,#280,.T.);
#1927=EDGE_CURVE('',#1650,#1652,#287,.T.);
#1929=EDGE_CURVE('',#1652,#1654,#294,.T.);
#1931=EDGE_CURVE('',#1654,#1649,#301,.T.);
#1935=EDGE_CURVE('',#1665,#1666,#308,.T.);
#1937=EDGE_CURVE('',#1666,#1668,#315,.T.);
#1939=EDGE_CURVE('',#1668,#1670,#322,.T.);
#1941=EDGE_CURVE('',#1670,#1665,#329,.T.);
#1945=EDGE_CURVE('',#1681,#1682,#336,.T.);
#1947=EDGE_CURVE('',#1682,#1684,#343,.T.);
#1949=EDGE_CURVE('',#1684,#1686,#350,.T.);
#1951=EDGE_CURVE('',#1686,#1681,#357,.T.);
#1962=EDGE_CURVE('',#1641,#1649,#378,.T.);
#1964=EDGE_CURVE('',#1641,#1642,#406,.T.);
#1966=EDGE_CURVE('',#1642,#1650,#399,.T.);
#1977=EDGE_CURVE('',#1646,#1654,#385,.T.);
#1979=EDGE_CURVE('',#1646,#1641,#413,.T.);
#1991=EDGE_CURVE('',#1644,#1652,#392,.T.);
#1993=EDGE_CURVE('',#1644,#1646,#420,.T.);
#2006=EDGE_CURVE('',#1642,#1644,#427,.T.);
#2030=EDGE_CURVE('',#1657,#1665,#434,.T.);
#2032=EDGE_CURVE('',#1657,#1658,#462,.T.);
#2034=EDGE_CURVE('',#1658,#1666,#455,.T.);
#2045=EDGE_CURVE('',#1662,#1670,#441,.T.);
#2047=EDGE_CURVE('',#1662,#1657,#469,.T.);
#2059=EDGE_CURVE('',#1660,#1668,#448,.T.);
#2061=EDGE_CURVE('',#1660,#1662,#476,.T.);
#2074=EDGE_CURVE('',#1658,#1660,#483,.T.);
#2098=EDGE_CURVE('',#1673,#1681,#490,.T.);
#2100=EDGE_CURVE('',#1673,#1674,#518,.T.);
#2102=EDGE_CURVE('',#1674,#1682,#511,.T.);
#2113=EDGE_CURVE('',#1678,#1686,#497,.T.);
#2115=EDGE_CURVE('',#1678,#1673,#525,.T.);
#2127=EDGE_CURVE('',#1676,#1684,#504,.T.);
#2129=EDGE_CURVE('',#1676,#1678,#532,.T.);
#2142=EDGE_CURVE('',#1674,#1676,#539,.T.);
#2166=EDGE_CURVE('',#1718,#1726,#553,.T.);
#2168=EDGE_CURVE('',#1725,#1726,#567,.T.);
#2180=EDGE_CURVE('',#1726,#1736,#574,.T.);
#2196=EDGE_CURVE('',#1739,#1729,#581,.T.);
#2198=EDGE_CURVE('',#1729,#1730,#588,.T.);
#2200=EDGE_CURVE('',#1730,#1704,#595,.T.);
#2202=EDGE_CURVE('',#1704,#1710,#602,.T.);
#2204=EDGE_CURVE('',#1697,#1710,#609,.T.);
#2206=EDGE_CURVE('',#1697,#1698,#735,.T.);
#2208=EDGE_CURVE('',#1708,#1698,#616,.T.);
#2210=EDGE_CURVE('',#1707,#1708,#623,.T.);
#2214=EDGE_CURVE('',#1743,#1744,#630,.T.);
#2216=EDGE_CURVE('',#1744,#1748,#637,.T.);
#2218=EDGE_CURVE('',#1747,#1748,#644,.T.);
#2220=EDGE_CURVE('',#1743,#1747,#651,.T.);
#2224=EDGE_CURVE('',#1791,#1792,#658,.T.);
#2226=EDGE_CURVE('',#1792,#1796,#665,.T.);
#2228=EDGE_CURVE('',#1795,#1796,#672,.T.);
#2230=EDGE_CURVE('',#1791,#1795,#679,.T.);
#2242=EDGE_CURVE('',#1721,#1729,#686,.T.);
#2254=EDGE_CURVE('',#1722,#1730,#693,.T.);
#2269=EDGE_CURVE('',#1702,#1704,#707,.T.);
#2280=EDGE_CURVE('',#1700,#1710,#714,.T.);
#2292=EDGE_CURVE('',#1697,#1694,#742,.T.);
#2305=EDGE_CURVE('',#1689,#1690,#721,.T.);
#2307=EDGE_CURVE('',#1698,#1689,#728,.T.);
#2312=EDGE_CURVE('',#1556,#1558,#756,.T.);
#2314=EDGE_CURVE('',#1554,#1556,#763,.T.);
#2316=EDGE_CURVE('',#1553,#1554,#770,.T.);
#2318=EDGE_CURVE('',#1690,#1553,#777,.T.);
#2328=EDGE_CURVE('',#1690,#1692,#805,.T.);
#2330=EDGE_CURVE('',#1692,#1714,#784,.T.);
#2332=EDGE_CURVE('',#1714,#1689,#791,.T.);
#2347=EDGE_CURVE('',#1545,#1553,#812,.T.);
#2360=EDGE_CURVE('',#1546,#1554,#867,.T.);
#2364=EDGE_CURVE('',#1561,#1562,#820,.T.);
#2366=EDGE_CURVE('',#1562,#1561,#828,.T.);
#2370=EDGE_CURVE('',#1573,#1574,#836,.T.);
#2372=EDGE_CURVE('',#1574,#1573,#844,.T.);
#2376=EDGE_CURVE('',#1577,#1578,#852,.T.);
#2378=EDGE_CURVE('',#1578,#1577,#860,.T.);
#2391=EDGE_CURVE('',#1548,#1556,#874,.T.);
#2413=EDGE_CURVE('',#1564,#1584,#896,.T.);
#2415=EDGE_CURVE('',#1584,#1751,#881,.T.);
#2417=EDGE_CURVE('',#1751,#1752,#963,.T.);
#2419=EDGE_CURVE('',#1586,#1752,#955,.T.);
#2421=EDGE_CURVE('',#1586,#1566,#919,.T.);
#2423=EDGE_CURVE('',#1562,#1566,#948,.T.);
#2426=EDGE_CURVE('',#1561,#1564,#888,.T.);
#2437=EDGE_CURVE('',#1590,#1564,#904,.T.);
#2439=EDGE_CURVE('',#1590,#1584,#911,.T.);
#2450=EDGE_CURVE('',#1586,#1588,#926,.T.);
#2452=EDGE_CURVE('',#1566,#1588,#934,.T.);
#2463=EDGE_CURVE('',#1588,#1754,#941,.T.);
#2465=EDGE_CURVE('',#1754,#1756,#978,.T.);
#2467=EDGE_CURVE('',#1590,#1756,#992,.T.);
#2483=EDGE_CURVE('',#1752,#1754,#985,.T.);
#2495=EDGE_CURVE('',#1756,#1751,#970,.T.);
#2520=EDGE_CURVE('',#1573,#1569,#999,.T.);
#2522=EDGE_CURVE('',#1569,#1570,#1014,.T.);
#2524=EDGE_CURVE('',#1574,#1570,#1006,.T.);
#2536=EDGE_CURVE('',#1570,#1569,#1022,.T.);
#2557=EDGE_CURVE('',#1580,#1788,#1074,.T.);
#2559=EDGE_CURVE('',#1788,#1775,#1029,.T.);
#2561=EDGE_CURVE('',#1775,#1776,#1097,.T.);
#2563=EDGE_CURVE('',#1783,#1776,#1089,.T.);
#2565=EDGE_CURVE('',#1783,#1582,#1059,.T.);
#2567=EDGE_CURVE('',#1578,#1582,#1140,.T.);
#2570=EDGE_CURVE('',#1577,#1580,#1036,.T.);
#2580=EDGE_CURVE('',#1783,#1784,#1043,.T.);
#2582=EDGE_CURVE('',#1582,#1784,#1051,.T.);
#2593=EDGE_CURVE('',#1787,#1788,#1066,.T.);
#2596=EDGE_CURVE('',#1787,#1580,#1082,.T.);
#2608=EDGE_CURVE('',#1776,#1778,#1119,.T.);
#2610=EDGE_CURVE('',#1784,#1778,#1133,.T.);
#2621=EDGE_CURVE('',#1780,#1775,#1104,.T.);
#2623=EDGE_CURVE('',#1778,#1780,#1112,.T.);
#2635=EDGE_CURVE('',#1787,#1780,#1126,.T.);
#2664=EDGE_CURVE('',#1714,#1708,#1147,.T.);
#2689=EDGE_CURVE('',#1760,#1766,#1154,.T.);
#2691=EDGE_CURVE('',#1760,#1744,#1161,.T.);
#2694=EDGE_CURVE('',#1743,#1766,#1168,.T.);
#2705=EDGE_CURVE('',#1768,#1766,#1175,.T.);
#2707=EDGE_CURVE('',#1764,#1768,#1224,.T.);
#2709=EDGE_CURVE('',#1764,#1760,#1245,.T.);
#2719=EDGE_CURVE('',#1770,#1766,#1189,.T.);
#2721=EDGE_CURVE('',#1772,#1770,#1182,.T.);
#2723=EDGE_CURVE('',#1772,#1768,#1231,.T.);
#2737=EDGE_CURVE('',#1747,#1770,#1203,.T.);
#2747=EDGE_CURVE('',#1770,#1759,#1196,.T.);
#2751=EDGE_CURVE('',#1759,#1748,#1210,.T.);
#2761=EDGE_CURVE('',#1772,#1763,#1238,.T.);
#2765=EDGE_CURVE('',#1759,#1763,#1252,.T.);
#2775=EDGE_CURVE('',#1763,#1764,#1217,.T.);
#2788=EDGE_CURVE('',#1759,#1760,#1259,.T.);
#2813=EDGE_CURVE('',#1800,#1806,#1266,.T.);
#2815=EDGE_CURVE('',#1800,#1792,#1273,.T.);
#2818=EDGE_CURVE('',#1791,#1806,#1280,.T.);
#2829=EDGE_CURVE('',#1808,#1806,#1287,.T.);
#2831=EDGE_CURVE('',#1804,#1808,#1336,.T.);
#2833=EDGE_CURVE('',#1804,#1800,#1357,.T.);
#2843=EDGE_CURVE('',#1810,#1806,#1301,.T.);
#2845=EDGE_CURVE('',#1812,#1810,#1294,.T.);
#2847=EDGE_CURVE('',#1812,#1808,#1343,.T.);
#2861=EDGE_CURVE('',#1795,#1810,#1315,.T.);
#2871=EDGE_CURVE('',#1810,#1799,#1308,.T.);
#2875=EDGE_CURVE('',#1799,#1796,#1322,.T.);
#2885=EDGE_CURVE('',#1812,#1803,#1350,.T.);
#2889=EDGE_CURVE('',#1799,#1803,#1364,.T.);
#2899=EDGE_CURVE('',#1803,#1804,#1329,.T.);
#2912=EDGE_CURVE('',#1799,#1800,#1371,.T.);
#2938=EDGE_CURVE('',#1601,#1593,#1378,.T.);
#2940=EDGE_CURVE('',#1593,#1594,#1406,.T.);
#2942=EDGE_CURVE('',#1602,#1594,#1399,.T.);
#2953=EDGE_CURVE('',#1606,#1598,#1385,.T.);
#2955=EDGE_CURVE('',#1598,#1593,#1413,.T.);
#2967=EDGE_CURVE('',#1604,#1596,#1392,.T.);
#2969=EDGE_CURVE('',#1596,#1598,#1420,.T.);
#2982=EDGE_CURVE('',#1594,#1596,#1427,.T.);
#3006=EDGE_CURVE('',#1617,#1609,#1434,.T.);
#3008=EDGE_CURVE('',#1609,#1610,#1462,.T.);
#3010=EDGE_CURVE('',#1618,#1610,#1455,.T.);
#3021=EDGE_CURVE('',#1622,#1614,#1441,.T.);
#3023=EDGE_CURVE('',#1614,#1609,#1469,.T.);
#3035=EDGE_CURVE('',#1620,#1612,#1448,.T.);
#3037=EDGE_CURVE('',#1612,#1614,#1476,.T.);
#3050=EDGE_CURVE('',#1610,#1612,#1483,.T.);
#3074=EDGE_CURVE('',#1633,#1625,#1490,.T.);
#3076=EDGE_CURVE('',#1625,#1626,#1518,.T.);
#3078=EDGE_CURVE('',#1634,#1626,#1511,.T.);
#3089=EDGE_CURVE('',#1638,#1630,#1497,.T.);
#3091=EDGE_CURVE('',#1630,#1625,#1525,.T.);
#3103=EDGE_CURVE('',#1636,#1628,#1504,.T.);
#3105=EDGE_CURVE('',#1628,#1630,#1532,.T.);
#3118=EDGE_CURVE('',#1626,#1628,#1539,.T.);
#3152=ADVANCED_BREP_SHAPE_REPRESENTATION('',(#3137),#3151);
#3160=PRODUCT_DEFINITION('design','',#3159,#3156);
#3161=PRODUCT_DEFINITION_SHAPE('','SHAPE FOR C-282858-2.',#3160);
#3162=SHAPE_REPRESENTATION('',(#3137),#3151);
#3163=SHAPE_ASPECT('','solid data associated with C-282858-2',#3161,.F.);
#3164=PROPERTY_DEFINITION('',
'shape for solid data with which properties are associated',#3163);
#3165=SHAPE_DEFINITION_REPRESENTATION(#3164,#3162);
#3170=PROPERTY_DEFINITION('geometric_validation_property','area of C-282858-2',
#3163);
#3171=REPRESENTATION('surface area',(#3169),#3151);
#3172=PROPERTY_DEFINITION_REPRESENTATION(#3170,#3171);
#3177=PROPERTY_DEFINITION('geometric_validation_property',
'volume of C-282858-2',#3163);
#3178=REPRESENTATION('volume',(#3176),#3151);
#3179=PROPERTY_DEFINITION_REPRESENTATION(#3177,#3178);
#3181=PROPERTY_DEFINITION('geometric_validation_property',
'centroid of C-282858-2',#3163);
#3182=REPRESENTATION('centroid',(#3180),#3151);
#3183=PROPERTY_DEFINITION_REPRESENTATION(#3181,#3182);
#3184=SHAPE_DEFINITION_REPRESENTATION(#3161,#3152);
ENDSEC;
END-ISO-10303-21;
