ISO-10303-21;
HEADER;
FILE_DESCRIPTION(('STEP AP203'),'1');
FILE_NAME('ssq-104-01-t-s.stp','2026-05-30T22:32:44',('TraceParts'),('TraceParts S.A.S.'),'Spatial InterOp 3D',' ',' ');
FILE_SCHEMA(('CONFIG_CONTROL_DESIGN'));
ENDSEC;
DATA;
#1=DESIGN_CONTEXT('',#27,'design');
#2=APPLICATION_PROTOCOL_DEFINITION('INTERNATIONAL STANDARD','config_control_design',1994,#27);
#3=PRODUCT_CATEGORY_RELATIONSHIP('NONE','NONE',#28,#29);
#4=DATE_AND_TIME(#30,#31);
#5=DATE_TIME_ROLE('creation_date');
#6=DATE_TIME_ROLE('classification_date');
#7=PERSON_AND_ORGANIZATION_ROLE('creator');
#8=PERSON_AND_ORGANIZATION_ROLE('design_supplier');
#9=PERSON_AND_ORGANIZATION_ROLE('classification_officer');
#10=PERSON_AND_ORGANIZATION_ROLE('design_owner');
#11=APPROVAL_PERSON_ORGANIZATION(#32,#33,#34);
#12=APPROVAL_DATE_TIME(#4,#33);
#13=CC_DESIGN_APPROVAL(#33,(#35,#36,#37));
#14=CC_DESIGN_DATE_AND_TIME_ASSIGNMENT(#4,#5,(#37));
#15=CC_DESIGN_DATE_AND_TIME_ASSIGNMENT(#4,#6,(#35));
#16=CC_DESIGN_PERSON_AND_ORGANIZATION_ASSIGNMENT(#32,#10,(#38));
#17=CC_DESIGN_PERSON_AND_ORGANIZATION_ASSIGNMENT(#32,#7,(#37));
#18=CC_DESIGN_PERSON_AND_ORGANIZATION_ASSIGNMENT(#32,#7,(#36));
#19=CC_DESIGN_PERSON_AND_ORGANIZATION_ASSIGNMENT(#32,#8,(#36));
#20=CC_DESIGN_SECURITY_CLASSIFICATION(#35,(#36));
#21=CC_DESIGN_PERSON_AND_ORGANIZATION_ASSIGNMENT(#32,#9,(#35));
#22=SHAPE_DEFINITION_REPRESENTATION(#39,#40);
#23= (GEOMETRIC_REPRESENTATION_CONTEXT(3)GLOBAL_UNCERTAINTY_ASSIGNED_CONTEXT((#43))GLOBAL_UNIT_ASSIGNED_CONTEXT((#45,#46,#47))REPRESENTATION_CONTEXT('NONE','WORKSPACE'));
#27=APPLICATION_CONTEXT('CONFIGURATION CONTROLLED 3D DESIGNS OF MECHANICAL PARTS AND ASSEMBLIES');
#28=PRODUCT_CATEGORY('part','NONE');
#29=PRODUCT_RELATED_PRODUCT_CATEGORY('detail',' ',(#38));
#30=CALENDAR_DATE(2026,31,4);
#31=LOCAL_TIME(0,32,44.0,#49);
#32=PERSON_AND_ORGANIZATION(#50,#51);
#33=APPROVAL(#52,'SOLID MODEL');
#34=APPROVAL_ROLE('APPROVED');
#35=SECURITY_CLASSIFICATION('','',#53);
#36=PRODUCT_DEFINITION_FORMATION_WITH_SPECIFIED_SOURCE(' ','NONE',#38,.NOT_KNOWN.);
#37=PRODUCT_DEFINITION('','NONE',#36,#1);
#38=PRODUCT('1','','PART--DESC',(#54));
#39=PRODUCT_DEFINITION_SHAPE('NONE','NONE',#37);
#40=ADVANCED_BREP_SHAPE_REPRESENTATION('1',(#55,#56),#23);
#43=UNCERTAINTY_MEASURE_WITH_UNIT(LENGTH_MEASURE(1.0E-06),#45,'','');
#45= (CONVERSION_BASED_UNIT('MILLIMETRE',#59)LENGTH_UNIT()NAMED_UNIT(#62));
#46= (NAMED_UNIT(#64)PLANE_ANGLE_UNIT()SI_UNIT($,.RADIAN.));
#47= (NAMED_UNIT(#64)SOLID_ANGLE_UNIT()SI_UNIT($,.STERADIAN.));
#49=COORDINATED_UNIVERSAL_TIME_OFFSET(1,0,.AHEAD.);
#50=PERSON('','UNSPECIFIED',$,$,$,$);
#51=ORGANIZATION('UNSPECIFIED','UNSPECIFIED','UNSPECIFIED');
#52=APPROVAL_STATUS('approved');
#53=SECURITY_CLASSIFICATION_LEVEL('unclassified');
#54=MECHANICAL_CONTEXT('',#27,'mechanical');
#55=MANIFOLD_SOLID_BREP('1',#70);
#56=AXIS2_PLACEMENT_3D('',#71,#72,#73);
#59=LENGTH_MEASURE_WITH_UNIT(LENGTH_MEASURE(1.0),#74);
#62=DIMENSIONAL_EXPONENTS(1.0,0.0,0.0,0.0,0.0,0.0,0.0);
#64=DIMENSIONAL_EXPONENTS(0.0,0.0,0.0,0.0,0.0,0.0,0.0);
#70=CLOSED_SHELL('',(#75,#76,#77,#78,#79,#80,#81,#82,#83,#84,#85,#86,#87,#88,#89,#90,#91,#92,#93,#94,#95,#96,#97,#98,#99,#100,#101,#102,#103,#104,#105,#106,#107,#108,#109,#110,#111,#112,#113,#114,#115,#116,#117,#118,#119,#120,#121,#122,#123,#124,#125,#126,#127,#128,#129,#130,#131,#132,#133,#134,#135,#136,#137,#138,#139,#140,#141,#142,#143,#144,#145,#146,#147,#148,#149,#150,#151,#152,#153,#154,#155,#156,#157,#158,#159,#160,#161,#162,#163,#164,#165,#166,#167,#168));
#71=CARTESIAN_POINT('',(0.0,0.0,0.0));
#72=DIRECTION('',(0.0,0.0,1.0));
#73=DIRECTION('',(1.0,0.0,0.0));
#74= (NAMED_UNIT(#62)LENGTH_UNIT()SI_UNIT(.MILLI.,.METRE.));
#75=ADVANCED_FACE('',(#170),#171,.F.);
#76=ADVANCED_FACE('',(#172),#173,.T.);
#77=ADVANCED_FACE('',(#174),#175,.F.);
#78=ADVANCED_FACE('',(#176),#177,.F.);
#79=ADVANCED_FACE('',(#178),#179,.F.);
#80=ADVANCED_FACE('',(#180),#181,.F.);
#81=ADVANCED_FACE('',(#182),#183,.F.);
#82=ADVANCED_FACE('',(#184),#185,.F.);
#83=ADVANCED_FACE('',(#186),#187,.F.);
#84=ADVANCED_FACE('',(#188),#189,.F.);
#85=ADVANCED_FACE('',(#190),#191,.T.);
#86=ADVANCED_FACE('',(#192),#193,.F.);
#87=ADVANCED_FACE('',(#194),#195,.F.);
#88=ADVANCED_FACE('',(#196),#197,.F.);
#89=ADVANCED_FACE('',(#198),#199,.F.);
#90=ADVANCED_FACE('',(#200),#201,.F.);
#91=ADVANCED_FACE('',(#202),#203,.F.);
#92=ADVANCED_FACE('',(#204),#205,.F.);
#93=ADVANCED_FACE('',(#206),#207,.F.);
#94=ADVANCED_FACE('',(#208),#209,.T.);
#95=ADVANCED_FACE('',(#210),#211,.F.);
#96=ADVANCED_FACE('',(#212),#213,.F.);
#97=ADVANCED_FACE('',(#214),#215,.F.);
#98=ADVANCED_FACE('',(#216),#217,.F.);
#99=ADVANCED_FACE('',(#218),#219,.F.);
#100=ADVANCED_FACE('',(#220),#221,.F.);
#101=ADVANCED_FACE('',(#222),#223,.F.);
#102=ADVANCED_FACE('',(#224),#225,.F.);
#103=ADVANCED_FACE('',(#226),#227,.T.);
#104=ADVANCED_FACE('',(#228),#229,.F.);
#105=ADVANCED_FACE('',(#230),#231,.F.);
#106=ADVANCED_FACE('',(#232),#233,.F.);
#107=ADVANCED_FACE('',(#234),#235,.F.);
#108=ADVANCED_FACE('',(#236),#237,.F.);
#109=ADVANCED_FACE('',(#238),#239,.F.);
#110=ADVANCED_FACE('',(#240),#241,.F.);
#111=ADVANCED_FACE('',(#242),#243,.T.);
#112=ADVANCED_FACE('',(#244),#245,.T.);
#113=ADVANCED_FACE('',(#246),#247,.T.);
#114=ADVANCED_FACE('',(#248),#249,.T.);
#115=ADVANCED_FACE('',(#250),#251,.T.);
#116=ADVANCED_FACE('',(#252),#253,.T.);
#117=ADVANCED_FACE('',(#254),#255,.F.);
#118=ADVANCED_FACE('',(#256),#257,.T.);
#119=ADVANCED_FACE('',(#258),#259,.T.);
#120=ADVANCED_FACE('',(#260),#261,.T.);
#121=ADVANCED_FACE('',(#262),#263,.T.);
#122=ADVANCED_FACE('',(#264),#265,.T.);
#123=ADVANCED_FACE('',(#266),#267,.T.);
#124=ADVANCED_FACE('',(#268),#269,.T.);
#125=ADVANCED_FACE('',(#270),#271,.T.);
#126=ADVANCED_FACE('',(#272),#273,.F.);
#127=ADVANCED_FACE('',(#274),#275,.T.);
#128=ADVANCED_FACE('',(#276),#277,.T.);
#129=ADVANCED_FACE('',(#278),#279,.T.);
#130=ADVANCED_FACE('',(#280),#281,.T.);
#131=ADVANCED_FACE('',(#282),#283,.T.);
#132=ADVANCED_FACE('',(#284),#285,.T.);
#133=ADVANCED_FACE('',(#286),#287,.T.);
#134=ADVANCED_FACE('',(#288),#289,.T.);
#135=ADVANCED_FACE('',(#290),#291,.F.);
#136=ADVANCED_FACE('',(#292),#293,.T.);
#137=ADVANCED_FACE('',(#294),#295,.T.);
#138=ADVANCED_FACE('',(#296),#297,.T.);
#139=ADVANCED_FACE('',(#298),#299,.T.);
#140=ADVANCED_FACE('',(#300),#301,.T.);
#141=ADVANCED_FACE('',(#302),#303,.T.);
#142=ADVANCED_FACE('',(#304),#305,.T.);
#143=ADVANCED_FACE('',(#306),#307,.T.);
#144=ADVANCED_FACE('',(#308),#309,.F.);
#145=ADVANCED_FACE('',(#310),#311,.T.);
#146=ADVANCED_FACE('',(#312),#313,.T.);
#147=ADVANCED_FACE('',(#314),#315,.T.);
#148=ADVANCED_FACE('',(#316),#317,.T.);
#149=ADVANCED_FACE('',(#318,#319),#320,.T.);
#150=ADVANCED_FACE('',(#321),#322,.F.);
#151=ADVANCED_FACE('',(#323),#324,.F.);
#152=ADVANCED_FACE('',(#325),#326,.F.);
#153=ADVANCED_FACE('',(#327),#328,.T.);
#154=ADVANCED_FACE('',(#329),#330,.T.);
#155=ADVANCED_FACE('',(#331,#332),#333,.T.);
#156=ADVANCED_FACE('',(#334),#335,.F.);
#157=ADVANCED_FACE('',(#336),#337,.T.);
#158=ADVANCED_FACE('',(#338),#339,.T.);
#159=ADVANCED_FACE('',(#340,#341),#342,.T.);
#160=ADVANCED_FACE('',(#343),#344,.F.);
#161=ADVANCED_FACE('',(#345),#346,.T.);
#162=ADVANCED_FACE('',(#347),#348,.T.);
#163=ADVANCED_FACE('',(#349,#350),#351,.T.);
#164=ADVANCED_FACE('',(#352),#353,.F.);
#165=ADVANCED_FACE('',(#354),#355,.T.);
#166=ADVANCED_FACE('',(#356),#357,.F.);
#167=ADVANCED_FACE('',(#358,#359,#360,#361,#362),#363,.F.);
#168=ADVANCED_FACE('',(#364),#365,.F.);
#170=FACE_OUTER_BOUND('',#366,.T.);
#171=PLANE('',#367);
#172=FACE_OUTER_BOUND('',#368,.T.);
#173=PLANE('',#369);
#174=FACE_OUTER_BOUND('',#370,.T.);
#175=PLANE('',#371);
#176=FACE_OUTER_BOUND('',#372,.T.);
#177=PLANE('',#373);
#178=FACE_OUTER_BOUND('',#374,.T.);
#179=PLANE('',#375);
#180=FACE_OUTER_BOUND('',#376,.T.);
#181=PLANE('',#377);
#182=FACE_OUTER_BOUND('',#378,.T.);
#183=PLANE('',#379);
#184=FACE_OUTER_BOUND('',#380,.T.);
#185=PLANE('',#381);
#186=FACE_OUTER_BOUND('',#382,.T.);
#187=PLANE('',#383);
#188=FACE_OUTER_BOUND('',#384,.T.);
#189=PLANE('',#385);
#190=FACE_OUTER_BOUND('',#386,.T.);
#191=PLANE('',#387);
#192=FACE_OUTER_BOUND('',#388,.T.);
#193=PLANE('',#389);
#194=FACE_OUTER_BOUND('',#390,.T.);
#195=PLANE('',#391);
#196=FACE_OUTER_BOUND('',#392,.T.);
#197=PLANE('',#393);
#198=FACE_OUTER_BOUND('',#394,.T.);
#199=PLANE('',#395);
#200=FACE_OUTER_BOUND('',#396,.T.);
#201=PLANE('',#397);
#202=FACE_OUTER_BOUND('',#398,.T.);
#203=PLANE('',#399);
#204=FACE_OUTER_BOUND('',#400,.T.);
#205=PLANE('',#401);
#206=FACE_OUTER_BOUND('',#402,.T.);
#207=PLANE('',#403);
#208=FACE_OUTER_BOUND('',#404,.T.);
#209=PLANE('',#405);
#210=FACE_OUTER_BOUND('',#406,.T.);
#211=PLANE('',#407);
#212=FACE_OUTER_BOUND('',#408,.T.);
#213=PLANE('',#409);
#214=FACE_OUTER_BOUND('',#410,.T.);
#215=PLANE('',#411);
#216=FACE_OUTER_BOUND('',#412,.T.);
#217=PLANE('',#413);
#218=FACE_OUTER_BOUND('',#414,.T.);
#219=PLANE('',#415);
#220=FACE_OUTER_BOUND('',#416,.T.);
#221=PLANE('',#417);
#222=FACE_OUTER_BOUND('',#418,.T.);
#223=PLANE('',#419);
#224=FACE_OUTER_BOUND('',#420,.T.);
#225=PLANE('',#421);
#226=FACE_OUTER_BOUND('',#422,.T.);
#227=PLANE('',#423);
#228=FACE_OUTER_BOUND('',#424,.T.);
#229=PLANE('',#425);
#230=FACE_OUTER_BOUND('',#426,.T.);
#231=PLANE('',#427);
#232=FACE_OUTER_BOUND('',#428,.T.);
#233=PLANE('',#429);
#234=FACE_OUTER_BOUND('',#430,.T.);
#235=PLANE('',#431);
#236=FACE_OUTER_BOUND('',#432,.T.);
#237=PLANE('',#433);
#238=FACE_OUTER_BOUND('',#434,.T.);
#239=PLANE('',#435);
#240=FACE_OUTER_BOUND('',#436,.T.);
#241=PLANE('',#437);
#242=FACE_OUTER_BOUND('',#438,.T.);
#243=PLANE('',#439);
#244=FACE_OUTER_BOUND('',#440,.T.);
#245=PLANE('',#441);
#246=FACE_OUTER_BOUND('',#442,.T.);
#247=PLANE('',#443);
#248=FACE_OUTER_BOUND('',#444,.T.);
#249=PLANE('',#445);
#250=FACE_OUTER_BOUND('',#446,.T.);
#251=PLANE('',#447);
#252=FACE_OUTER_BOUND('',#448,.T.);
#253=PLANE('',#449);
#254=FACE_OUTER_BOUND('',#450,.T.);
#255=PLANE('',#451);
#256=FACE_OUTER_BOUND('',#452,.T.);
#257=PLANE('',#453);
#258=FACE_OUTER_BOUND('',#454,.T.);
#259=PLANE('',#455);
#260=FACE_OUTER_BOUND('',#456,.T.);
#261=PLANE('',#457);
#262=FACE_OUTER_BOUND('',#458,.T.);
#263=PLANE('',#459);
#264=FACE_OUTER_BOUND('',#460,.T.);
#265=PLANE('',#461);
#266=FACE_OUTER_BOUND('',#462,.T.);
#267=PLANE('',#463);
#268=FACE_OUTER_BOUND('',#464,.T.);
#269=PLANE('',#465);
#270=FACE_OUTER_BOUND('',#466,.T.);
#271=PLANE('',#467);
#272=FACE_OUTER_BOUND('',#468,.T.);
#273=PLANE('',#469);
#274=FACE_OUTER_BOUND('',#470,.T.);
#275=PLANE('',#471);
#276=FACE_OUTER_BOUND('',#472,.T.);
#277=PLANE('',#473);
#278=FACE_OUTER_BOUND('',#474,.T.);
#279=PLANE('',#475);
#280=FACE_OUTER_BOUND('',#476,.T.);
#281=PLANE('',#477);
#282=FACE_OUTER_BOUND('',#478,.T.);
#283=PLANE('',#479);
#284=FACE_OUTER_BOUND('',#480,.T.);
#285=PLANE('',#481);
#286=FACE_OUTER_BOUND('',#482,.T.);
#287=PLANE('',#483);
#288=FACE_OUTER_BOUND('',#484,.T.);
#289=PLANE('',#485);
#290=FACE_OUTER_BOUND('',#486,.T.);
#291=PLANE('',#487);
#292=FACE_OUTER_BOUND('',#488,.T.);
#293=PLANE('',#489);
#294=FACE_OUTER_BOUND('',#490,.T.);
#295=PLANE('',#491);
#296=FACE_OUTER_BOUND('',#492,.T.);
#297=PLANE('',#493);
#298=FACE_OUTER_BOUND('',#494,.T.);
#299=PLANE('',#495);
#300=FACE_OUTER_BOUND('',#496,.T.);
#301=PLANE('',#497);
#302=FACE_OUTER_BOUND('',#498,.T.);
#303=PLANE('',#499);
#304=FACE_OUTER_BOUND('',#500,.T.);
#305=PLANE('',#501);
#306=FACE_OUTER_BOUND('',#502,.T.);
#307=PLANE('',#503);
#308=FACE_OUTER_BOUND('',#504,.T.);
#309=PLANE('',#505);
#310=FACE_OUTER_BOUND('',#506,.T.);
#311=PLANE('',#507);
#312=FACE_OUTER_BOUND('',#508,.T.);
#313=PLANE('',#509);
#314=FACE_OUTER_BOUND('',#510,.T.);
#315=PLANE('',#511);
#316=FACE_OUTER_BOUND('',#512,.T.);
#317=PLANE('',#513);
#318=FACE_BOUND('',#514,.T.);
#319=FACE_OUTER_BOUND('',#515,.T.);
#320=PLANE('',#516);
#321=FACE_OUTER_BOUND('',#517,.T.);
#322=PLANE('',#518);
#323=FACE_OUTER_BOUND('',#519,.T.);
#324=PLANE('',#520);
#325=FACE_OUTER_BOUND('',#521,.T.);
#326=PLANE('',#522);
#327=FACE_OUTER_BOUND('',#523,.T.);
#328=PLANE('',#524);
#329=FACE_OUTER_BOUND('',#525,.T.);
#330=PLANE('',#526);
#331=FACE_BOUND('',#527,.T.);
#332=FACE_OUTER_BOUND('',#528,.T.);
#333=PLANE('',#529);
#334=FACE_OUTER_BOUND('',#530,.T.);
#335=PLANE('',#531);
#336=FACE_OUTER_BOUND('',#532,.T.);
#337=PLANE('',#533);
#338=FACE_OUTER_BOUND('',#534,.T.);
#339=PLANE('',#535);
#340=FACE_BOUND('',#536,.T.);
#341=FACE_OUTER_BOUND('',#537,.T.);
#342=PLANE('',#538);
#343=FACE_OUTER_BOUND('',#539,.T.);
#344=PLANE('',#540);
#345=FACE_OUTER_BOUND('',#541,.T.);
#346=PLANE('',#542);
#347=FACE_OUTER_BOUND('',#543,.T.);
#348=PLANE('',#544);
#349=FACE_BOUND('',#545,.T.);
#350=FACE_OUTER_BOUND('',#546,.T.);
#351=PLANE('',#547);
#352=FACE_OUTER_BOUND('',#548,.T.);
#353=PLANE('',#549);
#354=FACE_OUTER_BOUND('',#550,.T.);
#355=PLANE('',#551);
#356=FACE_OUTER_BOUND('',#552,.T.);
#357=PLANE('',#553);
#358=FACE_BOUND('',#554,.T.);
#359=FACE_BOUND('',#555,.T.);
#360=FACE_BOUND('',#556,.T.);
#361=FACE_BOUND('',#557,.T.);
#362=FACE_OUTER_BOUND('',#558,.T.);
#363=PLANE('',#559);
#364=FACE_OUTER_BOUND('',#560,.T.);
#365=PLANE('',#561);
#366=EDGE_LOOP('',(#562,#563,#564,#565));
#367=AXIS2_PLACEMENT_3D('',#566,#567,#568);
#368=EDGE_LOOP('',(#569,#570,#571,#572));
#369=AXIS2_PLACEMENT_3D('',#573,#574,#575);
#370=EDGE_LOOP('',(#576,#577,#578,#579));
#371=AXIS2_PLACEMENT_3D('',#580,#581,#582);
#372=EDGE_LOOP('',(#583,#584,#585,#586));
#373=AXIS2_PLACEMENT_3D('',#587,#588,#589);
#374=EDGE_LOOP('',(#590,#591,#592,#593));
#375=AXIS2_PLACEMENT_3D('',#594,#595,#596);
#376=EDGE_LOOP('',(#597,#598,#599,#600));
#377=AXIS2_PLACEMENT_3D('',#601,#602,#603);
#378=EDGE_LOOP('',(#604,#605,#606,#607));
#379=AXIS2_PLACEMENT_3D('',#608,#609,#610);
#380=EDGE_LOOP('',(#611,#612,#613,#614));
#381=AXIS2_PLACEMENT_3D('',#615,#616,#617);
#382=EDGE_LOOP('',(#618,#619,#620,#621));
#383=AXIS2_PLACEMENT_3D('',#622,#623,#624);
#384=EDGE_LOOP('',(#625,#626,#627,#628));
#385=AXIS2_PLACEMENT_3D('',#629,#630,#631);
#386=EDGE_LOOP('',(#632,#633,#634,#635));
#387=AXIS2_PLACEMENT_3D('',#636,#637,#638);
#388=EDGE_LOOP('',(#639,#640,#641,#642));
#389=AXIS2_PLACEMENT_3D('',#643,#644,#645);
#390=EDGE_LOOP('',(#646,#647,#648,#649));
#391=AXIS2_PLACEMENT_3D('',#650,#651,#652);
#392=EDGE_LOOP('',(#653,#654,#655,#656));
#393=AXIS2_PLACEMENT_3D('',#657,#658,#659);
#394=EDGE_LOOP('',(#660,#661,#662,#663));
#395=AXIS2_PLACEMENT_3D('',#664,#665,#666);
#396=EDGE_LOOP('',(#667,#668,#669,#670));
#397=AXIS2_PLACEMENT_3D('',#671,#672,#673);
#398=EDGE_LOOP('',(#674,#675,#676,#677));
#399=AXIS2_PLACEMENT_3D('',#678,#679,#680);
#400=EDGE_LOOP('',(#681,#682,#683,#684));
#401=AXIS2_PLACEMENT_3D('',#685,#686,#687);
#402=EDGE_LOOP('',(#688,#689,#690,#691));
#403=AXIS2_PLACEMENT_3D('',#692,#693,#694);
#404=EDGE_LOOP('',(#695,#696,#697,#698));
#405=AXIS2_PLACEMENT_3D('',#699,#700,#701);
#406=EDGE_LOOP('',(#702,#703,#704,#705));
#407=AXIS2_PLACEMENT_3D('',#706,#707,#708);
#408=EDGE_LOOP('',(#709,#710,#711,#712));
#409=AXIS2_PLACEMENT_3D('',#713,#714,#715);
#410=EDGE_LOOP('',(#716,#717,#718,#719));
#411=AXIS2_PLACEMENT_3D('',#720,#721,#722);
#412=EDGE_LOOP('',(#723,#724,#725,#726));
#413=AXIS2_PLACEMENT_3D('',#727,#728,#729);
#414=EDGE_LOOP('',(#730,#731,#732,#733));
#415=AXIS2_PLACEMENT_3D('',#734,#735,#736);
#416=EDGE_LOOP('',(#737,#738,#739,#740));
#417=AXIS2_PLACEMENT_3D('',#741,#742,#743);
#418=EDGE_LOOP('',(#744,#745,#746,#747));
#419=AXIS2_PLACEMENT_3D('',#748,#749,#750);
#420=EDGE_LOOP('',(#751,#752,#753,#754));
#421=AXIS2_PLACEMENT_3D('',#755,#756,#757);
#422=EDGE_LOOP('',(#758,#759,#760,#761));
#423=AXIS2_PLACEMENT_3D('',#762,#763,#764);
#424=EDGE_LOOP('',(#765,#766,#767,#768));
#425=AXIS2_PLACEMENT_3D('',#769,#770,#771);
#426=EDGE_LOOP('',(#772,#773,#774,#775));
#427=AXIS2_PLACEMENT_3D('',#776,#777,#778);
#428=EDGE_LOOP('',(#779,#780,#781,#782));
#429=AXIS2_PLACEMENT_3D('',#783,#784,#785);
#430=EDGE_LOOP('',(#786,#787,#788,#789));
#431=AXIS2_PLACEMENT_3D('',#790,#791,#792);
#432=EDGE_LOOP('',(#793,#794,#795,#796));
#433=AXIS2_PLACEMENT_3D('',#797,#798,#799);
#434=EDGE_LOOP('',(#800,#801,#802,#803));
#435=AXIS2_PLACEMENT_3D('',#804,#805,#806);
#436=EDGE_LOOP('',(#807,#808,#809,#810));
#437=AXIS2_PLACEMENT_3D('',#811,#812,#813);
#438=EDGE_LOOP('',(#814,#815,#816,#817));
#439=AXIS2_PLACEMENT_3D('',#818,#819,#820);
#440=EDGE_LOOP('',(#821,#822,#823,#824));
#441=AXIS2_PLACEMENT_3D('',#825,#826,#827);
#442=EDGE_LOOP('',(#828,#829,#830,#831));
#443=AXIS2_PLACEMENT_3D('',#832,#833,#834);
#444=EDGE_LOOP('',(#835,#836,#837,#838));
#445=AXIS2_PLACEMENT_3D('',#839,#840,#841);
#446=EDGE_LOOP('',(#842,#843,#844,#845));
#447=AXIS2_PLACEMENT_3D('',#846,#847,#848);
#448=EDGE_LOOP('',(#849,#850,#851,#852));
#449=AXIS2_PLACEMENT_3D('',#853,#854,#855);
#450=EDGE_LOOP('',(#856,#857,#858,#859));
#451=AXIS2_PLACEMENT_3D('',#860,#861,#862);
#452=EDGE_LOOP('',(#863,#864,#865,#866));
#453=AXIS2_PLACEMENT_3D('',#867,#868,#869);
#454=EDGE_LOOP('',(#870,#871,#872,#873));
#455=AXIS2_PLACEMENT_3D('',#874,#875,#876);
#456=EDGE_LOOP('',(#877,#878,#879,#880));
#457=AXIS2_PLACEMENT_3D('',#881,#882,#883);
#458=EDGE_LOOP('',(#884,#885,#886,#887));
#459=AXIS2_PLACEMENT_3D('',#888,#889,#890);
#460=EDGE_LOOP('',(#891,#892,#893,#894));
#461=AXIS2_PLACEMENT_3D('',#895,#896,#897);
#462=EDGE_LOOP('',(#898,#899,#900,#901));
#463=AXIS2_PLACEMENT_3D('',#902,#903,#904);
#464=EDGE_LOOP('',(#905,#906,#907,#908));
#465=AXIS2_PLACEMENT_3D('',#909,#910,#911);
#466=EDGE_LOOP('',(#912,#913,#914,#915));
#467=AXIS2_PLACEMENT_3D('',#916,#917,#918);
#468=EDGE_LOOP('',(#919,#920,#921,#922));
#469=AXIS2_PLACEMENT_3D('',#923,#924,#925);
#470=EDGE_LOOP('',(#926,#927,#928,#929));
#471=AXIS2_PLACEMENT_3D('',#930,#931,#932);
#472=EDGE_LOOP('',(#933,#934,#935,#936));
#473=AXIS2_PLACEMENT_3D('',#937,#938,#939);
#474=EDGE_LOOP('',(#940,#941,#942,#943));
#475=AXIS2_PLACEMENT_3D('',#944,#945,#946);
#476=EDGE_LOOP('',(#947,#948,#949,#950));
#477=AXIS2_PLACEMENT_3D('',#951,#952,#953);
#478=EDGE_LOOP('',(#954,#955,#956,#957));
#479=AXIS2_PLACEMENT_3D('',#958,#959,#960);
#480=EDGE_LOOP('',(#961,#962,#963,#964));
#481=AXIS2_PLACEMENT_3D('',#965,#966,#967);
#482=EDGE_LOOP('',(#968,#969,#970,#971));
#483=AXIS2_PLACEMENT_3D('',#972,#973,#974);
#484=EDGE_LOOP('',(#975,#976,#977,#978));
#485=AXIS2_PLACEMENT_3D('',#979,#980,#981);
#486=EDGE_LOOP('',(#982,#983,#984,#985));
#487=AXIS2_PLACEMENT_3D('',#986,#987,#988);
#488=EDGE_LOOP('',(#989,#990,#991,#992));
#489=AXIS2_PLACEMENT_3D('',#993,#994,#995);
#490=EDGE_LOOP('',(#996,#997,#998,#999));
#491=AXIS2_PLACEMENT_3D('',#1000,#1001,#1002);
#492=EDGE_LOOP('',(#1003,#1004,#1005,#1006));
#493=AXIS2_PLACEMENT_3D('',#1007,#1008,#1009);
#494=EDGE_LOOP('',(#1010,#1011,#1012,#1013));
#495=AXIS2_PLACEMENT_3D('',#1014,#1015,#1016);
#496=EDGE_LOOP('',(#1017,#1018,#1019,#1020));
#497=AXIS2_PLACEMENT_3D('',#1021,#1022,#1023);
#498=EDGE_LOOP('',(#1024,#1025,#1026,#1027));
#499=AXIS2_PLACEMENT_3D('',#1028,#1029,#1030);
#500=EDGE_LOOP('',(#1031,#1032,#1033,#1034));
#501=AXIS2_PLACEMENT_3D('',#1035,#1036,#1037);
#502=EDGE_LOOP('',(#1038,#1039,#1040,#1041));
#503=AXIS2_PLACEMENT_3D('',#1042,#1043,#1044);
#504=EDGE_LOOP('',(#1045,#1046,#1047,#1048));
#505=AXIS2_PLACEMENT_3D('',#1049,#1050,#1051);
#506=EDGE_LOOP('',(#1052,#1053,#1054,#1055));
#507=AXIS2_PLACEMENT_3D('',#1056,#1057,#1058);
#508=EDGE_LOOP('',(#1059,#1060,#1061,#1062));
#509=AXIS2_PLACEMENT_3D('',#1063,#1064,#1065);
#510=EDGE_LOOP('',(#1066,#1067,#1068,#1069));
#511=AXIS2_PLACEMENT_3D('',#1070,#1071,#1072);
#512=EDGE_LOOP('',(#1073,#1074,#1075,#1076));
#513=AXIS2_PLACEMENT_3D('',#1077,#1078,#1079);
#514=EDGE_LOOP('',(#1080,#1081,#1082,#1083));
#515=EDGE_LOOP('',(#1084,#1085,#1086,#1087));
#516=AXIS2_PLACEMENT_3D('',#1088,#1089,#1090);
#517=EDGE_LOOP('',(#1091,#1092,#1093,#1094,#1095,#1096,#1097,#1098,#1099,#1100,#1101,#1102,#1103,#1104,#1105,#1106,#1107,#1108,#1109,#1110));
#518=AXIS2_PLACEMENT_3D('',#1111,#1112,#1113);
#519=EDGE_LOOP('',(#1114,#1115,#1116,#1117));
#520=AXIS2_PLACEMENT_3D('',#1118,#1119,#1120);
#521=EDGE_LOOP('',(#1121,#1122,#1123,#1124));
#522=AXIS2_PLACEMENT_3D('',#1125,#1126,#1127);
#523=EDGE_LOOP('',(#1128,#1129,#1130,#1131));
#524=AXIS2_PLACEMENT_3D('',#1132,#1133,#1134);
#525=EDGE_LOOP('',(#1135,#1136,#1137,#1138));
#526=AXIS2_PLACEMENT_3D('',#1139,#1140,#1141);
#527=EDGE_LOOP('',(#1142,#1143,#1144,#1145));
#528=EDGE_LOOP('',(#1146,#1147,#1148,#1149));
#529=AXIS2_PLACEMENT_3D('',#1150,#1151,#1152);
#530=EDGE_LOOP('',(#1153,#1154,#1155,#1156));
#531=AXIS2_PLACEMENT_3D('',#1157,#1158,#1159);
#532=EDGE_LOOP('',(#1160,#1161,#1162,#1163));
#533=AXIS2_PLACEMENT_3D('',#1164,#1165,#1166);
#534=EDGE_LOOP('',(#1167,#1168,#1169,#1170));
#535=AXIS2_PLACEMENT_3D('',#1171,#1172,#1173);
#536=EDGE_LOOP('',(#1174,#1175,#1176,#1177));
#537=EDGE_LOOP('',(#1178,#1179,#1180,#1181));
#538=AXIS2_PLACEMENT_3D('',#1182,#1183,#1184);
#539=EDGE_LOOP('',(#1185,#1186,#1187,#1188));
#540=AXIS2_PLACEMENT_3D('',#1189,#1190,#1191);
#541=EDGE_LOOP('',(#1192,#1193,#1194,#1195));
#542=AXIS2_PLACEMENT_3D('',#1196,#1197,#1198);
#543=EDGE_LOOP('',(#1199,#1200,#1201,#1202));
#544=AXIS2_PLACEMENT_3D('',#1203,#1204,#1205);
#545=EDGE_LOOP('',(#1206,#1207,#1208,#1209));
#546=EDGE_LOOP('',(#1210,#1211,#1212,#1213));
#547=AXIS2_PLACEMENT_3D('',#1214,#1215,#1216);
#548=EDGE_LOOP('',(#1217,#1218,#1219,#1220));
#549=AXIS2_PLACEMENT_3D('',#1221,#1222,#1223);
#550=EDGE_LOOP('',(#1224,#1225,#1226,#1227,#1228,#1229,#1230,#1231,#1232,#1233,#1234,#1235,#1236,#1237,#1238,#1239,#1240,#1241,#1242,#1243));
#551=AXIS2_PLACEMENT_3D('',#1244,#1245,#1246);
#552=EDGE_LOOP('',(#1247,#1248,#1249,#1250));
#553=AXIS2_PLACEMENT_3D('',#1251,#1252,#1253);
#554=EDGE_LOOP('',(#1254,#1255,#1256,#1257));
#555=EDGE_LOOP('',(#1258,#1259,#1260,#1261));
#556=EDGE_LOOP('',(#1262,#1263,#1264,#1265));
#557=EDGE_LOOP('',(#1266,#1267,#1268,#1269));
#558=EDGE_LOOP('',(#1270,#1271,#1272,#1273));
#559=AXIS2_PLACEMENT_3D('',#1274,#1275,#1276);
#560=EDGE_LOOP('',(#1277,#1278,#1279,#1280));
#561=AXIS2_PLACEMENT_3D('',#1281,#1282,#1283);
#562=ORIENTED_EDGE('',*,*,#1284,.F.);
#563=ORIENTED_EDGE('',*,*,#1285,.F.);
#564=ORIENTED_EDGE('',*,*,#1286,.T.);
#565=ORIENTED_EDGE('',*,*,#1287,.F.);
#566=CARTESIAN_POINT('',(9.4615,-0.9208,0.0));
#567=DIRECTION('',(-1.0,0.0,0.0));
#568=DIRECTION('',(0.0,0.0,1.0));
#569=ORIENTED_EDGE('',*,*,#1288,.F.);
#570=ORIENTED_EDGE('',*,*,#1289,.T.);
#571=ORIENTED_EDGE('',*,*,#1290,.T.);
#572=ORIENTED_EDGE('',*,*,#1285,.T.);
#573=CARTESIAN_POINT('',(9.144,-0.9208,0.3175));
#574=DIRECTION('',(0.0,0.0,1.0));
#575=DIRECTION('',(1.0,0.0,0.0));
#576=ORIENTED_EDGE('',*,*,#1291,.F.);
#577=ORIENTED_EDGE('',*,*,#1292,.F.);
#578=ORIENTED_EDGE('',*,*,#1293,.F.);
#579=ORIENTED_EDGE('',*,*,#1290,.F.);
#580=CARTESIAN_POINT('',(9.644,-2.49861500107503,0.250825));
#581=DIRECTION('',(1.66486039565513E-16,0.4226182617407,-0.90630778703665));
#582=DIRECTION('',(7.7633715225295E-17,-0.90630778703665,-0.4226182617407));
#583=ORIENTED_EDGE('',*,*,#1293,.T.);
#584=ORIENTED_EDGE('',*,*,#1294,.F.);
#585=ORIENTED_EDGE('',*,*,#1295,.T.);
#586=ORIENTED_EDGE('',*,*,#1286,.F.);
#587=CARTESIAN_POINT('',(9.394825,-2.49861500107503,-0.5));
#588=DIRECTION('',(-0.90630778703665,0.4226182617407,0.0));
#589=DIRECTION('',(-0.4226182617407,-0.90630778703665,-0.0));
#590=ORIENTED_EDGE('',*,*,#1291,.T.);
#591=ORIENTED_EDGE('',*,*,#1296,.F.);
#592=ORIENTED_EDGE('',*,*,#1297,.F.);
#593=ORIENTED_EDGE('',*,*,#1298,.F.);
#594=CARTESIAN_POINT('',(8.893175,-2.49861500107503,0.5));
#595=DIRECTION('',(0.90630778703665,0.4226182617407,1.10990693043675E-16));
#596=DIRECTION('',(0.4226182617407,-0.90630778703665,5.17558101501966E-17));
#597=ORIENTED_EDGE('',*,*,#1299,.F.);
#598=ORIENTED_EDGE('',*,*,#1300,.F.);
#599=ORIENTED_EDGE('',*,*,#1296,.T.);
#600=ORIENTED_EDGE('',*,*,#1289,.F.);
#601=CARTESIAN_POINT('',(8.8265,-0.9208,0.0));
#602=DIRECTION('',(1.0,0.0,0.0));
#603=DIRECTION('',(0.0,0.0,-1.0));
#604=ORIENTED_EDGE('',*,*,#1297,.T.);
#605=ORIENTED_EDGE('',*,*,#1301,.F.);
#606=ORIENTED_EDGE('',*,*,#1295,.F.);
#607=ORIENTED_EDGE('',*,*,#1302,.F.);
#608=CARTESIAN_POINT('',(8.644,-2.49861500107503,-0.250825));
#609=DIRECTION('',(-5.54953465218377E-17,0.4226182617407,0.90630778703665));
#610=DIRECTION('',(-2.58779050750983E-17,-0.90630778703665,0.4226182617407));
#611=ORIENTED_EDGE('',*,*,#1303,.F.);
#612=ORIENTED_EDGE('',*,*,#1287,.T.);
#613=ORIENTED_EDGE('',*,*,#1301,.T.);
#614=ORIENTED_EDGE('',*,*,#1300,.T.);
#615=CARTESIAN_POINT('',(9.144,-0.9208,-0.3175));
#616=DIRECTION('',(0.0,0.0,1.0));
#617=DIRECTION('',(1.0,0.0,0.0));
#618=ORIENTED_EDGE('',*,*,#1292,.T.);
#619=ORIENTED_EDGE('',*,*,#1298,.T.);
#620=ORIENTED_EDGE('',*,*,#1302,.T.);
#621=ORIENTED_EDGE('',*,*,#1294,.T.);
#622=CARTESIAN_POINT('',(9.144,-2.6416,0.0));
#623=DIRECTION('',(0.0,1.0,0.0));
#624=DIRECTION('',(0.0,0.0,1.0));
#625=ORIENTED_EDGE('',*,*,#1304,.F.);
#626=ORIENTED_EDGE('',*,*,#1305,.F.);
#627=ORIENTED_EDGE('',*,*,#1306,.T.);
#628=ORIENTED_EDGE('',*,*,#1307,.F.);
#629=CARTESIAN_POINT('',(6.9215,-0.9208,0.0));
#630=DIRECTION('',(-1.0,0.0,0.0));
#631=DIRECTION('',(0.0,0.0,1.0));
#632=ORIENTED_EDGE('',*,*,#1308,.F.);
#633=ORIENTED_EDGE('',*,*,#1309,.T.);
#634=ORIENTED_EDGE('',*,*,#1310,.T.);
#635=ORIENTED_EDGE('',*,*,#1305,.T.);
#636=CARTESIAN_POINT('',(6.604,-0.9208,0.3175));
#637=DIRECTION('',(0.0,0.0,1.0));
#638=DIRECTION('',(1.0,0.0,0.0));
#639=ORIENTED_EDGE('',*,*,#1311,.F.);
#640=ORIENTED_EDGE('',*,*,#1312,.F.);
#641=ORIENTED_EDGE('',*,*,#1313,.F.);
#642=ORIENTED_EDGE('',*,*,#1310,.F.);
#643=CARTESIAN_POINT('',(7.104,-2.49861500107503,0.250825));
#644=DIRECTION('',(1.66486039565513E-16,0.4226182617407,-0.90630778703665));
#645=DIRECTION('',(7.7633715225295E-17,-0.90630778703665,-0.4226182617407));
#646=ORIENTED_EDGE('',*,*,#1313,.T.);
#647=ORIENTED_EDGE('',*,*,#1314,.F.);
#648=ORIENTED_EDGE('',*,*,#1315,.T.);
#649=ORIENTED_EDGE('',*,*,#1306,.F.);
#650=CARTESIAN_POINT('',(6.854825,-2.49861500107503,-0.5));
#651=DIRECTION('',(-0.90630778703665,0.4226182617407,0.0));
#652=DIRECTION('',(-0.4226182617407,-0.90630778703665,-0.0));
#653=ORIENTED_EDGE('',*,*,#1311,.T.);
#654=ORIENTED_EDGE('',*,*,#1316,.F.);
#655=ORIENTED_EDGE('',*,*,#1317,.F.);
#656=ORIENTED_EDGE('',*,*,#1318,.F.);
#657=CARTESIAN_POINT('',(6.353175,-2.49861500107503,0.5));
#658=DIRECTION('',(0.90630778703665,0.4226182617407,1.10990693043675E-16));
#659=DIRECTION('',(0.4226182617407,-0.90630778703665,5.17558101501966E-17));
#660=ORIENTED_EDGE('',*,*,#1319,.F.);
#661=ORIENTED_EDGE('',*,*,#1320,.F.);
#662=ORIENTED_EDGE('',*,*,#1316,.T.);
#663=ORIENTED_EDGE('',*,*,#1309,.F.);
#664=CARTESIAN_POINT('',(6.2865,-0.9208,0.0));
#665=DIRECTION('',(1.0,0.0,0.0));
#666=DIRECTION('',(0.0,0.0,-1.0));
#667=ORIENTED_EDGE('',*,*,#1317,.T.);
#668=ORIENTED_EDGE('',*,*,#1321,.F.);
#669=ORIENTED_EDGE('',*,*,#1315,.F.);
#670=ORIENTED_EDGE('',*,*,#1322,.F.);
#671=CARTESIAN_POINT('',(6.104,-2.49861500107503,-0.250825));
#672=DIRECTION('',(-5.54953465218377E-17,0.4226182617407,0.90630778703665));
#673=DIRECTION('',(-2.58779050750983E-17,-0.90630778703665,0.4226182617407));
#674=ORIENTED_EDGE('',*,*,#1323,.F.);
#675=ORIENTED_EDGE('',*,*,#1307,.T.);
#676=ORIENTED_EDGE('',*,*,#1321,.T.);
#677=ORIENTED_EDGE('',*,*,#1320,.T.);
#678=CARTESIAN_POINT('',(6.604,-0.9208,-0.3175));
#679=DIRECTION('',(0.0,0.0,1.0));
#680=DIRECTION('',(1.0,0.0,0.0));
#681=ORIENTED_EDGE('',*,*,#1312,.T.);
#682=ORIENTED_EDGE('',*,*,#1318,.T.);
#683=ORIENTED_EDGE('',*,*,#1322,.T.);
#684=ORIENTED_EDGE('',*,*,#1314,.T.);
#685=CARTESIAN_POINT('',(6.604,-2.6416,0.0));
#686=DIRECTION('',(0.0,1.0,0.0));
#687=DIRECTION('',(0.0,0.0,1.0));
#688=ORIENTED_EDGE('',*,*,#1324,.F.);
#689=ORIENTED_EDGE('',*,*,#1325,.F.);
#690=ORIENTED_EDGE('',*,*,#1326,.T.);
#691=ORIENTED_EDGE('',*,*,#1327,.F.);
#692=CARTESIAN_POINT('',(4.3815,-0.9208,0.0));
#693=DIRECTION('',(-1.0,0.0,0.0));
#694=DIRECTION('',(0.0,0.0,1.0));
#695=ORIENTED_EDGE('',*,*,#1328,.F.);
#696=ORIENTED_EDGE('',*,*,#1329,.T.);
#697=ORIENTED_EDGE('',*,*,#1330,.T.);
#698=ORIENTED_EDGE('',*,*,#1325,.T.);
#699=CARTESIAN_POINT('',(4.064,-0.9208,0.3175));
#700=DIRECTION('',(0.0,0.0,1.0));
#701=DIRECTION('',(1.0,0.0,0.0));
#702=ORIENTED_EDGE('',*,*,#1331,.F.);
#703=ORIENTED_EDGE('',*,*,#1332,.F.);
#704=ORIENTED_EDGE('',*,*,#1333,.F.);
#705=ORIENTED_EDGE('',*,*,#1330,.F.);
#706=CARTESIAN_POINT('',(4.564,-2.49861500107503,0.250825));
#707=DIRECTION('',(1.66486039565513E-16,0.4226182617407,-0.90630778703665));
#708=DIRECTION('',(7.7633715225295E-17,-0.90630778703665,-0.4226182617407));
#709=ORIENTED_EDGE('',*,*,#1333,.T.);
#710=ORIENTED_EDGE('',*,*,#1334,.F.);
#711=ORIENTED_EDGE('',*,*,#1335,.T.);
#712=ORIENTED_EDGE('',*,*,#1326,.F.);
#713=CARTESIAN_POINT('',(4.314825,-2.49861500107503,-0.5));
#714=DIRECTION('',(-0.90630778703665,0.4226182617407,0.0));
#715=DIRECTION('',(-0.4226182617407,-0.90630778703665,-0.0));
#716=ORIENTED_EDGE('',*,*,#1331,.T.);
#717=ORIENTED_EDGE('',*,*,#1336,.F.);
#718=ORIENTED_EDGE('',*,*,#1337,.F.);
#719=ORIENTED_EDGE('',*,*,#1338,.F.);
#720=CARTESIAN_POINT('',(3.813175,-2.49861500107503,0.5));
#721=DIRECTION('',(0.90630778703665,0.4226182617407,1.10990693043675E-16));
#722=DIRECTION('',(0.4226182617407,-0.90630778703665,5.17558101501966E-17));
#723=ORIENTED_EDGE('',*,*,#1339,.F.);
#724=ORIENTED_EDGE('',*,*,#1340,.F.);
#725=ORIENTED_EDGE('',*,*,#1336,.T.);
#726=ORIENTED_EDGE('',*,*,#1329,.F.);
#727=CARTESIAN_POINT('',(3.7465,-0.9208,0.0));
#728=DIRECTION('',(1.0,0.0,0.0));
#729=DIRECTION('',(0.0,0.0,-1.0));
#730=ORIENTED_EDGE('',*,*,#1337,.T.);
#731=ORIENTED_EDGE('',*,*,#1341,.F.);
#732=ORIENTED_EDGE('',*,*,#1335,.F.);
#733=ORIENTED_EDGE('',*,*,#1342,.F.);
#734=CARTESIAN_POINT('',(3.564,-2.49861500107503,-0.250825));
#735=DIRECTION('',(-5.54953465218377E-17,0.4226182617407,0.90630778703665));
#736=DIRECTION('',(-2.58779050750983E-17,-0.90630778703665,0.4226182617407));
#737=ORIENTED_EDGE('',*,*,#1343,.F.);
#738=ORIENTED_EDGE('',*,*,#1327,.T.);
#739=ORIENTED_EDGE('',*,*,#1341,.T.);
#740=ORIENTED_EDGE('',*,*,#1340,.T.);
#741=CARTESIAN_POINT('',(4.064,-0.9208,-0.3175));
#742=DIRECTION('',(0.0,0.0,1.0));
#743=DIRECTION('',(1.0,0.0,0.0));
#744=ORIENTED_EDGE('',*,*,#1332,.T.);
#745=ORIENTED_EDGE('',*,*,#1338,.T.);
#746=ORIENTED_EDGE('',*,*,#1342,.T.);
#747=ORIENTED_EDGE('',*,*,#1334,.T.);
#748=CARTESIAN_POINT('',(4.064,-2.6416,0.0));
#749=DIRECTION('',(0.0,1.0,0.0));
#750=DIRECTION('',(0.0,0.0,1.0));
#751=ORIENTED_EDGE('',*,*,#1344,.F.);
#752=ORIENTED_EDGE('',*,*,#1345,.F.);
#753=ORIENTED_EDGE('',*,*,#1346,.T.);
#754=ORIENTED_EDGE('',*,*,#1347,.F.);
#755=CARTESIAN_POINT('',(1.8415,-0.9208,0.0));
#756=DIRECTION('',(-1.0,0.0,0.0));
#757=DIRECTION('',(0.0,0.0,1.0));
#758=ORIENTED_EDGE('',*,*,#1348,.F.);
#759=ORIENTED_EDGE('',*,*,#1349,.T.);
#760=ORIENTED_EDGE('',*,*,#1350,.T.);
#761=ORIENTED_EDGE('',*,*,#1345,.T.);
#762=CARTESIAN_POINT('',(1.524,-0.9208,0.3175));
#763=DIRECTION('',(0.0,0.0,1.0));
#764=DIRECTION('',(1.0,0.0,0.0));
#765=ORIENTED_EDGE('',*,*,#1351,.F.);
#766=ORIENTED_EDGE('',*,*,#1352,.F.);
#767=ORIENTED_EDGE('',*,*,#1353,.F.);
#768=ORIENTED_EDGE('',*,*,#1350,.F.);
#769=CARTESIAN_POINT('',(2.024,-2.49861500107503,0.250825));
#770=DIRECTION('',(1.66486039565513E-16,0.4226182617407,-0.90630778703665));
#771=DIRECTION('',(7.7633715225295E-17,-0.90630778703665,-0.4226182617407));
#772=ORIENTED_EDGE('',*,*,#1353,.T.);
#773=ORIENTED_EDGE('',*,*,#1354,.F.);
#774=ORIENTED_EDGE('',*,*,#1355,.T.);
#775=ORIENTED_EDGE('',*,*,#1346,.F.);
#776=CARTESIAN_POINT('',(1.774825,-2.49861500107503,-0.5));
#777=DIRECTION('',(-0.90630778703665,0.4226182617407,0.0));
#778=DIRECTION('',(-0.4226182617407,-0.90630778703665,-0.0));
#779=ORIENTED_EDGE('',*,*,#1351,.T.);
#780=ORIENTED_EDGE('',*,*,#1356,.F.);
#781=ORIENTED_EDGE('',*,*,#1357,.F.);
#782=ORIENTED_EDGE('',*,*,#1358,.F.);
#783=CARTESIAN_POINT('',(1.273175,-2.49861500107503,0.5));
#784=DIRECTION('',(0.90630778703665,0.4226182617407,1.10990693043675E-16));
#785=DIRECTION('',(0.4226182617407,-0.90630778703665,5.17558101501966E-17));
#786=ORIENTED_EDGE('',*,*,#1359,.F.);
#787=ORIENTED_EDGE('',*,*,#1360,.F.);
#788=ORIENTED_EDGE('',*,*,#1356,.T.);
#789=ORIENTED_EDGE('',*,*,#1349,.F.);
#790=CARTESIAN_POINT('',(1.2065,-0.9208,0.0));
#791=DIRECTION('',(1.0,0.0,0.0));
#792=DIRECTION('',(0.0,0.0,-1.0));
#793=ORIENTED_EDGE('',*,*,#1357,.T.);
#794=ORIENTED_EDGE('',*,*,#1361,.F.);
#795=ORIENTED_EDGE('',*,*,#1355,.F.);
#796=ORIENTED_EDGE('',*,*,#1362,.F.);
#797=CARTESIAN_POINT('',(1.024,-2.49861500107503,-0.250825));
#798=DIRECTION('',(-5.54953465218377E-17,0.4226182617407,0.90630778703665));
#799=DIRECTION('',(-2.58779050750983E-17,-0.90630778703665,0.4226182617407));
#800=ORIENTED_EDGE('',*,*,#1363,.F.);
#801=ORIENTED_EDGE('',*,*,#1347,.T.);
#802=ORIENTED_EDGE('',*,*,#1361,.T.);
#803=ORIENTED_EDGE('',*,*,#1360,.T.);
#804=CARTESIAN_POINT('',(1.524,-0.9208,-0.3175));
#805=DIRECTION('',(0.0,0.0,1.0));
#806=DIRECTION('',(1.0,0.0,0.0));
#807=ORIENTED_EDGE('',*,*,#1352,.T.);
#808=ORIENTED_EDGE('',*,*,#1358,.T.);
#809=ORIENTED_EDGE('',*,*,#1362,.T.);
#810=ORIENTED_EDGE('',*,*,#1354,.T.);
#811=CARTESIAN_POINT('',(1.524,-2.6416,0.0));
#812=DIRECTION('',(0.0,1.0,0.0));
#813=DIRECTION('',(0.0,0.0,1.0));
#814=ORIENTED_EDGE('',*,*,#1364,.T.);
#815=ORIENTED_EDGE('',*,*,#1365,.F.);
#816=ORIENTED_EDGE('',*,*,#1366,.T.);
#817=ORIENTED_EDGE('',*,*,#1367,.T.);
#818=CARTESIAN_POINT('',(10.144,8.3185,0.5842));
#819=DIRECTION('',(1.29893408435324E-16,0.707106781186548,-0.707106781186547));
#820=DIRECTION('',(1.29893408435324E-16,-0.707106781186547,-0.707106781186548));
#821=ORIENTED_EDGE('',*,*,#1366,.F.);
#822=ORIENTED_EDGE('',*,*,#1368,.F.);
#823=ORIENTED_EDGE('',*,*,#1369,.F.);
#824=ORIENTED_EDGE('',*,*,#1370,.T.);
#825=CARTESIAN_POINT('',(9.7282,8.3185,-1.0));
#826=DIRECTION('',(-0.707106781186547,0.707106781186548,0.0));
#827=DIRECTION('',(-0.707106781186548,-0.707106781186547,-0.0));
#828=ORIENTED_EDGE('',*,*,#1364,.F.);
#829=ORIENTED_EDGE('',*,*,#1371,.T.);
#830=ORIENTED_EDGE('',*,*,#1372,.T.);
#831=ORIENTED_EDGE('',*,*,#1373,.F.);
#832=CARTESIAN_POINT('',(8.5598,8.3185,1.0));
#833=DIRECTION('',(0.707106781186547,0.707106781186548,8.65956056235493E-17));
#834=DIRECTION('',(0.707106781186548,-0.707106781186547,8.65956056235493E-17));
#835=ORIENTED_EDGE('',*,*,#1372,.F.);
#836=ORIENTED_EDGE('',*,*,#1374,.T.);
#837=ORIENTED_EDGE('',*,*,#1369,.T.);
#838=ORIENTED_EDGE('',*,*,#1375,.F.);
#839=CARTESIAN_POINT('',(8.144,8.3185,-0.5842));
#840=DIRECTION('',(-4.32978028117746E-17,0.707106781186548,0.707106781186547));
#841=DIRECTION('',(-4.32978028117747E-17,-0.707106781186547,0.707106781186548));
#842=ORIENTED_EDGE('',*,*,#1370,.F.);
#843=ORIENTED_EDGE('',*,*,#1376,.T.);
#844=ORIENTED_EDGE('',*,*,#1377,.F.);
#845=ORIENTED_EDGE('',*,*,#1378,.T.);
#846=CARTESIAN_POINT('',(9.5377,5.2625,0.0));
#847=DIRECTION('',(-1.0,0.0,0.0));
#848=DIRECTION('',(0.0,0.0,1.0));
#849=ORIENTED_EDGE('',*,*,#1374,.F.);
#850=ORIENTED_EDGE('',*,*,#1379,.F.);
#851=ORIENTED_EDGE('',*,*,#1380,.F.);
#852=ORIENTED_EDGE('',*,*,#1376,.F.);
#853=CARTESIAN_POINT('',(9.144,5.2625,-0.3937));
#854=DIRECTION('',(0.0,0.0,1.0));
#855=DIRECTION('',(1.0,0.0,0.0));
#856=ORIENTED_EDGE('',*,*,#1367,.F.);
#857=ORIENTED_EDGE('',*,*,#1378,.F.);
#858=ORIENTED_EDGE('',*,*,#1381,.F.);
#859=ORIENTED_EDGE('',*,*,#1382,.F.);
#860=CARTESIAN_POINT('',(9.144,5.2625,0.3937));
#861=DIRECTION('',(0.0,0.0,1.0));
#862=DIRECTION('',(1.0,0.0,0.0));
#863=ORIENTED_EDGE('',*,*,#1383,.F.);
#864=ORIENTED_EDGE('',*,*,#1381,.T.);
#865=ORIENTED_EDGE('',*,*,#1377,.T.);
#866=ORIENTED_EDGE('',*,*,#1380,.T.);
#867=CARTESIAN_POINT('',(9.144,1.008,0.0));
#868=DIRECTION('',(0.0,1.0,0.0));
#869=DIRECTION('',(0.0,0.0,1.0));
#870=ORIENTED_EDGE('',*,*,#1371,.F.);
#871=ORIENTED_EDGE('',*,*,#1382,.T.);
#872=ORIENTED_EDGE('',*,*,#1383,.T.);
#873=ORIENTED_EDGE('',*,*,#1379,.T.);
#874=CARTESIAN_POINT('',(8.7503,5.2625,0.0));
#875=DIRECTION('',(1.0,0.0,0.0));
#876=DIRECTION('',(0.0,0.0,-1.0));
#877=ORIENTED_EDGE('',*,*,#1384,.T.);
#878=ORIENTED_EDGE('',*,*,#1385,.F.);
#879=ORIENTED_EDGE('',*,*,#1386,.T.);
#880=ORIENTED_EDGE('',*,*,#1387,.T.);
#881=CARTESIAN_POINT('',(7.604,8.3185,0.5842));
#882=DIRECTION('',(1.29893408435324E-16,0.707106781186548,-0.707106781186547));
#883=DIRECTION('',(1.29893408435324E-16,-0.707106781186547,-0.707106781186548));
#884=ORIENTED_EDGE('',*,*,#1386,.F.);
#885=ORIENTED_EDGE('',*,*,#1388,.F.);
#886=ORIENTED_EDGE('',*,*,#1389,.F.);
#887=ORIENTED_EDGE('',*,*,#1390,.T.);
#888=CARTESIAN_POINT('',(7.1882,8.3185,-1.0));
#889=DIRECTION('',(-0.707106781186547,0.707106781186548,0.0));
#890=DIRECTION('',(-0.707106781186548,-0.707106781186547,-0.0));
#891=ORIENTED_EDGE('',*,*,#1384,.F.);
#892=ORIENTED_EDGE('',*,*,#1391,.T.);
#893=ORIENTED_EDGE('',*,*,#1392,.T.);
#894=ORIENTED_EDGE('',*,*,#1393,.F.);
#895=CARTESIAN_POINT('',(6.0198,8.3185,1.0));
#896=DIRECTION('',(0.707106781186547,0.707106781186548,8.65956056235493E-17));
#897=DIRECTION('',(0.707106781186548,-0.707106781186547,8.65956056235493E-17));
#898=ORIENTED_EDGE('',*,*,#1392,.F.);
#899=ORIENTED_EDGE('',*,*,#1394,.T.);
#900=ORIENTED_EDGE('',*,*,#1389,.T.);
#901=ORIENTED_EDGE('',*,*,#1395,.F.);
#902=CARTESIAN_POINT('',(5.604,8.3185,-0.5842));
#903=DIRECTION('',(-4.32978028117746E-17,0.707106781186548,0.707106781186547));
#904=DIRECTION('',(-4.32978028117747E-17,-0.707106781186547,0.707106781186548));
#905=ORIENTED_EDGE('',*,*,#1390,.F.);
#906=ORIENTED_EDGE('',*,*,#1396,.T.);
#907=ORIENTED_EDGE('',*,*,#1397,.F.);
#908=ORIENTED_EDGE('',*,*,#1398,.T.);
#909=CARTESIAN_POINT('',(6.9977,5.2625,0.0));
#910=DIRECTION('',(-1.0,0.0,0.0));
#911=DIRECTION('',(0.0,0.0,1.0));
#912=ORIENTED_EDGE('',*,*,#1394,.F.);
#913=ORIENTED_EDGE('',*,*,#1399,.F.);
#914=ORIENTED_EDGE('',*,*,#1400,.F.);
#915=ORIENTED_EDGE('',*,*,#1396,.F.);
#916=CARTESIAN_POINT('',(6.604,5.2625,-0.3937));
#917=DIRECTION('',(0.0,0.0,1.0));
#918=DIRECTION('',(1.0,0.0,0.0));
#919=ORIENTED_EDGE('',*,*,#1387,.F.);
#920=ORIENTED_EDGE('',*,*,#1398,.F.);
#921=ORIENTED_EDGE('',*,*,#1401,.F.);
#922=ORIENTED_EDGE('',*,*,#1402,.F.);
#923=CARTESIAN_POINT('',(6.604,5.2625,0.3937));
#924=DIRECTION('',(0.0,0.0,1.0));
#925=DIRECTION('',(1.0,0.0,0.0));
#926=ORIENTED_EDGE('',*,*,#1403,.F.);
#927=ORIENTED_EDGE('',*,*,#1401,.T.);
#928=ORIENTED_EDGE('',*,*,#1397,.T.);
#929=ORIENTED_EDGE('',*,*,#1400,.T.);
#930=CARTESIAN_POINT('',(6.604,1.008,0.0));
#931=DIRECTION('',(0.0,1.0,0.0));
#932=DIRECTION('',(0.0,0.0,1.0));
#933=ORIENTED_EDGE('',*,*,#1391,.F.);
#934=ORIENTED_EDGE('',*,*,#1402,.T.);
#935=ORIENTED_EDGE('',*,*,#1403,.T.);
#936=ORIENTED_EDGE('',*,*,#1399,.T.);
#937=CARTESIAN_POINT('',(6.2103,5.2625,0.0));
#938=DIRECTION('',(1.0,0.0,0.0));
#939=DIRECTION('',(0.0,0.0,-1.0));
#940=ORIENTED_EDGE('',*,*,#1404,.T.);
#941=ORIENTED_EDGE('',*,*,#1405,.F.);
#942=ORIENTED_EDGE('',*,*,#1406,.T.);
#943=ORIENTED_EDGE('',*,*,#1407,.T.);
#944=CARTESIAN_POINT('',(5.064,8.3185,0.5842));
#945=DIRECTION('',(1.29893408435324E-16,0.707106781186548,-0.707106781186547));
#946=DIRECTION('',(1.29893408435324E-16,-0.707106781186547,-0.707106781186548));
#947=ORIENTED_EDGE('',*,*,#1406,.F.);
#948=ORIENTED_EDGE('',*,*,#1408,.F.);
#949=ORIENTED_EDGE('',*,*,#1409,.F.);
#950=ORIENTED_EDGE('',*,*,#1410,.T.);
#951=CARTESIAN_POINT('',(4.6482,8.3185,-1.0));
#952=DIRECTION('',(-0.707106781186547,0.707106781186548,0.0));
#953=DIRECTION('',(-0.707106781186548,-0.707106781186547,-0.0));
#954=ORIENTED_EDGE('',*,*,#1404,.F.);
#955=ORIENTED_EDGE('',*,*,#1411,.T.);
#956=ORIENTED_EDGE('',*,*,#1412,.T.);
#957=ORIENTED_EDGE('',*,*,#1413,.F.);
#958=CARTESIAN_POINT('',(3.4798,8.3185,1.0));
#959=DIRECTION('',(0.707106781186547,0.707106781186548,8.65956056235493E-17));
#960=DIRECTION('',(0.707106781186548,-0.707106781186547,8.65956056235493E-17));
#961=ORIENTED_EDGE('',*,*,#1412,.F.);
#962=ORIENTED_EDGE('',*,*,#1414,.T.);
#963=ORIENTED_EDGE('',*,*,#1409,.T.);
#964=ORIENTED_EDGE('',*,*,#1415,.F.);
#965=CARTESIAN_POINT('',(3.064,8.3185,-0.5842));
#966=DIRECTION('',(-4.32978028117746E-17,0.707106781186548,0.707106781186547));
#967=DIRECTION('',(-4.32978028117747E-17,-0.707106781186547,0.707106781186548));
#968=ORIENTED_EDGE('',*,*,#1410,.F.);
#969=ORIENTED_EDGE('',*,*,#1416,.T.);
#970=ORIENTED_EDGE('',*,*,#1417,.F.);
#971=ORIENTED_EDGE('',*,*,#1418,.T.);
#972=CARTESIAN_POINT('',(4.4577,5.2625,0.0));
#973=DIRECTION('',(-1.0,0.0,0.0));
#974=DIRECTION('',(0.0,0.0,1.0));
#975=ORIENTED_EDGE('',*,*,#1414,.F.);
#976=ORIENTED_EDGE('',*,*,#1419,.F.);
#977=ORIENTED_EDGE('',*,*,#1420,.F.);
#978=ORIENTED_EDGE('',*,*,#1416,.F.);
#979=CARTESIAN_POINT('',(4.064,5.2625,-0.3937));
#980=DIRECTION('',(0.0,0.0,1.0));
#981=DIRECTION('',(1.0,0.0,0.0));
#982=ORIENTED_EDGE('',*,*,#1407,.F.);
#983=ORIENTED_EDGE('',*,*,#1418,.F.);
#984=ORIENTED_EDGE('',*,*,#1421,.F.);
#985=ORIENTED_EDGE('',*,*,#1422,.F.);
#986=CARTESIAN_POINT('',(4.064,5.2625,0.3937));
#987=DIRECTION('',(0.0,0.0,1.0));
#988=DIRECTION('',(1.0,0.0,0.0));
#989=ORIENTED_EDGE('',*,*,#1423,.F.);
#990=ORIENTED_EDGE('',*,*,#1421,.T.);
#991=ORIENTED_EDGE('',*,*,#1417,.T.);
#992=ORIENTED_EDGE('',*,*,#1420,.T.);
#993=CARTESIAN_POINT('',(4.064,1.008,0.0));
#994=DIRECTION('',(0.0,1.0,0.0));
#995=DIRECTION('',(0.0,0.0,1.0));
#996=ORIENTED_EDGE('',*,*,#1411,.F.);
#997=ORIENTED_EDGE('',*,*,#1422,.T.);
#998=ORIENTED_EDGE('',*,*,#1423,.T.);
#999=ORIENTED_EDGE('',*,*,#1419,.T.);
#1000=CARTESIAN_POINT('',(3.6703,5.2625,0.0));
#1001=DIRECTION('',(1.0,0.0,0.0));
#1002=DIRECTION('',(0.0,0.0,-1.0));
#1003=ORIENTED_EDGE('',*,*,#1424,.T.);
#1004=ORIENTED_EDGE('',*,*,#1425,.F.);
#1005=ORIENTED_EDGE('',*,*,#1426,.T.);
#1006=ORIENTED_EDGE('',*,*,#1427,.T.);
#1007=CARTESIAN_POINT('',(2.524,8.3185,0.5842));
#1008=DIRECTION('',(1.29893408435324E-16,0.707106781186548,-0.707106781186547));
#1009=DIRECTION('',(1.29893408435324E-16,-0.707106781186547,-0.707106781186548));
#1010=ORIENTED_EDGE('',*,*,#1426,.F.);
#1011=ORIENTED_EDGE('',*,*,#1428,.F.);
#1012=ORIENTED_EDGE('',*,*,#1429,.F.);
#1013=ORIENTED_EDGE('',*,*,#1430,.T.);
#1014=CARTESIAN_POINT('',(2.1082,8.3185,-1.0));
#1015=DIRECTION('',(-0.707106781186547,0.707106781186548,0.0));
#1016=DIRECTION('',(-0.707106781186548,-0.707106781186547,-0.0));
#1017=ORIENTED_EDGE('',*,*,#1424,.F.);
#1018=ORIENTED_EDGE('',*,*,#1431,.T.);
#1019=ORIENTED_EDGE('',*,*,#1432,.T.);
#1020=ORIENTED_EDGE('',*,*,#1433,.F.);
#1021=CARTESIAN_POINT('',(0.9398,8.3185,1.0));
#1022=DIRECTION('',(0.707106781186547,0.707106781186548,8.65956056235493E-17));
#1023=DIRECTION('',(0.707106781186548,-0.707106781186547,8.65956056235493E-17));
#1024=ORIENTED_EDGE('',*,*,#1432,.F.);
#1025=ORIENTED_EDGE('',*,*,#1434,.T.);
#1026=ORIENTED_EDGE('',*,*,#1429,.T.);
#1027=ORIENTED_EDGE('',*,*,#1435,.F.);
#1028=CARTESIAN_POINT('',(0.524,8.3185,-0.5842));
#1029=DIRECTION('',(-4.32978028117746E-17,0.707106781186548,0.707106781186547));
#1030=DIRECTION('',(-4.32978028117747E-17,-0.707106781186547,0.707106781186548));
#1031=ORIENTED_EDGE('',*,*,#1430,.F.);
#1032=ORIENTED_EDGE('',*,*,#1436,.T.);
#1033=ORIENTED_EDGE('',*,*,#1437,.F.);
#1034=ORIENTED_EDGE('',*,*,#1438,.T.);
#1035=CARTESIAN_POINT('',(1.9177,5.2625,0.0));
#1036=DIRECTION('',(-1.0,0.0,0.0));
#1037=DIRECTION('',(0.0,0.0,1.0));
#1038=ORIENTED_EDGE('',*,*,#1434,.F.);
#1039=ORIENTED_EDGE('',*,*,#1439,.F.);
#1040=ORIENTED_EDGE('',*,*,#1440,.F.);
#1041=ORIENTED_EDGE('',*,*,#1436,.F.);
#1042=CARTESIAN_POINT('',(1.524,5.2625,-0.3937));
#1043=DIRECTION('',(0.0,0.0,1.0));
#1044=DIRECTION('',(1.0,0.0,0.0));
#1045=ORIENTED_EDGE('',*,*,#1427,.F.);
#1046=ORIENTED_EDGE('',*,*,#1438,.F.);
#1047=ORIENTED_EDGE('',*,*,#1441,.F.);
#1048=ORIENTED_EDGE('',*,*,#1442,.F.);
#1049=CARTESIAN_POINT('',(1.524,5.2625,0.3937));
#1050=DIRECTION('',(0.0,0.0,1.0));
#1051=DIRECTION('',(1.0,0.0,0.0));
#1052=ORIENTED_EDGE('',*,*,#1443,.F.);
#1053=ORIENTED_EDGE('',*,*,#1441,.T.);
#1054=ORIENTED_EDGE('',*,*,#1437,.T.);
#1055=ORIENTED_EDGE('',*,*,#1440,.T.);
#1056=CARTESIAN_POINT('',(1.524,1.008,0.0));
#1057=DIRECTION('',(0.0,1.0,0.0));
#1058=DIRECTION('',(0.0,0.0,1.0));
#1059=ORIENTED_EDGE('',*,*,#1431,.F.);
#1060=ORIENTED_EDGE('',*,*,#1442,.T.);
#1061=ORIENTED_EDGE('',*,*,#1443,.T.);
#1062=ORIENTED_EDGE('',*,*,#1439,.T.);
#1063=CARTESIAN_POINT('',(1.1303,5.2625,0.0));
#1064=DIRECTION('',(1.0,0.0,0.0));
#1065=DIRECTION('',(0.0,0.0,-1.0));
#1066=ORIENTED_EDGE('',*,*,#1444,.F.);
#1067=ORIENTED_EDGE('',*,*,#1445,.T.);
#1068=ORIENTED_EDGE('',*,*,#1446,.F.);
#1069=ORIENTED_EDGE('',*,*,#1447,.F.);
#1070=CARTESIAN_POINT('',(10.16,0.00800000000000001,0.0));
#1071=DIRECTION('',(-1.0,0.0,0.0));
#1072=DIRECTION('',(0.0,0.0,1.0));
#1073=ORIENTED_EDGE('',*,*,#1448,.F.);
#1074=ORIENTED_EDGE('',*,*,#1449,.F.);
#1075=ORIENTED_EDGE('',*,*,#1450,.F.);
#1076=ORIENTED_EDGE('',*,*,#1451,.F.);
#1077=CARTESIAN_POINT('',(8.128,0.00800000000000001,0.0));
#1078=DIRECTION('',(1.0,0.0,0.0));
#1079=DIRECTION('',(0.0,0.0,-1.0));
#1080=ORIENTED_EDGE('',*,*,#1288,.T.);
#1081=ORIENTED_EDGE('',*,*,#1284,.T.);
#1082=ORIENTED_EDGE('',*,*,#1303,.T.);
#1083=ORIENTED_EDGE('',*,*,#1299,.T.);
#1084=ORIENTED_EDGE('',*,*,#1452,.F.);
#1085=ORIENTED_EDGE('',*,*,#1451,.T.);
#1086=ORIENTED_EDGE('',*,*,#1453,.F.);
#1087=ORIENTED_EDGE('',*,*,#1445,.F.);
#1088=CARTESIAN_POINT('',(9.144,0.508,0.0));
#1089=DIRECTION('',(0.0,-1.0,0.0));
#1090=DIRECTION('',(0.0,0.0,-1.0));
#1091=ORIENTED_EDGE('',*,*,#1446,.T.);
#1092=ORIENTED_EDGE('',*,*,#1453,.T.);
#1093=ORIENTED_EDGE('',*,*,#1450,.T.);
#1094=ORIENTED_EDGE('',*,*,#1454,.T.);
#1095=ORIENTED_EDGE('',*,*,#1455,.T.);
#1096=ORIENTED_EDGE('',*,*,#1456,.T.);
#1097=ORIENTED_EDGE('',*,*,#1457,.T.);
#1098=ORIENTED_EDGE('',*,*,#1458,.T.);
#1099=ORIENTED_EDGE('',*,*,#1459,.T.);
#1100=ORIENTED_EDGE('',*,*,#1460,.T.);
#1101=ORIENTED_EDGE('',*,*,#1461,.T.);
#1102=ORIENTED_EDGE('',*,*,#1462,.T.);
#1103=ORIENTED_EDGE('',*,*,#1463,.T.);
#1104=ORIENTED_EDGE('',*,*,#1464,.T.);
#1105=ORIENTED_EDGE('',*,*,#1465,.T.);
#1106=ORIENTED_EDGE('',*,*,#1466,.T.);
#1107=ORIENTED_EDGE('',*,*,#1467,.T.);
#1108=ORIENTED_EDGE('',*,*,#1468,.T.);
#1109=ORIENTED_EDGE('',*,*,#1469,.T.);
#1110=ORIENTED_EDGE('',*,*,#1470,.T.);
#1111=CARTESIAN_POINT('',(5.334,4.2545,-1.2065));
#1112=DIRECTION('',(0.0,0.0,1.0));
#1113=DIRECTION('',(1.0,0.0,0.0));
#1114=ORIENTED_EDGE('',*,*,#1449,.T.);
#1115=ORIENTED_EDGE('',*,*,#1471,.F.);
#1116=ORIENTED_EDGE('',*,*,#1472,.T.);
#1117=ORIENTED_EDGE('',*,*,#1454,.F.);
#1118=CARTESIAN_POINT('',(5.334,0.0,0.0));
#1119=DIRECTION('',(0.0,1.0,0.0));
#1120=DIRECTION('',(0.0,0.0,1.0));
#1121=ORIENTED_EDGE('',*,*,#1447,.T.);
#1122=ORIENTED_EDGE('',*,*,#1470,.F.);
#1123=ORIENTED_EDGE('',*,*,#1473,.F.);
#1124=ORIENTED_EDGE('',*,*,#1474,.F.);
#1125=CARTESIAN_POINT('',(5.334,0.0,0.0));
#1126=DIRECTION('',(0.0,1.0,0.0));
#1127=DIRECTION('',(0.0,0.0,1.0));
#1128=ORIENTED_EDGE('',*,*,#1475,.F.);
#1129=ORIENTED_EDGE('',*,*,#1476,.T.);
#1130=ORIENTED_EDGE('',*,*,#1455,.F.);
#1131=ORIENTED_EDGE('',*,*,#1472,.F.);
#1132=CARTESIAN_POINT('',(7.62,0.00800000000000001,0.0));
#1133=DIRECTION('',(-1.0,0.0,0.0));
#1134=DIRECTION('',(0.0,0.0,1.0));
#1135=ORIENTED_EDGE('',*,*,#1477,.F.);
#1136=ORIENTED_EDGE('',*,*,#1478,.F.);
#1137=ORIENTED_EDGE('',*,*,#1457,.F.);
#1138=ORIENTED_EDGE('',*,*,#1479,.F.);
#1139=CARTESIAN_POINT('',(5.588,0.00800000000000001,0.0));
#1140=DIRECTION('',(1.0,0.0,0.0));
#1141=DIRECTION('',(0.0,0.0,-1.0));
#1142=ORIENTED_EDGE('',*,*,#1308,.T.);
#1143=ORIENTED_EDGE('',*,*,#1304,.T.);
#1144=ORIENTED_EDGE('',*,*,#1323,.T.);
#1145=ORIENTED_EDGE('',*,*,#1319,.T.);
#1146=ORIENTED_EDGE('',*,*,#1480,.F.);
#1147=ORIENTED_EDGE('',*,*,#1479,.T.);
#1148=ORIENTED_EDGE('',*,*,#1456,.F.);
#1149=ORIENTED_EDGE('',*,*,#1476,.F.);
#1150=CARTESIAN_POINT('',(6.604,0.508,0.0));
#1151=DIRECTION('',(0.0,-1.0,0.0));
#1152=DIRECTION('',(0.0,0.0,-1.0));
#1153=ORIENTED_EDGE('',*,*,#1478,.T.);
#1154=ORIENTED_EDGE('',*,*,#1481,.F.);
#1155=ORIENTED_EDGE('',*,*,#1482,.T.);
#1156=ORIENTED_EDGE('',*,*,#1458,.F.);
#1157=CARTESIAN_POINT('',(5.334,0.0,0.0));
#1158=DIRECTION('',(0.0,1.0,0.0));
#1159=DIRECTION('',(0.0,0.0,1.0));
#1160=ORIENTED_EDGE('',*,*,#1483,.F.);
#1161=ORIENTED_EDGE('',*,*,#1484,.T.);
#1162=ORIENTED_EDGE('',*,*,#1459,.F.);
#1163=ORIENTED_EDGE('',*,*,#1482,.F.);
#1164=CARTESIAN_POINT('',(5.08,0.00800000000000001,0.0));
#1165=DIRECTION('',(-1.0,0.0,0.0));
#1166=DIRECTION('',(0.0,0.0,1.0));
#1167=ORIENTED_EDGE('',*,*,#1485,.F.);
#1168=ORIENTED_EDGE('',*,*,#1486,.F.);
#1169=ORIENTED_EDGE('',*,*,#1461,.F.);
#1170=ORIENTED_EDGE('',*,*,#1487,.F.);
#1171=CARTESIAN_POINT('',(3.048,0.00800000000000001,0.0));
#1172=DIRECTION('',(1.0,0.0,0.0));
#1173=DIRECTION('',(0.0,0.0,-1.0));
#1174=ORIENTED_EDGE('',*,*,#1328,.T.);
#1175=ORIENTED_EDGE('',*,*,#1324,.T.);
#1176=ORIENTED_EDGE('',*,*,#1343,.T.);
#1177=ORIENTED_EDGE('',*,*,#1339,.T.);
#1178=ORIENTED_EDGE('',*,*,#1488,.F.);
#1179=ORIENTED_EDGE('',*,*,#1487,.T.);
#1180=ORIENTED_EDGE('',*,*,#1460,.F.);
#1181=ORIENTED_EDGE('',*,*,#1484,.F.);
#1182=CARTESIAN_POINT('',(4.064,0.508,0.0));
#1183=DIRECTION('',(0.0,-1.0,0.0));
#1184=DIRECTION('',(0.0,0.0,-1.0));
#1185=ORIENTED_EDGE('',*,*,#1486,.T.);
#1186=ORIENTED_EDGE('',*,*,#1489,.F.);
#1187=ORIENTED_EDGE('',*,*,#1490,.T.);
#1188=ORIENTED_EDGE('',*,*,#1462,.F.);
#1189=CARTESIAN_POINT('',(5.334,0.0,0.0));
#1190=DIRECTION('',(0.0,1.0,0.0));
#1191=DIRECTION('',(0.0,0.0,1.0));
#1192=ORIENTED_EDGE('',*,*,#1491,.F.);
#1193=ORIENTED_EDGE('',*,*,#1492,.T.);
#1194=ORIENTED_EDGE('',*,*,#1463,.F.);
#1195=ORIENTED_EDGE('',*,*,#1490,.F.);
#1196=CARTESIAN_POINT('',(2.54,0.00800000000000001,0.0));
#1197=DIRECTION('',(-1.0,0.0,0.0));
#1198=DIRECTION('',(0.0,0.0,1.0));
#1199=ORIENTED_EDGE('',*,*,#1493,.F.);
#1200=ORIENTED_EDGE('',*,*,#1494,.F.);
#1201=ORIENTED_EDGE('',*,*,#1465,.F.);
#1202=ORIENTED_EDGE('',*,*,#1495,.F.);
#1203=CARTESIAN_POINT('',(0.508,0.00800000000000001,0.0));
#1204=DIRECTION('',(1.0,0.0,0.0));
#1205=DIRECTION('',(0.0,0.0,-1.0));
#1206=ORIENTED_EDGE('',*,*,#1348,.T.);
#1207=ORIENTED_EDGE('',*,*,#1344,.T.);
#1208=ORIENTED_EDGE('',*,*,#1363,.T.);
#1209=ORIENTED_EDGE('',*,*,#1359,.T.);
#1210=ORIENTED_EDGE('',*,*,#1496,.F.);
#1211=ORIENTED_EDGE('',*,*,#1495,.T.);
#1212=ORIENTED_EDGE('',*,*,#1464,.F.);
#1213=ORIENTED_EDGE('',*,*,#1492,.F.);
#1214=CARTESIAN_POINT('',(1.524,0.508,0.0));
#1215=DIRECTION('',(0.0,-1.0,0.0));
#1216=DIRECTION('',(0.0,0.0,-1.0));
#1217=ORIENTED_EDGE('',*,*,#1494,.T.);
#1218=ORIENTED_EDGE('',*,*,#1497,.F.);
#1219=ORIENTED_EDGE('',*,*,#1498,.T.);
#1220=ORIENTED_EDGE('',*,*,#1466,.F.);
#1221=CARTESIAN_POINT('',(5.334,0.0,0.0));
#1222=DIRECTION('',(0.0,1.0,0.0));
#1223=DIRECTION('',(0.0,0.0,1.0));
#1224=ORIENTED_EDGE('',*,*,#1444,.T.);
#1225=ORIENTED_EDGE('',*,*,#1474,.T.);
#1226=ORIENTED_EDGE('',*,*,#1499,.T.);
#1227=ORIENTED_EDGE('',*,*,#1500,.T.);
#1228=ORIENTED_EDGE('',*,*,#1501,.T.);
#1229=ORIENTED_EDGE('',*,*,#1497,.T.);
#1230=ORIENTED_EDGE('',*,*,#1493,.T.);
#1231=ORIENTED_EDGE('',*,*,#1496,.T.);
#1232=ORIENTED_EDGE('',*,*,#1491,.T.);
#1233=ORIENTED_EDGE('',*,*,#1489,.T.);
#1234=ORIENTED_EDGE('',*,*,#1485,.T.);
#1235=ORIENTED_EDGE('',*,*,#1488,.T.);
#1236=ORIENTED_EDGE('',*,*,#1483,.T.);
#1237=ORIENTED_EDGE('',*,*,#1481,.T.);
#1238=ORIENTED_EDGE('',*,*,#1477,.T.);
#1239=ORIENTED_EDGE('',*,*,#1480,.T.);
#1240=ORIENTED_EDGE('',*,*,#1475,.T.);
#1241=ORIENTED_EDGE('',*,*,#1471,.T.);
#1242=ORIENTED_EDGE('',*,*,#1448,.T.);
#1243=ORIENTED_EDGE('',*,*,#1452,.T.);
#1244=CARTESIAN_POINT('',(5.334,4.2545,1.2065));
#1245=DIRECTION('',(0.0,0.0,1.0));
#1246=DIRECTION('',(1.0,0.0,0.0));
#1247=ORIENTED_EDGE('',*,*,#1502,.T.);
#1248=ORIENTED_EDGE('',*,*,#1467,.F.);
#1249=ORIENTED_EDGE('',*,*,#1498,.F.);
#1250=ORIENTED_EDGE('',*,*,#1501,.F.);
#1251=CARTESIAN_POINT('',(0.0,4.2545,0.0));
#1252=DIRECTION('',(1.0,0.0,0.0));
#1253=DIRECTION('',(0.0,0.0,-1.0));
#1254=ORIENTED_EDGE('',*,*,#1365,.T.);
#1255=ORIENTED_EDGE('',*,*,#1373,.T.);
#1256=ORIENTED_EDGE('',*,*,#1375,.T.);
#1257=ORIENTED_EDGE('',*,*,#1368,.T.);
#1258=ORIENTED_EDGE('',*,*,#1385,.T.);
#1259=ORIENTED_EDGE('',*,*,#1393,.T.);
#1260=ORIENTED_EDGE('',*,*,#1395,.T.);
#1261=ORIENTED_EDGE('',*,*,#1388,.T.);
#1262=ORIENTED_EDGE('',*,*,#1405,.T.);
#1263=ORIENTED_EDGE('',*,*,#1413,.T.);
#1264=ORIENTED_EDGE('',*,*,#1415,.T.);
#1265=ORIENTED_EDGE('',*,*,#1408,.T.);
#1266=ORIENTED_EDGE('',*,*,#1425,.T.);
#1267=ORIENTED_EDGE('',*,*,#1433,.T.);
#1268=ORIENTED_EDGE('',*,*,#1435,.T.);
#1269=ORIENTED_EDGE('',*,*,#1428,.T.);
#1270=ORIENTED_EDGE('',*,*,#1503,.T.);
#1271=ORIENTED_EDGE('',*,*,#1468,.F.);
#1272=ORIENTED_EDGE('',*,*,#1502,.F.);
#1273=ORIENTED_EDGE('',*,*,#1500,.F.);
#1274=CARTESIAN_POINT('',(5.334,8.509,0.0));
#1275=DIRECTION('',(0.0,-1.0,0.0));
#1276=DIRECTION('',(0.0,0.0,-1.0));
#1277=ORIENTED_EDGE('',*,*,#1473,.T.);
#1278=ORIENTED_EDGE('',*,*,#1469,.F.);
#1279=ORIENTED_EDGE('',*,*,#1503,.F.);
#1280=ORIENTED_EDGE('',*,*,#1499,.F.);
#1281=CARTESIAN_POINT('',(10.668,4.2545,0.0));
#1282=DIRECTION('',(-1.0,0.0,0.0));
#1283=DIRECTION('',(0.0,0.0,1.0));
#1284=EDGE_CURVE('',#1504,#1505,#1506,.T.);
#1285=EDGE_CURVE('',#1507,#1504,#1508,.T.);
#1286=EDGE_CURVE('',#1507,#1509,#1510,.T.);
#1287=EDGE_CURVE('',#1505,#1509,#1511,.T.);
#1288=EDGE_CURVE('',#1512,#1504,#1513,.T.);
#1289=EDGE_CURVE('',#1512,#1514,#1515,.T.);
#1290=EDGE_CURVE('',#1514,#1507,#1516,.T.);
#1291=EDGE_CURVE('',#1517,#1514,#1518,.T.);
#1292=EDGE_CURVE('',#1519,#1517,#1520,.T.);
#1293=EDGE_CURVE('',#1507,#1519,#1521,.T.);
#1294=EDGE_CURVE('',#1522,#1519,#1523,.T.);
#1295=EDGE_CURVE('',#1522,#1509,#1524,.T.);
#1296=EDGE_CURVE('',#1525,#1514,#1526,.T.);
#1297=EDGE_CURVE('',#1527,#1525,#1528,.T.);
#1298=EDGE_CURVE('',#1517,#1527,#1529,.T.);
#1299=EDGE_CURVE('',#1530,#1512,#1531,.T.);
#1300=EDGE_CURVE('',#1525,#1530,#1532,.T.);
#1301=EDGE_CURVE('',#1509,#1525,#1533,.T.);
#1302=EDGE_CURVE('',#1527,#1522,#1534,.T.);
#1303=EDGE_CURVE('',#1505,#1530,#1535,.T.);
#1304=EDGE_CURVE('',#1536,#1537,#1538,.T.);
#1305=EDGE_CURVE('',#1539,#1536,#1540,.T.);
#1306=EDGE_CURVE('',#1539,#1541,#1542,.T.);
#1307=EDGE_CURVE('',#1537,#1541,#1543,.T.);
#1308=EDGE_CURVE('',#1544,#1536,#1545,.T.);
#1309=EDGE_CURVE('',#1544,#1546,#1547,.T.);
#1310=EDGE_CURVE('',#1546,#1539,#1548,.T.);
#1311=EDGE_CURVE('',#1549,#1546,#1550,.T.);
#1312=EDGE_CURVE('',#1551,#1549,#1552,.T.);
#1313=EDGE_CURVE('',#1539,#1551,#1553,.T.);
#1314=EDGE_CURVE('',#1554,#1551,#1555,.T.);
#1315=EDGE_CURVE('',#1554,#1541,#1556,.T.);
#1316=EDGE_CURVE('',#1557,#1546,#1558,.T.);
#1317=EDGE_CURVE('',#1559,#1557,#1560,.T.);
#1318=EDGE_CURVE('',#1549,#1559,#1561,.T.);
#1319=EDGE_CURVE('',#1562,#1544,#1563,.T.);
#1320=EDGE_CURVE('',#1557,#1562,#1564,.T.);
#1321=EDGE_CURVE('',#1541,#1557,#1565,.T.);
#1322=EDGE_CURVE('',#1559,#1554,#1566,.T.);
#1323=EDGE_CURVE('',#1537,#1562,#1567,.T.);
#1324=EDGE_CURVE('',#1568,#1569,#1570,.T.);
#1325=EDGE_CURVE('',#1571,#1568,#1572,.T.);
#1326=EDGE_CURVE('',#1571,#1573,#1574,.T.);
#1327=EDGE_CURVE('',#1569,#1573,#1575,.T.);
#1328=EDGE_CURVE('',#1576,#1568,#1577,.T.);
#1329=EDGE_CURVE('',#1576,#1578,#1579,.T.);
#1330=EDGE_CURVE('',#1578,#1571,#1580,.T.);
#1331=EDGE_CURVE('',#1581,#1578,#1582,.T.);
#1332=EDGE_CURVE('',#1583,#1581,#1584,.T.);
#1333=EDGE_CURVE('',#1571,#1583,#1585,.T.);
#1334=EDGE_CURVE('',#1586,#1583,#1587,.T.);
#1335=EDGE_CURVE('',#1586,#1573,#1588,.T.);
#1336=EDGE_CURVE('',#1589,#1578,#1590,.T.);
#1337=EDGE_CURVE('',#1591,#1589,#1592,.T.);
#1338=EDGE_CURVE('',#1581,#1591,#1593,.T.);
#1339=EDGE_CURVE('',#1594,#1576,#1595,.T.);
#1340=EDGE_CURVE('',#1589,#1594,#1596,.T.);
#1341=EDGE_CURVE('',#1573,#1589,#1597,.T.);
#1342=EDGE_CURVE('',#1591,#1586,#1598,.T.);
#1343=EDGE_CURVE('',#1569,#1594,#1599,.T.);
#1344=EDGE_CURVE('',#1600,#1601,#1602,.T.);
#1345=EDGE_CURVE('',#1603,#1600,#1604,.T.);
#1346=EDGE_CURVE('',#1603,#1605,#1606,.T.);
#1347=EDGE_CURVE('',#1601,#1605,#1607,.T.);
#1348=EDGE_CURVE('',#1608,#1600,#1609,.T.);
#1349=EDGE_CURVE('',#1608,#1610,#1611,.T.);
#1350=EDGE_CURVE('',#1610,#1603,#1612,.T.);
#1351=EDGE_CURVE('',#1613,#1610,#1614,.T.);
#1352=EDGE_CURVE('',#1615,#1613,#1616,.T.);
#1353=EDGE_CURVE('',#1603,#1615,#1617,.T.);
#1354=EDGE_CURVE('',#1618,#1615,#1619,.T.);
#1355=EDGE_CURVE('',#1618,#1605,#1620,.T.);
#1356=EDGE_CURVE('',#1621,#1610,#1622,.T.);
#1357=EDGE_CURVE('',#1623,#1621,#1624,.T.);
#1358=EDGE_CURVE('',#1613,#1623,#1625,.T.);
#1359=EDGE_CURVE('',#1626,#1608,#1627,.T.);
#1360=EDGE_CURVE('',#1621,#1626,#1628,.T.);
#1361=EDGE_CURVE('',#1605,#1621,#1629,.T.);
#1362=EDGE_CURVE('',#1623,#1618,#1630,.T.);
#1363=EDGE_CURVE('',#1601,#1626,#1631,.T.);
#1364=EDGE_CURVE('',#1632,#1633,#1634,.T.);
#1365=EDGE_CURVE('',#1635,#1633,#1636,.T.);
#1366=EDGE_CURVE('',#1635,#1637,#1638,.T.);
#1367=EDGE_CURVE('',#1637,#1632,#1639,.T.);
#1368=EDGE_CURVE('',#1640,#1635,#1641,.T.);
#1369=EDGE_CURVE('',#1642,#1640,#1643,.T.);
#1370=EDGE_CURVE('',#1642,#1637,#1644,.T.);
#1371=EDGE_CURVE('',#1632,#1645,#1646,.T.);
#1372=EDGE_CURVE('',#1645,#1647,#1648,.T.);
#1373=EDGE_CURVE('',#1633,#1647,#1649,.T.);
#1374=EDGE_CURVE('',#1645,#1642,#1650,.T.);
#1375=EDGE_CURVE('',#1647,#1640,#1651,.T.);
#1376=EDGE_CURVE('',#1642,#1652,#1653,.T.);
#1377=EDGE_CURVE('',#1654,#1652,#1655,.T.);
#1378=EDGE_CURVE('',#1654,#1637,#1656,.T.);
#1379=EDGE_CURVE('',#1657,#1645,#1658,.T.);
#1380=EDGE_CURVE('',#1652,#1657,#1659,.T.);
#1381=EDGE_CURVE('',#1660,#1654,#1661,.T.);
#1382=EDGE_CURVE('',#1632,#1660,#1662,.T.);
#1383=EDGE_CURVE('',#1660,#1657,#1663,.T.);
#1384=EDGE_CURVE('',#1664,#1665,#1666,.T.);
#1385=EDGE_CURVE('',#1667,#1665,#1668,.T.);
#1386=EDGE_CURVE('',#1667,#1669,#1670,.T.);
#1387=EDGE_CURVE('',#1669,#1664,#1671,.T.);
#1388=EDGE_CURVE('',#1672,#1667,#1673,.T.);
#1389=EDGE_CURVE('',#1674,#1672,#1675,.T.);
#1390=EDGE_CURVE('',#1674,#1669,#1676,.T.);
#1391=EDGE_CURVE('',#1664,#1677,#1678,.T.);
#1392=EDGE_CURVE('',#1677,#1679,#1680,.T.);
#1393=EDGE_CURVE('',#1665,#1679,#1681,.T.);
#1394=EDGE_CURVE('',#1677,#1674,#1682,.T.);
#1395=EDGE_CURVE('',#1679,#1672,#1683,.T.);
#1396=EDGE_CURVE('',#1674,#1684,#1685,.T.);
#1397=EDGE_CURVE('',#1686,#1684,#1687,.T.);
#1398=EDGE_CURVE('',#1686,#1669,#1688,.T.);
#1399=EDGE_CURVE('',#1689,#1677,#1690,.T.);
#1400=EDGE_CURVE('',#1684,#1689,#1691,.T.);
#1401=EDGE_CURVE('',#1692,#1686,#1693,.T.);
#1402=EDGE_CURVE('',#1664,#1692,#1694,.T.);
#1403=EDGE_CURVE('',#1692,#1689,#1695,.T.);
#1404=EDGE_CURVE('',#1696,#1697,#1698,.T.);
#1405=EDGE_CURVE('',#1699,#1697,#1700,.T.);
#1406=EDGE_CURVE('',#1699,#1701,#1702,.T.);
#1407=EDGE_CURVE('',#1701,#1696,#1703,.T.);
#1408=EDGE_CURVE('',#1704,#1699,#1705,.T.);
#1409=EDGE_CURVE('',#1706,#1704,#1707,.T.);
#1410=EDGE_CURVE('',#1706,#1701,#1708,.T.);
#1411=EDGE_CURVE('',#1696,#1709,#1710,.T.);
#1412=EDGE_CURVE('',#1709,#1711,#1712,.T.);
#1413=EDGE_CURVE('',#1697,#1711,#1713,.T.);
#1414=EDGE_CURVE('',#1709,#1706,#1714,.T.);
#1415=EDGE_CURVE('',#1711,#1704,#1715,.T.);
#1416=EDGE_CURVE('',#1706,#1716,#1717,.T.);
#1417=EDGE_CURVE('',#1718,#1716,#1719,.T.);
#1418=EDGE_CURVE('',#1718,#1701,#1720,.T.);
#1419=EDGE_CURVE('',#1721,#1709,#1722,.T.);
#1420=EDGE_CURVE('',#1716,#1721,#1723,.T.);
#1421=EDGE_CURVE('',#1724,#1718,#1725,.T.);
#1422=EDGE_CURVE('',#1696,#1724,#1726,.T.);
#1423=EDGE_CURVE('',#1724,#1721,#1727,.T.);
#1424=EDGE_CURVE('',#1728,#1729,#1730,.T.);
#1425=EDGE_CURVE('',#1731,#1729,#1732,.T.);
#1426=EDGE_CURVE('',#1731,#1733,#1734,.T.);
#1427=EDGE_CURVE('',#1733,#1728,#1735,.T.);
#1428=EDGE_CURVE('',#1736,#1731,#1737,.T.);
#1429=EDGE_CURVE('',#1738,#1736,#1739,.T.);
#1430=EDGE_CURVE('',#1738,#1733,#1740,.T.);
#1431=EDGE_CURVE('',#1728,#1741,#1742,.T.);
#1432=EDGE_CURVE('',#1741,#1743,#1744,.T.);
#1433=EDGE_CURVE('',#1729,#1743,#1745,.T.);
#1434=EDGE_CURVE('',#1741,#1738,#1746,.T.);
#1435=EDGE_CURVE('',#1743,#1736,#1747,.T.);
#1436=EDGE_CURVE('',#1738,#1748,#1749,.T.);
#1437=EDGE_CURVE('',#1750,#1748,#1751,.T.);
#1438=EDGE_CURVE('',#1750,#1733,#1752,.T.);
#1439=EDGE_CURVE('',#1753,#1741,#1754,.T.);
#1440=EDGE_CURVE('',#1748,#1753,#1755,.T.);
#1441=EDGE_CURVE('',#1756,#1750,#1757,.T.);
#1442=EDGE_CURVE('',#1728,#1756,#1758,.T.);
#1443=EDGE_CURVE('',#1756,#1753,#1759,.T.);
#1444=EDGE_CURVE('',#1760,#1761,#1762,.T.);
#1445=EDGE_CURVE('',#1760,#1763,#1764,.T.);
#1446=EDGE_CURVE('',#1765,#1763,#1766,.T.);
#1447=EDGE_CURVE('',#1761,#1765,#1767,.T.);
#1448=EDGE_CURVE('',#1768,#1769,#1770,.T.);
#1449=EDGE_CURVE('',#1771,#1768,#1772,.T.);
#1450=EDGE_CURVE('',#1773,#1771,#1774,.T.);
#1451=EDGE_CURVE('',#1769,#1773,#1775,.T.);
#1452=EDGE_CURVE('',#1769,#1760,#1776,.T.);
#1453=EDGE_CURVE('',#1763,#1773,#1777,.T.);
#1454=EDGE_CURVE('',#1771,#1778,#1779,.T.);
#1455=EDGE_CURVE('',#1778,#1780,#1781,.T.);
#1456=EDGE_CURVE('',#1780,#1782,#1783,.T.);
#1457=EDGE_CURVE('',#1782,#1784,#1785,.T.);
#1458=EDGE_CURVE('',#1784,#1786,#1787,.T.);
#1459=EDGE_CURVE('',#1786,#1788,#1789,.T.);
#1460=EDGE_CURVE('',#1788,#1790,#1791,.T.);
#1461=EDGE_CURVE('',#1790,#1792,#1793,.T.);
#1462=EDGE_CURVE('',#1792,#1794,#1795,.T.);
#1463=EDGE_CURVE('',#1794,#1796,#1797,.T.);
#1464=EDGE_CURVE('',#1796,#1798,#1799,.T.);
#1465=EDGE_CURVE('',#1798,#1800,#1801,.T.);
#1466=EDGE_CURVE('',#1800,#1802,#1803,.T.);
#1467=EDGE_CURVE('',#1802,#1804,#1805,.T.);
#1468=EDGE_CURVE('',#1804,#1806,#1807,.T.);
#1469=EDGE_CURVE('',#1806,#1808,#1809,.T.);
#1470=EDGE_CURVE('',#1808,#1765,#1810,.T.);
#1471=EDGE_CURVE('',#1811,#1768,#1812,.T.);
#1472=EDGE_CURVE('',#1811,#1778,#1813,.T.);
#1473=EDGE_CURVE('',#1814,#1808,#1815,.T.);
#1474=EDGE_CURVE('',#1761,#1814,#1816,.T.);
#1475=EDGE_CURVE('',#1817,#1811,#1818,.T.);
#1476=EDGE_CURVE('',#1817,#1780,#1819,.T.);
#1477=EDGE_CURVE('',#1820,#1821,#1822,.T.);
#1478=EDGE_CURVE('',#1784,#1820,#1823,.T.);
#1479=EDGE_CURVE('',#1821,#1782,#1824,.T.);
#1480=EDGE_CURVE('',#1821,#1817,#1825,.T.);
#1481=EDGE_CURVE('',#1826,#1820,#1827,.T.);
#1482=EDGE_CURVE('',#1826,#1786,#1828,.T.);
#1483=EDGE_CURVE('',#1829,#1826,#1830,.T.);
#1484=EDGE_CURVE('',#1829,#1788,#1831,.T.);
#1485=EDGE_CURVE('',#1832,#1833,#1834,.T.);
#1486=EDGE_CURVE('',#1792,#1832,#1835,.T.);
#1487=EDGE_CURVE('',#1833,#1790,#1836,.T.);
#1488=EDGE_CURVE('',#1833,#1829,#1837,.T.);
#1489=EDGE_CURVE('',#1838,#1832,#1839,.T.);
#1490=EDGE_CURVE('',#1838,#1794,#1840,.T.);
#1491=EDGE_CURVE('',#1841,#1838,#1842,.T.);
#1492=EDGE_CURVE('',#1841,#1796,#1843,.T.);
#1493=EDGE_CURVE('',#1844,#1845,#1846,.T.);
#1494=EDGE_CURVE('',#1800,#1844,#1847,.T.);
#1495=EDGE_CURVE('',#1845,#1798,#1848,.T.);
#1496=EDGE_CURVE('',#1845,#1841,#1849,.T.);
#1497=EDGE_CURVE('',#1850,#1844,#1851,.T.);
#1498=EDGE_CURVE('',#1850,#1802,#1852,.T.);
#1499=EDGE_CURVE('',#1814,#1853,#1854,.T.);
#1500=EDGE_CURVE('',#1853,#1855,#1856,.T.);
#1501=EDGE_CURVE('',#1855,#1850,#1857,.T.);
#1502=EDGE_CURVE('',#1855,#1804,#1858,.T.);
#1503=EDGE_CURVE('',#1853,#1806,#1859,.T.);
#1504=VERTEX_POINT('',#1860);
#1505=VERTEX_POINT('',#1861);
#1506=LINE('',#1862,#1863);
#1507=VERTEX_POINT('',#1864);
#1508=LINE('',#1865,#1866);
#1509=VERTEX_POINT('',#1867);
#1510=LINE('',#1868,#1869);
#1511=LINE('',#1870,#1871);
#1512=VERTEX_POINT('',#1872);
#1513=LINE('',#1873,#1874);
#1514=VERTEX_POINT('',#1875);
#1515=LINE('',#1876,#1877);
#1516=LINE('',#1878,#1879);
#1517=VERTEX_POINT('',#1880);
#1518=LINE('',#1881,#1882);
#1519=VERTEX_POINT('',#1883);
#1520=LINE('',#1884,#1885);
#1521=LINE('',#1886,#1887);
#1522=VERTEX_POINT('',#1888);
#1523=LINE('',#1889,#1890);
#1524=LINE('',#1891,#1892);
#1525=VERTEX_POINT('',#1893);
#1526=LINE('',#1894,#1895);
#1527=VERTEX_POINT('',#1896);
#1528=LINE('',#1897,#1898);
#1529=LINE('',#1899,#1900);
#1530=VERTEX_POINT('',#1901);
#1531=LINE('',#1902,#1903);
#1532=LINE('',#1904,#1905);
#1533=LINE('',#1906,#1907);
#1534=LINE('',#1908,#1909);
#1535=LINE('',#1910,#1911);
#1536=VERTEX_POINT('',#1912);
#1537=VERTEX_POINT('',#1913);
#1538=LINE('',#1914,#1915);
#1539=VERTEX_POINT('',#1916);
#1540=LINE('',#1917,#1918);
#1541=VERTEX_POINT('',#1919);
#1542=LINE('',#1920,#1921);
#1543=LINE('',#1922,#1923);
#1544=VERTEX_POINT('',#1924);
#1545=LINE('',#1925,#1926);
#1546=VERTEX_POINT('',#1927);
#1547=LINE('',#1928,#1929);
#1548=LINE('',#1930,#1931);
#1549=VERTEX_POINT('',#1932);
#1550=LINE('',#1933,#1934);
#1551=VERTEX_POINT('',#1935);
#1552=LINE('',#1936,#1937);
#1553=LINE('',#1938,#1939);
#1554=VERTEX_POINT('',#1940);
#1555=LINE('',#1941,#1942);
#1556=LINE('',#1943,#1944);
#1557=VERTEX_POINT('',#1945);
#1558=LINE('',#1946,#1947);
#1559=VERTEX_POINT('',#1948);
#1560=LINE('',#1949,#1950);
#1561=LINE('',#1951,#1952);
#1562=VERTEX_POINT('',#1953);
#1563=LINE('',#1954,#1955);
#1564=LINE('',#1956,#1957);
#1565=LINE('',#1958,#1959);
#1566=LINE('',#1960,#1961);
#1567=LINE('',#1962,#1963);
#1568=VERTEX_POINT('',#1964);
#1569=VERTEX_POINT('',#1965);
#1570=LINE('',#1966,#1967);
#1571=VERTEX_POINT('',#1968);
#1572=LINE('',#1969,#1970);
#1573=VERTEX_POINT('',#1971);
#1574=LINE('',#1972,#1973);
#1575=LINE('',#1974,#1975);
#1576=VERTEX_POINT('',#1976);
#1577=LINE('',#1977,#1978);
#1578=VERTEX_POINT('',#1979);
#1579=LINE('',#1980,#1981);
#1580=LINE('',#1982,#1983);
#1581=VERTEX_POINT('',#1984);
#1582=LINE('',#1985,#1986);
#1583=VERTEX_POINT('',#1987);
#1584=LINE('',#1988,#1989);
#1585=LINE('',#1990,#1991);
#1586=VERTEX_POINT('',#1992);
#1587=LINE('',#1993,#1994);
#1588=LINE('',#1995,#1996);
#1589=VERTEX_POINT('',#1997);
#1590=LINE('',#1998,#1999);
#1591=VERTEX_POINT('',#2000);
#1592=LINE('',#2001,#2002);
#1593=LINE('',#2003,#2004);
#1594=VERTEX_POINT('',#2005);
#1595=LINE('',#2006,#2007);
#1596=LINE('',#2008,#2009);
#1597=LINE('',#2010,#2011);
#1598=LINE('',#2012,#2013);
#1599=LINE('',#2014,#2015);
#1600=VERTEX_POINT('',#2016);
#1601=VERTEX_POINT('',#2017);
#1602=LINE('',#2018,#2019);
#1603=VERTEX_POINT('',#2020);
#1604=LINE('',#2021,#2022);
#1605=VERTEX_POINT('',#2023);
#1606=LINE('',#2024,#2025);
#1607=LINE('',#2026,#2027);
#1608=VERTEX_POINT('',#2028);
#1609=LINE('',#2029,#2030);
#1610=VERTEX_POINT('',#2031);
#1611=LINE('',#2032,#2033);
#1612=LINE('',#2034,#2035);
#1613=VERTEX_POINT('',#2036);
#1614=LINE('',#2037,#2038);
#1615=VERTEX_POINT('',#2039);
#1616=LINE('',#2040,#2041);
#1617=LINE('',#2042,#2043);
#1618=VERTEX_POINT('',#2044);
#1619=LINE('',#2045,#2046);
#1620=LINE('',#2047,#2048);
#1621=VERTEX_POINT('',#2049);
#1622=LINE('',#2050,#2051);
#1623=VERTEX_POINT('',#2052);
#1624=LINE('',#2053,#2054);
#1625=LINE('',#2055,#2056);
#1626=VERTEX_POINT('',#2057);
#1627=LINE('',#2058,#2059);
#1628=LINE('',#2060,#2061);
#1629=LINE('',#2062,#2063);
#1630=LINE('',#2064,#2065);
#1631=LINE('',#2066,#2067);
#1632=VERTEX_POINT('',#2068);
#1633=VERTEX_POINT('',#2069);
#1634=LINE('',#2070,#2071);
#1635=VERTEX_POINT('',#2072);
#1636=LINE('',#2073,#2074);
#1637=VERTEX_POINT('',#2075);
#1638=LINE('',#2076,#2077);
#1639=LINE('',#2078,#2079);
#1640=VERTEX_POINT('',#2080);
#1641=LINE('',#2081,#2082);
#1642=VERTEX_POINT('',#2083);
#1643=LINE('',#2084,#2085);
#1644=LINE('',#2086,#2087);
#1645=VERTEX_POINT('',#2088);
#1646=LINE('',#2089,#2090);
#1647=VERTEX_POINT('',#2091);
#1648=LINE('',#2092,#2093);
#1649=LINE('',#2094,#2095);
#1650=LINE('',#2096,#2097);
#1651=LINE('',#2098,#2099);
#1652=VERTEX_POINT('',#2100);
#1653=LINE('',#2101,#2102);
#1654=VERTEX_POINT('',#2103);
#1655=LINE('',#2104,#2105);
#1656=LINE('',#2106,#2107);
#1657=VERTEX_POINT('',#2108);
#1658=LINE('',#2109,#2110);
#1659=LINE('',#2111,#2112);
#1660=VERTEX_POINT('',#2113);
#1661=LINE('',#2114,#2115);
#1662=LINE('',#2116,#2117);
#1663=LINE('',#2118,#2119);
#1664=VERTEX_POINT('',#2120);
#1665=VERTEX_POINT('',#2121);
#1666=LINE('',#2122,#2123);
#1667=VERTEX_POINT('',#2124);
#1668=LINE('',#2125,#2126);
#1669=VERTEX_POINT('',#2127);
#1670=LINE('',#2128,#2129);
#1671=LINE('',#2130,#2131);
#1672=VERTEX_POINT('',#2132);
#1673=LINE('',#2133,#2134);
#1674=VERTEX_POINT('',#2135);
#1675=LINE('',#2136,#2137);
#1676=LINE('',#2138,#2139);
#1677=VERTEX_POINT('',#2140);
#1678=LINE('',#2141,#2142);
#1679=VERTEX_POINT('',#2143);
#1680=LINE('',#2144,#2145);
#1681=LINE('',#2146,#2147);
#1682=LINE('',#2148,#2149);
#1683=LINE('',#2150,#2151);
#1684=VERTEX_POINT('',#2152);
#1685=LINE('',#2153,#2154);
#1686=VERTEX_POINT('',#2155);
#1687=LINE('',#2156,#2157);
#1688=LINE('',#2158,#2159);
#1689=VERTEX_POINT('',#2160);
#1690=LINE('',#2161,#2162);
#1691=LINE('',#2163,#2164);
#1692=VERTEX_POINT('',#2165);
#1693=LINE('',#2166,#2167);
#1694=LINE('',#2168,#2169);
#1695=LINE('',#2170,#2171);
#1696=VERTEX_POINT('',#2172);
#1697=VERTEX_POINT('',#2173);
#1698=LINE('',#2174,#2175);
#1699=VERTEX_POINT('',#2176);
#1700=LINE('',#2177,#2178);
#1701=VERTEX_POINT('',#2179);
#1702=LINE('',#2180,#2181);
#1703=LINE('',#2182,#2183);
#1704=VERTEX_POINT('',#2184);
#1705=LINE('',#2185,#2186);
#1706=VERTEX_POINT('',#2187);
#1707=LINE('',#2188,#2189);
#1708=LINE('',#2190,#2191);
#1709=VERTEX_POINT('',#2192);
#1710=LINE('',#2193,#2194);
#1711=VERTEX_POINT('',#2195);
#1712=LINE('',#2196,#2197);
#1713=LINE('',#2198,#2199);
#1714=LINE('',#2200,#2201);
#1715=LINE('',#2202,#2203);
#1716=VERTEX_POINT('',#2204);
#1717=LINE('',#2205,#2206);
#1718=VERTEX_POINT('',#2207);
#1719=LINE('',#2208,#2209);
#1720=LINE('',#2210,#2211);
#1721=VERTEX_POINT('',#2212);
#1722=LINE('',#2213,#2214);
#1723=LINE('',#2215,#2216);
#1724=VERTEX_POINT('',#2217);
#1725=LINE('',#2218,#2219);
#1726=LINE('',#2220,#2221);
#1727=LINE('',#2222,#2223);
#1728=VERTEX_POINT('',#2224);
#1729=VERTEX_POINT('',#2225);
#1730=LINE('',#2226,#2227);
#1731=VERTEX_POINT('',#2228);
#1732=LINE('',#2229,#2230);
#1733=VERTEX_POINT('',#2231);
#1734=LINE('',#2232,#2233);
#1735=LINE('',#2234,#2235);
#1736=VERTEX_POINT('',#2236);
#1737=LINE('',#2237,#2238);
#1738=VERTEX_POINT('',#2239);
#1739=LINE('',#2240,#2241);
#1740=LINE('',#2242,#2243);
#1741=VERTEX_POINT('',#2244);
#1742=LINE('',#2245,#2246);
#1743=VERTEX_POINT('',#2247);
#1744=LINE('',#2248,#2249);
#1745=LINE('',#2250,#2251);
#1746=LINE('',#2252,#2253);
#1747=LINE('',#2254,#2255);
#1748=VERTEX_POINT('',#2256);
#1749=LINE('',#2257,#2258);
#1750=VERTEX_POINT('',#2259);
#1751=LINE('',#2260,#2261);
#1752=LINE('',#2262,#2263);
#1753=VERTEX_POINT('',#2264);
#1754=LINE('',#2265,#2266);
#1755=LINE('',#2267,#2268);
#1756=VERTEX_POINT('',#2269);
#1757=LINE('',#2270,#2271);
#1758=LINE('',#2272,#2273);
#1759=LINE('',#2274,#2275);
#1760=VERTEX_POINT('',#2276);
#1761=VERTEX_POINT('',#2277);
#1762=LINE('',#2278,#2279);
#1763=VERTEX_POINT('',#2280);
#1764=LINE('',#2281,#2282);
#1765=VERTEX_POINT('',#2283);
#1766=LINE('',#2284,#2285);
#1767=LINE('',#2286,#2287);
#1768=VERTEX_POINT('',#2288);
#1769=VERTEX_POINT('',#2289);
#1770=LINE('',#2290,#2291);
#1771=VERTEX_POINT('',#2292);
#1772=LINE('',#2293,#2294);
#1773=VERTEX_POINT('',#2295);
#1774=LINE('',#2296,#2297);
#1775=LINE('',#2298,#2299);
#1776=LINE('',#2300,#2301);
#1777=LINE('',#2302,#2303);
#1778=VERTEX_POINT('',#2304);
#1779=LINE('',#2305,#2306);
#1780=VERTEX_POINT('',#2307);
#1781=LINE('',#2308,#2309);
#1782=VERTEX_POINT('',#2310);
#1783=LINE('',#2311,#2312);
#1784=VERTEX_POINT('',#2313);
#1785=LINE('',#2314,#2315);
#1786=VERTEX_POINT('',#2316);
#1787=LINE('',#2317,#2318);
#1788=VERTEX_POINT('',#2319);
#1789=LINE('',#2320,#2321);
#1790=VERTEX_POINT('',#2322);
#1791=LINE('',#2323,#2324);
#1792=VERTEX_POINT('',#2325);
#1793=LINE('',#2326,#2327);
#1794=VERTEX_POINT('',#2328);
#1795=LINE('',#2329,#2330);
#1796=VERTEX_POINT('',#2331);
#1797=LINE('',#2332,#2333);
#1798=VERTEX_POINT('',#2334);
#1799=LINE('',#2335,#2336);
#1800=VERTEX_POINT('',#2337);
#1801=LINE('',#2338,#2339);
#1802=VERTEX_POINT('',#2340);
#1803=LINE('',#2341,#2342);
#1804=VERTEX_POINT('',#2343);
#1805=LINE('',#2344,#2345);
#1806=VERTEX_POINT('',#2346);
#1807=LINE('',#2347,#2348);
#1808=VERTEX_POINT('',#2349);
#1809=LINE('',#2350,#2351);
#1810=LINE('',#2352,#2353);
#1811=VERTEX_POINT('',#2354);
#1812=LINE('',#2355,#2356);
#1813=LINE('',#2357,#2358);
#1814=VERTEX_POINT('',#2359);
#1815=LINE('',#2360,#2361);
#1816=LINE('',#2362,#2363);
#1817=VERTEX_POINT('',#2364);
#1818=LINE('',#2365,#2366);
#1819=LINE('',#2367,#2368);
#1820=VERTEX_POINT('',#2369);
#1821=VERTEX_POINT('',#2370);
#1822=LINE('',#2371,#2372);
#1823=LINE('',#2373,#2374);
#1824=LINE('',#2375,#2376);
#1825=LINE('',#2377,#2378);
#1826=VERTEX_POINT('',#2379);
#1827=LINE('',#2380,#2381);
#1828=LINE('',#2382,#2383);
#1829=VERTEX_POINT('',#2384);
#1830=LINE('',#2385,#2386);
#1831=LINE('',#2387,#2388);
#1832=VERTEX_POINT('',#2389);
#1833=VERTEX_POINT('',#2390);
#1834=LINE('',#2391,#2392);
#1835=LINE('',#2393,#2394);
#1836=LINE('',#2395,#2396);
#1837=LINE('',#2397,#2398);
#1838=VERTEX_POINT('',#2399);
#1839=LINE('',#2400,#2401);
#1840=LINE('',#2402,#2403);
#1841=VERTEX_POINT('',#2404);
#1842=LINE('',#2405,#2406);
#1843=LINE('',#2407,#2408);
#1844=VERTEX_POINT('',#2409);
#1845=VERTEX_POINT('',#2410);
#1846=LINE('',#2411,#2412);
#1847=LINE('',#2413,#2414);
#1848=LINE('',#2415,#2416);
#1849=LINE('',#2417,#2418);
#1850=VERTEX_POINT('',#2419);
#1851=LINE('',#2420,#2421);
#1852=LINE('',#2422,#2423);
#1853=VERTEX_POINT('',#2424);
#1854=LINE('',#2425,#2426);
#1855=VERTEX_POINT('',#2427);
#1856=LINE('',#2428,#2429);
#1857=LINE('',#2430,#2431);
#1858=LINE('',#2432,#2433);
#1859=LINE('',#2434,#2435);
#1860=CARTESIAN_POINT('',(9.4615,0.508,0.3175));
#1861=CARTESIAN_POINT('',(9.4615,0.508,-0.3175));
#1862=CARTESIAN_POINT('',(9.4615,0.508,0.0));
#1863=VECTOR('',#2436,1.0);
#1864=CARTESIAN_POINT('',(9.4615,-2.35563000215005,0.3175));
#1865=CARTESIAN_POINT('',(9.4615,-0.9208,0.3175));
#1866=VECTOR('',#2437,1.0);
#1867=CARTESIAN_POINT('',(9.4615,-2.35563000215005,-0.3175));
#1868=CARTESIAN_POINT('',(9.4615,-2.35563000215005,-0.25));
#1869=VECTOR('',#2438,1.0);
#1870=CARTESIAN_POINT('',(9.4615,-0.9208,-0.3175));
#1871=VECTOR('',#2439,1.0);
#1872=CARTESIAN_POINT('',(8.8265,0.508,0.3175));
#1873=CARTESIAN_POINT('',(9.144,0.508,0.3175));
#1874=VECTOR('',#2440,1.0);
#1875=CARTESIAN_POINT('',(8.8265,-2.35563000215005,0.3175));
#1876=CARTESIAN_POINT('',(8.8265,-0.9208,0.3175));
#1877=VECTOR('',#2441,1.0);
#1878=CARTESIAN_POINT('',(9.394,-2.35563000215005,0.3175));
#1879=VECTOR('',#2442,1.0);
#1880=CARTESIAN_POINT('',(8.95985,-2.6416,0.18415));
#1881=CARTESIAN_POINT('',(8.93118506568969,-2.5801278499956,0.212814934310307));
#1882=VECTOR('',#2443,1.0);
#1883=CARTESIAN_POINT('',(9.32815,-2.6416,0.18415));
#1884=CARTESIAN_POINT('',(9.394,-2.6416,0.18415));
#1885=VECTOR('',#2444,1.0);
#1886=CARTESIAN_POINT('',(9.35681493431031,-2.5801278499956,0.212814934310307));
#1887=VECTOR('',#2445,1.0);
#1888=CARTESIAN_POINT('',(9.32815,-2.6416,-0.18415));
#1889=CARTESIAN_POINT('',(9.32815,-2.6416,-0.25));
#1890=VECTOR('',#2446,1.0);
#1891=CARTESIAN_POINT('',(9.35681493431031,-2.5801278499956,-0.212814934310307));
#1892=VECTOR('',#2447,1.0);
#1893=CARTESIAN_POINT('',(8.8265,-2.35563000215005,-0.3175));
#1894=CARTESIAN_POINT('',(8.8265,-2.35563000215005,0.25));
#1895=VECTOR('',#2448,1.0);
#1896=CARTESIAN_POINT('',(8.95985,-2.6416,-0.18415));
#1897=CARTESIAN_POINT('',(8.93118506568969,-2.5801278499956,-0.212814934310307));
#1898=VECTOR('',#2449,1.0);
#1899=CARTESIAN_POINT('',(8.95985,-2.6416,0.25));
#1900=VECTOR('',#2450,1.0);
#1901=CARTESIAN_POINT('',(8.8265,0.508,-0.3175));
#1902=CARTESIAN_POINT('',(8.8265,0.508,0.0));
#1903=VECTOR('',#2451,1.0);
#1904=CARTESIAN_POINT('',(8.8265,-0.9208,-0.3175));
#1905=VECTOR('',#2452,1.0);
#1906=CARTESIAN_POINT('',(8.894,-2.35563000215005,-0.3175));
#1907=VECTOR('',#2453,1.0);
#1908=CARTESIAN_POINT('',(8.894,-2.6416,-0.18415));
#1909=VECTOR('',#2454,1.0);
#1910=CARTESIAN_POINT('',(9.144,0.508,-0.3175));
#1911=VECTOR('',#2455,1.0);
#1912=CARTESIAN_POINT('',(6.9215,0.508,0.3175));
#1913=CARTESIAN_POINT('',(6.9215,0.508,-0.3175));
#1914=CARTESIAN_POINT('',(6.9215,0.508,0.0));
#1915=VECTOR('',#2456,1.0);
#1916=CARTESIAN_POINT('',(6.9215,-2.35563000215005,0.3175));
#1917=CARTESIAN_POINT('',(6.9215,-0.9208,0.3175));
#1918=VECTOR('',#2457,1.0);
#1919=CARTESIAN_POINT('',(6.9215,-2.35563000215005,-0.3175));
#1920=CARTESIAN_POINT('',(6.9215,-2.35563000215005,-0.25));
#1921=VECTOR('',#2458,1.0);
#1922=CARTESIAN_POINT('',(6.9215,-0.9208,-0.3175));
#1923=VECTOR('',#2459,1.0);
#1924=CARTESIAN_POINT('',(6.2865,0.508,0.3175));
#1925=CARTESIAN_POINT('',(6.604,0.508,0.3175));
#1926=VECTOR('',#2460,1.0);
#1927=CARTESIAN_POINT('',(6.2865,-2.35563000215005,0.3175));
#1928=CARTESIAN_POINT('',(6.2865,-0.9208,0.3175));
#1929=VECTOR('',#2461,1.0);
#1930=CARTESIAN_POINT('',(6.854,-2.35563000215005,0.3175));
#1931=VECTOR('',#2462,1.0);
#1932=CARTESIAN_POINT('',(6.41985,-2.6416,0.18415));
#1933=CARTESIAN_POINT('',(6.39118506568969,-2.5801278499956,0.212814934310307));
#1934=VECTOR('',#2463,1.0);
#1935=CARTESIAN_POINT('',(6.78815,-2.6416,0.18415));
#1936=CARTESIAN_POINT('',(6.854,-2.6416,0.18415));
#1937=VECTOR('',#2464,1.0);
#1938=CARTESIAN_POINT('',(6.81681493431031,-2.5801278499956,0.212814934310307));
#1939=VECTOR('',#2465,1.0);
#1940=CARTESIAN_POINT('',(6.78815,-2.6416,-0.18415));
#1941=CARTESIAN_POINT('',(6.78815,-2.6416,-0.25));
#1942=VECTOR('',#2466,1.0);
#1943=CARTESIAN_POINT('',(6.81681493431031,-2.5801278499956,-0.212814934310307));
#1944=VECTOR('',#2467,1.0);
#1945=CARTESIAN_POINT('',(6.2865,-2.35563000215005,-0.3175));
#1946=CARTESIAN_POINT('',(6.2865,-2.35563000215005,0.25));
#1947=VECTOR('',#2468,1.0);
#1948=CARTESIAN_POINT('',(6.41985,-2.6416,-0.18415));
#1949=CARTESIAN_POINT('',(6.39118506568969,-2.5801278499956,-0.212814934310307));
#1950=VECTOR('',#2469,1.0);
#1951=CARTESIAN_POINT('',(6.41985,-2.6416,0.25));
#1952=VECTOR('',#2470,1.0);
#1953=CARTESIAN_POINT('',(6.2865,0.508,-0.3175));
#1954=CARTESIAN_POINT('',(6.2865,0.508,0.0));
#1955=VECTOR('',#2471,1.0);
#1956=CARTESIAN_POINT('',(6.2865,-0.9208,-0.3175));
#1957=VECTOR('',#2472,1.0);
#1958=CARTESIAN_POINT('',(6.354,-2.35563000215005,-0.3175));
#1959=VECTOR('',#2473,1.0);
#1960=CARTESIAN_POINT('',(6.354,-2.6416,-0.18415));
#1961=VECTOR('',#2474,1.0);
#1962=CARTESIAN_POINT('',(6.604,0.508,-0.3175));
#1963=VECTOR('',#2475,1.0);
#1964=CARTESIAN_POINT('',(4.3815,0.508,0.3175));
#1965=CARTESIAN_POINT('',(4.3815,0.508,-0.3175));
#1966=CARTESIAN_POINT('',(4.3815,0.508,0.0));
#1967=VECTOR('',#2476,1.0);
#1968=CARTESIAN_POINT('',(4.3815,-2.35563000215005,0.3175));
#1969=CARTESIAN_POINT('',(4.3815,-0.9208,0.3175));
#1970=VECTOR('',#2477,1.0);
#1971=CARTESIAN_POINT('',(4.3815,-2.35563000215005,-0.3175));
#1972=CARTESIAN_POINT('',(4.3815,-2.35563000215005,-0.25));
#1973=VECTOR('',#2478,1.0);
#1974=CARTESIAN_POINT('',(4.3815,-0.9208,-0.3175));
#1975=VECTOR('',#2479,1.0);
#1976=CARTESIAN_POINT('',(3.7465,0.508,0.3175));
#1977=CARTESIAN_POINT('',(4.064,0.508,0.3175));
#1978=VECTOR('',#2480,1.0);
#1979=CARTESIAN_POINT('',(3.7465,-2.35563000215005,0.3175));
#1980=CARTESIAN_POINT('',(3.7465,-0.9208,0.3175));
#1981=VECTOR('',#2481,1.0);
#1982=CARTESIAN_POINT('',(4.314,-2.35563000215005,0.3175));
#1983=VECTOR('',#2482,1.0);
#1984=CARTESIAN_POINT('',(3.87985,-2.6416,0.18415));
#1985=CARTESIAN_POINT('',(3.85118506568969,-2.5801278499956,0.212814934310307));
#1986=VECTOR('',#2483,1.0);
#1987=CARTESIAN_POINT('',(4.24815,-2.6416,0.18415));
#1988=CARTESIAN_POINT('',(4.314,-2.6416,0.18415));
#1989=VECTOR('',#2484,1.0);
#1990=CARTESIAN_POINT('',(4.27681493431031,-2.5801278499956,0.212814934310307));
#1991=VECTOR('',#2485,1.0);
#1992=CARTESIAN_POINT('',(4.24815,-2.6416,-0.18415));
#1993=CARTESIAN_POINT('',(4.24815,-2.6416,-0.25));
#1994=VECTOR('',#2486,1.0);
#1995=CARTESIAN_POINT('',(4.27681493431031,-2.5801278499956,-0.212814934310307));
#1996=VECTOR('',#2487,1.0);
#1997=CARTESIAN_POINT('',(3.7465,-2.35563000215005,-0.3175));
#1998=CARTESIAN_POINT('',(3.7465,-2.35563000215005,0.25));
#1999=VECTOR('',#2488,1.0);
#2000=CARTESIAN_POINT('',(3.87985,-2.6416,-0.18415));
#2001=CARTESIAN_POINT('',(3.85118506568969,-2.5801278499956,-0.212814934310307));
#2002=VECTOR('',#2489,1.0);
#2003=CARTESIAN_POINT('',(3.87985,-2.6416,0.25));
#2004=VECTOR('',#2490,1.0);
#2005=CARTESIAN_POINT('',(3.7465,0.508,-0.3175));
#2006=CARTESIAN_POINT('',(3.7465,0.508,0.0));
#2007=VECTOR('',#2491,1.0);
#2008=CARTESIAN_POINT('',(3.7465,-0.9208,-0.3175));
#2009=VECTOR('',#2492,1.0);
#2010=CARTESIAN_POINT('',(3.814,-2.35563000215005,-0.3175));
#2011=VECTOR('',#2493,1.0);
#2012=CARTESIAN_POINT('',(3.814,-2.6416,-0.18415));
#2013=VECTOR('',#2494,1.0);
#2014=CARTESIAN_POINT('',(4.064,0.508,-0.3175));
#2015=VECTOR('',#2495,1.0);
#2016=CARTESIAN_POINT('',(1.8415,0.508,0.3175));
#2017=CARTESIAN_POINT('',(1.8415,0.508,-0.3175));
#2018=CARTESIAN_POINT('',(1.8415,0.508,0.0));
#2019=VECTOR('',#2496,1.0);
#2020=CARTESIAN_POINT('',(1.8415,-2.35563000215005,0.3175));
#2021=CARTESIAN_POINT('',(1.8415,-0.9208,0.3175));
#2022=VECTOR('',#2497,1.0);
#2023=CARTESIAN_POINT('',(1.8415,-2.35563000215005,-0.3175));
#2024=CARTESIAN_POINT('',(1.8415,-2.35563000215005,-0.25));
#2025=VECTOR('',#2498,1.0);
#2026=CARTESIAN_POINT('',(1.8415,-0.9208,-0.3175));
#2027=VECTOR('',#2499,1.0);
#2028=CARTESIAN_POINT('',(1.2065,0.508,0.3175));
#2029=CARTESIAN_POINT('',(1.524,0.508,0.3175));
#2030=VECTOR('',#2500,1.0);
#2031=CARTESIAN_POINT('',(1.2065,-2.35563000215005,0.3175));
#2032=CARTESIAN_POINT('',(1.2065,-0.9208,0.3175));
#2033=VECTOR('',#2501,1.0);
#2034=CARTESIAN_POINT('',(1.774,-2.35563000215005,0.3175));
#2035=VECTOR('',#2502,1.0);
#2036=CARTESIAN_POINT('',(1.33985,-2.6416,0.18415));
#2037=CARTESIAN_POINT('',(1.31118506568969,-2.5801278499956,0.212814934310307));
#2038=VECTOR('',#2503,1.0);
#2039=CARTESIAN_POINT('',(1.70815,-2.6416,0.18415));
#2040=CARTESIAN_POINT('',(1.774,-2.6416,0.18415));
#2041=VECTOR('',#2504,1.0);
#2042=CARTESIAN_POINT('',(1.73681493431031,-2.5801278499956,0.212814934310307));
#2043=VECTOR('',#2505,1.0);
#2044=CARTESIAN_POINT('',(1.70815,-2.6416,-0.18415));
#2045=CARTESIAN_POINT('',(1.70815,-2.6416,-0.25));
#2046=VECTOR('',#2506,1.0);
#2047=CARTESIAN_POINT('',(1.73681493431031,-2.5801278499956,-0.212814934310307));
#2048=VECTOR('',#2507,1.0);
#2049=CARTESIAN_POINT('',(1.2065,-2.35563000215005,-0.3175));
#2050=CARTESIAN_POINT('',(1.2065,-2.35563000215005,0.25));
#2051=VECTOR('',#2508,1.0);
#2052=CARTESIAN_POINT('',(1.33985,-2.6416,-0.18415));
#2053=CARTESIAN_POINT('',(1.31118506568969,-2.5801278499956,-0.212814934310307));
#2054=VECTOR('',#2509,1.0);
#2055=CARTESIAN_POINT('',(1.33985,-2.6416,0.25));
#2056=VECTOR('',#2510,1.0);
#2057=CARTESIAN_POINT('',(1.2065,0.508,-0.3175));
#2058=CARTESIAN_POINT('',(1.2065,0.508,0.0));
#2059=VECTOR('',#2511,1.0);
#2060=CARTESIAN_POINT('',(1.2065,-0.9208,-0.3175));
#2061=VECTOR('',#2512,1.0);
#2062=CARTESIAN_POINT('',(1.274,-2.35563000215005,-0.3175));
#2063=VECTOR('',#2513,1.0);
#2064=CARTESIAN_POINT('',(1.274,-2.6416,-0.18415));
#2065=VECTOR('',#2514,1.0);
#2066=CARTESIAN_POINT('',(1.524,0.508,-0.3175));
#2067=VECTOR('',#2515,1.0);
#2068=CARTESIAN_POINT('',(8.7503,8.128,0.3937));
#2069=CARTESIAN_POINT('',(8.3693,8.509,0.7747));
#2070=CARTESIAN_POINT('',(8.75453333333333,8.12376666666667,0.389466666666667));
#2071=VECTOR('',#2516,1.0);
#2072=CARTESIAN_POINT('',(9.9187,8.509,0.7747));
#2073=CARTESIAN_POINT('',(7.739,8.509,0.7747));
#2074=VECTOR('',#2517,1.0);
#2075=CARTESIAN_POINT('',(9.5377,8.128,0.3937));
#2076=CARTESIAN_POINT('',(9.53346666666667,8.12376666666667,0.389466666666667));
#2077=VECTOR('',#2518,1.0);
#2078=CARTESIAN_POINT('',(9.644,8.128,0.3937));
#2079=VECTOR('',#2519,1.0);
#2080=CARTESIAN_POINT('',(9.9187,8.509,-0.7747));
#2081=CARTESIAN_POINT('',(9.9187,8.509,-0.5));
#2082=VECTOR('',#2520,1.0);
#2083=CARTESIAN_POINT('',(9.5377,8.128,-0.3937));
#2084=CARTESIAN_POINT('',(9.53346666666667,8.12376666666667,-0.389466666666667));
#2085=VECTOR('',#2521,1.0);
#2086=CARTESIAN_POINT('',(9.5377,8.128,-0.5));
#2087=VECTOR('',#2522,1.0);
#2088=CARTESIAN_POINT('',(8.7503,8.128,-0.393699999999999));
#2089=CARTESIAN_POINT('',(8.7503,8.128,0.5));
#2090=VECTOR('',#2523,1.0);
#2091=CARTESIAN_POINT('',(8.3693,8.509,-0.7747));
#2092=CARTESIAN_POINT('',(8.75453333333333,8.12376666666667,-0.389466666666666));
#2093=VECTOR('',#2524,1.0);
#2094=CARTESIAN_POINT('',(8.3693,8.509,0.5));
#2095=VECTOR('',#2525,1.0);
#2096=CARTESIAN_POINT('',(8.644,8.128,-0.3937));
#2097=VECTOR('',#2526,1.0);
#2098=CARTESIAN_POINT('',(6.739,8.509,-0.7747));
#2099=VECTOR('',#2527,1.0);
#2100=CARTESIAN_POINT('',(9.5377,1.008,-0.3937));
#2101=CARTESIAN_POINT('',(9.5377,5.2625,-0.3937));
#2102=VECTOR('',#2528,1.0);
#2103=CARTESIAN_POINT('',(9.5377,1.008,0.3937));
#2104=CARTESIAN_POINT('',(9.5377,1.008,0.0));
#2105=VECTOR('',#2529,1.0);
#2106=CARTESIAN_POINT('',(9.5377,5.2625,0.3937));
#2107=VECTOR('',#2530,1.0);
#2108=CARTESIAN_POINT('',(8.7503,1.008,-0.3937));
#2109=CARTESIAN_POINT('',(8.7503,5.2625,-0.3937));
#2110=VECTOR('',#2531,1.0);
#2111=CARTESIAN_POINT('',(9.144,1.008,-0.3937));
#2112=VECTOR('',#2532,1.0);
#2113=CARTESIAN_POINT('',(8.7503,1.008,0.3937));
#2114=CARTESIAN_POINT('',(9.144,1.008,0.3937));
#2115=VECTOR('',#2533,1.0);
#2116=CARTESIAN_POINT('',(8.7503,5.2625,0.3937));
#2117=VECTOR('',#2534,1.0);
#2118=CARTESIAN_POINT('',(8.7503,1.008,0.0));
#2119=VECTOR('',#2535,1.0);
#2120=CARTESIAN_POINT('',(6.2103,8.128,0.3937));
#2121=CARTESIAN_POINT('',(5.8293,8.509,0.7747));
#2122=CARTESIAN_POINT('',(6.21453333333333,8.12376666666667,0.389466666666667));
#2123=VECTOR('',#2536,1.0);
#2124=CARTESIAN_POINT('',(7.3787,8.509,0.7747));
#2125=CARTESIAN_POINT('',(6.469,8.509,0.7747));
#2126=VECTOR('',#2537,1.0);
#2127=CARTESIAN_POINT('',(6.9977,8.128,0.3937));
#2128=CARTESIAN_POINT('',(6.99346666666667,8.12376666666667,0.389466666666667));
#2129=VECTOR('',#2538,1.0);
#2130=CARTESIAN_POINT('',(7.104,8.128,0.3937));
#2131=VECTOR('',#2539,1.0);
#2132=CARTESIAN_POINT('',(7.3787,8.509,-0.7747));
#2133=CARTESIAN_POINT('',(7.3787,8.509,-0.5));
#2134=VECTOR('',#2540,1.0);
#2135=CARTESIAN_POINT('',(6.9977,8.128,-0.3937));
#2136=CARTESIAN_POINT('',(6.99346666666667,8.12376666666667,-0.389466666666667));
#2137=VECTOR('',#2541,1.0);
#2138=CARTESIAN_POINT('',(6.9977,8.128,-0.5));
#2139=VECTOR('',#2542,1.0);
#2140=CARTESIAN_POINT('',(6.2103,8.128,-0.393699999999999));
#2141=CARTESIAN_POINT('',(6.2103,8.128,0.5));
#2142=VECTOR('',#2543,1.0);
#2143=CARTESIAN_POINT('',(5.8293,8.509,-0.7747));
#2144=CARTESIAN_POINT('',(6.21453333333333,8.12376666666667,-0.389466666666666));
#2145=VECTOR('',#2544,1.0);
#2146=CARTESIAN_POINT('',(5.8293,8.509,0.5));
#2147=VECTOR('',#2545,1.0);
#2148=CARTESIAN_POINT('',(6.104,8.128,-0.3937));
#2149=VECTOR('',#2546,1.0);
#2150=CARTESIAN_POINT('',(5.469,8.509,-0.7747));
#2151=VECTOR('',#2547,1.0);
#2152=CARTESIAN_POINT('',(6.9977,1.008,-0.3937));
#2153=CARTESIAN_POINT('',(6.9977,5.2625,-0.3937));
#2154=VECTOR('',#2548,1.0);
#2155=CARTESIAN_POINT('',(6.9977,1.008,0.3937));
#2156=CARTESIAN_POINT('',(6.9977,1.008,0.0));
#2157=VECTOR('',#2549,1.0);
#2158=CARTESIAN_POINT('',(6.9977,5.2625,0.3937));
#2159=VECTOR('',#2550,1.0);
#2160=CARTESIAN_POINT('',(6.2103,1.008,-0.3937));
#2161=CARTESIAN_POINT('',(6.2103,5.2625,-0.3937));
#2162=VECTOR('',#2551,1.0);
#2163=CARTESIAN_POINT('',(6.604,1.008,-0.3937));
#2164=VECTOR('',#2552,1.0);
#2165=CARTESIAN_POINT('',(6.2103,1.008,0.3937));
#2166=CARTESIAN_POINT('',(6.604,1.008,0.3937));
#2167=VECTOR('',#2553,1.0);
#2168=CARTESIAN_POINT('',(6.2103,5.2625,0.3937));
#2169=VECTOR('',#2554,1.0);
#2170=CARTESIAN_POINT('',(6.2103,1.008,0.0));
#2171=VECTOR('',#2555,1.0);
#2172=CARTESIAN_POINT('',(3.6703,8.128,0.3937));
#2173=CARTESIAN_POINT('',(3.2893,8.509,0.7747));
#2174=CARTESIAN_POINT('',(3.67453333333333,8.12376666666667,0.389466666666667));
#2175=VECTOR('',#2556,1.0);
#2176=CARTESIAN_POINT('',(4.8387,8.509,0.7747));
#2177=CARTESIAN_POINT('',(5.199,8.509,0.7747));
#2178=VECTOR('',#2557,1.0);
#2179=CARTESIAN_POINT('',(4.4577,8.128,0.3937));
#2180=CARTESIAN_POINT('',(4.45346666666667,8.12376666666667,0.389466666666667));
#2181=VECTOR('',#2558,1.0);
#2182=CARTESIAN_POINT('',(4.564,8.128,0.3937));
#2183=VECTOR('',#2559,1.0);
#2184=CARTESIAN_POINT('',(4.8387,8.509,-0.7747));
#2185=CARTESIAN_POINT('',(4.8387,8.509,-0.5));
#2186=VECTOR('',#2560,1.0);
#2187=CARTESIAN_POINT('',(4.4577,8.128,-0.3937));
#2188=CARTESIAN_POINT('',(4.45346666666667,8.12376666666667,-0.389466666666667));
#2189=VECTOR('',#2561,1.0);
#2190=CARTESIAN_POINT('',(4.4577,8.128,-0.5));
#2191=VECTOR('',#2562,1.0);
#2192=CARTESIAN_POINT('',(3.6703,8.128,-0.393699999999999));
#2193=CARTESIAN_POINT('',(3.6703,8.128,0.5));
#2194=VECTOR('',#2563,1.0);
#2195=CARTESIAN_POINT('',(3.2893,8.509,-0.7747));
#2196=CARTESIAN_POINT('',(3.67453333333333,8.12376666666667,-0.389466666666666));
#2197=VECTOR('',#2564,1.0);
#2198=CARTESIAN_POINT('',(3.2893,8.509,0.5));
#2199=VECTOR('',#2565,1.0);
#2200=CARTESIAN_POINT('',(3.564,8.128,-0.3937));
#2201=VECTOR('',#2566,1.0);
#2202=CARTESIAN_POINT('',(4.199,8.509,-0.7747));
#2203=VECTOR('',#2567,1.0);
#2204=CARTESIAN_POINT('',(4.4577,1.008,-0.3937));
#2205=CARTESIAN_POINT('',(4.4577,5.2625,-0.3937));
#2206=VECTOR('',#2568,1.0);
#2207=CARTESIAN_POINT('',(4.4577,1.008,0.3937));
#2208=CARTESIAN_POINT('',(4.4577,1.008,0.0));
#2209=VECTOR('',#2569,1.0);
#2210=CARTESIAN_POINT('',(4.4577,5.2625,0.3937));
#2211=VECTOR('',#2570,1.0);
#2212=CARTESIAN_POINT('',(3.6703,1.008,-0.3937));
#2213=CARTESIAN_POINT('',(3.6703,5.2625,-0.3937));
#2214=VECTOR('',#2571,1.0);
#2215=CARTESIAN_POINT('',(4.064,1.008,-0.3937));
#2216=VECTOR('',#2572,1.0);
#2217=CARTESIAN_POINT('',(3.6703,1.008,0.3937));
#2218=CARTESIAN_POINT('',(4.064,1.008,0.3937));
#2219=VECTOR('',#2573,1.0);
#2220=CARTESIAN_POINT('',(3.6703,5.2625,0.3937));
#2221=VECTOR('',#2574,1.0);
#2222=CARTESIAN_POINT('',(3.6703,1.008,0.0));
#2223=VECTOR('',#2575,1.0);
#2224=CARTESIAN_POINT('',(1.1303,8.128,0.3937));
#2225=CARTESIAN_POINT('',(0.7493,8.509,0.7747));
#2226=CARTESIAN_POINT('',(1.13453333333333,8.12376666666667,0.389466666666667));
#2227=VECTOR('',#2576,1.0);
#2228=CARTESIAN_POINT('',(2.2987,8.509,0.7747));
#2229=CARTESIAN_POINT('',(3.929,8.509,0.7747));
#2230=VECTOR('',#2577,1.0);
#2231=CARTESIAN_POINT('',(1.9177,8.128,0.3937));
#2232=CARTESIAN_POINT('',(1.91346666666667,8.12376666666667,0.389466666666667));
#2233=VECTOR('',#2578,1.0);
#2234=CARTESIAN_POINT('',(2.024,8.128,0.3937));
#2235=VECTOR('',#2579,1.0);
#2236=CARTESIAN_POINT('',(2.2987,8.509,-0.7747));
#2237=CARTESIAN_POINT('',(2.2987,8.509,-0.5));
#2238=VECTOR('',#2580,1.0);
#2239=CARTESIAN_POINT('',(1.9177,8.128,-0.3937));
#2240=CARTESIAN_POINT('',(1.91346666666667,8.12376666666667,-0.389466666666667));
#2241=VECTOR('',#2581,1.0);
#2242=CARTESIAN_POINT('',(1.9177,8.128,-0.5));
#2243=VECTOR('',#2582,1.0);
#2244=CARTESIAN_POINT('',(1.1303,8.128,-0.393699999999999));
#2245=CARTESIAN_POINT('',(1.1303,8.128,0.5));
#2246=VECTOR('',#2583,1.0);
#2247=CARTESIAN_POINT('',(0.7493,8.509,-0.7747));
#2248=CARTESIAN_POINT('',(1.13453333333333,8.12376666666667,-0.389466666666666));
#2249=VECTOR('',#2584,1.0);
#2250=CARTESIAN_POINT('',(0.749299999999999,8.509,0.5));
#2251=VECTOR('',#2585,1.0);
#2252=CARTESIAN_POINT('',(1.024,8.128,-0.3937));
#2253=VECTOR('',#2586,1.0);
#2254=CARTESIAN_POINT('',(2.929,8.509,-0.7747));
#2255=VECTOR('',#2587,1.0);
#2256=CARTESIAN_POINT('',(1.9177,1.008,-0.3937));
#2257=CARTESIAN_POINT('',(1.9177,5.2625,-0.3937));
#2258=VECTOR('',#2588,1.0);
#2259=CARTESIAN_POINT('',(1.9177,1.008,0.3937));
#2260=CARTESIAN_POINT('',(1.9177,1.008,0.0));
#2261=VECTOR('',#2589,1.0);
#2262=CARTESIAN_POINT('',(1.9177,5.2625,0.3937));
#2263=VECTOR('',#2590,1.0);
#2264=CARTESIAN_POINT('',(1.1303,1.008,-0.3937));
#2265=CARTESIAN_POINT('',(1.1303,5.2625,-0.3937));
#2266=VECTOR('',#2591,1.0);
#2267=CARTESIAN_POINT('',(1.524,1.008,-0.3937));
#2268=VECTOR('',#2592,1.0);
#2269=CARTESIAN_POINT('',(1.1303,1.008,0.3937));
#2270=CARTESIAN_POINT('',(1.524,1.008,0.3937));
#2271=VECTOR('',#2593,1.0);
#2272=CARTESIAN_POINT('',(1.1303,5.2625,0.3937));
#2273=VECTOR('',#2594,1.0);
#2274=CARTESIAN_POINT('',(1.1303,1.008,0.0));
#2275=VECTOR('',#2595,1.0);
#2276=CARTESIAN_POINT('',(10.16,0.508,1.2065));
#2277=CARTESIAN_POINT('',(10.16,0.0,1.2065));
#2278=CARTESIAN_POINT('',(10.16,2.13125,1.2065));
#2279=VECTOR('',#2596,1.0);
#2280=CARTESIAN_POINT('',(10.16,0.508,-1.2065));
#2281=CARTESIAN_POINT('',(10.16,0.508,0.0));
#2282=VECTOR('',#2597,1.0);
#2283=CARTESIAN_POINT('',(10.16,0.0,-1.2065));
#2284=CARTESIAN_POINT('',(10.16,2.13125,-1.2065));
#2285=VECTOR('',#2598,1.0);
#2286=CARTESIAN_POINT('',(10.16,0.0,0.0));
#2287=VECTOR('',#2599,1.0);
#2288=CARTESIAN_POINT('',(8.128,0.0,1.2065));
#2289=CARTESIAN_POINT('',(8.128,0.508,1.2065));
#2290=CARTESIAN_POINT('',(8.128,2.13125,1.2065));
#2291=VECTOR('',#2600,1.0);
#2292=CARTESIAN_POINT('',(8.128,0.0,-1.2065));
#2293=CARTESIAN_POINT('',(8.128,0.0,0.0));
#2294=VECTOR('',#2601,1.0);
#2295=CARTESIAN_POINT('',(8.128,0.508,-1.2065));
#2296=CARTESIAN_POINT('',(8.128,2.13125,-1.2065));
#2297=VECTOR('',#2602,1.0);
#2298=CARTESIAN_POINT('',(8.128,0.508,0.0));
#2299=VECTOR('',#2603,1.0);
#2300=CARTESIAN_POINT('',(7.239,0.508,1.2065));
#2301=VECTOR('',#2604,1.0);
#2302=CARTESIAN_POINT('',(7.239,0.508,-1.2065));
#2303=VECTOR('',#2605,1.0);
#2304=CARTESIAN_POINT('',(7.62,0.0,-1.2065));
#2305=CARTESIAN_POINT('',(5.334,0.0,-1.2065));
#2306=VECTOR('',#2606,1.0);
#2307=CARTESIAN_POINT('',(7.62,0.508,-1.2065));
#2308=CARTESIAN_POINT('',(7.62,2.13125,-1.2065));
#2309=VECTOR('',#2607,1.0);
#2310=CARTESIAN_POINT('',(5.588,0.508,-1.2065));
#2311=CARTESIAN_POINT('',(5.969,0.508,-1.2065));
#2312=VECTOR('',#2608,1.0);
#2313=CARTESIAN_POINT('',(5.588,0.0,-1.2065));
#2314=CARTESIAN_POINT('',(5.588,2.13125,-1.2065));
#2315=VECTOR('',#2609,1.0);
#2316=CARTESIAN_POINT('',(5.08,0.0,-1.2065));
#2317=CARTESIAN_POINT('',(5.334,0.0,-1.2065));
#2318=VECTOR('',#2610,1.0);
#2319=CARTESIAN_POINT('',(5.08,0.508,-1.2065));
#2320=CARTESIAN_POINT('',(5.08,2.13125,-1.2065));
#2321=VECTOR('',#2611,1.0);
#2322=CARTESIAN_POINT('',(3.048,0.508,-1.2065));
#2323=CARTESIAN_POINT('',(4.699,0.508,-1.2065));
#2324=VECTOR('',#2612,1.0);
#2325=CARTESIAN_POINT('',(3.048,0.0,-1.2065));
#2326=CARTESIAN_POINT('',(3.048,2.13125,-1.2065));
#2327=VECTOR('',#2613,1.0);
#2328=CARTESIAN_POINT('',(2.54,0.0,-1.2065));
#2329=CARTESIAN_POINT('',(5.334,0.0,-1.2065));
#2330=VECTOR('',#2614,1.0);
#2331=CARTESIAN_POINT('',(2.54,0.508,-1.2065));
#2332=CARTESIAN_POINT('',(2.54,2.13125,-1.2065));
#2333=VECTOR('',#2615,1.0);
#2334=CARTESIAN_POINT('',(0.508,0.508,-1.2065));
#2335=CARTESIAN_POINT('',(3.429,0.508,-1.2065));
#2336=VECTOR('',#2616,1.0);
#2337=CARTESIAN_POINT('',(0.508,0.0,-1.2065));
#2338=CARTESIAN_POINT('',(0.508,2.13125,-1.2065));
#2339=VECTOR('',#2617,1.0);
#2340=CARTESIAN_POINT('',(0.0,0.0,-1.2065));
#2341=CARTESIAN_POINT('',(5.334,0.0,-1.2065));
#2342=VECTOR('',#2618,1.0);
#2343=CARTESIAN_POINT('',(0.0,8.509,-1.2065));
#2344=CARTESIAN_POINT('',(0.0,4.2545,-1.2065));
#2345=VECTOR('',#2619,1.0);
#2346=CARTESIAN_POINT('',(10.668,8.509,-1.2065));
#2347=CARTESIAN_POINT('',(5.334,8.509,-1.2065));
#2348=VECTOR('',#2620,1.0);
#2349=CARTESIAN_POINT('',(10.668,0.0,-1.2065));
#2350=CARTESIAN_POINT('',(10.668,4.2545,-1.2065));
#2351=VECTOR('',#2621,1.0);
#2352=CARTESIAN_POINT('',(5.334,0.0,-1.2065));
#2353=VECTOR('',#2622,1.0);
#2354=CARTESIAN_POINT('',(7.62,0.0,1.2065));
#2355=CARTESIAN_POINT('',(5.334,0.0,1.2065));
#2356=VECTOR('',#2623,1.0);
#2357=CARTESIAN_POINT('',(7.62,0.0,0.0));
#2358=VECTOR('',#2624,1.0);
#2359=CARTESIAN_POINT('',(10.668,0.0,1.2065));
#2360=CARTESIAN_POINT('',(10.668,0.0,0.0));
#2361=VECTOR('',#2625,1.0);
#2362=CARTESIAN_POINT('',(5.334,0.0,1.2065));
#2363=VECTOR('',#2626,1.0);
#2364=CARTESIAN_POINT('',(7.62,0.508,1.2065));
#2365=CARTESIAN_POINT('',(7.62,2.13125,1.2065));
#2366=VECTOR('',#2627,1.0);
#2367=CARTESIAN_POINT('',(7.62,0.508,0.0));
#2368=VECTOR('',#2628,1.0);
#2369=CARTESIAN_POINT('',(5.588,0.0,1.2065));
#2370=CARTESIAN_POINT('',(5.588,0.508,1.2065));
#2371=CARTESIAN_POINT('',(5.588,2.13125,1.2065));
#2372=VECTOR('',#2629,1.0);
#2373=CARTESIAN_POINT('',(5.588,0.0,0.0));
#2374=VECTOR('',#2630,1.0);
#2375=CARTESIAN_POINT('',(5.588,0.508,0.0));
#2376=VECTOR('',#2631,1.0);
#2377=CARTESIAN_POINT('',(5.969,0.508,1.2065));
#2378=VECTOR('',#2632,1.0);
#2379=CARTESIAN_POINT('',(5.08,0.0,1.2065));
#2380=CARTESIAN_POINT('',(5.334,0.0,1.2065));
#2381=VECTOR('',#2633,1.0);
#2382=CARTESIAN_POINT('',(5.08,0.0,0.0));
#2383=VECTOR('',#2634,1.0);
#2384=CARTESIAN_POINT('',(5.08,0.508,1.2065));
#2385=CARTESIAN_POINT('',(5.08,2.13125,1.2065));
#2386=VECTOR('',#2635,1.0);
#2387=CARTESIAN_POINT('',(5.08,0.508,0.0));
#2388=VECTOR('',#2636,1.0);
#2389=CARTESIAN_POINT('',(3.048,0.0,1.2065));
#2390=CARTESIAN_POINT('',(3.048,0.508,1.2065));
#2391=CARTESIAN_POINT('',(3.048,2.13125,1.2065));
#2392=VECTOR('',#2637,1.0);
#2393=CARTESIAN_POINT('',(3.048,0.0,0.0));
#2394=VECTOR('',#2638,1.0);
#2395=CARTESIAN_POINT('',(3.048,0.508,0.0));
#2396=VECTOR('',#2639,1.0);
#2397=CARTESIAN_POINT('',(4.699,0.508,1.2065));
#2398=VECTOR('',#2640,1.0);
#2399=CARTESIAN_POINT('',(2.54,0.0,1.2065));
#2400=CARTESIAN_POINT('',(5.334,0.0,1.2065));
#2401=VECTOR('',#2641,1.0);
#2402=CARTESIAN_POINT('',(2.54,0.0,0.0));
#2403=VECTOR('',#2642,1.0);
#2404=CARTESIAN_POINT('',(2.54,0.508,1.2065));
#2405=CARTESIAN_POINT('',(2.54,2.13125,1.2065));
#2406=VECTOR('',#2643,1.0);
#2407=CARTESIAN_POINT('',(2.54,0.508,0.0));
#2408=VECTOR('',#2644,1.0);
#2409=CARTESIAN_POINT('',(0.508,0.0,1.2065));
#2410=CARTESIAN_POINT('',(0.508,0.508,1.2065));
#2411=CARTESIAN_POINT('',(0.508,2.13125,1.2065));
#2412=VECTOR('',#2645,1.0);
#2413=CARTESIAN_POINT('',(0.508,0.0,0.0));
#2414=VECTOR('',#2646,1.0);
#2415=CARTESIAN_POINT('',(0.508,0.508,0.0));
#2416=VECTOR('',#2647,1.0);
#2417=CARTESIAN_POINT('',(3.429,0.508,1.2065));
#2418=VECTOR('',#2648,1.0);
#2419=CARTESIAN_POINT('',(0.0,0.0,1.2065));
#2420=CARTESIAN_POINT('',(5.334,0.0,1.2065));
#2421=VECTOR('',#2649,1.0);
#2422=CARTESIAN_POINT('',(0.0,0.0,0.0));
#2423=VECTOR('',#2650,1.0);
#2424=CARTESIAN_POINT('',(10.668,8.509,1.2065));
#2425=CARTESIAN_POINT('',(10.668,4.2545,1.2065));
#2426=VECTOR('',#2651,1.0);
#2427=CARTESIAN_POINT('',(0.0,8.509,1.2065));
#2428=CARTESIAN_POINT('',(5.334,8.509,1.2065));
#2429=VECTOR('',#2652,1.0);
#2430=CARTESIAN_POINT('',(0.0,4.2545,1.2065));
#2431=VECTOR('',#2653,1.0);
#2432=CARTESIAN_POINT('',(0.0,8.509,0.0));
#2433=VECTOR('',#2654,1.0);
#2434=CARTESIAN_POINT('',(10.668,8.509,0.0));
#2435=VECTOR('',#2655,1.0);
#2436=DIRECTION('',(-0.0,-0.0,-1.0));
#2437=DIRECTION('',(0.0,1.0,0.0));
#2438=DIRECTION('',(0.0,0.0,-1.0));
#2439=DIRECTION('',(0.0,-1.0,0.0));
#2440=DIRECTION('',(1.0,0.0,-0.0));
#2441=DIRECTION('',(0.0,-1.0,0.0));
#2442=DIRECTION('',(1.0,0.0,0.0));
#2443=DIRECTION('',(-0.389281620635025,0.834817129478987,0.389281620635025));
#2444=DIRECTION('',(-1.0,0.0,-1.83697019872103E-16));
#2445=DIRECTION('',(-0.389281620635025,-0.834817129478987,-0.389281620635025));
#2446=DIRECTION('',(0.0,0.0,1.0));
#2447=DIRECTION('',(0.389281620635025,0.834817129478987,-0.389281620635025));
#2448=DIRECTION('',(0.0,0.0,1.0));
#2449=DIRECTION('',(-0.389281620635025,0.834817129478987,-0.389281620635025));
#2450=DIRECTION('',(1.22464679914735E-16,0.0,-1.0));
#2451=DIRECTION('',(-0.0,0.0,1.0));
#2452=DIRECTION('',(0.0,1.0,0.0));
#2453=DIRECTION('',(-1.0,0.0,0.0));
#2454=DIRECTION('',(1.0,0.0,6.12323399573676E-17));
#2455=DIRECTION('',(-1.0,0.0,0.0));
#2456=DIRECTION('',(-0.0,-0.0,-1.0));
#2457=DIRECTION('',(0.0,1.0,0.0));
#2458=DIRECTION('',(0.0,0.0,-1.0));
#2459=DIRECTION('',(0.0,-1.0,0.0));
#2460=DIRECTION('',(1.0,0.0,-0.0));
#2461=DIRECTION('',(0.0,-1.0,0.0));
#2462=DIRECTION('',(1.0,0.0,0.0));
#2463=DIRECTION('',(-0.389281620635025,0.834817129478987,0.389281620635025));
#2464=DIRECTION('',(-1.0,0.0,-1.83697019872103E-16));
#2465=DIRECTION('',(-0.389281620635025,-0.834817129478987,-0.389281620635025));
#2466=DIRECTION('',(0.0,0.0,1.0));
#2467=DIRECTION('',(0.389281620635025,0.834817129478987,-0.389281620635025));
#2468=DIRECTION('',(0.0,0.0,1.0));
#2469=DIRECTION('',(-0.389281620635025,0.834817129478987,-0.389281620635025));
#2470=DIRECTION('',(1.22464679914735E-16,0.0,-1.0));
#2471=DIRECTION('',(-0.0,0.0,1.0));
#2472=DIRECTION('',(0.0,1.0,0.0));
#2473=DIRECTION('',(-1.0,0.0,0.0));
#2474=DIRECTION('',(1.0,0.0,6.12323399573676E-17));
#2475=DIRECTION('',(-1.0,0.0,0.0));
#2476=DIRECTION('',(-0.0,-0.0,-1.0));
#2477=DIRECTION('',(0.0,1.0,0.0));
#2478=DIRECTION('',(0.0,0.0,-1.0));
#2479=DIRECTION('',(0.0,-1.0,0.0));
#2480=DIRECTION('',(1.0,0.0,-0.0));
#2481=DIRECTION('',(0.0,-1.0,0.0));
#2482=DIRECTION('',(1.0,0.0,0.0));
#2483=DIRECTION('',(-0.389281620635025,0.834817129478987,0.389281620635025));
#2484=DIRECTION('',(-1.0,0.0,-1.83697019872103E-16));
#2485=DIRECTION('',(-0.389281620635025,-0.834817129478987,-0.389281620635025));
#2486=DIRECTION('',(0.0,0.0,1.0));
#2487=DIRECTION('',(0.389281620635025,0.834817129478987,-0.389281620635025));
#2488=DIRECTION('',(0.0,0.0,1.0));
#2489=DIRECTION('',(-0.389281620635025,0.834817129478987,-0.389281620635025));
#2490=DIRECTION('',(1.22464679914735E-16,0.0,-1.0));
#2491=DIRECTION('',(-0.0,0.0,1.0));
#2492=DIRECTION('',(0.0,1.0,0.0));
#2493=DIRECTION('',(-1.0,0.0,0.0));
#2494=DIRECTION('',(1.0,0.0,6.12323399573676E-17));
#2495=DIRECTION('',(-1.0,0.0,0.0));
#2496=DIRECTION('',(-0.0,-0.0,-1.0));
#2497=DIRECTION('',(0.0,1.0,0.0));
#2498=DIRECTION('',(0.0,0.0,-1.0));
#2499=DIRECTION('',(0.0,-1.0,0.0));
#2500=DIRECTION('',(1.0,0.0,-0.0));
#2501=DIRECTION('',(0.0,-1.0,0.0));
#2502=DIRECTION('',(1.0,0.0,0.0));
#2503=DIRECTION('',(-0.389281620635025,0.834817129478987,0.389281620635025));
#2504=DIRECTION('',(-1.0,0.0,-1.83697019872103E-16));
#2505=DIRECTION('',(-0.389281620635025,-0.834817129478987,-0.389281620635025));
#2506=DIRECTION('',(0.0,-0.0,1.0));
#2507=DIRECTION('',(0.389281620635025,0.834817129478987,-0.389281620635025));
#2508=DIRECTION('',(0.0,0.0,1.0));
#2509=DIRECTION('',(-0.389281620635025,0.834817129478987,-0.389281620635025));
#2510=DIRECTION('',(1.22464679914735E-16,0.0,-1.0));
#2511=DIRECTION('',(-0.0,0.0,1.0));
#2512=DIRECTION('',(0.0,1.0,0.0));
#2513=DIRECTION('',(-1.0,0.0,0.0));
#2514=DIRECTION('',(1.0,-0.0,6.12323399573676E-17));
#2515=DIRECTION('',(-1.0,0.0,0.0));
#2516=DIRECTION('',(-0.577350269189626,0.577350269189626,0.577350269189626));
#2517=DIRECTION('',(-1.0,-0.0,-1.83697019872103E-16));
#2518=DIRECTION('',(-0.577350269189626,-0.577350269189626,-0.577350269189626));
#2519=DIRECTION('',(-1.0,1.83697019872103E-16,0.0));
#2520=DIRECTION('',(0.0,0.0,1.0));
#2521=DIRECTION('',(0.577350269189626,0.577350269189626,-0.577350269189626));
#2522=DIRECTION('',(0.0,0.0,1.0));
#2523=DIRECTION('',(0.0,1.22464679914735E-16,-1.0));
#2524=DIRECTION('',(-0.577350269189626,0.577350269189626,-0.577350269189626));
#2525=DIRECTION('',(1.22464679914735E-16,0.0,-1.0));
#2526=DIRECTION('',(1.0,6.12323399573676E-17,0.0));
#2527=DIRECTION('',(1.0,0.0,6.12323399573676E-17));
#2528=DIRECTION('',(0.0,-1.0,0.0));
#2529=DIRECTION('',(0.0,0.0,-1.0));
#2530=DIRECTION('',(0.0,1.0,0.0));
#2531=DIRECTION('',(0.0,1.0,0.0));
#2532=DIRECTION('',(-1.0,0.0,0.0));
#2533=DIRECTION('',(1.0,0.0,0.0));
#2534=DIRECTION('',(0.0,-1.0,0.0));
#2535=DIRECTION('',(0.0,0.0,-1.0));
#2536=DIRECTION('',(-0.577350269189626,0.577350269189626,0.577350269189626));
#2537=DIRECTION('',(-1.0,-0.0,-1.83697019872103E-16));
#2538=DIRECTION('',(-0.577350269189626,-0.577350269189626,-0.577350269189626));
#2539=DIRECTION('',(-1.0,1.83697019872103E-16,0.0));
#2540=DIRECTION('',(0.0,0.0,1.0));
#2541=DIRECTION('',(0.577350269189626,0.577350269189626,-0.577350269189626));
#2542=DIRECTION('',(0.0,0.0,1.0));
#2543=DIRECTION('',(0.0,1.22464679914735E-16,-1.0));
#2544=DIRECTION('',(-0.577350269189626,0.577350269189626,-0.577350269189626));
#2545=DIRECTION('',(1.22464679914735E-16,0.0,-1.0));
#2546=DIRECTION('',(1.0,6.12323399573676E-17,0.0));
#2547=DIRECTION('',(1.0,0.0,6.12323399573676E-17));
#2548=DIRECTION('',(0.0,-1.0,0.0));
#2549=DIRECTION('',(0.0,0.0,-1.0));
#2550=DIRECTION('',(0.0,1.0,0.0));
#2551=DIRECTION('',(0.0,1.0,0.0));
#2552=DIRECTION('',(-1.0,0.0,0.0));
#2553=DIRECTION('',(1.0,0.0,0.0));
#2554=DIRECTION('',(0.0,-1.0,0.0));
#2555=DIRECTION('',(0.0,0.0,-1.0));
#2556=DIRECTION('',(-0.577350269189626,0.577350269189626,0.577350269189626));
#2557=DIRECTION('',(-1.0,-0.0,-1.83697019872103E-16));
#2558=DIRECTION('',(-0.577350269189626,-0.577350269189626,-0.577350269189626));
#2559=DIRECTION('',(-1.0,1.83697019872103E-16,0.0));
#2560=DIRECTION('',(0.0,0.0,1.0));
#2561=DIRECTION('',(0.577350269189626,0.577350269189626,-0.577350269189626));
#2562=DIRECTION('',(0.0,0.0,1.0));
#2563=DIRECTION('',(0.0,1.22464679914735E-16,-1.0));
#2564=DIRECTION('',(-0.577350269189626,0.577350269189626,-0.577350269189626));
#2565=DIRECTION('',(1.22464679914735E-16,0.0,-1.0));
#2566=DIRECTION('',(1.0,6.12323399573676E-17,0.0));
#2567=DIRECTION('',(1.0,0.0,6.12323399573676E-17));
#2568=DIRECTION('',(0.0,-1.0,0.0));
#2569=DIRECTION('',(0.0,0.0,-1.0));
#2570=DIRECTION('',(0.0,1.0,0.0));
#2571=DIRECTION('',(0.0,1.0,0.0));
#2572=DIRECTION('',(-1.0,0.0,0.0));
#2573=DIRECTION('',(1.0,0.0,0.0));
#2574=DIRECTION('',(0.0,-1.0,0.0));
#2575=DIRECTION('',(0.0,0.0,-1.0));
#2576=DIRECTION('',(-0.577350269189626,0.577350269189626,0.577350269189626));
#2577=DIRECTION('',(-1.0,-0.0,-1.83697019872103E-16));
#2578=DIRECTION('',(-0.577350269189626,-0.577350269189626,-0.577350269189626));
#2579=DIRECTION('',(-1.0,1.83697019872103E-16,0.0));
#2580=DIRECTION('',(0.0,0.0,1.0));
#2581=DIRECTION('',(0.577350269189626,0.577350269189626,-0.577350269189626));
#2582=DIRECTION('',(0.0,0.0,1.0));
#2583=DIRECTION('',(0.0,1.22464679914735E-16,-1.0));
#2584=DIRECTION('',(-0.577350269189626,0.577350269189626,-0.577350269189626));
#2585=DIRECTION('',(1.22464679914735E-16,0.0,-1.0));
#2586=DIRECTION('',(1.0,6.12323399573676E-17,-0.0));
#2587=DIRECTION('',(1.0,0.0,6.12323399573676E-17));
#2588=DIRECTION('',(0.0,-1.0,0.0));
#2589=DIRECTION('',(0.0,0.0,-1.0));
#2590=DIRECTION('',(0.0,1.0,0.0));
#2591=DIRECTION('',(0.0,1.0,0.0));
#2592=DIRECTION('',(-1.0,0.0,0.0));
#2593=DIRECTION('',(1.0,0.0,0.0));
#2594=DIRECTION('',(0.0,-1.0,0.0));
#2595=DIRECTION('',(0.0,0.0,-1.0));
#2596=DIRECTION('',(0.0,-1.0,0.0));
#2597=DIRECTION('',(0.0,0.0,-1.0));
#2598=DIRECTION('',(0.0,1.0,-0.0));
#2599=DIRECTION('',(0.0,0.0,-1.0));
#2600=DIRECTION('',(0.0,1.0,0.0));
#2601=DIRECTION('',(0.0,0.0,1.0));
#2602=DIRECTION('',(0.0,-1.0,0.0));
#2603=DIRECTION('',(0.0,0.0,-1.0));
#2604=DIRECTION('',(1.0,0.0,-0.0));
#2605=DIRECTION('',(-1.0,0.0,0.0));
#2606=DIRECTION('',(-1.0,0.0,0.0));
#2607=DIRECTION('',(0.0,1.0,-0.0));
#2608=DIRECTION('',(-1.0,0.0,0.0));
#2609=DIRECTION('',(0.0,-1.0,0.0));
#2610=DIRECTION('',(-1.0,0.0,0.0));
#2611=DIRECTION('',(0.0,1.0,-0.0));
#2612=DIRECTION('',(-1.0,0.0,0.0));
#2613=DIRECTION('',(0.0,-1.0,0.0));
#2614=DIRECTION('',(-1.0,0.0,0.0));
#2615=DIRECTION('',(0.0,1.0,-0.0));
#2616=DIRECTION('',(-1.0,0.0,0.0));
#2617=DIRECTION('',(0.0,-1.0,0.0));
#2618=DIRECTION('',(-1.0,0.0,0.0));
#2619=DIRECTION('',(0.0,1.0,0.0));
#2620=DIRECTION('',(1.0,0.0,0.0));
#2621=DIRECTION('',(0.0,-1.0,0.0));
#2622=DIRECTION('',(-1.0,0.0,0.0));
#2623=DIRECTION('',(1.0,0.0,0.0));
#2624=DIRECTION('',(0.0,0.0,-1.0));
#2625=DIRECTION('',(0.0,0.0,-1.0));
#2626=DIRECTION('',(1.0,0.0,0.0));
#2627=DIRECTION('',(0.0,-1.0,0.0));
#2628=DIRECTION('',(0.0,0.0,-1.0));
#2629=DIRECTION('',(0.0,1.0,0.0));
#2630=DIRECTION('',(0.0,0.0,1.0));
#2631=DIRECTION('',(0.0,0.0,-1.0));
#2632=DIRECTION('',(1.0,0.0,-0.0));
#2633=DIRECTION('',(1.0,0.0,0.0));
#2634=DIRECTION('',(0.0,0.0,-1.0));
#2635=DIRECTION('',(0.0,-1.0,0.0));
#2636=DIRECTION('',(0.0,0.0,-1.0));
#2637=DIRECTION('',(0.0,1.0,0.0));
#2638=DIRECTION('',(0.0,0.0,1.0));
#2639=DIRECTION('',(0.0,0.0,-1.0));
#2640=DIRECTION('',(1.0,0.0,-0.0));
#2641=DIRECTION('',(1.0,0.0,0.0));
#2642=DIRECTION('',(0.0,0.0,-1.0));
#2643=DIRECTION('',(0.0,-1.0,0.0));
#2644=DIRECTION('',(0.0,0.0,-1.0));
#2645=DIRECTION('',(0.0,1.0,0.0));
#2646=DIRECTION('',(0.0,0.0,1.0));
#2647=DIRECTION('',(0.0,0.0,-1.0));
#2648=DIRECTION('',(1.0,0.0,-0.0));
#2649=DIRECTION('',(1.0,0.0,0.0));
#2650=DIRECTION('',(0.0,0.0,-1.0));
#2651=DIRECTION('',(0.0,1.0,0.0));
#2652=DIRECTION('',(-1.0,0.0,0.0));
#2653=DIRECTION('',(0.0,-1.0,0.0));
#2654=DIRECTION('',(0.0,0.0,-1.0));
#2655=DIRECTION('',(0.0,0.0,-1.0));
ENDSEC;
END-ISO-10303-21;
