ISO-10303-21;
HEADER;
FILE_DESCRIPTION(('STEP AP203'),'1');
FILE_NAME('slw-104-01-f-s.stp','2026-05-30T22:17:45',('TraceParts'),('TraceParts S.A.S.'),'Spatial InterOp 3D',' ',' ');
FILE_SCHEMA(('CONFIG_CONTROL_DESIGN'));
ENDSEC;
DATA;
#1=DESIGN_CONTEXT('',#27,'design');
#2=APPLICATION_PROTOCOL_DEFINITION('INTERNATIONAL STANDARD','config_control_design',1994,#27);
#3=PRODUCT_CATEGORY_RELATIONSHIP('NONE','NONE',#28,#29);
#4=DATE_AND_TIME(#30,#31);
#5=DATE_TIME_ROLE('creation_date');
#6=DATE_TIME_ROLE('classification_date');
#7=PERSON_AND_ORGANIZATION_ROLE('creator');
#8=PERSON_AND_ORGANIZATION_ROLE('design_supplier');
#9=PERSON_AND_ORGANIZATION_ROLE('classification_officer');
#10=PERSON_AND_ORGANIZATION_ROLE('design_owner');
#11=APPROVAL_PERSON_ORGANIZATION(#32,#33,#34);
#12=APPROVAL_DATE_TIME(#4,#33);
#13=CC_DESIGN_APPROVAL(#33,(#35,#36,#37));
#14=CC_DESIGN_DATE_AND_TIME_ASSIGNMENT(#4,#5,(#37));
#15=CC_DESIGN_DATE_AND_TIME_ASSIGNMENT(#4,#6,(#35));
#16=CC_DESIGN_PERSON_AND_ORGANIZATION_ASSIGNMENT(#32,#10,(#38));
#17=CC_DESIGN_PERSON_AND_ORGANIZATION_ASSIGNMENT(#32,#7,(#37));
#18=CC_DESIGN_PERSON_AND_ORGANIZATION_ASSIGNMENT(#32,#7,(#36));
#19=CC_DESIGN_PERSON_AND_ORGANIZATION_ASSIGNMENT(#32,#8,(#36));
#20=CC_DESIGN_SECURITY_CLASSIFICATION(#35,(#36));
#21=CC_DESIGN_PERSON_AND_ORGANIZATION_ASSIGNMENT(#32,#9,(#35));
#22=SHAPE_DEFINITION_REPRESENTATION(#39,#40);
#23= (GEOMETRIC_REPRESENTATION_CONTEXT(3)GLOBAL_UNCERTAINTY_ASSIGNED_CONTEXT((#43))GLOBAL_UNIT_ASSIGNED_CONTEXT((#45,#46,#47))REPRESENTATION_CONTEXT('NONE','WORKSPACE'));
#27=APPLICATION_CONTEXT('CONFIGURATION CONTROLLED 3D DESIGNS OF MECHANICAL PARTS AND ASSEMBLIES');
#28=PRODUCT_CATEGORY('part','NONE');
#29=PRODUCT_RELATED_PRODUCT_CATEGORY('detail',' ',(#38));
#30=CALENDAR_DATE(2026,31,4);
#31=LOCAL_TIME(0,17,45.0,#49);
#32=PERSON_AND_ORGANIZATION(#50,#51);
#33=APPROVAL(#52,'SOLID MODEL');
#34=APPROVAL_ROLE('APPROVED');
#35=SECURITY_CLASSIFICATION('','',#53);
#36=PRODUCT_DEFINITION_FORMATION_WITH_SPECIFIED_SOURCE(' ','NONE',#38,.NOT_KNOWN.);
#37=PRODUCT_DEFINITION('','NONE',#36,#1);
#38=PRODUCT('1','','PART--DESC',(#54));
#39=PRODUCT_DEFINITION_SHAPE('NONE','NONE',#37);
#40=ADVANCED_BREP_SHAPE_REPRESENTATION('1',(#55,#56),#23);
#43=UNCERTAINTY_MEASURE_WITH_UNIT(LENGTH_MEASURE(1.0E-06),#45,'','');
#45= (CONVERSION_BASED_UNIT('MILLIMETRE',#59)LENGTH_UNIT()NAMED_UNIT(#62));
#46= (NAMED_UNIT(#64)PLANE_ANGLE_UNIT()SI_UNIT($,.RADIAN.));
#47= (NAMED_UNIT(#64)SOLID_ANGLE_UNIT()SI_UNIT($,.STERADIAN.));
#49=COORDINATED_UNIVERSAL_TIME_OFFSET(1,0,.AHEAD.);
#50=PERSON('','UNSPECIFIED',$,$,$,$);
#51=ORGANIZATION('UNSPECIFIED','UNSPECIFIED','UNSPECIFIED');
#52=APPROVAL_STATUS('approved');
#53=SECURITY_CLASSIFICATION_LEVEL('unclassified');
#54=MECHANICAL_CONTEXT('',#27,'mechanical');
#55=MANIFOLD_SOLID_BREP('1',#70);
#56=AXIS2_PLACEMENT_3D('',#71,#72,#73);
#59=LENGTH_MEASURE_WITH_UNIT(LENGTH_MEASURE(1.0),#74);
#62=DIMENSIONAL_EXPONENTS(1.0,0.0,0.0,0.0,0.0,0.0,0.0);
#64=DIMENSIONAL_EXPONENTS(0.0,0.0,0.0,0.0,0.0,0.0,0.0);
#70=CLOSED_SHELL('',(#75,#76,#77,#78,#79,#80,#81,#82,#83,#84,#85,#86,#87,#88,#89,#90,#91,#92,#93,#94,#95,#96,#97,#98,#99,#100,#101,#102,#103,#104,#105,#106,#107,#108,#109,#110,#111,#112,#113,#114,#115,#116,#117,#118,#119,#120,#121,#122,#123,#124,#125,#126,#127,#128,#129,#130,#131,#132,#133,#134,#135,#136,#137,#138,#139,#140,#141,#142,#143,#144,#145,#146,#147,#148,#149,#150,#151,#152,#153,#154,#155,#156,#157,#158,#159,#160,#161,#162,#163,#164,#165,#166,#167,#168,#169,#170,#171,#172,#173,#174,#175,#176,#177,#178,#179,#180,#181,#182,#183,#184,#185,#186,#187,#188,#189,#190,#191,#192,#193,#194,#195,#196,#197,#198,#199,#200,#201,#202,#203,#204,#205,#206,#207,#208,#209,#210,#211,#212,#213,#214,#215,#216));
#71=CARTESIAN_POINT('',(0.0,0.0,0.0));
#72=DIRECTION('',(0.0,0.0,1.0));
#73=DIRECTION('',(1.0,0.0,0.0));
#74= (NAMED_UNIT(#62)LENGTH_UNIT()SI_UNIT(.MILLI.,.METRE.));
#75=ADVANCED_FACE('',(#218),#219,.F.);
#76=ADVANCED_FACE('',(#220),#221,.T.);
#77=ADVANCED_FACE('',(#222),#223,.T.);
#78=ADVANCED_FACE('',(#224),#225,.T.);
#79=ADVANCED_FACE('',(#226),#227,.T.);
#80=ADVANCED_FACE('',(#228),#229,.T.);
#81=ADVANCED_FACE('',(#230),#231,.T.);
#82=ADVANCED_FACE('',(#232),#233,.T.);
#83=ADVANCED_FACE('',(#234),#235,.T.);
#84=ADVANCED_FACE('',(#236),#237,.T.);
#85=ADVANCED_FACE('',(#238),#239,.T.);
#86=ADVANCED_FACE('',(#240),#241,.F.);
#87=ADVANCED_FACE('',(#242),#243,.T.);
#88=ADVANCED_FACE('',(#244),#245,.T.);
#89=ADVANCED_FACE('',(#246),#247,.F.);
#90=ADVANCED_FACE('',(#248),#249,.T.);
#91=ADVANCED_FACE('',(#250),#251,.T.);
#92=ADVANCED_FACE('',(#252),#253,.T.);
#93=ADVANCED_FACE('',(#254),#255,.T.);
#94=ADVANCED_FACE('',(#256),#257,.T.);
#95=ADVANCED_FACE('',(#258),#259,.T.);
#96=ADVANCED_FACE('',(#260),#261,.T.);
#97=ADVANCED_FACE('',(#262),#263,.T.);
#98=ADVANCED_FACE('',(#264),#265,.T.);
#99=ADVANCED_FACE('',(#266),#267,.T.);
#100=ADVANCED_FACE('',(#268),#269,.F.);
#101=ADVANCED_FACE('',(#270),#271,.T.);
#102=ADVANCED_FACE('',(#272),#273,.T.);
#103=ADVANCED_FACE('',(#274),#275,.F.);
#104=ADVANCED_FACE('',(#276),#277,.T.);
#105=ADVANCED_FACE('',(#278),#279,.T.);
#106=ADVANCED_FACE('',(#280),#281,.T.);
#107=ADVANCED_FACE('',(#282),#283,.T.);
#108=ADVANCED_FACE('',(#284),#285,.T.);
#109=ADVANCED_FACE('',(#286),#287,.T.);
#110=ADVANCED_FACE('',(#288),#289,.T.);
#111=ADVANCED_FACE('',(#290),#291,.T.);
#112=ADVANCED_FACE('',(#292),#293,.T.);
#113=ADVANCED_FACE('',(#294),#295,.T.);
#114=ADVANCED_FACE('',(#296),#297,.F.);
#115=ADVANCED_FACE('',(#298),#299,.T.);
#116=ADVANCED_FACE('',(#300),#301,.T.);
#117=ADVANCED_FACE('',(#302),#303,.F.);
#118=ADVANCED_FACE('',(#304),#305,.T.);
#119=ADVANCED_FACE('',(#306),#307,.T.);
#120=ADVANCED_FACE('',(#308),#309,.T.);
#121=ADVANCED_FACE('',(#310),#311,.T.);
#122=ADVANCED_FACE('',(#312),#313,.T.);
#123=ADVANCED_FACE('',(#314),#315,.T.);
#124=ADVANCED_FACE('',(#316),#317,.T.);
#125=ADVANCED_FACE('',(#318),#319,.T.);
#126=ADVANCED_FACE('',(#320),#321,.T.);
#127=ADVANCED_FACE('',(#322),#323,.T.);
#128=ADVANCED_FACE('',(#324),#325,.F.);
#129=ADVANCED_FACE('',(#326),#327,.T.);
#130=ADVANCED_FACE('',(#328),#329,.T.);
#131=ADVANCED_FACE('',(#330),#331,.F.);
#132=ADVANCED_FACE('',(#332),#333,.T.);
#133=ADVANCED_FACE('',(#334),#335,.T.);
#134=ADVANCED_FACE('',(#336),#337,.T.);
#135=ADVANCED_FACE('',(#338),#339,.F.);
#136=ADVANCED_FACE('',(#340),#341,.T.);
#137=ADVANCED_FACE('',(#342),#343,.T.);
#138=ADVANCED_FACE('',(#344),#345,.T.);
#139=ADVANCED_FACE('',(#346),#347,.F.);
#140=ADVANCED_FACE('',(#348),#349,.T.);
#141=ADVANCED_FACE('',(#350),#351,.T.);
#142=ADVANCED_FACE('',(#352),#353,.T.);
#143=ADVANCED_FACE('',(#354),#355,.F.);
#144=ADVANCED_FACE('',(#356),#357,.T.);
#145=ADVANCED_FACE('',(#358),#359,.T.);
#146=ADVANCED_FACE('',(#360),#361,.T.);
#147=ADVANCED_FACE('',(#362),#363,.F.);
#148=ADVANCED_FACE('',(#364),#365,.F.);
#149=ADVANCED_FACE('',(#366),#367,.F.);
#150=ADVANCED_FACE('',(#368,#369,#370,#371,#372),#373,.T.);
#151=ADVANCED_FACE('',(#374),#375,.F.);
#152=ADVANCED_FACE('',(#376),#377,.F.);
#153=ADVANCED_FACE('',(#378),#379,.F.);
#154=ADVANCED_FACE('',(#380),#381,.T.);
#155=ADVANCED_FACE('',(#382),#383,.T.);
#156=ADVANCED_FACE('',(#384),#385,.F.);
#157=ADVANCED_FACE('',(#386),#387,.F.);
#158=ADVANCED_FACE('',(#388),#389,.F.);
#159=ADVANCED_FACE('',(#390),#391,.T.);
#160=ADVANCED_FACE('',(#392),#393,.F.);
#161=ADVANCED_FACE('',(#394),#395,.F.);
#162=ADVANCED_FACE('',(#396),#397,.F.);
#163=ADVANCED_FACE('',(#398),#399,.T.);
#164=ADVANCED_FACE('',(#400),#401,.F.);
#165=ADVANCED_FACE('',(#402),#403,.F.);
#166=ADVANCED_FACE('',(#404),#405,.F.);
#167=ADVANCED_FACE('',(#406),#407,.F.);
#168=ADVANCED_FACE('',(#408),#409,.F.);
#169=ADVANCED_FACE('',(#410),#411,.F.);
#170=ADVANCED_FACE('',(#412),#413,.F.);
#171=ADVANCED_FACE('',(#414),#415,.F.);
#172=ADVANCED_FACE('',(#416),#417,.F.);
#173=ADVANCED_FACE('',(#418),#419,.F.);
#174=ADVANCED_FACE('',(#420),#421,.F.);
#175=ADVANCED_FACE('',(#422),#423,.F.);
#176=ADVANCED_FACE('',(#424),#425,.F.);
#177=ADVANCED_FACE('',(#426),#427,.F.);
#178=ADVANCED_FACE('',(#428),#429,.F.);
#179=ADVANCED_FACE('',(#430),#431,.F.);
#180=ADVANCED_FACE('',(#432),#433,.F.);
#181=ADVANCED_FACE('',(#434),#435,.F.);
#182=ADVANCED_FACE('',(#436),#437,.F.);
#183=ADVANCED_FACE('',(#438),#439,.F.);
#184=ADVANCED_FACE('',(#440),#441,.T.);
#185=ADVANCED_FACE('',(#442),#443,.T.);
#186=ADVANCED_FACE('',(#444),#445,.T.);
#187=ADVANCED_FACE('',(#446),#447,.T.);
#188=ADVANCED_FACE('',(#448),#449,.T.);
#189=ADVANCED_FACE('',(#450),#451,.T.);
#190=ADVANCED_FACE('',(#452),#453,.F.);
#191=ADVANCED_FACE('',(#454),#455,.F.);
#192=ADVANCED_FACE('',(#456),#457,.F.);
#193=ADVANCED_FACE('',(#458),#459,.F.);
#194=ADVANCED_FACE('',(#460),#461,.F.);
#195=ADVANCED_FACE('',(#462),#463,.T.);
#196=ADVANCED_FACE('',(#464),#465,.T.);
#197=ADVANCED_FACE('',(#466),#467,.T.);
#198=ADVANCED_FACE('',(#468),#469,.T.);
#199=ADVANCED_FACE('',(#470),#471,.T.);
#200=ADVANCED_FACE('',(#472),#473,.T.);
#201=ADVANCED_FACE('',(#474),#475,.T.);
#202=ADVANCED_FACE('',(#476),#477,.F.);
#203=ADVANCED_FACE('',(#478),#479,.F.);
#204=ADVANCED_FACE('',(#480),#481,.T.);
#205=ADVANCED_FACE('',(#482),#483,.T.);
#206=ADVANCED_FACE('',(#484),#485,.T.);
#207=ADVANCED_FACE('',(#486),#487,.T.);
#208=ADVANCED_FACE('',(#488),#489,.F.);
#209=ADVANCED_FACE('',(#490),#491,.T.);
#210=ADVANCED_FACE('',(#492),#493,.F.);
#211=ADVANCED_FACE('',(#494),#495,.F.);
#212=ADVANCED_FACE('',(#496),#497,.F.);
#213=ADVANCED_FACE('',(#498),#499,.T.);
#214=ADVANCED_FACE('',(#500),#501,.T.);
#215=ADVANCED_FACE('',(#502),#503,.F.);
#216=ADVANCED_FACE('',(#504,#505,#506,#507,#508),#509,.F.);
#218=FACE_OUTER_BOUND('',#510,.T.);
#219=PLANE('',#511);
#220=FACE_OUTER_BOUND('',#512,.T.);
#221=PLANE('',#513);
#222=FACE_OUTER_BOUND('',#514,.T.);
#223=PLANE('',#515);
#224=FACE_OUTER_BOUND('',#516,.T.);
#225=PLANE('',#517);
#226=FACE_OUTER_BOUND('',#518,.T.);
#227=CYLINDRICAL_SURFACE('',#519,0.3175);
#228=FACE_OUTER_BOUND('',#520,.T.);
#229=PLANE('',#521);
#230=FACE_OUTER_BOUND('',#522,.T.);
#231=PLANE('',#523);
#232=FACE_OUTER_BOUND('',#524,.T.);
#233=PLANE('',#525);
#234=FACE_OUTER_BOUND('',#526,.T.);
#235=PLANE('',#527);
#236=FACE_OUTER_BOUND('',#528,.T.);
#237=PLANE('',#529);
#238=FACE_OUTER_BOUND('',#530,.T.);
#239=PLANE('',#531);
#240=FACE_OUTER_BOUND('',#532,.T.);
#241=PLANE('',#533);
#242=FACE_OUTER_BOUND('',#534,.T.);
#243=PLANE('',#535);
#244=FACE_OUTER_BOUND('',#536,.T.);
#245=PLANE('',#537);
#246=FACE_OUTER_BOUND('',#538,.T.);
#247=PLANE('',#539);
#248=FACE_OUTER_BOUND('',#540,.T.);
#249=PLANE('',#541);
#250=FACE_OUTER_BOUND('',#542,.T.);
#251=PLANE('',#543);
#252=FACE_OUTER_BOUND('',#544,.T.);
#253=PLANE('',#545);
#254=FACE_OUTER_BOUND('',#546,.T.);
#255=CYLINDRICAL_SURFACE('',#547,0.3175);
#256=FACE_OUTER_BOUND('',#548,.T.);
#257=PLANE('',#549);
#258=FACE_OUTER_BOUND('',#550,.T.);
#259=PLANE('',#551);
#260=FACE_OUTER_BOUND('',#552,.T.);
#261=PLANE('',#553);
#262=FACE_OUTER_BOUND('',#554,.T.);
#263=PLANE('',#555);
#264=FACE_OUTER_BOUND('',#556,.T.);
#265=PLANE('',#557);
#266=FACE_OUTER_BOUND('',#558,.T.);
#267=PLANE('',#559);
#268=FACE_OUTER_BOUND('',#560,.T.);
#269=PLANE('',#561);
#270=FACE_OUTER_BOUND('',#562,.T.);
#271=PLANE('',#563);
#272=FACE_OUTER_BOUND('',#564,.T.);
#273=PLANE('',#565);
#274=FACE_OUTER_BOUND('',#566,.T.);
#275=PLANE('',#567);
#276=FACE_OUTER_BOUND('',#568,.T.);
#277=PLANE('',#569);
#278=FACE_OUTER_BOUND('',#570,.T.);
#279=PLANE('',#571);
#280=FACE_OUTER_BOUND('',#572,.T.);
#281=PLANE('',#573);
#282=FACE_OUTER_BOUND('',#574,.T.);
#283=CYLINDRICAL_SURFACE('',#575,0.3175);
#284=FACE_OUTER_BOUND('',#576,.T.);
#285=PLANE('',#577);
#286=FACE_OUTER_BOUND('',#578,.T.);
#287=PLANE('',#579);
#288=FACE_OUTER_BOUND('',#580,.T.);
#289=PLANE('',#581);
#290=FACE_OUTER_BOUND('',#582,.T.);
#291=PLANE('',#583);
#292=FACE_OUTER_BOUND('',#584,.T.);
#293=PLANE('',#585);
#294=FACE_OUTER_BOUND('',#586,.T.);
#295=PLANE('',#587);
#296=FACE_OUTER_BOUND('',#588,.T.);
#297=PLANE('',#589);
#298=FACE_OUTER_BOUND('',#590,.T.);
#299=PLANE('',#591);
#300=FACE_OUTER_BOUND('',#592,.T.);
#301=PLANE('',#593);
#302=FACE_OUTER_BOUND('',#594,.T.);
#303=PLANE('',#595);
#304=FACE_OUTER_BOUND('',#596,.T.);
#305=PLANE('',#597);
#306=FACE_OUTER_BOUND('',#598,.T.);
#307=PLANE('',#599);
#308=FACE_OUTER_BOUND('',#600,.T.);
#309=PLANE('',#601);
#310=FACE_OUTER_BOUND('',#602,.T.);
#311=CYLINDRICAL_SURFACE('',#603,0.3175);
#312=FACE_OUTER_BOUND('',#604,.T.);
#313=PLANE('',#605);
#314=FACE_OUTER_BOUND('',#606,.T.);
#315=PLANE('',#607);
#316=FACE_OUTER_BOUND('',#608,.T.);
#317=PLANE('',#609);
#318=FACE_OUTER_BOUND('',#610,.T.);
#319=PLANE('',#611);
#320=FACE_OUTER_BOUND('',#612,.T.);
#321=PLANE('',#613);
#322=FACE_OUTER_BOUND('',#614,.T.);
#323=PLANE('',#615);
#324=FACE_OUTER_BOUND('',#616,.T.);
#325=PLANE('',#617);
#326=FACE_OUTER_BOUND('',#618,.T.);
#327=PLANE('',#619);
#328=FACE_OUTER_BOUND('',#620,.T.);
#329=PLANE('',#621);
#330=FACE_OUTER_BOUND('',#622,.T.);
#331=PLANE('',#623);
#332=FACE_OUTER_BOUND('',#624,.T.);
#333=PLANE('',#625);
#334=FACE_OUTER_BOUND('',#626,.T.);
#335=PLANE('',#627);
#336=FACE_OUTER_BOUND('',#628,.T.);
#337=PLANE('',#629);
#338=FACE_OUTER_BOUND('',#630,.T.);
#339=PLANE('',#631);
#340=FACE_OUTER_BOUND('',#632,.T.);
#341=PLANE('',#633);
#342=FACE_OUTER_BOUND('',#634,.T.);
#343=PLANE('',#635);
#344=FACE_OUTER_BOUND('',#636,.T.);
#345=PLANE('',#637);
#346=FACE_OUTER_BOUND('',#638,.T.);
#347=PLANE('',#639);
#348=FACE_OUTER_BOUND('',#640,.T.);
#349=PLANE('',#641);
#350=FACE_OUTER_BOUND('',#642,.T.);
#351=PLANE('',#643);
#352=FACE_OUTER_BOUND('',#644,.T.);
#353=PLANE('',#645);
#354=FACE_OUTER_BOUND('',#646,.T.);
#355=PLANE('',#647);
#356=FACE_OUTER_BOUND('',#648,.T.);
#357=PLANE('',#649);
#358=FACE_OUTER_BOUND('',#650,.T.);
#359=PLANE('',#651);
#360=FACE_OUTER_BOUND('',#652,.T.);
#361=PLANE('',#653);
#362=FACE_OUTER_BOUND('',#654,.T.);
#363=PLANE('',#655);
#364=FACE_OUTER_BOUND('',#656,.T.);
#365=PLANE('',#657);
#366=FACE_OUTER_BOUND('',#658,.T.);
#367=PLANE('',#659);
#368=FACE_BOUND('',#660,.T.);
#369=FACE_BOUND('',#661,.T.);
#370=FACE_BOUND('',#662,.T.);
#371=FACE_BOUND('',#663,.T.);
#372=FACE_OUTER_BOUND('',#664,.T.);
#373=PLANE('',#665);
#374=FACE_OUTER_BOUND('',#666,.T.);
#375=PLANE('',#667);
#376=FACE_OUTER_BOUND('',#668,.T.);
#377=PLANE('',#669);
#378=FACE_OUTER_BOUND('',#670,.T.);
#379=PLANE('',#671);
#380=FACE_OUTER_BOUND('',#672,.T.);
#381=PLANE('',#673);
#382=FACE_OUTER_BOUND('',#674,.T.);
#383=PLANE('',#675);
#384=FACE_OUTER_BOUND('',#676,.T.);
#385=PLANE('',#677);
#386=FACE_OUTER_BOUND('',#678,.T.);
#387=PLANE('',#679);
#388=FACE_OUTER_BOUND('',#680,.T.);
#389=PLANE('',#681);
#390=FACE_OUTER_BOUND('',#682,.T.);
#391=PLANE('',#683);
#392=FACE_OUTER_BOUND('',#684,.T.);
#393=PLANE('',#685);
#394=FACE_OUTER_BOUND('',#686,.T.);
#395=PLANE('',#687);
#396=FACE_OUTER_BOUND('',#688,.T.);
#397=PLANE('',#689);
#398=FACE_OUTER_BOUND('',#690,.T.);
#399=PLANE('',#691);
#400=FACE_OUTER_BOUND('',#692,.T.);
#401=PLANE('',#693);
#402=FACE_OUTER_BOUND('',#694,.T.);
#403=PLANE('',#695);
#404=FACE_OUTER_BOUND('',#696,.T.);
#405=PLANE('',#697);
#406=FACE_OUTER_BOUND('',#698,.T.);
#407=PLANE('',#699);
#408=FACE_OUTER_BOUND('',#700,.T.);
#409=PLANE('',#701);
#410=FACE_OUTER_BOUND('',#702,.T.);
#411=PLANE('',#703);
#412=FACE_OUTER_BOUND('',#704,.T.);
#413=PLANE('',#705);
#414=FACE_OUTER_BOUND('',#706,.T.);
#415=PLANE('',#707);
#416=FACE_OUTER_BOUND('',#708,.T.);
#417=PLANE('',#709);
#418=FACE_OUTER_BOUND('',#710,.T.);
#419=PLANE('',#711);
#420=FACE_OUTER_BOUND('',#712,.T.);
#421=PLANE('',#713);
#422=FACE_OUTER_BOUND('',#714,.T.);
#423=PLANE('',#715);
#424=FACE_OUTER_BOUND('',#716,.T.);
#425=PLANE('',#717);
#426=FACE_OUTER_BOUND('',#718,.T.);
#427=PLANE('',#719);
#428=FACE_OUTER_BOUND('',#720,.T.);
#429=PLANE('',#721);
#430=FACE_OUTER_BOUND('',#722,.T.);
#431=PLANE('',#723);
#432=FACE_OUTER_BOUND('',#724,.T.);
#433=PLANE('',#725);
#434=FACE_OUTER_BOUND('',#726,.T.);
#435=PLANE('',#727);
#436=FACE_OUTER_BOUND('',#728,.T.);
#437=PLANE('',#729);
#438=FACE_OUTER_BOUND('',#730,.T.);
#439=PLANE('',#731);
#440=FACE_OUTER_BOUND('',#732,.T.);
#441=PLANE('',#733);
#442=FACE_OUTER_BOUND('',#734,.T.);
#443=PLANE('',#735);
#444=FACE_OUTER_BOUND('',#736,.T.);
#445=PLANE('',#737);
#446=FACE_OUTER_BOUND('',#738,.T.);
#447=PLANE('',#739);
#448=FACE_OUTER_BOUND('',#740,.T.);
#449=PLANE('',#741);
#450=FACE_OUTER_BOUND('',#742,.T.);
#451=PLANE('',#743);
#452=FACE_OUTER_BOUND('',#744,.T.);
#453=PLANE('',#745);
#454=FACE_OUTER_BOUND('',#746,.T.);
#455=PLANE('',#747);
#456=FACE_OUTER_BOUND('',#748,.T.);
#457=PLANE('',#749);
#458=FACE_OUTER_BOUND('',#750,.T.);
#459=PLANE('',#751);
#460=FACE_OUTER_BOUND('',#752,.T.);
#461=PLANE('',#753);
#462=FACE_OUTER_BOUND('',#754,.T.);
#463=PLANE('',#755);
#464=FACE_OUTER_BOUND('',#756,.T.);
#465=PLANE('',#757);
#466=FACE_OUTER_BOUND('',#758,.T.);
#467=PLANE('',#759);
#468=FACE_OUTER_BOUND('',#760,.T.);
#469=PLANE('',#761);
#470=FACE_OUTER_BOUND('',#762,.T.);
#471=PLANE('',#763);
#472=FACE_OUTER_BOUND('',#764,.T.);
#473=PLANE('',#765);
#474=FACE_OUTER_BOUND('',#766,.T.);
#475=PLANE('',#767);
#476=FACE_OUTER_BOUND('',#768,.T.);
#477=PLANE('',#769);
#478=FACE_OUTER_BOUND('',#770,.T.);
#479=PLANE('',#771);
#480=FACE_OUTER_BOUND('',#772,.T.);
#481=PLANE('',#773);
#482=FACE_OUTER_BOUND('',#774,.T.);
#483=PLANE('',#775);
#484=FACE_OUTER_BOUND('',#776,.T.);
#485=PLANE('',#777);
#486=FACE_OUTER_BOUND('',#778,.T.);
#487=PLANE('',#779);
#488=FACE_OUTER_BOUND('',#780,.T.);
#489=PLANE('',#781);
#490=FACE_OUTER_BOUND('',#782,.T.);
#491=PLANE('',#783);
#492=FACE_OUTER_BOUND('',#784,.T.);
#493=PLANE('',#785);
#494=FACE_OUTER_BOUND('',#786,.T.);
#495=PLANE('',#787);
#496=FACE_OUTER_BOUND('',#788,.T.);
#497=PLANE('',#789);
#498=FACE_OUTER_BOUND('',#790,.T.);
#499=PLANE('',#791);
#500=FACE_OUTER_BOUND('',#792,.T.);
#501=PLANE('',#793);
#502=FACE_OUTER_BOUND('',#794,.T.);
#503=PLANE('',#795);
#504=FACE_BOUND('',#796,.T.);
#505=FACE_BOUND('',#797,.T.);
#506=FACE_BOUND('',#798,.T.);
#507=FACE_BOUND('',#799,.T.);
#508=FACE_OUTER_BOUND('',#800,.T.);
#509=PLANE('',#801);
#510=EDGE_LOOP('',(#802,#803,#804,#805));
#511=AXIS2_PLACEMENT_3D('',#806,#807,#808);
#512=EDGE_LOOP('',(#809,#810,#811,#812));
#513=AXIS2_PLACEMENT_3D('',#813,#814,#815);
#514=EDGE_LOOP('',(#816,#817,#818,#819,#820,#821,#822,#823));
#515=AXIS2_PLACEMENT_3D('',#824,#825,#826);
#516=EDGE_LOOP('',(#827,#828,#829,#830));
#517=AXIS2_PLACEMENT_3D('',#831,#832,#833);
#518=EDGE_LOOP('',(#834,#835,#836,#837));
#519=AXIS2_PLACEMENT_3D('',#838,#839,#840);
#520=EDGE_LOOP('',(#841,#842,#843,#844));
#521=AXIS2_PLACEMENT_3D('',#845,#846,#847);
#522=EDGE_LOOP('',(#848,#849,#850,#851));
#523=AXIS2_PLACEMENT_3D('',#852,#853,#854);
#524=EDGE_LOOP('',(#855,#856,#857,#858));
#525=AXIS2_PLACEMENT_3D('',#859,#860,#861);
#526=EDGE_LOOP('',(#862,#863,#864,#865));
#527=AXIS2_PLACEMENT_3D('',#866,#867,#868);
#528=EDGE_LOOP('',(#869,#870,#871,#872));
#529=AXIS2_PLACEMENT_3D('',#873,#874,#875);
#530=EDGE_LOOP('',(#876,#877,#878,#879));
#531=AXIS2_PLACEMENT_3D('',#880,#881,#882);
#532=EDGE_LOOP('',(#883,#884,#885,#886,#887,#888,#889,#890));
#533=AXIS2_PLACEMENT_3D('',#891,#892,#893);
#534=EDGE_LOOP('',(#894,#895,#896,#897,#898,#899,#900,#901));
#535=AXIS2_PLACEMENT_3D('',#902,#903,#904);
#536=EDGE_LOOP('',(#905,#906,#907,#908));
#537=AXIS2_PLACEMENT_3D('',#909,#910,#911);
#538=EDGE_LOOP('',(#912,#913,#914,#915));
#539=AXIS2_PLACEMENT_3D('',#916,#917,#918);
#540=EDGE_LOOP('',(#919,#920,#921,#922));
#541=AXIS2_PLACEMENT_3D('',#923,#924,#925);
#542=EDGE_LOOP('',(#926,#927,#928,#929,#930,#931,#932,#933));
#543=AXIS2_PLACEMENT_3D('',#934,#935,#936);
#544=EDGE_LOOP('',(#937,#938,#939,#940));
#545=AXIS2_PLACEMENT_3D('',#941,#942,#943);
#546=EDGE_LOOP('',(#944,#945,#946,#947));
#547=AXIS2_PLACEMENT_3D('',#948,#949,#950);
#548=EDGE_LOOP('',(#951,#952,#953,#954));
#549=AXIS2_PLACEMENT_3D('',#955,#956,#957);
#550=EDGE_LOOP('',(#958,#959,#960,#961));
#551=AXIS2_PLACEMENT_3D('',#962,#963,#964);
#552=EDGE_LOOP('',(#965,#966,#967,#968));
#553=AXIS2_PLACEMENT_3D('',#969,#970,#971);
#554=EDGE_LOOP('',(#972,#973,#974,#975));
#555=AXIS2_PLACEMENT_3D('',#976,#977,#978);
#556=EDGE_LOOP('',(#979,#980,#981,#982));
#557=AXIS2_PLACEMENT_3D('',#983,#984,#985);
#558=EDGE_LOOP('',(#986,#987,#988,#989));
#559=AXIS2_PLACEMENT_3D('',#990,#991,#992);
#560=EDGE_LOOP('',(#993,#994,#995,#996,#997,#998,#999,#1000));
#561=AXIS2_PLACEMENT_3D('',#1001,#1002,#1003);
#562=EDGE_LOOP('',(#1004,#1005,#1006,#1007,#1008,#1009,#1010,#1011));
#563=AXIS2_PLACEMENT_3D('',#1012,#1013,#1014);
#564=EDGE_LOOP('',(#1015,#1016,#1017,#1018));
#565=AXIS2_PLACEMENT_3D('',#1019,#1020,#1021);
#566=EDGE_LOOP('',(#1022,#1023,#1024,#1025));
#567=AXIS2_PLACEMENT_3D('',#1026,#1027,#1028);
#568=EDGE_LOOP('',(#1029,#1030,#1031,#1032));
#569=AXIS2_PLACEMENT_3D('',#1033,#1034,#1035);
#570=EDGE_LOOP('',(#1036,#1037,#1038,#1039,#1040,#1041,#1042,#1043));
#571=AXIS2_PLACEMENT_3D('',#1044,#1045,#1046);
#572=EDGE_LOOP('',(#1047,#1048,#1049,#1050));
#573=AXIS2_PLACEMENT_3D('',#1051,#1052,#1053);
#574=EDGE_LOOP('',(#1054,#1055,#1056,#1057));
#575=AXIS2_PLACEMENT_3D('',#1058,#1059,#1060);
#576=EDGE_LOOP('',(#1061,#1062,#1063,#1064));
#577=AXIS2_PLACEMENT_3D('',#1065,#1066,#1067);
#578=EDGE_LOOP('',(#1068,#1069,#1070,#1071));
#579=AXIS2_PLACEMENT_3D('',#1072,#1073,#1074);
#580=EDGE_LOOP('',(#1075,#1076,#1077,#1078));
#581=AXIS2_PLACEMENT_3D('',#1079,#1080,#1081);
#582=EDGE_LOOP('',(#1082,#1083,#1084,#1085));
#583=AXIS2_PLACEMENT_3D('',#1086,#1087,#1088);
#584=EDGE_LOOP('',(#1089,#1090,#1091,#1092));
#585=AXIS2_PLACEMENT_3D('',#1093,#1094,#1095);
#586=EDGE_LOOP('',(#1096,#1097,#1098,#1099));
#587=AXIS2_PLACEMENT_3D('',#1100,#1101,#1102);
#588=EDGE_LOOP('',(#1103,#1104,#1105,#1106,#1107,#1108,#1109,#1110));
#589=AXIS2_PLACEMENT_3D('',#1111,#1112,#1113);
#590=EDGE_LOOP('',(#1114,#1115,#1116,#1117,#1118,#1119,#1120,#1121));
#591=AXIS2_PLACEMENT_3D('',#1122,#1123,#1124);
#592=EDGE_LOOP('',(#1125,#1126,#1127,#1128));
#593=AXIS2_PLACEMENT_3D('',#1129,#1130,#1131);
#594=EDGE_LOOP('',(#1132,#1133,#1134,#1135));
#595=AXIS2_PLACEMENT_3D('',#1136,#1137,#1138);
#596=EDGE_LOOP('',(#1139,#1140,#1141,#1142));
#597=AXIS2_PLACEMENT_3D('',#1143,#1144,#1145);
#598=EDGE_LOOP('',(#1146,#1147,#1148,#1149,#1150,#1151,#1152,#1153));
#599=AXIS2_PLACEMENT_3D('',#1154,#1155,#1156);
#600=EDGE_LOOP('',(#1157,#1158,#1159,#1160));
#601=AXIS2_PLACEMENT_3D('',#1161,#1162,#1163);
#602=EDGE_LOOP('',(#1164,#1165,#1166,#1167));
#603=AXIS2_PLACEMENT_3D('',#1168,#1169,#1170);
#604=EDGE_LOOP('',(#1171,#1172,#1173,#1174));
#605=AXIS2_PLACEMENT_3D('',#1175,#1176,#1177);
#606=EDGE_LOOP('',(#1178,#1179,#1180,#1181));
#607=AXIS2_PLACEMENT_3D('',#1182,#1183,#1184);
#608=EDGE_LOOP('',(#1185,#1186,#1187,#1188));
#609=AXIS2_PLACEMENT_3D('',#1189,#1190,#1191);
#610=EDGE_LOOP('',(#1192,#1193,#1194,#1195));
#611=AXIS2_PLACEMENT_3D('',#1196,#1197,#1198);
#612=EDGE_LOOP('',(#1199,#1200,#1201,#1202));
#613=AXIS2_PLACEMENT_3D('',#1203,#1204,#1205);
#614=EDGE_LOOP('',(#1206,#1207,#1208,#1209));
#615=AXIS2_PLACEMENT_3D('',#1210,#1211,#1212);
#616=EDGE_LOOP('',(#1213,#1214,#1215,#1216,#1217,#1218,#1219,#1220));
#617=AXIS2_PLACEMENT_3D('',#1221,#1222,#1223);
#618=EDGE_LOOP('',(#1224,#1225,#1226,#1227,#1228,#1229,#1230,#1231));
#619=AXIS2_PLACEMENT_3D('',#1232,#1233,#1234);
#620=EDGE_LOOP('',(#1235,#1236,#1237,#1238));
#621=AXIS2_PLACEMENT_3D('',#1239,#1240,#1241);
#622=EDGE_LOOP('',(#1242,#1243,#1244,#1245));
#623=AXIS2_PLACEMENT_3D('',#1246,#1247,#1248);
#624=EDGE_LOOP('',(#1249,#1250,#1251,#1252));
#625=AXIS2_PLACEMENT_3D('',#1253,#1254,#1255);
#626=EDGE_LOOP('',(#1256,#1257,#1258,#1259));
#627=AXIS2_PLACEMENT_3D('',#1260,#1261,#1262);
#628=EDGE_LOOP('',(#1263,#1264,#1265,#1266,#1267,#1268,#1269,#1270));
#629=AXIS2_PLACEMENT_3D('',#1271,#1272,#1273);
#630=EDGE_LOOP('',(#1274,#1275,#1276,#1277));
#631=AXIS2_PLACEMENT_3D('',#1278,#1279,#1280);
#632=EDGE_LOOP('',(#1281,#1282,#1283,#1284));
#633=AXIS2_PLACEMENT_3D('',#1285,#1286,#1287);
#634=EDGE_LOOP('',(#1288,#1289,#1290,#1291));
#635=AXIS2_PLACEMENT_3D('',#1292,#1293,#1294);
#636=EDGE_LOOP('',(#1295,#1296,#1297,#1298,#1299,#1300,#1301,#1302));
#637=AXIS2_PLACEMENT_3D('',#1303,#1304,#1305);
#638=EDGE_LOOP('',(#1306,#1307,#1308,#1309));
#639=AXIS2_PLACEMENT_3D('',#1310,#1311,#1312);
#640=EDGE_LOOP('',(#1313,#1314,#1315,#1316));
#641=AXIS2_PLACEMENT_3D('',#1317,#1318,#1319);
#642=EDGE_LOOP('',(#1320,#1321,#1322,#1323));
#643=AXIS2_PLACEMENT_3D('',#1324,#1325,#1326);
#644=EDGE_LOOP('',(#1327,#1328,#1329,#1330,#1331,#1332,#1333,#1334));
#645=AXIS2_PLACEMENT_3D('',#1335,#1336,#1337);
#646=EDGE_LOOP('',(#1338,#1339,#1340,#1341));
#647=AXIS2_PLACEMENT_3D('',#1342,#1343,#1344);
#648=EDGE_LOOP('',(#1345,#1346,#1347,#1348));
#649=AXIS2_PLACEMENT_3D('',#1349,#1350,#1351);
#650=EDGE_LOOP('',(#1352,#1353,#1354,#1355));
#651=AXIS2_PLACEMENT_3D('',#1356,#1357,#1358);
#652=EDGE_LOOP('',(#1359,#1360,#1361,#1362,#1363,#1364,#1365,#1366));
#653=AXIS2_PLACEMENT_3D('',#1367,#1368,#1369);
#654=EDGE_LOOP('',(#1370,#1371,#1372,#1373));
#655=AXIS2_PLACEMENT_3D('',#1374,#1375,#1376);
#656=EDGE_LOOP('',(#1377,#1378,#1379,#1380));
#657=AXIS2_PLACEMENT_3D('',#1381,#1382,#1383);
#658=EDGE_LOOP('',(#1384,#1385,#1386,#1387));
#659=AXIS2_PLACEMENT_3D('',#1388,#1389,#1390);
#660=EDGE_LOOP('',(#1391,#1392,#1393,#1394));
#661=EDGE_LOOP('',(#1395,#1396,#1397,#1398));
#662=EDGE_LOOP('',(#1399,#1400,#1401,#1402));
#663=EDGE_LOOP('',(#1403,#1404,#1405,#1406));
#664=EDGE_LOOP('',(#1407,#1408,#1409,#1410,#1411,#1412,#1413,#1414,#1415,#1416,#1417,#1418,#1419,#1420,#1421,#1422,#1423,#1424,#1425,#1426,#1427,#1428,#1429,#1430,#1431,#1432,#1433,#1434,#1435,#1436,#1437,#1438,#1439,#1440,#1441,#1442,#1443,#1444,#1445,#1446,#1447,#1448,#1449,#1450,#1451,#1452,#1453,#1454,#1455,#1456,#1457,#1458));
#665=AXIS2_PLACEMENT_3D('',#1459,#1460,#1461);
#666=EDGE_LOOP('',(#1462,#1463,#1464,#1465));
#667=AXIS2_PLACEMENT_3D('',#1466,#1467,#1468);
#668=EDGE_LOOP('',(#1469,#1470,#1471,#1472));
#669=AXIS2_PLACEMENT_3D('',#1473,#1474,#1475);
#670=EDGE_LOOP('',(#1476,#1477,#1478,#1479));
#671=AXIS2_PLACEMENT_3D('',#1480,#1481,#1482);
#672=EDGE_LOOP('',(#1483,#1484,#1485,#1486,#1487,#1488));
#673=AXIS2_PLACEMENT_3D('',#1489,#1490,#1491);
#674=EDGE_LOOP('',(#1492,#1493,#1494,#1495,#1496,#1497));
#675=AXIS2_PLACEMENT_3D('',#1498,#1499,#1500);
#676=EDGE_LOOP('',(#1501,#1502,#1503,#1504));
#677=AXIS2_PLACEMENT_3D('',#1505,#1506,#1507);
#678=EDGE_LOOP('',(#1508,#1509,#1510,#1511));
#679=AXIS2_PLACEMENT_3D('',#1512,#1513,#1514);
#680=EDGE_LOOP('',(#1515,#1516,#1517,#1518));
#681=AXIS2_PLACEMENT_3D('',#1519,#1520,#1521);
#682=EDGE_LOOP('',(#1522,#1523,#1524,#1525,#1526,#1527));
#683=AXIS2_PLACEMENT_3D('',#1528,#1529,#1530);
#684=EDGE_LOOP('',(#1531,#1532,#1533,#1534));
#685=AXIS2_PLACEMENT_3D('',#1535,#1536,#1537);
#686=EDGE_LOOP('',(#1538,#1539,#1540,#1541));
#687=AXIS2_PLACEMENT_3D('',#1542,#1543,#1544);
#688=EDGE_LOOP('',(#1545,#1546,#1547,#1548));
#689=AXIS2_PLACEMENT_3D('',#1549,#1550,#1551);
#690=EDGE_LOOP('',(#1552,#1553,#1554,#1555,#1556,#1557));
#691=AXIS2_PLACEMENT_3D('',#1558,#1559,#1560);
#692=EDGE_LOOP('',(#1561,#1562,#1563,#1564));
#693=AXIS2_PLACEMENT_3D('',#1565,#1566,#1567);
#694=EDGE_LOOP('',(#1568,#1569,#1570,#1571));
#695=AXIS2_PLACEMENT_3D('',#1572,#1573,#1574);
#696=EDGE_LOOP('',(#1575,#1576,#1577,#1578));
#697=AXIS2_PLACEMENT_3D('',#1579,#1580,#1581);
#698=EDGE_LOOP('',(#1582,#1583,#1584,#1585));
#699=AXIS2_PLACEMENT_3D('',#1586,#1587,#1588);
#700=EDGE_LOOP('',(#1589,#1590,#1591,#1592,#1593,#1594));
#701=AXIS2_PLACEMENT_3D('',#1595,#1596,#1597);
#702=EDGE_LOOP('',(#1598,#1599,#1600,#1601));
#703=AXIS2_PLACEMENT_3D('',#1602,#1603,#1604);
#704=EDGE_LOOP('',(#1605,#1606,#1607,#1608));
#705=AXIS2_PLACEMENT_3D('',#1609,#1610,#1611);
#706=EDGE_LOOP('',(#1612,#1613,#1614,#1615));
#707=AXIS2_PLACEMENT_3D('',#1616,#1617,#1618);
#708=EDGE_LOOP('',(#1619,#1620,#1621,#1622,#1623,#1624));
#709=AXIS2_PLACEMENT_3D('',#1625,#1626,#1627);
#710=EDGE_LOOP('',(#1628,#1629,#1630,#1631));
#711=AXIS2_PLACEMENT_3D('',#1632,#1633,#1634);
#712=EDGE_LOOP('',(#1635,#1636,#1637,#1638));
#713=AXIS2_PLACEMENT_3D('',#1639,#1640,#1641);
#714=EDGE_LOOP('',(#1642,#1643,#1644,#1645));
#715=AXIS2_PLACEMENT_3D('',#1646,#1647,#1648);
#716=EDGE_LOOP('',(#1649,#1650,#1651,#1652,#1653,#1654));
#717=AXIS2_PLACEMENT_3D('',#1655,#1656,#1657);
#718=EDGE_LOOP('',(#1658,#1659,#1660,#1661));
#719=AXIS2_PLACEMENT_3D('',#1662,#1663,#1664);
#720=EDGE_LOOP('',(#1665,#1666,#1667,#1668));
#721=AXIS2_PLACEMENT_3D('',#1669,#1670,#1671);
#722=EDGE_LOOP('',(#1672,#1673,#1674,#1675));
#723=AXIS2_PLACEMENT_3D('',#1676,#1677,#1678);
#724=EDGE_LOOP('',(#1679,#1680,#1681,#1682,#1683,#1684));
#725=AXIS2_PLACEMENT_3D('',#1685,#1686,#1687);
#726=EDGE_LOOP('',(#1688,#1689,#1690,#1691));
#727=AXIS2_PLACEMENT_3D('',#1692,#1693,#1694);
#728=EDGE_LOOP('',(#1695,#1696,#1697,#1698));
#729=AXIS2_PLACEMENT_3D('',#1699,#1700,#1701);
#730=EDGE_LOOP('',(#1702,#1703,#1704,#1705));
#731=AXIS2_PLACEMENT_3D('',#1706,#1707,#1708);
#732=EDGE_LOOP('',(#1709,#1710,#1711,#1712));
#733=AXIS2_PLACEMENT_3D('',#1713,#1714,#1715);
#734=EDGE_LOOP('',(#1716,#1717,#1718,#1719));
#735=AXIS2_PLACEMENT_3D('',#1720,#1721,#1722);
#736=EDGE_LOOP('',(#1723,#1724,#1725,#1726));
#737=AXIS2_PLACEMENT_3D('',#1727,#1728,#1729);
#738=EDGE_LOOP('',(#1730,#1731,#1732,#1733));
#739=AXIS2_PLACEMENT_3D('',#1734,#1735,#1736);
#740=EDGE_LOOP('',(#1737,#1738,#1739,#1740));
#741=AXIS2_PLACEMENT_3D('',#1741,#1742,#1743);
#742=EDGE_LOOP('',(#1744,#1745,#1746,#1747));
#743=AXIS2_PLACEMENT_3D('',#1748,#1749,#1750);
#744=EDGE_LOOP('',(#1751,#1752,#1753,#1754));
#745=AXIS2_PLACEMENT_3D('',#1755,#1756,#1757);
#746=EDGE_LOOP('',(#1758,#1759,#1760,#1761));
#747=AXIS2_PLACEMENT_3D('',#1762,#1763,#1764);
#748=EDGE_LOOP('',(#1765,#1766,#1767,#1768));
#749=AXIS2_PLACEMENT_3D('',#1769,#1770,#1771);
#750=EDGE_LOOP('',(#1772,#1773,#1774,#1775));
#751=AXIS2_PLACEMENT_3D('',#1776,#1777,#1778);
#752=EDGE_LOOP('',(#1779,#1780,#1781,#1782));
#753=AXIS2_PLACEMENT_3D('',#1783,#1784,#1785);
#754=EDGE_LOOP('',(#1786,#1787,#1788,#1789));
#755=AXIS2_PLACEMENT_3D('',#1790,#1791,#1792);
#756=EDGE_LOOP('',(#1793,#1794,#1795,#1796));
#757=AXIS2_PLACEMENT_3D('',#1797,#1798,#1799);
#758=EDGE_LOOP('',(#1800,#1801,#1802,#1803));
#759=AXIS2_PLACEMENT_3D('',#1804,#1805,#1806);
#760=EDGE_LOOP('',(#1807,#1808,#1809,#1810));
#761=AXIS2_PLACEMENT_3D('',#1811,#1812,#1813);
#762=EDGE_LOOP('',(#1814,#1815,#1816,#1817));
#763=AXIS2_PLACEMENT_3D('',#1818,#1819,#1820);
#764=EDGE_LOOP('',(#1821,#1822,#1823,#1824));
#765=AXIS2_PLACEMENT_3D('',#1825,#1826,#1827);
#766=EDGE_LOOP('',(#1828,#1829,#1830,#1831));
#767=AXIS2_PLACEMENT_3D('',#1832,#1833,#1834);
#768=EDGE_LOOP('',(#1835,#1836,#1837,#1838));
#769=AXIS2_PLACEMENT_3D('',#1839,#1840,#1841);
#770=EDGE_LOOP('',(#1842,#1843,#1844,#1845));
#771=AXIS2_PLACEMENT_3D('',#1846,#1847,#1848);
#772=EDGE_LOOP('',(#1849,#1850,#1851,#1852));
#773=AXIS2_PLACEMENT_3D('',#1853,#1854,#1855);
#774=EDGE_LOOP('',(#1856,#1857,#1858,#1859));
#775=AXIS2_PLACEMENT_3D('',#1860,#1861,#1862);
#776=EDGE_LOOP('',(#1863,#1864,#1865,#1866));
#777=AXIS2_PLACEMENT_3D('',#1867,#1868,#1869);
#778=EDGE_LOOP('',(#1870,#1871,#1872,#1873));
#779=AXIS2_PLACEMENT_3D('',#1874,#1875,#1876);
#780=EDGE_LOOP('',(#1877,#1878,#1879,#1880));
#781=AXIS2_PLACEMENT_3D('',#1881,#1882,#1883);
#782=EDGE_LOOP('',(#1884,#1885,#1886,#1887));
#783=AXIS2_PLACEMENT_3D('',#1888,#1889,#1890);
#784=EDGE_LOOP('',(#1891,#1892,#1893,#1894));
#785=AXIS2_PLACEMENT_3D('',#1895,#1896,#1897);
#786=EDGE_LOOP('',(#1898,#1899,#1900,#1901));
#787=AXIS2_PLACEMENT_3D('',#1902,#1903,#1904);
#788=EDGE_LOOP('',(#1905,#1906,#1907,#1908));
#789=AXIS2_PLACEMENT_3D('',#1909,#1910,#1911);
#790=EDGE_LOOP('',(#1912,#1913,#1914,#1915));
#791=AXIS2_PLACEMENT_3D('',#1916,#1917,#1918);
#792=EDGE_LOOP('',(#1919,#1920,#1921,#1922));
#793=AXIS2_PLACEMENT_3D('',#1923,#1924,#1925);
#794=EDGE_LOOP('',(#1926,#1927,#1928,#1929));
#795=AXIS2_PLACEMENT_3D('',#1930,#1931,#1932);
#796=EDGE_LOOP('',(#1933,#1934,#1935,#1936));
#797=EDGE_LOOP('',(#1937,#1938,#1939,#1940));
#798=EDGE_LOOP('',(#1941,#1942,#1943,#1944));
#799=EDGE_LOOP('',(#1945,#1946,#1947,#1948));
#800=EDGE_LOOP('',(#1949,#1950,#1951,#1952,#1953,#1954,#1955,#1956,#1957,#1958,#1959,#1960,#1961,#1962,#1963,#1964,#1965,#1966,#1967,#1968,#1969,#1970,#1971,#1972,#1973,#1974,#1975,#1976,#1977,#1978,#1979,#1980,#1981,#1982,#1983,#1984));
#801=AXIS2_PLACEMENT_3D('',#1985,#1986,#1987);
#802=ORIENTED_EDGE('',*,*,#1988,.F.);
#803=ORIENTED_EDGE('',*,*,#1989,.T.);
#804=ORIENTED_EDGE('',*,*,#1990,.F.);
#805=ORIENTED_EDGE('',*,*,#1991,.F.);
#806=CARTESIAN_POINT('',(8.89,-1.14668194015173,-0.2032));
#807=DIRECTION('',(0.0,0.0,1.0));
#808=DIRECTION('',(1.0,0.0,0.0));
#809=ORIENTED_EDGE('',*,*,#1992,.F.);
#810=ORIENTED_EDGE('',*,*,#1993,.T.);
#811=ORIENTED_EDGE('',*,*,#1994,.F.);
#812=ORIENTED_EDGE('',*,*,#1989,.F.);
#813=CARTESIAN_POINT('',(9.2075,-1.05175,-0.2032));
#814=DIRECTION('',(1.0,1.78866283973765E-17,0.0));
#815=DIRECTION('',(-1.78866283973765E-17,1.0,0.0));
#816=ORIENTED_EDGE('',*,*,#1995,.F.);
#817=ORIENTED_EDGE('',*,*,#1996,.F.);
#818=ORIENTED_EDGE('',*,*,#1997,.F.);
#819=ORIENTED_EDGE('',*,*,#1998,.F.);
#820=ORIENTED_EDGE('',*,*,#1999,.F.);
#821=ORIENTED_EDGE('',*,*,#2000,.F.);
#822=ORIENTED_EDGE('',*,*,#2001,.F.);
#823=ORIENTED_EDGE('',*,*,#2002,.F.);
#824=CARTESIAN_POINT('',(8.89,2.18664991433467,0.2032));
#825=DIRECTION('',(0.0,0.0,1.0));
#826=DIRECTION('',(1.0,0.0,0.0));
#827=ORIENTED_EDGE('',*,*,#2003,.F.);
#828=ORIENTED_EDGE('',*,*,#2004,.T.);
#829=ORIENTED_EDGE('',*,*,#2005,.T.);
#830=ORIENTED_EDGE('',*,*,#1998,.T.);
#831=CARTESIAN_POINT('',(9.267,3.81,-0.2032));
#832=DIRECTION('',(0.0,1.0,0.0));
#833=DIRECTION('',(-1.0,0.0,0.0));
#834=ORIENTED_EDGE('',*,*,#2006,.T.);
#835=ORIENTED_EDGE('',*,*,#2007,.F.);
#836=ORIENTED_EDGE('',*,*,#1990,.T.);
#837=ORIENTED_EDGE('',*,*,#1994,.T.);
#838=CARTESIAN_POINT('',(8.89,-2.6035,-0.2032));
#839=DIRECTION('',(0.0,0.0,1.0));
#840=DIRECTION('',(1.0,0.0,0.0));
#841=ORIENTED_EDGE('',*,*,#2008,.F.);
#842=ORIENTED_EDGE('',*,*,#1991,.T.);
#843=ORIENTED_EDGE('',*,*,#2007,.T.);
#844=ORIENTED_EDGE('',*,*,#2009,.T.);
#845=CARTESIAN_POINT('',(8.5725,-1.05175,-0.2032));
#846=DIRECTION('',(-1.0,1.78866283973765E-17,0.0));
#847=DIRECTION('',(-1.78866283973765E-17,-1.0,0.0));
#848=ORIENTED_EDGE('',*,*,#2010,.F.);
#849=ORIENTED_EDGE('',*,*,#2009,.F.);
#850=ORIENTED_EDGE('',*,*,#2006,.F.);
#851=ORIENTED_EDGE('',*,*,#1993,.F.);
#852=CARTESIAN_POINT('',(8.89,-1.14668194015173,0.2032));
#853=DIRECTION('',(0.0,0.0,1.0));
#854=DIRECTION('',(1.0,0.0,0.0));
#855=ORIENTED_EDGE('',*,*,#2011,.F.);
#856=ORIENTED_EDGE('',*,*,#2002,.T.);
#857=ORIENTED_EDGE('',*,*,#2012,.F.);
#858=ORIENTED_EDGE('',*,*,#2013,.F.);
#859=CARTESIAN_POINT('',(8.513,3.81,-0.2032));
#860=DIRECTION('',(0.0,1.0,0.0));
#861=DIRECTION('',(-1.0,0.0,0.0));
#862=ORIENTED_EDGE('',*,*,#2001,.T.);
#863=ORIENTED_EDGE('',*,*,#2014,.F.);
#864=ORIENTED_EDGE('',*,*,#2015,.T.);
#865=ORIENTED_EDGE('',*,*,#2012,.T.);
#866=CARTESIAN_POINT('',(8.636,2.413,-0.2032));
#867=DIRECTION('',(1.0,-1.98679854084674E-17,0.0));
#868=DIRECTION('',(1.98679854084674E-17,1.0,0.0));
#869=ORIENTED_EDGE('',*,*,#2000,.T.);
#870=ORIENTED_EDGE('',*,*,#2016,.F.);
#871=ORIENTED_EDGE('',*,*,#2017,.F.);
#872=ORIENTED_EDGE('',*,*,#2014,.T.);
#873=CARTESIAN_POINT('',(8.89,1.016,-0.2032));
#874=DIRECTION('',(0.0,1.0,0.0));
#875=DIRECTION('',(-1.0,0.0,0.0));
#876=ORIENTED_EDGE('',*,*,#1999,.T.);
#877=ORIENTED_EDGE('',*,*,#2005,.F.);
#878=ORIENTED_EDGE('',*,*,#2018,.F.);
#879=ORIENTED_EDGE('',*,*,#2016,.T.);
#880=CARTESIAN_POINT('',(9.144,2.413,-0.2032));
#881=DIRECTION('',(-1.0,1.98679854084674E-17,0.0));
#882=DIRECTION('',(-1.98679854084674E-17,-1.0,-0.0));
#883=ORIENTED_EDGE('',*,*,#2019,.F.);
#884=ORIENTED_EDGE('',*,*,#2013,.T.);
#885=ORIENTED_EDGE('',*,*,#2015,.F.);
#886=ORIENTED_EDGE('',*,*,#2017,.T.);
#887=ORIENTED_EDGE('',*,*,#2018,.T.);
#888=ORIENTED_EDGE('',*,*,#2004,.F.);
#889=ORIENTED_EDGE('',*,*,#2020,.F.);
#890=ORIENTED_EDGE('',*,*,#2021,.F.);
#891=CARTESIAN_POINT('',(8.89,2.18664991433467,-0.2032));
#892=DIRECTION('',(0.0,0.0,1.0));
#893=DIRECTION('',(1.0,0.0,0.0));
#894=ORIENTED_EDGE('',*,*,#1995,.T.);
#895=ORIENTED_EDGE('',*,*,#2011,.T.);
#896=ORIENTED_EDGE('',*,*,#2019,.T.);
#897=ORIENTED_EDGE('',*,*,#2022,.T.);
#898=ORIENTED_EDGE('',*,*,#2023,.T.);
#899=ORIENTED_EDGE('',*,*,#2024,.F.);
#900=ORIENTED_EDGE('',*,*,#2025,.T.);
#901=ORIENTED_EDGE('',*,*,#2026,.T.);
#902=CARTESIAN_POINT('',(8.4455,3.048,0.0));
#903=DIRECTION('',(1.0,0.0,0.0));
#904=DIRECTION('',(0.0,0.0,-1.0));
#905=ORIENTED_EDGE('',*,*,#2021,.T.);
#906=ORIENTED_EDGE('',*,*,#2027,.T.);
#907=ORIENTED_EDGE('',*,*,#2028,.T.);
#908=ORIENTED_EDGE('',*,*,#2022,.F.);
#909=CARTESIAN_POINT('',(8.89,0.761999999999999,0.0));
#910=DIRECTION('',(0.0,1.0,0.0));
#911=DIRECTION('',(0.0,0.0,1.0));
#912=ORIENTED_EDGE('',*,*,#2029,.F.);
#913=ORIENTED_EDGE('',*,*,#2030,.T.);
#914=ORIENTED_EDGE('',*,*,#2031,.F.);
#915=ORIENTED_EDGE('',*,*,#2032,.F.);
#916=CARTESIAN_POINT('',(6.35,-1.14668194015173,-0.2032));
#917=DIRECTION('',(0.0,0.0,1.0));
#918=DIRECTION('',(1.0,0.0,0.0));
#919=ORIENTED_EDGE('',*,*,#2033,.F.);
#920=ORIENTED_EDGE('',*,*,#2034,.T.);
#921=ORIENTED_EDGE('',*,*,#2035,.F.);
#922=ORIENTED_EDGE('',*,*,#2030,.F.);
#923=CARTESIAN_POINT('',(6.6675,-1.05175,-0.2032));
#924=DIRECTION('',(1.0,1.78866283973765E-17,0.0));
#925=DIRECTION('',(-1.78866283973765E-17,1.0,0.0));
#926=ORIENTED_EDGE('',*,*,#2036,.F.);
#927=ORIENTED_EDGE('',*,*,#2037,.F.);
#928=ORIENTED_EDGE('',*,*,#2038,.F.);
#929=ORIENTED_EDGE('',*,*,#2039,.F.);
#930=ORIENTED_EDGE('',*,*,#2040,.F.);
#931=ORIENTED_EDGE('',*,*,#2041,.F.);
#932=ORIENTED_EDGE('',*,*,#2042,.F.);
#933=ORIENTED_EDGE('',*,*,#2043,.F.);
#934=CARTESIAN_POINT('',(6.35,2.18664991433467,0.2032));
#935=DIRECTION('',(0.0,0.0,1.0));
#936=DIRECTION('',(1.0,0.0,0.0));
#937=ORIENTED_EDGE('',*,*,#2044,.F.);
#938=ORIENTED_EDGE('',*,*,#2045,.T.);
#939=ORIENTED_EDGE('',*,*,#2046,.T.);
#940=ORIENTED_EDGE('',*,*,#2039,.T.);
#941=CARTESIAN_POINT('',(6.727,3.81,-0.2032));
#942=DIRECTION('',(0.0,1.0,0.0));
#943=DIRECTION('',(-1.0,0.0,0.0));
#944=ORIENTED_EDGE('',*,*,#2047,.T.);
#945=ORIENTED_EDGE('',*,*,#2048,.F.);
#946=ORIENTED_EDGE('',*,*,#2031,.T.);
#947=ORIENTED_EDGE('',*,*,#2035,.T.);
#948=CARTESIAN_POINT('',(6.35,-2.6035,-0.2032));
#949=DIRECTION('',(0.0,0.0,1.0));
#950=DIRECTION('',(1.0,0.0,0.0));
#951=ORIENTED_EDGE('',*,*,#2049,.F.);
#952=ORIENTED_EDGE('',*,*,#2032,.T.);
#953=ORIENTED_EDGE('',*,*,#2048,.T.);
#954=ORIENTED_EDGE('',*,*,#2050,.T.);
#955=CARTESIAN_POINT('',(6.0325,-1.05175,-0.2032));
#956=DIRECTION('',(-1.0,1.78866283973765E-17,0.0));
#957=DIRECTION('',(-1.78866283973765E-17,-1.0,0.0));
#958=ORIENTED_EDGE('',*,*,#2051,.F.);
#959=ORIENTED_EDGE('',*,*,#2050,.F.);
#960=ORIENTED_EDGE('',*,*,#2047,.F.);
#961=ORIENTED_EDGE('',*,*,#2034,.F.);
#962=CARTESIAN_POINT('',(6.35,-1.14668194015173,0.2032));
#963=DIRECTION('',(0.0,0.0,1.0));
#964=DIRECTION('',(1.0,0.0,0.0));
#965=ORIENTED_EDGE('',*,*,#2052,.F.);
#966=ORIENTED_EDGE('',*,*,#2043,.T.);
#967=ORIENTED_EDGE('',*,*,#2053,.F.);
#968=ORIENTED_EDGE('',*,*,#2054,.F.);
#969=CARTESIAN_POINT('',(5.973,3.81,-0.2032));
#970=DIRECTION('',(0.0,1.0,0.0));
#971=DIRECTION('',(-1.0,0.0,0.0));
#972=ORIENTED_EDGE('',*,*,#2042,.T.);
#973=ORIENTED_EDGE('',*,*,#2055,.F.);
#974=ORIENTED_EDGE('',*,*,#2056,.T.);
#975=ORIENTED_EDGE('',*,*,#2053,.T.);
#976=CARTESIAN_POINT('',(6.096,2.413,-0.2032));
#977=DIRECTION('',(1.0,-1.98679854084674E-17,0.0));
#978=DIRECTION('',(1.98679854084674E-17,1.0,0.0));
#979=ORIENTED_EDGE('',*,*,#2041,.T.);
#980=ORIENTED_EDGE('',*,*,#2057,.F.);
#981=ORIENTED_EDGE('',*,*,#2058,.F.);
#982=ORIENTED_EDGE('',*,*,#2055,.T.);
#983=CARTESIAN_POINT('',(6.35,1.016,-0.2032));
#984=DIRECTION('',(0.0,1.0,0.0));
#985=DIRECTION('',(-1.0,0.0,0.0));
#986=ORIENTED_EDGE('',*,*,#2040,.T.);
#987=ORIENTED_EDGE('',*,*,#2046,.F.);
#988=ORIENTED_EDGE('',*,*,#2059,.F.);
#989=ORIENTED_EDGE('',*,*,#2057,.T.);
#990=CARTESIAN_POINT('',(6.604,2.413,-0.2032));
#991=DIRECTION('',(-1.0,1.98679854084674E-17,0.0));
#992=DIRECTION('',(-1.98679854084674E-17,-1.0,-0.0));
#993=ORIENTED_EDGE('',*,*,#2060,.F.);
#994=ORIENTED_EDGE('',*,*,#2054,.T.);
#995=ORIENTED_EDGE('',*,*,#2056,.F.);
#996=ORIENTED_EDGE('',*,*,#2058,.T.);
#997=ORIENTED_EDGE('',*,*,#2059,.T.);
#998=ORIENTED_EDGE('',*,*,#2045,.F.);
#999=ORIENTED_EDGE('',*,*,#2061,.F.);
#1000=ORIENTED_EDGE('',*,*,#2062,.F.);
#1001=CARTESIAN_POINT('',(6.35,2.18664991433467,-0.2032));
#1002=DIRECTION('',(0.0,0.0,1.0));
#1003=DIRECTION('',(1.0,0.0,0.0));
#1004=ORIENTED_EDGE('',*,*,#2036,.T.);
#1005=ORIENTED_EDGE('',*,*,#2052,.T.);
#1006=ORIENTED_EDGE('',*,*,#2060,.T.);
#1007=ORIENTED_EDGE('',*,*,#2063,.T.);
#1008=ORIENTED_EDGE('',*,*,#2064,.T.);
#1009=ORIENTED_EDGE('',*,*,#2065,.F.);
#1010=ORIENTED_EDGE('',*,*,#2066,.T.);
#1011=ORIENTED_EDGE('',*,*,#2067,.T.);
#1012=CARTESIAN_POINT('',(5.9055,3.048,0.0));
#1013=DIRECTION('',(1.0,0.0,0.0));
#1014=DIRECTION('',(0.0,0.0,-1.0));
#1015=ORIENTED_EDGE('',*,*,#2062,.T.);
#1016=ORIENTED_EDGE('',*,*,#2068,.T.);
#1017=ORIENTED_EDGE('',*,*,#2069,.T.);
#1018=ORIENTED_EDGE('',*,*,#2063,.F.);
#1019=CARTESIAN_POINT('',(6.35,0.761999999999999,0.0));
#1020=DIRECTION('',(0.0,1.0,0.0));
#1021=DIRECTION('',(0.0,0.0,1.0));
#1022=ORIENTED_EDGE('',*,*,#2070,.F.);
#1023=ORIENTED_EDGE('',*,*,#2071,.T.);
#1024=ORIENTED_EDGE('',*,*,#2072,.F.);
#1025=ORIENTED_EDGE('',*,*,#2073,.F.);
#1026=CARTESIAN_POINT('',(3.81,-1.14668194015173,-0.2032));
#1027=DIRECTION('',(0.0,0.0,1.0));
#1028=DIRECTION('',(1.0,0.0,0.0));
#1029=ORIENTED_EDGE('',*,*,#2074,.F.);
#1030=ORIENTED_EDGE('',*,*,#2075,.T.);
#1031=ORIENTED_EDGE('',*,*,#2076,.F.);
#1032=ORIENTED_EDGE('',*,*,#2071,.F.);
#1033=CARTESIAN_POINT('',(4.1275,-1.05175,-0.2032));
#1034=DIRECTION('',(1.0,1.78866283973765E-17,0.0));
#1035=DIRECTION('',(-1.78866283973765E-17,1.0,0.0));
#1036=ORIENTED_EDGE('',*,*,#2077,.F.);
#1037=ORIENTED_EDGE('',*,*,#2078,.F.);
#1038=ORIENTED_EDGE('',*,*,#2079,.F.);
#1039=ORIENTED_EDGE('',*,*,#2080,.F.);
#1040=ORIENTED_EDGE('',*,*,#2081,.F.);
#1041=ORIENTED_EDGE('',*,*,#2082,.F.);
#1042=ORIENTED_EDGE('',*,*,#2083,.F.);
#1043=ORIENTED_EDGE('',*,*,#2084,.F.);
#1044=CARTESIAN_POINT('',(3.81,2.18664991433467,0.2032));
#1045=DIRECTION('',(0.0,0.0,1.0));
#1046=DIRECTION('',(1.0,0.0,0.0));
#1047=ORIENTED_EDGE('',*,*,#2085,.F.);
#1048=ORIENTED_EDGE('',*,*,#2086,.T.);
#1049=ORIENTED_EDGE('',*,*,#2087,.T.);
#1050=ORIENTED_EDGE('',*,*,#2080,.T.);
#1051=CARTESIAN_POINT('',(4.187,3.81,-0.2032));
#1052=DIRECTION('',(0.0,1.0,0.0));
#1053=DIRECTION('',(-1.0,0.0,0.0));
#1054=ORIENTED_EDGE('',*,*,#2088,.T.);
#1055=ORIENTED_EDGE('',*,*,#2089,.F.);
#1056=ORIENTED_EDGE('',*,*,#2072,.T.);
#1057=ORIENTED_EDGE('',*,*,#2076,.T.);
#1058=CARTESIAN_POINT('',(3.81,-2.6035,-0.2032));
#1059=DIRECTION('',(0.0,0.0,1.0));
#1060=DIRECTION('',(1.0,0.0,0.0));
#1061=ORIENTED_EDGE('',*,*,#2090,.F.);
#1062=ORIENTED_EDGE('',*,*,#2073,.T.);
#1063=ORIENTED_EDGE('',*,*,#2089,.T.);
#1064=ORIENTED_EDGE('',*,*,#2091,.T.);
#1065=CARTESIAN_POINT('',(3.4925,-1.05175,-0.2032));
#1066=DIRECTION('',(-1.0,1.78866283973765E-17,0.0));
#1067=DIRECTION('',(-1.78866283973765E-17,-1.0,0.0));
#1068=ORIENTED_EDGE('',*,*,#2092,.F.);
#1069=ORIENTED_EDGE('',*,*,#2091,.F.);
#1070=ORIENTED_EDGE('',*,*,#2088,.F.);
#1071=ORIENTED_EDGE('',*,*,#2075,.F.);
#1072=CARTESIAN_POINT('',(3.81,-1.14668194015173,0.2032));
#1073=DIRECTION('',(0.0,0.0,1.0));
#1074=DIRECTION('',(1.0,0.0,0.0));
#1075=ORIENTED_EDGE('',*,*,#2093,.F.);
#1076=ORIENTED_EDGE('',*,*,#2084,.T.);
#1077=ORIENTED_EDGE('',*,*,#2094,.F.);
#1078=ORIENTED_EDGE('',*,*,#2095,.F.);
#1079=CARTESIAN_POINT('',(3.433,3.81,-0.2032));
#1080=DIRECTION('',(0.0,1.0,0.0));
#1081=DIRECTION('',(-1.0,0.0,0.0));
#1082=ORIENTED_EDGE('',*,*,#2083,.T.);
#1083=ORIENTED_EDGE('',*,*,#2096,.F.);
#1084=ORIENTED_EDGE('',*,*,#2097,.T.);
#1085=ORIENTED_EDGE('',*,*,#2094,.T.);
#1086=CARTESIAN_POINT('',(3.556,2.413,-0.2032));
#1087=DIRECTION('',(1.0,-1.98679854084674E-17,0.0));
#1088=DIRECTION('',(1.98679854084674E-17,1.0,0.0));
#1089=ORIENTED_EDGE('',*,*,#2082,.T.);
#1090=ORIENTED_EDGE('',*,*,#2098,.F.);
#1091=ORIENTED_EDGE('',*,*,#2099,.F.);
#1092=ORIENTED_EDGE('',*,*,#2096,.T.);
#1093=CARTESIAN_POINT('',(3.81,1.016,-0.2032));
#1094=DIRECTION('',(0.0,1.0,0.0));
#1095=DIRECTION('',(-1.0,0.0,0.0));
#1096=ORIENTED_EDGE('',*,*,#2081,.T.);
#1097=ORIENTED_EDGE('',*,*,#2087,.F.);
#1098=ORIENTED_EDGE('',*,*,#2100,.F.);
#1099=ORIENTED_EDGE('',*,*,#2098,.T.);
#1100=CARTESIAN_POINT('',(4.064,2.413,-0.2032));
#1101=DIRECTION('',(-1.0,1.98679854084674E-17,0.0));
#1102=DIRECTION('',(-1.98679854084674E-17,-1.0,-0.0));
#1103=ORIENTED_EDGE('',*,*,#2101,.F.);
#1104=ORIENTED_EDGE('',*,*,#2095,.T.);
#1105=ORIENTED_EDGE('',*,*,#2097,.F.);
#1106=ORIENTED_EDGE('',*,*,#2099,.T.);
#1107=ORIENTED_EDGE('',*,*,#2100,.T.);
#1108=ORIENTED_EDGE('',*,*,#2086,.F.);
#1109=ORIENTED_EDGE('',*,*,#2102,.F.);
#1110=ORIENTED_EDGE('',*,*,#2103,.F.);
#1111=CARTESIAN_POINT('',(3.81,2.18664991433467,-0.2032));
#1112=DIRECTION('',(0.0,0.0,1.0));
#1113=DIRECTION('',(1.0,0.0,0.0));
#1114=ORIENTED_EDGE('',*,*,#2077,.T.);
#1115=ORIENTED_EDGE('',*,*,#2093,.T.);
#1116=ORIENTED_EDGE('',*,*,#2101,.T.);
#1117=ORIENTED_EDGE('',*,*,#2104,.T.);
#1118=ORIENTED_EDGE('',*,*,#2105,.T.);
#1119=ORIENTED_EDGE('',*,*,#2106,.F.);
#1120=ORIENTED_EDGE('',*,*,#2107,.T.);
#1121=ORIENTED_EDGE('',*,*,#2108,.T.);
#1122=CARTESIAN_POINT('',(3.3655,3.048,0.0));
#1123=DIRECTION('',(1.0,0.0,0.0));
#1124=DIRECTION('',(0.0,0.0,-1.0));
#1125=ORIENTED_EDGE('',*,*,#2103,.T.);
#1126=ORIENTED_EDGE('',*,*,#2109,.T.);
#1127=ORIENTED_EDGE('',*,*,#2110,.T.);
#1128=ORIENTED_EDGE('',*,*,#2104,.F.);
#1129=CARTESIAN_POINT('',(3.81,0.761999999999999,0.0));
#1130=DIRECTION('',(0.0,1.0,0.0));
#1131=DIRECTION('',(0.0,0.0,1.0));
#1132=ORIENTED_EDGE('',*,*,#2111,.F.);
#1133=ORIENTED_EDGE('',*,*,#2112,.T.);
#1134=ORIENTED_EDGE('',*,*,#2113,.F.);
#1135=ORIENTED_EDGE('',*,*,#2114,.F.);
#1136=CARTESIAN_POINT('',(1.27,-1.14668194015173,-0.2032));
#1137=DIRECTION('',(0.0,0.0,1.0));
#1138=DIRECTION('',(1.0,0.0,0.0));
#1139=ORIENTED_EDGE('',*,*,#2115,.F.);
#1140=ORIENTED_EDGE('',*,*,#2116,.T.);
#1141=ORIENTED_EDGE('',*,*,#2117,.F.);
#1142=ORIENTED_EDGE('',*,*,#2112,.F.);
#1143=CARTESIAN_POINT('',(1.5875,-1.05175,-0.2032));
#1144=DIRECTION('',(1.0,1.78866283973765E-17,0.0));
#1145=DIRECTION('',(-1.78866283973765E-17,1.0,0.0));
#1146=ORIENTED_EDGE('',*,*,#2118,.F.);
#1147=ORIENTED_EDGE('',*,*,#2119,.F.);
#1148=ORIENTED_EDGE('',*,*,#2120,.F.);
#1149=ORIENTED_EDGE('',*,*,#2121,.F.);
#1150=ORIENTED_EDGE('',*,*,#2122,.F.);
#1151=ORIENTED_EDGE('',*,*,#2123,.F.);
#1152=ORIENTED_EDGE('',*,*,#2124,.F.);
#1153=ORIENTED_EDGE('',*,*,#2125,.F.);
#1154=CARTESIAN_POINT('',(1.27,2.18664991433467,0.2032));
#1155=DIRECTION('',(0.0,0.0,1.0));
#1156=DIRECTION('',(1.0,0.0,0.0));
#1157=ORIENTED_EDGE('',*,*,#2126,.F.);
#1158=ORIENTED_EDGE('',*,*,#2127,.T.);
#1159=ORIENTED_EDGE('',*,*,#2128,.T.);
#1160=ORIENTED_EDGE('',*,*,#2121,.T.);
#1161=CARTESIAN_POINT('',(1.647,3.81,-0.2032));
#1162=DIRECTION('',(0.0,1.0,0.0));
#1163=DIRECTION('',(-1.0,0.0,0.0));
#1164=ORIENTED_EDGE('',*,*,#2129,.T.);
#1165=ORIENTED_EDGE('',*,*,#2130,.F.);
#1166=ORIENTED_EDGE('',*,*,#2113,.T.);
#1167=ORIENTED_EDGE('',*,*,#2117,.T.);
#1168=CARTESIAN_POINT('',(1.27,-2.6035,-0.2032));
#1169=DIRECTION('',(0.0,0.0,1.0));
#1170=DIRECTION('',(1.0,0.0,0.0));
#1171=ORIENTED_EDGE('',*,*,#2131,.F.);
#1172=ORIENTED_EDGE('',*,*,#2114,.T.);
#1173=ORIENTED_EDGE('',*,*,#2130,.T.);
#1174=ORIENTED_EDGE('',*,*,#2132,.T.);
#1175=CARTESIAN_POINT('',(0.9525,-1.05175,-0.2032));
#1176=DIRECTION('',(-1.0,1.78866283973765E-17,0.0));
#1177=DIRECTION('',(-1.78866283973765E-17,-1.0,0.0));
#1178=ORIENTED_EDGE('',*,*,#2133,.F.);
#1179=ORIENTED_EDGE('',*,*,#2132,.F.);
#1180=ORIENTED_EDGE('',*,*,#2129,.F.);
#1181=ORIENTED_EDGE('',*,*,#2116,.F.);
#1182=CARTESIAN_POINT('',(1.27,-1.14668194015173,0.2032));
#1183=DIRECTION('',(0.0,0.0,1.0));
#1184=DIRECTION('',(1.0,0.0,0.0));
#1185=ORIENTED_EDGE('',*,*,#2134,.F.);
#1186=ORIENTED_EDGE('',*,*,#2125,.T.);
#1187=ORIENTED_EDGE('',*,*,#2135,.F.);
#1188=ORIENTED_EDGE('',*,*,#2136,.F.);
#1189=CARTESIAN_POINT('',(0.893,3.81,-0.2032));
#1190=DIRECTION('',(0.0,1.0,0.0));
#1191=DIRECTION('',(-1.0,0.0,0.0));
#1192=ORIENTED_EDGE('',*,*,#2124,.T.);
#1193=ORIENTED_EDGE('',*,*,#2137,.F.);
#1194=ORIENTED_EDGE('',*,*,#2138,.T.);
#1195=ORIENTED_EDGE('',*,*,#2135,.T.);
#1196=CARTESIAN_POINT('',(1.016,2.413,-0.2032));
#1197=DIRECTION('',(1.0,-1.98679854084674E-17,0.0));
#1198=DIRECTION('',(1.98679854084674E-17,1.0,0.0));
#1199=ORIENTED_EDGE('',*,*,#2123,.T.);
#1200=ORIENTED_EDGE('',*,*,#2139,.F.);
#1201=ORIENTED_EDGE('',*,*,#2140,.F.);
#1202=ORIENTED_EDGE('',*,*,#2137,.T.);
#1203=CARTESIAN_POINT('',(1.27,1.016,-0.2032));
#1204=DIRECTION('',(0.0,1.0,0.0));
#1205=DIRECTION('',(-1.0,0.0,0.0));
#1206=ORIENTED_EDGE('',*,*,#2122,.T.);
#1207=ORIENTED_EDGE('',*,*,#2128,.F.);
#1208=ORIENTED_EDGE('',*,*,#2141,.F.);
#1209=ORIENTED_EDGE('',*,*,#2139,.T.);
#1210=CARTESIAN_POINT('',(1.524,2.413,-0.2032));
#1211=DIRECTION('',(-1.0,1.98679854084674E-17,0.0));
#1212=DIRECTION('',(-1.98679854084674E-17,-1.0,-0.0));
#1213=ORIENTED_EDGE('',*,*,#2142,.F.);
#1214=ORIENTED_EDGE('',*,*,#2136,.T.);
#1215=ORIENTED_EDGE('',*,*,#2138,.F.);
#1216=ORIENTED_EDGE('',*,*,#2140,.T.);
#1217=ORIENTED_EDGE('',*,*,#2141,.T.);
#1218=ORIENTED_EDGE('',*,*,#2127,.F.);
#1219=ORIENTED_EDGE('',*,*,#2143,.F.);
#1220=ORIENTED_EDGE('',*,*,#2144,.F.);
#1221=CARTESIAN_POINT('',(1.27,2.18664991433467,-0.2032));
#1222=DIRECTION('',(0.0,0.0,1.0));
#1223=DIRECTION('',(1.0,0.0,0.0));
#1224=ORIENTED_EDGE('',*,*,#2118,.T.);
#1225=ORIENTED_EDGE('',*,*,#2134,.T.);
#1226=ORIENTED_EDGE('',*,*,#2142,.T.);
#1227=ORIENTED_EDGE('',*,*,#2145,.T.);
#1228=ORIENTED_EDGE('',*,*,#2146,.T.);
#1229=ORIENTED_EDGE('',*,*,#2147,.F.);
#1230=ORIENTED_EDGE('',*,*,#2148,.T.);
#1231=ORIENTED_EDGE('',*,*,#2149,.T.);
#1232=CARTESIAN_POINT('',(0.8255,3.048,0.0));
#1233=DIRECTION('',(1.0,0.0,0.0));
#1234=DIRECTION('',(0.0,0.0,-1.0));
#1235=ORIENTED_EDGE('',*,*,#2144,.T.);
#1236=ORIENTED_EDGE('',*,*,#2150,.T.);
#1237=ORIENTED_EDGE('',*,*,#2151,.T.);
#1238=ORIENTED_EDGE('',*,*,#2145,.F.);
#1239=CARTESIAN_POINT('',(1.27,0.761999999999999,0.0));
#1240=DIRECTION('',(0.0,1.0,0.0));
#1241=DIRECTION('',(0.0,0.0,1.0));
#1242=ORIENTED_EDGE('',*,*,#2152,.F.);
#1243=ORIENTED_EDGE('',*,*,#2153,.F.);
#1244=ORIENTED_EDGE('',*,*,#2154,.F.);
#1245=ORIENTED_EDGE('',*,*,#2025,.F.);
#1246=CARTESIAN_POINT('',(8.89,3.048,0.4445));
#1247=DIRECTION('',(0.0,0.0,1.0));
#1248=DIRECTION('',(1.0,0.0,0.0));
#1249=ORIENTED_EDGE('',*,*,#2155,.F.);
#1250=ORIENTED_EDGE('',*,*,#2023,.F.);
#1251=ORIENTED_EDGE('',*,*,#2028,.F.);
#1252=ORIENTED_EDGE('',*,*,#2156,.F.);
#1253=CARTESIAN_POINT('',(8.89,3.048,-0.4445));
#1254=DIRECTION('',(0.0,0.0,1.0));
#1255=DIRECTION('',(1.0,0.0,0.0));
#1256=ORIENTED_EDGE('',*,*,#1996,.T.);
#1257=ORIENTED_EDGE('',*,*,#2026,.F.);
#1258=ORIENTED_EDGE('',*,*,#2154,.T.);
#1259=ORIENTED_EDGE('',*,*,#2157,.T.);
#1260=CARTESIAN_POINT('',(8.89,0.761999999999999,0.0));
#1261=DIRECTION('',(0.0,1.0,0.0));
#1262=DIRECTION('',(0.0,0.0,1.0));
#1263=ORIENTED_EDGE('',*,*,#1997,.T.);
#1264=ORIENTED_EDGE('',*,*,#2157,.F.);
#1265=ORIENTED_EDGE('',*,*,#2153,.T.);
#1266=ORIENTED_EDGE('',*,*,#2158,.F.);
#1267=ORIENTED_EDGE('',*,*,#2156,.T.);
#1268=ORIENTED_EDGE('',*,*,#2027,.F.);
#1269=ORIENTED_EDGE('',*,*,#2020,.T.);
#1270=ORIENTED_EDGE('',*,*,#2003,.T.);
#1271=CARTESIAN_POINT('',(9.3345,3.048,0.0));
#1272=DIRECTION('',(-1.0,0.0,0.0));
#1273=DIRECTION('',(0.0,0.0,1.0));
#1274=ORIENTED_EDGE('',*,*,#2159,.F.);
#1275=ORIENTED_EDGE('',*,*,#2160,.F.);
#1276=ORIENTED_EDGE('',*,*,#2161,.F.);
#1277=ORIENTED_EDGE('',*,*,#2066,.F.);
#1278=CARTESIAN_POINT('',(6.35,3.048,0.4445));
#1279=DIRECTION('',(0.0,0.0,1.0));
#1280=DIRECTION('',(1.0,0.0,0.0));
#1281=ORIENTED_EDGE('',*,*,#2162,.F.);
#1282=ORIENTED_EDGE('',*,*,#2064,.F.);
#1283=ORIENTED_EDGE('',*,*,#2069,.F.);
#1284=ORIENTED_EDGE('',*,*,#2163,.F.);
#1285=CARTESIAN_POINT('',(6.35,3.048,-0.4445));
#1286=DIRECTION('',(0.0,0.0,1.0));
#1287=DIRECTION('',(1.0,0.0,0.0));
#1288=ORIENTED_EDGE('',*,*,#2037,.T.);
#1289=ORIENTED_EDGE('',*,*,#2067,.F.);
#1290=ORIENTED_EDGE('',*,*,#2161,.T.);
#1291=ORIENTED_EDGE('',*,*,#2164,.T.);
#1292=CARTESIAN_POINT('',(6.35,0.761999999999999,0.0));
#1293=DIRECTION('',(0.0,1.0,0.0));
#1294=DIRECTION('',(0.0,0.0,1.0));
#1295=ORIENTED_EDGE('',*,*,#2038,.T.);
#1296=ORIENTED_EDGE('',*,*,#2164,.F.);
#1297=ORIENTED_EDGE('',*,*,#2160,.T.);
#1298=ORIENTED_EDGE('',*,*,#2165,.F.);
#1299=ORIENTED_EDGE('',*,*,#2163,.T.);
#1300=ORIENTED_EDGE('',*,*,#2068,.F.);
#1301=ORIENTED_EDGE('',*,*,#2061,.T.);
#1302=ORIENTED_EDGE('',*,*,#2044,.T.);
#1303=CARTESIAN_POINT('',(6.7945,3.048,0.0));
#1304=DIRECTION('',(-1.0,0.0,0.0));
#1305=DIRECTION('',(0.0,0.0,1.0));
#1306=ORIENTED_EDGE('',*,*,#2166,.F.);
#1307=ORIENTED_EDGE('',*,*,#2167,.F.);
#1308=ORIENTED_EDGE('',*,*,#2168,.F.);
#1309=ORIENTED_EDGE('',*,*,#2107,.F.);
#1310=CARTESIAN_POINT('',(3.81,3.048,0.4445));
#1311=DIRECTION('',(0.0,0.0,1.0));
#1312=DIRECTION('',(1.0,0.0,0.0));
#1313=ORIENTED_EDGE('',*,*,#2169,.F.);
#1314=ORIENTED_EDGE('',*,*,#2105,.F.);
#1315=ORIENTED_EDGE('',*,*,#2110,.F.);
#1316=ORIENTED_EDGE('',*,*,#2170,.F.);
#1317=CARTESIAN_POINT('',(3.81,3.048,-0.4445));
#1318=DIRECTION('',(0.0,0.0,1.0));
#1319=DIRECTION('',(1.0,0.0,0.0));
#1320=ORIENTED_EDGE('',*,*,#2078,.T.);
#1321=ORIENTED_EDGE('',*,*,#2108,.F.);
#1322=ORIENTED_EDGE('',*,*,#2168,.T.);
#1323=ORIENTED_EDGE('',*,*,#2171,.T.);
#1324=CARTESIAN_POINT('',(3.81,0.761999999999999,0.0));
#1325=DIRECTION('',(0.0,1.0,0.0));
#1326=DIRECTION('',(0.0,0.0,1.0));
#1327=ORIENTED_EDGE('',*,*,#2079,.T.);
#1328=ORIENTED_EDGE('',*,*,#2171,.F.);
#1329=ORIENTED_EDGE('',*,*,#2167,.T.);
#1330=ORIENTED_EDGE('',*,*,#2172,.F.);
#1331=ORIENTED_EDGE('',*,*,#2170,.T.);
#1332=ORIENTED_EDGE('',*,*,#2109,.F.);
#1333=ORIENTED_EDGE('',*,*,#2102,.T.);
#1334=ORIENTED_EDGE('',*,*,#2085,.T.);
#1335=CARTESIAN_POINT('',(4.2545,3.048,0.0));
#1336=DIRECTION('',(-1.0,0.0,0.0));
#1337=DIRECTION('',(0.0,0.0,1.0));
#1338=ORIENTED_EDGE('',*,*,#2173,.F.);
#1339=ORIENTED_EDGE('',*,*,#2174,.F.);
#1340=ORIENTED_EDGE('',*,*,#2175,.F.);
#1341=ORIENTED_EDGE('',*,*,#2148,.F.);
#1342=CARTESIAN_POINT('',(1.27,3.048,0.4445));
#1343=DIRECTION('',(0.0,0.0,1.0));
#1344=DIRECTION('',(1.0,0.0,0.0));
#1345=ORIENTED_EDGE('',*,*,#2176,.F.);
#1346=ORIENTED_EDGE('',*,*,#2146,.F.);
#1347=ORIENTED_EDGE('',*,*,#2151,.F.);
#1348=ORIENTED_EDGE('',*,*,#2177,.F.);
#1349=CARTESIAN_POINT('',(1.27,3.048,-0.4445));
#1350=DIRECTION('',(0.0,0.0,1.0));
#1351=DIRECTION('',(1.0,0.0,0.0));
#1352=ORIENTED_EDGE('',*,*,#2119,.T.);
#1353=ORIENTED_EDGE('',*,*,#2149,.F.);
#1354=ORIENTED_EDGE('',*,*,#2175,.T.);
#1355=ORIENTED_EDGE('',*,*,#2178,.T.);
#1356=CARTESIAN_POINT('',(1.27,0.761999999999999,0.0));
#1357=DIRECTION('',(0.0,1.0,0.0));
#1358=DIRECTION('',(0.0,0.0,1.0));
#1359=ORIENTED_EDGE('',*,*,#2120,.T.);
#1360=ORIENTED_EDGE('',*,*,#2178,.F.);
#1361=ORIENTED_EDGE('',*,*,#2174,.T.);
#1362=ORIENTED_EDGE('',*,*,#2179,.F.);
#1363=ORIENTED_EDGE('',*,*,#2177,.T.);
#1364=ORIENTED_EDGE('',*,*,#2150,.F.);
#1365=ORIENTED_EDGE('',*,*,#2143,.T.);
#1366=ORIENTED_EDGE('',*,*,#2126,.T.);
#1367=CARTESIAN_POINT('',(1.7145,3.048,0.0));
#1368=DIRECTION('',(-1.0,0.0,0.0));
#1369=DIRECTION('',(0.0,0.0,1.0));
#1370=ORIENTED_EDGE('',*,*,#2180,.F.);
#1371=ORIENTED_EDGE('',*,*,#2181,.F.);
#1372=ORIENTED_EDGE('',*,*,#2182,.F.);
#1373=ORIENTED_EDGE('',*,*,#2183,.F.);
#1374=CARTESIAN_POINT('',(10.16,-1.0,1.016));
#1375=DIRECTION('',(1.22464679914735E-16,-6.12323399573676E-17,-1.0));
#1376=DIRECTION('',(-1.0,0.0,-1.22464679914735E-16));
#1377=ORIENTED_EDGE('',*,*,#2184,.F.);
#1378=ORIENTED_EDGE('',*,*,#2185,.F.);
#1379=ORIENTED_EDGE('',*,*,#2186,.F.);
#1380=ORIENTED_EDGE('',*,*,#2181,.T.);
#1381=CARTESIAN_POINT('',(9.95222421975181,-1.0,1.143));
#1382=DIRECTION('',(-0.939692620785912,-2.09426936883843E-17,-0.342020143325659));
#1383=DIRECTION('',(-0.342020143325659,5.75395780113927E-17,0.939692620785912));
#1384=ORIENTED_EDGE('',*,*,#2183,.T.);
#1385=ORIENTED_EDGE('',*,*,#2187,.T.);
#1386=ORIENTED_EDGE('',*,*,#2188,.T.);
#1387=ORIENTED_EDGE('',*,*,#2189,.F.);
#1388=CARTESIAN_POINT('',(10.16,2.286,0.0));
#1389=DIRECTION('',(-1.0,0.0,0.0));
#1390=DIRECTION('',(0.0,0.0,1.0));
#1391=ORIENTED_EDGE('',*,*,#1992,.T.);
#1392=ORIENTED_EDGE('',*,*,#1988,.T.);
#1393=ORIENTED_EDGE('',*,*,#2008,.T.);
#1394=ORIENTED_EDGE('',*,*,#2010,.T.);
#1395=ORIENTED_EDGE('',*,*,#2033,.T.);
#1396=ORIENTED_EDGE('',*,*,#2029,.T.);
#1397=ORIENTED_EDGE('',*,*,#2049,.T.);
#1398=ORIENTED_EDGE('',*,*,#2051,.T.);
#1399=ORIENTED_EDGE('',*,*,#2074,.T.);
#1400=ORIENTED_EDGE('',*,*,#2070,.T.);
#1401=ORIENTED_EDGE('',*,*,#2090,.T.);
#1402=ORIENTED_EDGE('',*,*,#2092,.T.);
#1403=ORIENTED_EDGE('',*,*,#2115,.T.);
#1404=ORIENTED_EDGE('',*,*,#2111,.T.);
#1405=ORIENTED_EDGE('',*,*,#2131,.T.);
#1406=ORIENTED_EDGE('',*,*,#2133,.T.);
#1407=ORIENTED_EDGE('',*,*,#2182,.T.);
#1408=ORIENTED_EDGE('',*,*,#2186,.T.);
#1409=ORIENTED_EDGE('',*,*,#2190,.T.);
#1410=ORIENTED_EDGE('',*,*,#2191,.T.);
#1411=ORIENTED_EDGE('',*,*,#2192,.F.);
#1412=ORIENTED_EDGE('',*,*,#2193,.T.);
#1413=ORIENTED_EDGE('',*,*,#2194,.T.);
#1414=ORIENTED_EDGE('',*,*,#2195,.T.);
#1415=ORIENTED_EDGE('',*,*,#2196,.T.);
#1416=ORIENTED_EDGE('',*,*,#2197,.T.);
#1417=ORIENTED_EDGE('',*,*,#2198,.F.);
#1418=ORIENTED_EDGE('',*,*,#2199,.T.);
#1419=ORIENTED_EDGE('',*,*,#2200,.T.);
#1420=ORIENTED_EDGE('',*,*,#2201,.T.);
#1421=ORIENTED_EDGE('',*,*,#2202,.T.);
#1422=ORIENTED_EDGE('',*,*,#2203,.T.);
#1423=ORIENTED_EDGE('',*,*,#2204,.F.);
#1424=ORIENTED_EDGE('',*,*,#2205,.T.);
#1425=ORIENTED_EDGE('',*,*,#2206,.T.);
#1426=ORIENTED_EDGE('',*,*,#2207,.T.);
#1427=ORIENTED_EDGE('',*,*,#2208,.T.);
#1428=ORIENTED_EDGE('',*,*,#2209,.T.);
#1429=ORIENTED_EDGE('',*,*,#2210,.F.);
#1430=ORIENTED_EDGE('',*,*,#2211,.T.);
#1431=ORIENTED_EDGE('',*,*,#2212,.T.);
#1432=ORIENTED_EDGE('',*,*,#2213,.F.);
#1433=ORIENTED_EDGE('',*,*,#2214,.T.);
#1434=ORIENTED_EDGE('',*,*,#2215,.T.);
#1435=ORIENTED_EDGE('',*,*,#2216,.F.);
#1436=ORIENTED_EDGE('',*,*,#2217,.T.);
#1437=ORIENTED_EDGE('',*,*,#2218,.T.);
#1438=ORIENTED_EDGE('',*,*,#2219,.T.);
#1439=ORIENTED_EDGE('',*,*,#2220,.T.);
#1440=ORIENTED_EDGE('',*,*,#2221,.T.);
#1441=ORIENTED_EDGE('',*,*,#2222,.F.);
#1442=ORIENTED_EDGE('',*,*,#2223,.T.);
#1443=ORIENTED_EDGE('',*,*,#2224,.T.);
#1444=ORIENTED_EDGE('',*,*,#2225,.T.);
#1445=ORIENTED_EDGE('',*,*,#2226,.T.);
#1446=ORIENTED_EDGE('',*,*,#2227,.T.);
#1447=ORIENTED_EDGE('',*,*,#2228,.F.);
#1448=ORIENTED_EDGE('',*,*,#2229,.T.);
#1449=ORIENTED_EDGE('',*,*,#2230,.T.);
#1450=ORIENTED_EDGE('',*,*,#2231,.T.);
#1451=ORIENTED_EDGE('',*,*,#2232,.T.);
#1452=ORIENTED_EDGE('',*,*,#2233,.T.);
#1453=ORIENTED_EDGE('',*,*,#2234,.F.);
#1454=ORIENTED_EDGE('',*,*,#2235,.T.);
#1455=ORIENTED_EDGE('',*,*,#2236,.T.);
#1456=ORIENTED_EDGE('',*,*,#2237,.T.);
#1457=ORIENTED_EDGE('',*,*,#2238,.T.);
#1458=ORIENTED_EDGE('',*,*,#2187,.F.);
#1459=CARTESIAN_POINT('',(5.08,0.254,0.0));
#1460=DIRECTION('',(0.0,-1.0,0.0));
#1461=DIRECTION('',(0.0,0.0,-1.0));
#1462=ORIENTED_EDGE('',*,*,#2239,.F.);
#1463=ORIENTED_EDGE('',*,*,#2240,.F.);
#1464=ORIENTED_EDGE('',*,*,#2194,.F.);
#1465=ORIENTED_EDGE('',*,*,#2241,.T.);
#1466=CARTESIAN_POINT('',(7.62,-1.0,1.016));
#1467=DIRECTION('',(1.22464679914735E-16,-6.12323399573676E-17,-1.0));
#1468=DIRECTION('',(-1.0,0.0,-1.22464679914735E-16));
#1469=ORIENTED_EDGE('',*,*,#2242,.F.);
#1470=ORIENTED_EDGE('',*,*,#2241,.F.);
#1471=ORIENTED_EDGE('',*,*,#2193,.F.);
#1472=ORIENTED_EDGE('',*,*,#2243,.F.);
#1473=CARTESIAN_POINT('',(7.82777578024819,-1.0,1.143));
#1474=DIRECTION('',(0.939692620785906,-2.09426936883853E-17,-0.342020143325675));
#1475=DIRECTION('',(-0.342020143325675,-5.75395780113924E-17,-0.939692620785906));
#1476=ORIENTED_EDGE('',*,*,#2244,.F.);
#1477=ORIENTED_EDGE('',*,*,#2245,.F.);
#1478=ORIENTED_EDGE('',*,*,#2195,.F.);
#1479=ORIENTED_EDGE('',*,*,#2240,.T.);
#1480=CARTESIAN_POINT('',(7.41222421975181,-1.0,1.143));
#1481=DIRECTION('',(-0.939692620785912,-2.09426936883843E-17,-0.342020143325659));
#1482=DIRECTION('',(-0.342020143325659,5.75395780113927E-17,0.939692620785912));
#1483=ORIENTED_EDGE('',*,*,#2245,.T.);
#1484=ORIENTED_EDGE('',*,*,#2246,.T.);
#1485=ORIENTED_EDGE('',*,*,#2247,.T.);
#1486=ORIENTED_EDGE('',*,*,#2248,.T.);
#1487=ORIENTED_EDGE('',*,*,#2249,.T.);
#1488=ORIENTED_EDGE('',*,*,#2250,.T.);
#1489=CARTESIAN_POINT('',(5.08,2.286,1.27));
#1490=DIRECTION('',(0.0,0.0,1.0));
#1491=DIRECTION('',(1.0,0.0,0.0));
#1492=ORIENTED_EDGE('',*,*,#2185,.T.);
#1493=ORIENTED_EDGE('',*,*,#2251,.T.);
#1494=ORIENTED_EDGE('',*,*,#2243,.T.);
#1495=ORIENTED_EDGE('',*,*,#2252,.T.);
#1496=ORIENTED_EDGE('',*,*,#2253,.T.);
#1497=ORIENTED_EDGE('',*,*,#2254,.T.);
#1498=CARTESIAN_POINT('',(5.08,2.286,1.27));
#1499=DIRECTION('',(0.0,0.0,1.0));
#1500=DIRECTION('',(1.0,0.0,0.0));
#1501=ORIENTED_EDGE('',*,*,#2255,.F.);
#1502=ORIENTED_EDGE('',*,*,#2256,.F.);
#1503=ORIENTED_EDGE('',*,*,#2200,.F.);
#1504=ORIENTED_EDGE('',*,*,#2257,.T.);
#1505=CARTESIAN_POINT('',(5.08,-1.0,1.016));
#1506=DIRECTION('',(1.22464679914735E-16,-6.12323399573676E-17,-1.0));
#1507=DIRECTION('',(-1.0,0.0,-1.22464679914735E-16));
#1508=ORIENTED_EDGE('',*,*,#2258,.F.);
#1509=ORIENTED_EDGE('',*,*,#2257,.F.);
#1510=ORIENTED_EDGE('',*,*,#2199,.F.);
#1511=ORIENTED_EDGE('',*,*,#2247,.F.);
#1512=CARTESIAN_POINT('',(5.28777578024819,-1.0,1.143));
#1513=DIRECTION('',(0.939692620785906,-2.09426936883853E-17,-0.342020143325675));
#1514=DIRECTION('',(-0.342020143325675,-5.75395780113924E-17,-0.939692620785906));
#1515=ORIENTED_EDGE('',*,*,#2259,.F.);
#1516=ORIENTED_EDGE('',*,*,#2260,.F.);
#1517=ORIENTED_EDGE('',*,*,#2201,.F.);
#1518=ORIENTED_EDGE('',*,*,#2256,.T.);
#1519=CARTESIAN_POINT('',(4.87222421975181,-1.0,1.143));
#1520=DIRECTION('',(-0.939692620785912,-2.09426936883843E-17,-0.342020143325659));
#1521=DIRECTION('',(-0.342020143325659,5.75395780113927E-17,0.939692620785912));
#1522=ORIENTED_EDGE('',*,*,#2260,.T.);
#1523=ORIENTED_EDGE('',*,*,#2261,.T.);
#1524=ORIENTED_EDGE('',*,*,#2262,.T.);
#1525=ORIENTED_EDGE('',*,*,#2263,.T.);
#1526=ORIENTED_EDGE('',*,*,#2264,.T.);
#1527=ORIENTED_EDGE('',*,*,#2265,.T.);
#1528=CARTESIAN_POINT('',(5.08,2.286,1.27));
#1529=DIRECTION('',(0.0,0.0,1.0));
#1530=DIRECTION('',(1.0,0.0,0.0));
#1531=ORIENTED_EDGE('',*,*,#2266,.F.);
#1532=ORIENTED_EDGE('',*,*,#2267,.F.);
#1533=ORIENTED_EDGE('',*,*,#2206,.F.);
#1534=ORIENTED_EDGE('',*,*,#2268,.T.);
#1535=CARTESIAN_POINT('',(2.54,-1.0,1.016));
#1536=DIRECTION('',(1.22464679914735E-16,-6.12323399573676E-17,-1.0));
#1537=DIRECTION('',(-1.0,0.0,-1.22464679914735E-16));
#1538=ORIENTED_EDGE('',*,*,#2269,.F.);
#1539=ORIENTED_EDGE('',*,*,#2268,.F.);
#1540=ORIENTED_EDGE('',*,*,#2205,.F.);
#1541=ORIENTED_EDGE('',*,*,#2262,.F.);
#1542=CARTESIAN_POINT('',(2.74777578024819,-1.0,1.143));
#1543=DIRECTION('',(0.939692620785906,-2.09426936883853E-17,-0.342020143325675));
#1544=DIRECTION('',(-0.342020143325675,-5.75395780113924E-17,-0.939692620785906));
#1545=ORIENTED_EDGE('',*,*,#2270,.F.);
#1546=ORIENTED_EDGE('',*,*,#2271,.F.);
#1547=ORIENTED_EDGE('',*,*,#2207,.F.);
#1548=ORIENTED_EDGE('',*,*,#2267,.T.);
#1549=CARTESIAN_POINT('',(2.33222421975181,-1.0,1.143));
#1550=DIRECTION('',(-0.939692620785912,-2.09426936883843E-17,-0.342020143325659));
#1551=DIRECTION('',(-0.342020143325659,5.75395780113927E-17,0.939692620785912));
#1552=ORIENTED_EDGE('',*,*,#2271,.T.);
#1553=ORIENTED_EDGE('',*,*,#2272,.T.);
#1554=ORIENTED_EDGE('',*,*,#2273,.T.);
#1555=ORIENTED_EDGE('',*,*,#2274,.T.);
#1556=ORIENTED_EDGE('',*,*,#2275,.T.);
#1557=ORIENTED_EDGE('',*,*,#2276,.T.);
#1558=CARTESIAN_POINT('',(5.08,2.286,1.27));
#1559=DIRECTION('',(0.0,0.0,1.0));
#1560=DIRECTION('',(1.0,0.0,0.0));
#1561=ORIENTED_EDGE('',*,*,#2277,.F.);
#1562=ORIENTED_EDGE('',*,*,#2278,.F.);
#1563=ORIENTED_EDGE('',*,*,#2211,.F.);
#1564=ORIENTED_EDGE('',*,*,#2273,.F.);
#1565=CARTESIAN_POINT('',(0.207775780248191,-1.0,1.143));
#1566=DIRECTION('',(0.939692620785906,-2.09426936883853E-17,-0.342020143325675));
#1567=DIRECTION('',(-0.342020143325675,-5.75395780113924E-17,-0.939692620785906));
#1568=ORIENTED_EDGE('',*,*,#2279,.F.);
#1569=ORIENTED_EDGE('',*,*,#2280,.F.);
#1570=ORIENTED_EDGE('',*,*,#2212,.F.);
#1571=ORIENTED_EDGE('',*,*,#2278,.T.);
#1572=CARTESIAN_POINT('',(-2.67793707143123E-15,-1.0,1.016));
#1573=DIRECTION('',(1.22464679914735E-16,-6.12323399573676E-17,-1.0));
#1574=DIRECTION('',(-1.0,0.0,-1.22464679914735E-16));
#1575=ORIENTED_EDGE('',*,*,#2281,.F.);
#1576=ORIENTED_EDGE('',*,*,#2282,.F.);
#1577=ORIENTED_EDGE('',*,*,#2237,.F.);
#1578=ORIENTED_EDGE('',*,*,#2283,.F.);
#1579=CARTESIAN_POINT('',(9.95222421975181,-1.0,-1.143));
#1580=DIRECTION('',(-0.939692620785906,-2.09426936883853E-17,0.342020143325675));
#1581=DIRECTION('',(0.342020143325675,-5.75395780113924E-17,0.939692620785906));
#1582=ORIENTED_EDGE('',*,*,#2284,.F.);
#1583=ORIENTED_EDGE('',*,*,#2188,.F.);
#1584=ORIENTED_EDGE('',*,*,#2238,.F.);
#1585=ORIENTED_EDGE('',*,*,#2282,.T.);
#1586=CARTESIAN_POINT('',(10.16,-1.0,-1.016));
#1587=DIRECTION('',(0.0,-6.12323399573676E-17,1.0));
#1588=DIRECTION('',(1.0,0.0,0.0));
#1589=ORIENTED_EDGE('',*,*,#2283,.T.);
#1590=ORIENTED_EDGE('',*,*,#2285,.T.);
#1591=ORIENTED_EDGE('',*,*,#2286,.T.);
#1592=ORIENTED_EDGE('',*,*,#2287,.T.);
#1593=ORIENTED_EDGE('',*,*,#2288,.T.);
#1594=ORIENTED_EDGE('',*,*,#2289,.T.);
#1595=CARTESIAN_POINT('',(5.08,2.286,-1.27));
#1596=DIRECTION('',(0.0,0.0,1.0));
#1597=DIRECTION('',(1.0,0.0,0.0));
#1598=ORIENTED_EDGE('',*,*,#2290,.F.);
#1599=ORIENTED_EDGE('',*,*,#2291,.F.);
#1600=ORIENTED_EDGE('',*,*,#2232,.F.);
#1601=ORIENTED_EDGE('',*,*,#2292,.T.);
#1602=CARTESIAN_POINT('',(7.62,-1.0,-1.016));
#1603=DIRECTION('',(0.0,-6.12323399573676E-17,1.0));
#1604=DIRECTION('',(1.0,0.0,0.0));
#1605=ORIENTED_EDGE('',*,*,#2293,.F.);
#1606=ORIENTED_EDGE('',*,*,#2292,.F.);
#1607=ORIENTED_EDGE('',*,*,#2231,.F.);
#1608=ORIENTED_EDGE('',*,*,#2294,.F.);
#1609=CARTESIAN_POINT('',(7.41222421975181,-1.0,-1.143));
#1610=DIRECTION('',(-0.939692620785906,-2.09426936883853E-17,0.342020143325675));
#1611=DIRECTION('',(0.342020143325675,-5.75395780113924E-17,0.939692620785906));
#1612=ORIENTED_EDGE('',*,*,#2295,.F.);
#1613=ORIENTED_EDGE('',*,*,#2288,.F.);
#1614=ORIENTED_EDGE('',*,*,#2233,.F.);
#1615=ORIENTED_EDGE('',*,*,#2291,.T.);
#1616=CARTESIAN_POINT('',(7.82777578024819,-1.0,-1.143));
#1617=DIRECTION('',(0.939692620785912,-2.09426936883843E-17,0.342020143325658));
#1618=DIRECTION('',(0.342020143325658,5.75395780113927E-17,-0.939692620785912));
#1619=ORIENTED_EDGE('',*,*,#2294,.T.);
#1620=ORIENTED_EDGE('',*,*,#2296,.T.);
#1621=ORIENTED_EDGE('',*,*,#2297,.T.);
#1622=ORIENTED_EDGE('',*,*,#2298,.T.);
#1623=ORIENTED_EDGE('',*,*,#2299,.T.);
#1624=ORIENTED_EDGE('',*,*,#2300,.T.);
#1625=CARTESIAN_POINT('',(5.08,2.286,-1.27));
#1626=DIRECTION('',(0.0,0.0,1.0));
#1627=DIRECTION('',(1.0,0.0,0.0));
#1628=ORIENTED_EDGE('',*,*,#2301,.F.);
#1629=ORIENTED_EDGE('',*,*,#2302,.F.);
#1630=ORIENTED_EDGE('',*,*,#2226,.F.);
#1631=ORIENTED_EDGE('',*,*,#2303,.T.);
#1632=CARTESIAN_POINT('',(5.08,-1.0,-1.016));
#1633=DIRECTION('',(0.0,-6.12323399573676E-17,1.0));
#1634=DIRECTION('',(1.0,0.0,0.0));
#1635=ORIENTED_EDGE('',*,*,#2304,.F.);
#1636=ORIENTED_EDGE('',*,*,#2303,.F.);
#1637=ORIENTED_EDGE('',*,*,#2225,.F.);
#1638=ORIENTED_EDGE('',*,*,#2305,.F.);
#1639=CARTESIAN_POINT('',(4.87222421975181,-1.0,-1.143));
#1640=DIRECTION('',(-0.939692620785906,-2.09426936883853E-17,0.342020143325675));
#1641=DIRECTION('',(0.342020143325675,-5.75395780113924E-17,0.939692620785906));
#1642=ORIENTED_EDGE('',*,*,#2306,.F.);
#1643=ORIENTED_EDGE('',*,*,#2299,.F.);
#1644=ORIENTED_EDGE('',*,*,#2227,.F.);
#1645=ORIENTED_EDGE('',*,*,#2302,.T.);
#1646=CARTESIAN_POINT('',(5.28777578024819,-1.0,-1.143));
#1647=DIRECTION('',(0.939692620785912,-2.09426936883843E-17,0.342020143325658));
#1648=DIRECTION('',(0.342020143325658,5.75395780113927E-17,-0.939692620785912));
#1649=ORIENTED_EDGE('',*,*,#2305,.T.);
#1650=ORIENTED_EDGE('',*,*,#2307,.T.);
#1651=ORIENTED_EDGE('',*,*,#2308,.T.);
#1652=ORIENTED_EDGE('',*,*,#2309,.T.);
#1653=ORIENTED_EDGE('',*,*,#2310,.T.);
#1654=ORIENTED_EDGE('',*,*,#2311,.T.);
#1655=CARTESIAN_POINT('',(5.08,2.286,-1.27));
#1656=DIRECTION('',(0.0,0.0,1.0));
#1657=DIRECTION('',(1.0,0.0,0.0));
#1658=ORIENTED_EDGE('',*,*,#2312,.F.);
#1659=ORIENTED_EDGE('',*,*,#2313,.F.);
#1660=ORIENTED_EDGE('',*,*,#2220,.F.);
#1661=ORIENTED_EDGE('',*,*,#2314,.T.);
#1662=CARTESIAN_POINT('',(2.54,-1.0,-1.016));
#1663=DIRECTION('',(0.0,-6.12323399573676E-17,1.0));
#1664=DIRECTION('',(1.0,0.0,0.0));
#1665=ORIENTED_EDGE('',*,*,#2315,.F.);
#1666=ORIENTED_EDGE('',*,*,#2314,.F.);
#1667=ORIENTED_EDGE('',*,*,#2219,.F.);
#1668=ORIENTED_EDGE('',*,*,#2316,.F.);
#1669=CARTESIAN_POINT('',(2.33222421975181,-1.0,-1.143));
#1670=DIRECTION('',(-0.939692620785906,-2.09426936883853E-17,0.342020143325675));
#1671=DIRECTION('',(0.342020143325675,-5.75395780113924E-17,0.939692620785906));
#1672=ORIENTED_EDGE('',*,*,#2317,.F.);
#1673=ORIENTED_EDGE('',*,*,#2310,.F.);
#1674=ORIENTED_EDGE('',*,*,#2221,.F.);
#1675=ORIENTED_EDGE('',*,*,#2313,.T.);
#1676=CARTESIAN_POINT('',(2.74777578024819,-1.0,-1.143));
#1677=DIRECTION('',(0.939692620785912,-2.09426936883843E-17,0.342020143325658));
#1678=DIRECTION('',(0.342020143325658,5.75395780113927E-17,-0.939692620785912));
#1679=ORIENTED_EDGE('',*,*,#2316,.T.);
#1680=ORIENTED_EDGE('',*,*,#2318,.T.);
#1681=ORIENTED_EDGE('',*,*,#2319,.T.);
#1682=ORIENTED_EDGE('',*,*,#2320,.T.);
#1683=ORIENTED_EDGE('',*,*,#2321,.T.);
#1684=ORIENTED_EDGE('',*,*,#2322,.T.);
#1685=CARTESIAN_POINT('',(5.08,2.286,-1.27));
#1686=DIRECTION('',(0.0,0.0,1.0));
#1687=DIRECTION('',(1.0,0.0,0.0));
#1688=ORIENTED_EDGE('',*,*,#2323,.F.);
#1689=ORIENTED_EDGE('',*,*,#2324,.F.);
#1690=ORIENTED_EDGE('',*,*,#2214,.F.);
#1691=ORIENTED_EDGE('',*,*,#2325,.F.);
#1692=CARTESIAN_POINT('',(2.55351295663786E-15,-1.0,-1.016));
#1693=DIRECTION('',(0.0,-6.12323399573676E-17,1.0));
#1694=DIRECTION('',(1.0,0.0,0.0));
#1695=ORIENTED_EDGE('',*,*,#2326,.F.);
#1696=ORIENTED_EDGE('',*,*,#2321,.F.);
#1697=ORIENTED_EDGE('',*,*,#2215,.F.);
#1698=ORIENTED_EDGE('',*,*,#2324,.T.);
#1699=CARTESIAN_POINT('',(0.207775780248194,-1.0,-1.143));
#1700=DIRECTION('',(0.939692620785912,-2.09426936883843E-17,0.342020143325658));
#1701=DIRECTION('',(0.342020143325658,5.75395780113927E-17,-0.939692620785912));
#1702=ORIENTED_EDGE('',*,*,#2280,.T.);
#1703=ORIENTED_EDGE('',*,*,#2327,.T.);
#1704=ORIENTED_EDGE('',*,*,#2325,.T.);
#1705=ORIENTED_EDGE('',*,*,#2213,.T.);
#1706=CARTESIAN_POINT('',(0.0,2.286,0.0));
#1707=DIRECTION('',(1.0,0.0,0.0));
#1708=DIRECTION('',(0.0,0.0,-1.0));
#1709=ORIENTED_EDGE('',*,*,#2328,.F.);
#1710=ORIENTED_EDGE('',*,*,#2329,.F.);
#1711=ORIENTED_EDGE('',*,*,#2285,.F.);
#1712=ORIENTED_EDGE('',*,*,#2236,.F.);
#1713=CARTESIAN_POINT('',(9.906,0.004,0.0));
#1714=DIRECTION('',(1.0,0.0,0.0));
#1715=DIRECTION('',(0.0,0.0,-1.0));
#1716=ORIENTED_EDGE('',*,*,#2254,.F.);
#1717=ORIENTED_EDGE('',*,*,#2330,.F.);
#1718=ORIENTED_EDGE('',*,*,#2331,.F.);
#1719=ORIENTED_EDGE('',*,*,#2190,.F.);
#1720=CARTESIAN_POINT('',(9.906,0.004,0.0));
#1721=DIRECTION('',(1.0,0.0,0.0));
#1722=DIRECTION('',(0.0,0.0,-1.0));
#1723=ORIENTED_EDGE('',*,*,#2287,.F.);
#1724=ORIENTED_EDGE('',*,*,#2332,.F.);
#1725=ORIENTED_EDGE('',*,*,#2333,.F.);
#1726=ORIENTED_EDGE('',*,*,#2234,.T.);
#1727=CARTESIAN_POINT('',(7.874,0.004,0.0));
#1728=DIRECTION('',(-1.0,0.0,0.0));
#1729=DIRECTION('',(0.0,0.0,1.0));
#1730=ORIENTED_EDGE('',*,*,#2252,.F.);
#1731=ORIENTED_EDGE('',*,*,#2192,.T.);
#1732=ORIENTED_EDGE('',*,*,#2334,.F.);
#1733=ORIENTED_EDGE('',*,*,#2335,.F.);
#1734=CARTESIAN_POINT('',(7.874,0.004,0.0));
#1735=DIRECTION('',(-1.0,0.0,0.0));
#1736=DIRECTION('',(0.0,0.0,1.0));
#1737=ORIENTED_EDGE('',*,*,#2296,.F.);
#1738=ORIENTED_EDGE('',*,*,#2230,.F.);
#1739=ORIENTED_EDGE('',*,*,#2336,.F.);
#1740=ORIENTED_EDGE('',*,*,#2337,.F.);
#1741=CARTESIAN_POINT('',(7.366,0.004,0.0));
#1742=DIRECTION('',(1.0,0.0,0.0));
#1743=DIRECTION('',(0.0,0.0,-1.0));
#1744=ORIENTED_EDGE('',*,*,#2250,.F.);
#1745=ORIENTED_EDGE('',*,*,#2338,.F.);
#1746=ORIENTED_EDGE('',*,*,#2339,.F.);
#1747=ORIENTED_EDGE('',*,*,#2196,.F.);
#1748=CARTESIAN_POINT('',(7.366,0.004,0.0));
#1749=DIRECTION('',(1.0,0.0,0.0));
#1750=DIRECTION('',(0.0,0.0,-1.0));
#1751=ORIENTED_EDGE('',*,*,#2338,.T.);
#1752=ORIENTED_EDGE('',*,*,#2249,.F.);
#1753=ORIENTED_EDGE('',*,*,#2340,.T.);
#1754=ORIENTED_EDGE('',*,*,#2341,.T.);
#1755=CARTESIAN_POINT('',(5.08,0.0,0.0));
#1756=DIRECTION('',(0.0,1.0,0.0));
#1757=DIRECTION('',(0.0,0.0,1.0));
#1758=ORIENTED_EDGE('',*,*,#2330,.T.);
#1759=ORIENTED_EDGE('',*,*,#2253,.F.);
#1760=ORIENTED_EDGE('',*,*,#2335,.T.);
#1761=ORIENTED_EDGE('',*,*,#2342,.T.);
#1762=CARTESIAN_POINT('',(5.08,0.0,0.0));
#1763=DIRECTION('',(0.0,1.0,0.0));
#1764=DIRECTION('',(0.0,0.0,1.0));
#1765=ORIENTED_EDGE('',*,*,#2339,.T.);
#1766=ORIENTED_EDGE('',*,*,#2341,.F.);
#1767=ORIENTED_EDGE('',*,*,#2343,.T.);
#1768=ORIENTED_EDGE('',*,*,#2197,.F.);
#1769=CARTESIAN_POINT('',(5.08,0.004,0.762));
#1770=DIRECTION('',(0.0,0.0,1.0));
#1771=DIRECTION('',(1.0,0.0,0.0));
#1772=ORIENTED_EDGE('',*,*,#2331,.T.);
#1773=ORIENTED_EDGE('',*,*,#2342,.F.);
#1774=ORIENTED_EDGE('',*,*,#2334,.T.);
#1775=ORIENTED_EDGE('',*,*,#2191,.F.);
#1776=CARTESIAN_POINT('',(5.08,0.004,0.762));
#1777=DIRECTION('',(0.0,0.0,1.0));
#1778=DIRECTION('',(1.0,0.0,0.0));
#1779=ORIENTED_EDGE('',*,*,#2337,.T.);
#1780=ORIENTED_EDGE('',*,*,#2344,.T.);
#1781=ORIENTED_EDGE('',*,*,#2345,.T.);
#1782=ORIENTED_EDGE('',*,*,#2297,.F.);
#1783=CARTESIAN_POINT('',(5.08,0.0,0.0));
#1784=DIRECTION('',(0.0,1.0,0.0));
#1785=DIRECTION('',(0.0,0.0,1.0));
#1786=ORIENTED_EDGE('',*,*,#2336,.T.);
#1787=ORIENTED_EDGE('',*,*,#2229,.F.);
#1788=ORIENTED_EDGE('',*,*,#2346,.T.);
#1789=ORIENTED_EDGE('',*,*,#2344,.F.);
#1790=CARTESIAN_POINT('',(5.08,0.004,-0.762));
#1791=DIRECTION('',(0.0,0.0,1.0));
#1792=DIRECTION('',(1.0,0.0,0.0));
#1793=ORIENTED_EDGE('',*,*,#2307,.F.);
#1794=ORIENTED_EDGE('',*,*,#2224,.F.);
#1795=ORIENTED_EDGE('',*,*,#2347,.F.);
#1796=ORIENTED_EDGE('',*,*,#2348,.F.);
#1797=CARTESIAN_POINT('',(4.826,0.004,0.0));
#1798=DIRECTION('',(1.0,0.0,0.0));
#1799=DIRECTION('',(0.0,0.0,-1.0));
#1800=ORIENTED_EDGE('',*,*,#2298,.F.);
#1801=ORIENTED_EDGE('',*,*,#2345,.F.);
#1802=ORIENTED_EDGE('',*,*,#2346,.F.);
#1803=ORIENTED_EDGE('',*,*,#2228,.T.);
#1804=CARTESIAN_POINT('',(5.334,0.004,0.0));
#1805=DIRECTION('',(-1.0,0.0,0.0));
#1806=DIRECTION('',(0.0,0.0,1.0));
#1807=ORIENTED_EDGE('',*,*,#2248,.F.);
#1808=ORIENTED_EDGE('',*,*,#2198,.T.);
#1809=ORIENTED_EDGE('',*,*,#2343,.F.);
#1810=ORIENTED_EDGE('',*,*,#2340,.F.);
#1811=CARTESIAN_POINT('',(5.334,0.004,0.0));
#1812=DIRECTION('',(-1.0,0.0,0.0));
#1813=DIRECTION('',(0.0,0.0,1.0));
#1814=ORIENTED_EDGE('',*,*,#2265,.F.);
#1815=ORIENTED_EDGE('',*,*,#2349,.F.);
#1816=ORIENTED_EDGE('',*,*,#2350,.F.);
#1817=ORIENTED_EDGE('',*,*,#2202,.F.);
#1818=CARTESIAN_POINT('',(4.826,0.004,0.0));
#1819=DIRECTION('',(1.0,0.0,0.0));
#1820=DIRECTION('',(0.0,0.0,-1.0));
#1821=ORIENTED_EDGE('',*,*,#2328,.T.);
#1822=ORIENTED_EDGE('',*,*,#2235,.F.);
#1823=ORIENTED_EDGE('',*,*,#2333,.T.);
#1824=ORIENTED_EDGE('',*,*,#2351,.F.);
#1825=CARTESIAN_POINT('',(5.08,0.004,-0.762));
#1826=DIRECTION('',(0.0,0.0,1.0));
#1827=DIRECTION('',(1.0,0.0,0.0));
#1828=ORIENTED_EDGE('',*,*,#2347,.T.);
#1829=ORIENTED_EDGE('',*,*,#2223,.F.);
#1830=ORIENTED_EDGE('',*,*,#2352,.T.);
#1831=ORIENTED_EDGE('',*,*,#2353,.F.);
#1832=CARTESIAN_POINT('',(5.08,0.004,-0.762));
#1833=DIRECTION('',(0.0,0.0,1.0));
#1834=DIRECTION('',(1.0,0.0,0.0));
#1835=ORIENTED_EDGE('',*,*,#2329,.T.);
#1836=ORIENTED_EDGE('',*,*,#2351,.T.);
#1837=ORIENTED_EDGE('',*,*,#2332,.T.);
#1838=ORIENTED_EDGE('',*,*,#2286,.F.);
#1839=CARTESIAN_POINT('',(5.08,0.0,0.0));
#1840=DIRECTION('',(0.0,1.0,0.0));
#1841=DIRECTION('',(0.0,0.0,1.0));
#1842=ORIENTED_EDGE('',*,*,#2348,.T.);
#1843=ORIENTED_EDGE('',*,*,#2353,.T.);
#1844=ORIENTED_EDGE('',*,*,#2354,.T.);
#1845=ORIENTED_EDGE('',*,*,#2308,.F.);
#1846=CARTESIAN_POINT('',(5.08,0.0,0.0));
#1847=DIRECTION('',(0.0,1.0,0.0));
#1848=DIRECTION('',(0.0,0.0,1.0));
#1849=ORIENTED_EDGE('',*,*,#2355,.F.);
#1850=ORIENTED_EDGE('',*,*,#2208,.F.);
#1851=ORIENTED_EDGE('',*,*,#2276,.F.);
#1852=ORIENTED_EDGE('',*,*,#2356,.F.);
#1853=CARTESIAN_POINT('',(2.286,0.004,0.0));
#1854=DIRECTION('',(1.0,0.0,0.0));
#1855=DIRECTION('',(0.0,0.0,-1.0));
#1856=ORIENTED_EDGE('',*,*,#2318,.F.);
#1857=ORIENTED_EDGE('',*,*,#2218,.F.);
#1858=ORIENTED_EDGE('',*,*,#2357,.F.);
#1859=ORIENTED_EDGE('',*,*,#2358,.F.);
#1860=CARTESIAN_POINT('',(2.286,0.004,0.0));
#1861=DIRECTION('',(1.0,0.0,0.0));
#1862=DIRECTION('',(0.0,0.0,-1.0));
#1863=ORIENTED_EDGE('',*,*,#2359,.F.);
#1864=ORIENTED_EDGE('',*,*,#2360,.F.);
#1865=ORIENTED_EDGE('',*,*,#2263,.F.);
#1866=ORIENTED_EDGE('',*,*,#2204,.T.);
#1867=CARTESIAN_POINT('',(2.794,0.004,0.0));
#1868=DIRECTION('',(-1.0,0.0,0.0));
#1869=DIRECTION('',(0.0,0.0,1.0));
#1870=ORIENTED_EDGE('',*,*,#2309,.F.);
#1871=ORIENTED_EDGE('',*,*,#2354,.F.);
#1872=ORIENTED_EDGE('',*,*,#2352,.F.);
#1873=ORIENTED_EDGE('',*,*,#2222,.T.);
#1874=CARTESIAN_POINT('',(2.794,0.004,0.0));
#1875=DIRECTION('',(-1.0,0.0,0.0));
#1876=DIRECTION('',(0.0,0.0,1.0));
#1877=ORIENTED_EDGE('',*,*,#2358,.T.);
#1878=ORIENTED_EDGE('',*,*,#2361,.T.);
#1879=ORIENTED_EDGE('',*,*,#2362,.T.);
#1880=ORIENTED_EDGE('',*,*,#2319,.F.);
#1881=CARTESIAN_POINT('',(5.08,0.0,0.0));
#1882=DIRECTION('',(0.0,1.0,0.0));
#1883=DIRECTION('',(0.0,0.0,1.0));
#1884=ORIENTED_EDGE('',*,*,#2357,.T.);
#1885=ORIENTED_EDGE('',*,*,#2217,.F.);
#1886=ORIENTED_EDGE('',*,*,#2363,.T.);
#1887=ORIENTED_EDGE('',*,*,#2361,.F.);
#1888=CARTESIAN_POINT('',(5.08,0.004,-0.762));
#1889=DIRECTION('',(0.0,0.0,1.0));
#1890=DIRECTION('',(1.0,0.0,0.0));
#1891=ORIENTED_EDGE('',*,*,#2350,.T.);
#1892=ORIENTED_EDGE('',*,*,#2364,.F.);
#1893=ORIENTED_EDGE('',*,*,#2359,.T.);
#1894=ORIENTED_EDGE('',*,*,#2203,.F.);
#1895=CARTESIAN_POINT('',(5.08,0.004,0.762));
#1896=DIRECTION('',(0.0,0.0,1.0));
#1897=DIRECTION('',(1.0,0.0,0.0));
#1898=ORIENTED_EDGE('',*,*,#2349,.T.);
#1899=ORIENTED_EDGE('',*,*,#2264,.F.);
#1900=ORIENTED_EDGE('',*,*,#2360,.T.);
#1901=ORIENTED_EDGE('',*,*,#2364,.T.);
#1902=CARTESIAN_POINT('',(5.08,0.0,0.0));
#1903=DIRECTION('',(0.0,1.0,0.0));
#1904=DIRECTION('',(0.0,0.0,1.0));
#1905=ORIENTED_EDGE('',*,*,#2356,.T.);
#1906=ORIENTED_EDGE('',*,*,#2275,.F.);
#1907=ORIENTED_EDGE('',*,*,#2365,.T.);
#1908=ORIENTED_EDGE('',*,*,#2366,.T.);
#1909=CARTESIAN_POINT('',(5.08,0.0,0.0));
#1910=DIRECTION('',(0.0,1.0,0.0));
#1911=DIRECTION('',(0.0,0.0,1.0));
#1912=ORIENTED_EDGE('',*,*,#2363,.F.);
#1913=ORIENTED_EDGE('',*,*,#2216,.T.);
#1914=ORIENTED_EDGE('',*,*,#2320,.F.);
#1915=ORIENTED_EDGE('',*,*,#2362,.F.);
#1916=CARTESIAN_POINT('',(0.254,0.004,0.0));
#1917=DIRECTION('',(-1.0,0.0,0.0));
#1918=DIRECTION('',(0.0,0.0,1.0));
#1919=ORIENTED_EDGE('',*,*,#2274,.F.);
#1920=ORIENTED_EDGE('',*,*,#2210,.T.);
#1921=ORIENTED_EDGE('',*,*,#2367,.F.);
#1922=ORIENTED_EDGE('',*,*,#2365,.F.);
#1923=CARTESIAN_POINT('',(0.254,0.004,0.0));
#1924=DIRECTION('',(-1.0,0.0,0.0));
#1925=DIRECTION('',(0.0,0.0,1.0));
#1926=ORIENTED_EDGE('',*,*,#2355,.T.);
#1927=ORIENTED_EDGE('',*,*,#2366,.F.);
#1928=ORIENTED_EDGE('',*,*,#2367,.T.);
#1929=ORIENTED_EDGE('',*,*,#2209,.F.);
#1930=CARTESIAN_POINT('',(5.08,0.004,0.762));
#1931=DIRECTION('',(0.0,0.0,1.0));
#1932=DIRECTION('',(1.0,0.0,0.0));
#1933=ORIENTED_EDGE('',*,*,#2155,.T.);
#1934=ORIENTED_EDGE('',*,*,#2158,.T.);
#1935=ORIENTED_EDGE('',*,*,#2152,.T.);
#1936=ORIENTED_EDGE('',*,*,#2024,.T.);
#1937=ORIENTED_EDGE('',*,*,#2162,.T.);
#1938=ORIENTED_EDGE('',*,*,#2165,.T.);
#1939=ORIENTED_EDGE('',*,*,#2159,.T.);
#1940=ORIENTED_EDGE('',*,*,#2065,.T.);
#1941=ORIENTED_EDGE('',*,*,#2169,.T.);
#1942=ORIENTED_EDGE('',*,*,#2172,.T.);
#1943=ORIENTED_EDGE('',*,*,#2166,.T.);
#1944=ORIENTED_EDGE('',*,*,#2106,.T.);
#1945=ORIENTED_EDGE('',*,*,#2176,.T.);
#1946=ORIENTED_EDGE('',*,*,#2179,.T.);
#1947=ORIENTED_EDGE('',*,*,#2173,.T.);
#1948=ORIENTED_EDGE('',*,*,#2147,.T.);
#1949=ORIENTED_EDGE('',*,*,#2180,.T.);
#1950=ORIENTED_EDGE('',*,*,#2189,.T.);
#1951=ORIENTED_EDGE('',*,*,#2284,.T.);
#1952=ORIENTED_EDGE('',*,*,#2281,.T.);
#1953=ORIENTED_EDGE('',*,*,#2289,.F.);
#1954=ORIENTED_EDGE('',*,*,#2295,.T.);
#1955=ORIENTED_EDGE('',*,*,#2290,.T.);
#1956=ORIENTED_EDGE('',*,*,#2293,.T.);
#1957=ORIENTED_EDGE('',*,*,#2300,.F.);
#1958=ORIENTED_EDGE('',*,*,#2306,.T.);
#1959=ORIENTED_EDGE('',*,*,#2301,.T.);
#1960=ORIENTED_EDGE('',*,*,#2304,.T.);
#1961=ORIENTED_EDGE('',*,*,#2311,.F.);
#1962=ORIENTED_EDGE('',*,*,#2317,.T.);
#1963=ORIENTED_EDGE('',*,*,#2312,.T.);
#1964=ORIENTED_EDGE('',*,*,#2315,.T.);
#1965=ORIENTED_EDGE('',*,*,#2322,.F.);
#1966=ORIENTED_EDGE('',*,*,#2326,.T.);
#1967=ORIENTED_EDGE('',*,*,#2323,.T.);
#1968=ORIENTED_EDGE('',*,*,#2327,.F.);
#1969=ORIENTED_EDGE('',*,*,#2279,.T.);
#1970=ORIENTED_EDGE('',*,*,#2277,.T.);
#1971=ORIENTED_EDGE('',*,*,#2272,.F.);
#1972=ORIENTED_EDGE('',*,*,#2270,.T.);
#1973=ORIENTED_EDGE('',*,*,#2266,.T.);
#1974=ORIENTED_EDGE('',*,*,#2269,.T.);
#1975=ORIENTED_EDGE('',*,*,#2261,.F.);
#1976=ORIENTED_EDGE('',*,*,#2259,.T.);
#1977=ORIENTED_EDGE('',*,*,#2255,.T.);
#1978=ORIENTED_EDGE('',*,*,#2258,.T.);
#1979=ORIENTED_EDGE('',*,*,#2246,.F.);
#1980=ORIENTED_EDGE('',*,*,#2244,.T.);
#1981=ORIENTED_EDGE('',*,*,#2239,.T.);
#1982=ORIENTED_EDGE('',*,*,#2242,.T.);
#1983=ORIENTED_EDGE('',*,*,#2251,.F.);
#1984=ORIENTED_EDGE('',*,*,#2184,.T.);
#1985=CARTESIAN_POINT('',(5.08,4.572,0.0));
#1986=DIRECTION('',(0.0,-1.0,0.0));
#1987=DIRECTION('',(0.0,0.0,-1.0));
#1988=EDGE_CURVE('',#2368,#2369,#2370,.T.);
#1989=EDGE_CURVE('',#2368,#2371,#2372,.T.);
#1990=EDGE_CURVE('',#2373,#2371,#2374,.T.);
#1991=EDGE_CURVE('',#2369,#2373,#2375,.T.);
#1992=EDGE_CURVE('',#2376,#2368,#2377,.T.);
#1993=EDGE_CURVE('',#2376,#2378,#2379,.T.);
#1994=EDGE_CURVE('',#2371,#2378,#2380,.T.);
#1995=EDGE_CURVE('',#2381,#2382,#2383,.T.);
#1996=EDGE_CURVE('',#2384,#2381,#2385,.T.);
#1997=EDGE_CURVE('',#2386,#2384,#2387,.T.);
#1998=EDGE_CURVE('',#2388,#2386,#2389,.T.);
#1999=EDGE_CURVE('',#2390,#2388,#2391,.T.);
#2000=EDGE_CURVE('',#2392,#2390,#2393,.T.);
#2001=EDGE_CURVE('',#2394,#2392,#2395,.T.);
#2002=EDGE_CURVE('',#2382,#2394,#2396,.T.);
#2003=EDGE_CURVE('',#2397,#2386,#2398,.T.);
#2004=EDGE_CURVE('',#2397,#2399,#2400,.T.);
#2005=EDGE_CURVE('',#2399,#2388,#2401,.T.);
#2006=EDGE_CURVE('',#2378,#2402,#2403,.T.);
#2007=EDGE_CURVE('',#2373,#2402,#2404,.T.);
#2008=EDGE_CURVE('',#2369,#2405,#2406,.T.);
#2009=EDGE_CURVE('',#2402,#2405,#2407,.T.);
#2010=EDGE_CURVE('',#2405,#2376,#2408,.T.);
#2011=EDGE_CURVE('',#2382,#2409,#2410,.T.);
#2012=EDGE_CURVE('',#2411,#2394,#2412,.T.);
#2013=EDGE_CURVE('',#2409,#2411,#2413,.T.);
#2014=EDGE_CURVE('',#2414,#2392,#2415,.T.);
#2015=EDGE_CURVE('',#2414,#2411,#2416,.T.);
#2016=EDGE_CURVE('',#2417,#2390,#2418,.T.);
#2017=EDGE_CURVE('',#2414,#2417,#2419,.T.);
#2018=EDGE_CURVE('',#2417,#2399,#2420,.T.);
#2019=EDGE_CURVE('',#2409,#2421,#2422,.T.);
#2020=EDGE_CURVE('',#2423,#2397,#2424,.T.);
#2021=EDGE_CURVE('',#2421,#2423,#2425,.T.);
#2022=EDGE_CURVE('',#2421,#2426,#2427,.T.);
#2023=EDGE_CURVE('',#2426,#2428,#2429,.T.);
#2024=EDGE_CURVE('',#2430,#2428,#2431,.T.);
#2025=EDGE_CURVE('',#2430,#2432,#2433,.T.);
#2026=EDGE_CURVE('',#2432,#2381,#2434,.T.);
#2027=EDGE_CURVE('',#2423,#2435,#2436,.T.);
#2028=EDGE_CURVE('',#2435,#2426,#2437,.T.);
#2029=EDGE_CURVE('',#2438,#2439,#2440,.T.);
#2030=EDGE_CURVE('',#2438,#2441,#2442,.T.);
#2031=EDGE_CURVE('',#2443,#2441,#2444,.T.);
#2032=EDGE_CURVE('',#2439,#2443,#2445,.T.);
#2033=EDGE_CURVE('',#2446,#2438,#2447,.T.);
#2034=EDGE_CURVE('',#2446,#2448,#2449,.T.);
#2035=EDGE_CURVE('',#2441,#2448,#2450,.T.);
#2036=EDGE_CURVE('',#2451,#2452,#2453,.T.);
#2037=EDGE_CURVE('',#2454,#2451,#2455,.T.);
#2038=EDGE_CURVE('',#2456,#2454,#2457,.T.);
#2039=EDGE_CURVE('',#2458,#2456,#2459,.T.);
#2040=EDGE_CURVE('',#2460,#2458,#2461,.T.);
#2041=EDGE_CURVE('',#2462,#2460,#2463,.T.);
#2042=EDGE_CURVE('',#2464,#2462,#2465,.T.);
#2043=EDGE_CURVE('',#2452,#2464,#2466,.T.);
#2044=EDGE_CURVE('',#2467,#2456,#2468,.T.);
#2045=EDGE_CURVE('',#2467,#2469,#2470,.T.);
#2046=EDGE_CURVE('',#2469,#2458,#2471,.T.);
#2047=EDGE_CURVE('',#2448,#2472,#2473,.T.);
#2048=EDGE_CURVE('',#2443,#2472,#2474,.T.);
#2049=EDGE_CURVE('',#2439,#2475,#2476,.T.);
#2050=EDGE_CURVE('',#2472,#2475,#2477,.T.);
#2051=EDGE_CURVE('',#2475,#2446,#2478,.T.);
#2052=EDGE_CURVE('',#2452,#2479,#2480,.T.);
#2053=EDGE_CURVE('',#2481,#2464,#2482,.T.);
#2054=EDGE_CURVE('',#2479,#2481,#2483,.T.);
#2055=EDGE_CURVE('',#2484,#2462,#2485,.T.);
#2056=EDGE_CURVE('',#2484,#2481,#2486,.T.);
#2057=EDGE_CURVE('',#2487,#2460,#2488,.T.);
#2058=EDGE_CURVE('',#2484,#2487,#2489,.T.);
#2059=EDGE_CURVE('',#2487,#2469,#2490,.T.);
#2060=EDGE_CURVE('',#2479,#2491,#2492,.T.);
#2061=EDGE_CURVE('',#2493,#2467,#2494,.T.);
#2062=EDGE_CURVE('',#2491,#2493,#2495,.T.);
#2063=EDGE_CURVE('',#2491,#2496,#2497,.T.);
#2064=EDGE_CURVE('',#2496,#2498,#2499,.T.);
#2065=EDGE_CURVE('',#2500,#2498,#2501,.T.);
#2066=EDGE_CURVE('',#2500,#2502,#2503,.T.);
#2067=EDGE_CURVE('',#2502,#2451,#2504,.T.);
#2068=EDGE_CURVE('',#2493,#2505,#2506,.T.);
#2069=EDGE_CURVE('',#2505,#2496,#2507,.T.);
#2070=EDGE_CURVE('',#2508,#2509,#2510,.T.);
#2071=EDGE_CURVE('',#2508,#2511,#2512,.T.);
#2072=EDGE_CURVE('',#2513,#2511,#2514,.T.);
#2073=EDGE_CURVE('',#2509,#2513,#2515,.T.);
#2074=EDGE_CURVE('',#2516,#2508,#2517,.T.);
#2075=EDGE_CURVE('',#2516,#2518,#2519,.T.);
#2076=EDGE_CURVE('',#2511,#2518,#2520,.T.);
#2077=EDGE_CURVE('',#2521,#2522,#2523,.T.);
#2078=EDGE_CURVE('',#2524,#2521,#2525,.T.);
#2079=EDGE_CURVE('',#2526,#2524,#2527,.T.);
#2080=EDGE_CURVE('',#2528,#2526,#2529,.T.);
#2081=EDGE_CURVE('',#2530,#2528,#2531,.T.);
#2082=EDGE_CURVE('',#2532,#2530,#2533,.T.);
#2083=EDGE_CURVE('',#2534,#2532,#2535,.T.);
#2084=EDGE_CURVE('',#2522,#2534,#2536,.T.);
#2085=EDGE_CURVE('',#2537,#2526,#2538,.T.);
#2086=EDGE_CURVE('',#2537,#2539,#2540,.T.);
#2087=EDGE_CURVE('',#2539,#2528,#2541,.T.);
#2088=EDGE_CURVE('',#2518,#2542,#2543,.T.);
#2089=EDGE_CURVE('',#2513,#2542,#2544,.T.);
#2090=EDGE_CURVE('',#2509,#2545,#2546,.T.);
#2091=EDGE_CURVE('',#2542,#2545,#2547,.T.);
#2092=EDGE_CURVE('',#2545,#2516,#2548,.T.);
#2093=EDGE_CURVE('',#2522,#2549,#2550,.T.);
#2094=EDGE_CURVE('',#2551,#2534,#2552,.T.);
#2095=EDGE_CURVE('',#2549,#2551,#2553,.T.);
#2096=EDGE_CURVE('',#2554,#2532,#2555,.T.);
#2097=EDGE_CURVE('',#2554,#2551,#2556,.T.);
#2098=EDGE_CURVE('',#2557,#2530,#2558,.T.);
#2099=EDGE_CURVE('',#2554,#2557,#2559,.T.);
#2100=EDGE_CURVE('',#2557,#2539,#2560,.T.);
#2101=EDGE_CURVE('',#2549,#2561,#2562,.T.);
#2102=EDGE_CURVE('',#2563,#2537,#2564,.T.);
#2103=EDGE_CURVE('',#2561,#2563,#2565,.T.);
#2104=EDGE_CURVE('',#2561,#2566,#2567,.T.);
#2105=EDGE_CURVE('',#2566,#2568,#2569,.T.);
#2106=EDGE_CURVE('',#2570,#2568,#2571,.T.);
#2107=EDGE_CURVE('',#2570,#2572,#2573,.T.);
#2108=EDGE_CURVE('',#2572,#2521,#2574,.T.);
#2109=EDGE_CURVE('',#2563,#2575,#2576,.T.);
#2110=EDGE_CURVE('',#2575,#2566,#2577,.T.);
#2111=EDGE_CURVE('',#2578,#2579,#2580,.T.);
#2112=EDGE_CURVE('',#2578,#2581,#2582,.T.);
#2113=EDGE_CURVE('',#2583,#2581,#2584,.T.);
#2114=EDGE_CURVE('',#2579,#2583,#2585,.T.);
#2115=EDGE_CURVE('',#2586,#2578,#2587,.T.);
#2116=EDGE_CURVE('',#2586,#2588,#2589,.T.);
#2117=EDGE_CURVE('',#2581,#2588,#2590,.T.);
#2118=EDGE_CURVE('',#2591,#2592,#2593,.T.);
#2119=EDGE_CURVE('',#2594,#2591,#2595,.T.);
#2120=EDGE_CURVE('',#2596,#2594,#2597,.T.);
#2121=EDGE_CURVE('',#2598,#2596,#2599,.T.);
#2122=EDGE_CURVE('',#2600,#2598,#2601,.T.);
#2123=EDGE_CURVE('',#2602,#2600,#2603,.T.);
#2124=EDGE_CURVE('',#2604,#2602,#2605,.T.);
#2125=EDGE_CURVE('',#2592,#2604,#2606,.T.);
#2126=EDGE_CURVE('',#2607,#2596,#2608,.T.);
#2127=EDGE_CURVE('',#2607,#2609,#2610,.T.);
#2128=EDGE_CURVE('',#2609,#2598,#2611,.T.);
#2129=EDGE_CURVE('',#2588,#2612,#2613,.T.);
#2130=EDGE_CURVE('',#2583,#2612,#2614,.T.);
#2131=EDGE_CURVE('',#2579,#2615,#2616,.T.);
#2132=EDGE_CURVE('',#2612,#2615,#2617,.T.);
#2133=EDGE_CURVE('',#2615,#2586,#2618,.T.);
#2134=EDGE_CURVE('',#2592,#2619,#2620,.T.);
#2135=EDGE_CURVE('',#2621,#2604,#2622,.T.);
#2136=EDGE_CURVE('',#2619,#2621,#2623,.T.);
#2137=EDGE_CURVE('',#2624,#2602,#2625,.T.);
#2138=EDGE_CURVE('',#2624,#2621,#2626,.T.);
#2139=EDGE_CURVE('',#2627,#2600,#2628,.T.);
#2140=EDGE_CURVE('',#2624,#2627,#2629,.T.);
#2141=EDGE_CURVE('',#2627,#2609,#2630,.T.);
#2142=EDGE_CURVE('',#2619,#2631,#2632,.T.);
#2143=EDGE_CURVE('',#2633,#2607,#2634,.T.);
#2144=EDGE_CURVE('',#2631,#2633,#2635,.T.);
#2145=EDGE_CURVE('',#2631,#2636,#2637,.T.);
#2146=EDGE_CURVE('',#2636,#2638,#2639,.T.);
#2147=EDGE_CURVE('',#2640,#2638,#2641,.T.);
#2148=EDGE_CURVE('',#2640,#2642,#2643,.T.);
#2149=EDGE_CURVE('',#2642,#2591,#2644,.T.);
#2150=EDGE_CURVE('',#2633,#2645,#2646,.T.);
#2151=EDGE_CURVE('',#2645,#2636,#2647,.T.);
#2152=EDGE_CURVE('',#2648,#2430,#2649,.T.);
#2153=EDGE_CURVE('',#2650,#2648,#2651,.T.);
#2154=EDGE_CURVE('',#2432,#2650,#2652,.T.);
#2155=EDGE_CURVE('',#2428,#2653,#2654,.T.);
#2156=EDGE_CURVE('',#2653,#2435,#2655,.T.);
#2157=EDGE_CURVE('',#2650,#2384,#2656,.T.);
#2158=EDGE_CURVE('',#2653,#2648,#2657,.T.);
#2159=EDGE_CURVE('',#2658,#2500,#2659,.T.);
#2160=EDGE_CURVE('',#2660,#2658,#2661,.T.);
#2161=EDGE_CURVE('',#2502,#2660,#2662,.T.);
#2162=EDGE_CURVE('',#2498,#2663,#2664,.T.);
#2163=EDGE_CURVE('',#2663,#2505,#2665,.T.);
#2164=EDGE_CURVE('',#2660,#2454,#2666,.T.);
#2165=EDGE_CURVE('',#2663,#2658,#2667,.T.);
#2166=EDGE_CURVE('',#2668,#2570,#2669,.T.);
#2167=EDGE_CURVE('',#2670,#2668,#2671,.T.);
#2168=EDGE_CURVE('',#2572,#2670,#2672,.T.);
#2169=EDGE_CURVE('',#2568,#2673,#2674,.T.);
#2170=EDGE_CURVE('',#2673,#2575,#2675,.T.);
#2171=EDGE_CURVE('',#2670,#2524,#2676,.T.);
#2172=EDGE_CURVE('',#2673,#2668,#2677,.T.);
#2173=EDGE_CURVE('',#2678,#2640,#2679,.T.);
#2174=EDGE_CURVE('',#2680,#2678,#2681,.T.);
#2175=EDGE_CURVE('',#2642,#2680,#2682,.T.);
#2176=EDGE_CURVE('',#2638,#2683,#2684,.T.);
#2177=EDGE_CURVE('',#2683,#2645,#2685,.T.);
#2178=EDGE_CURVE('',#2680,#2594,#2686,.T.);
#2179=EDGE_CURVE('',#2683,#2678,#2687,.T.);
#2180=EDGE_CURVE('',#2688,#2689,#2690,.T.);
#2181=EDGE_CURVE('',#2691,#2688,#2692,.T.);
#2182=EDGE_CURVE('',#2693,#2691,#2694,.T.);
#2183=EDGE_CURVE('',#2689,#2693,#2695,.T.);
#2184=EDGE_CURVE('',#2696,#2688,#2697,.T.);
#2185=EDGE_CURVE('',#2698,#2696,#2699,.T.);
#2186=EDGE_CURVE('',#2691,#2698,#2700,.T.);
#2187=EDGE_CURVE('',#2693,#2701,#2702,.T.);
#2188=EDGE_CURVE('',#2701,#2703,#2704,.T.);
#2189=EDGE_CURVE('',#2689,#2703,#2705,.T.);
#2190=EDGE_CURVE('',#2698,#2706,#2707,.T.);
#2191=EDGE_CURVE('',#2706,#2708,#2709,.T.);
#2192=EDGE_CURVE('',#2710,#2708,#2711,.T.);
#2193=EDGE_CURVE('',#2710,#2712,#2713,.T.);
#2194=EDGE_CURVE('',#2712,#2714,#2715,.T.);
#2195=EDGE_CURVE('',#2714,#2716,#2717,.T.);
#2196=EDGE_CURVE('',#2716,#2718,#2719,.T.);
#2197=EDGE_CURVE('',#2718,#2720,#2721,.T.);
#2198=EDGE_CURVE('',#2722,#2720,#2723,.T.);
#2199=EDGE_CURVE('',#2722,#2724,#2725,.T.);
#2200=EDGE_CURVE('',#2724,#2726,#2727,.T.);
#2201=EDGE_CURVE('',#2726,#2728,#2729,.T.);
#2202=EDGE_CURVE('',#2728,#2730,#2731,.T.);
#2203=EDGE_CURVE('',#2730,#2732,#2733,.T.);
#2204=EDGE_CURVE('',#2734,#2732,#2735,.T.);
#2205=EDGE_CURVE('',#2734,#2736,#2737,.T.);
#2206=EDGE_CURVE('',#2736,#2738,#2739,.T.);
#2207=EDGE_CURVE('',#2738,#2740,#2741,.T.);
#2208=EDGE_CURVE('',#2740,#2742,#2743,.T.);
#2209=EDGE_CURVE('',#2742,#2744,#2745,.T.);
#2210=EDGE_CURVE('',#2746,#2744,#2747,.T.);
#2211=EDGE_CURVE('',#2746,#2748,#2749,.T.);
#2212=EDGE_CURVE('',#2748,#2750,#2751,.T.);
#2213=EDGE_CURVE('',#2752,#2750,#2753,.T.);
#2214=EDGE_CURVE('',#2752,#2754,#2755,.T.);
#2215=EDGE_CURVE('',#2754,#2756,#2757,.T.);
#2216=EDGE_CURVE('',#2758,#2756,#2759,.T.);
#2217=EDGE_CURVE('',#2758,#2760,#2761,.T.);
#2218=EDGE_CURVE('',#2760,#2762,#2763,.T.);
#2219=EDGE_CURVE('',#2762,#2764,#2765,.T.);
#2220=EDGE_CURVE('',#2764,#2766,#2767,.T.);
#2221=EDGE_CURVE('',#2766,#2768,#2769,.T.);
#2222=EDGE_CURVE('',#2770,#2768,#2771,.T.);
#2223=EDGE_CURVE('',#2770,#2772,#2773,.T.);
#2224=EDGE_CURVE('',#2772,#2774,#2775,.T.);
#2225=EDGE_CURVE('',#2774,#2776,#2777,.T.);
#2226=EDGE_CURVE('',#2776,#2778,#2779,.T.);
#2227=EDGE_CURVE('',#2778,#2780,#2781,.T.);
#2228=EDGE_CURVE('',#2782,#2780,#2783,.T.);
#2229=EDGE_CURVE('',#2782,#2784,#2785,.T.);
#2230=EDGE_CURVE('',#2784,#2786,#2787,.T.);
#2231=EDGE_CURVE('',#2786,#2788,#2789,.T.);
#2232=EDGE_CURVE('',#2788,#2790,#2791,.T.);
#2233=EDGE_CURVE('',#2790,#2792,#2793,.T.);
#2234=EDGE_CURVE('',#2794,#2792,#2795,.T.);
#2235=EDGE_CURVE('',#2794,#2796,#2797,.T.);
#2236=EDGE_CURVE('',#2796,#2798,#2799,.T.);
#2237=EDGE_CURVE('',#2798,#2800,#2801,.T.);
#2238=EDGE_CURVE('',#2800,#2701,#2802,.T.);
#2239=EDGE_CURVE('',#2803,#2804,#2805,.T.);
#2240=EDGE_CURVE('',#2714,#2803,#2806,.T.);
#2241=EDGE_CURVE('',#2712,#2804,#2807,.T.);
#2242=EDGE_CURVE('',#2804,#2808,#2809,.T.);
#2243=EDGE_CURVE('',#2808,#2710,#2810,.T.);
#2244=EDGE_CURVE('',#2811,#2803,#2812,.T.);
#2245=EDGE_CURVE('',#2716,#2811,#2813,.T.);
#2246=EDGE_CURVE('',#2811,#2814,#2815,.T.);
#2247=EDGE_CURVE('',#2814,#2722,#2816,.T.);
#2248=EDGE_CURVE('',#2722,#2817,#2818,.T.);
#2249=EDGE_CURVE('',#2817,#2819,#2820,.T.);
#2250=EDGE_CURVE('',#2819,#2716,#2821,.T.);
#2251=EDGE_CURVE('',#2696,#2808,#2822,.T.);
#2252=EDGE_CURVE('',#2710,#2823,#2824,.T.);
#2253=EDGE_CURVE('',#2823,#2825,#2826,.T.);
#2254=EDGE_CURVE('',#2825,#2698,#2827,.T.);
#2255=EDGE_CURVE('',#2828,#2829,#2830,.T.);
#2256=EDGE_CURVE('',#2726,#2828,#2831,.T.);
#2257=EDGE_CURVE('',#2724,#2829,#2832,.T.);
#2258=EDGE_CURVE('',#2829,#2814,#2833,.T.);
#2259=EDGE_CURVE('',#2834,#2828,#2835,.T.);
#2260=EDGE_CURVE('',#2728,#2834,#2836,.T.);
#2261=EDGE_CURVE('',#2834,#2837,#2838,.T.);
#2262=EDGE_CURVE('',#2837,#2734,#2839,.T.);
#2263=EDGE_CURVE('',#2734,#2840,#2841,.T.);
#2264=EDGE_CURVE('',#2840,#2842,#2843,.T.);
#2265=EDGE_CURVE('',#2842,#2728,#2844,.T.);
#2266=EDGE_CURVE('',#2845,#2846,#2847,.T.);
#2267=EDGE_CURVE('',#2738,#2845,#2848,.T.);
#2268=EDGE_CURVE('',#2736,#2846,#2849,.T.);
#2269=EDGE_CURVE('',#2846,#2837,#2850,.T.);
#2270=EDGE_CURVE('',#2851,#2845,#2852,.T.);
#2271=EDGE_CURVE('',#2740,#2851,#2853,.T.);
#2272=EDGE_CURVE('',#2851,#2854,#2855,.T.);
#2273=EDGE_CURVE('',#2854,#2746,#2856,.T.);
#2274=EDGE_CURVE('',#2746,#2857,#2858,.T.);
#2275=EDGE_CURVE('',#2857,#2859,#2860,.T.);
#2276=EDGE_CURVE('',#2859,#2740,#2861,.T.);
#2277=EDGE_CURVE('',#2862,#2854,#2863,.T.);
#2278=EDGE_CURVE('',#2748,#2862,#2864,.T.);
#2279=EDGE_CURVE('',#2865,#2862,#2866,.T.);
#2280=EDGE_CURVE('',#2750,#2865,#2867,.T.);
#2281=EDGE_CURVE('',#2868,#2869,#2870,.T.);
#2282=EDGE_CURVE('',#2800,#2868,#2871,.T.);
#2283=EDGE_CURVE('',#2869,#2798,#2872,.T.);
#2284=EDGE_CURVE('',#2703,#2868,#2873,.T.);
#2285=EDGE_CURVE('',#2798,#2874,#2875,.T.);
#2286=EDGE_CURVE('',#2874,#2876,#2877,.T.);
#2287=EDGE_CURVE('',#2876,#2792,#2878,.T.);
#2288=EDGE_CURVE('',#2792,#2879,#2880,.T.);
#2289=EDGE_CURVE('',#2879,#2869,#2881,.T.);
#2290=EDGE_CURVE('',#2882,#2883,#2884,.T.);
#2291=EDGE_CURVE('',#2790,#2882,#2885,.T.);
#2292=EDGE_CURVE('',#2788,#2883,#2886,.T.);
#2293=EDGE_CURVE('',#2883,#2887,#2888,.T.);
#2294=EDGE_CURVE('',#2887,#2786,#2889,.T.);
#2295=EDGE_CURVE('',#2879,#2882,#2890,.T.);
#2296=EDGE_CURVE('',#2786,#2891,#2892,.T.);
#2297=EDGE_CURVE('',#2891,#2893,#2894,.T.);
#2298=EDGE_CURVE('',#2893,#2780,#2895,.T.);
#2299=EDGE_CURVE('',#2780,#2896,#2897,.T.);
#2300=EDGE_CURVE('',#2896,#2887,#2898,.T.);
#2301=EDGE_CURVE('',#2899,#2900,#2901,.T.);
#2302=EDGE_CURVE('',#2778,#2899,#2902,.T.);
#2303=EDGE_CURVE('',#2776,#2900,#2903,.T.);
#2304=EDGE_CURVE('',#2900,#2904,#2905,.T.);
#2305=EDGE_CURVE('',#2904,#2774,#2906,.T.);
#2306=EDGE_CURVE('',#2896,#2899,#2907,.T.);
#2307=EDGE_CURVE('',#2774,#2908,#2909,.T.);
#2308=EDGE_CURVE('',#2908,#2910,#2911,.T.);
#2309=EDGE_CURVE('',#2910,#2768,#2912,.T.);
#2310=EDGE_CURVE('',#2768,#2913,#2914,.T.);
#2311=EDGE_CURVE('',#2913,#2904,#2915,.T.);
#2312=EDGE_CURVE('',#2916,#2917,#2918,.T.);
#2313=EDGE_CURVE('',#2766,#2916,#2919,.T.);
#2314=EDGE_CURVE('',#2764,#2917,#2920,.T.);
#2315=EDGE_CURVE('',#2917,#2921,#2922,.T.);
#2316=EDGE_CURVE('',#2921,#2762,#2923,.T.);
#2317=EDGE_CURVE('',#2913,#2916,#2924,.T.);
#2318=EDGE_CURVE('',#2762,#2925,#2926,.T.);
#2319=EDGE_CURVE('',#2925,#2927,#2928,.T.);
#2320=EDGE_CURVE('',#2927,#2756,#2929,.T.);
#2321=EDGE_CURVE('',#2756,#2930,#2931,.T.);
#2322=EDGE_CURVE('',#2930,#2921,#2932,.T.);
#2323=EDGE_CURVE('',#2933,#2934,#2935,.T.);
#2324=EDGE_CURVE('',#2754,#2933,#2936,.T.);
#2325=EDGE_CURVE('',#2934,#2752,#2937,.T.);
#2326=EDGE_CURVE('',#2930,#2933,#2938,.T.);
#2327=EDGE_CURVE('',#2865,#2934,#2939,.T.);
#2328=EDGE_CURVE('',#2940,#2796,#2941,.T.);
#2329=EDGE_CURVE('',#2874,#2940,#2942,.T.);
#2330=EDGE_CURVE('',#2943,#2825,#2944,.T.);
#2331=EDGE_CURVE('',#2706,#2943,#2945,.T.);
#2332=EDGE_CURVE('',#2946,#2876,#2947,.T.);
#2333=EDGE_CURVE('',#2794,#2946,#2948,.T.);
#2334=EDGE_CURVE('',#2949,#2708,#2950,.T.);
#2335=EDGE_CURVE('',#2823,#2949,#2951,.T.);
#2336=EDGE_CURVE('',#2952,#2784,#2953,.T.);
#2337=EDGE_CURVE('',#2891,#2952,#2954,.T.);
#2338=EDGE_CURVE('',#2955,#2819,#2956,.T.);
#2339=EDGE_CURVE('',#2718,#2955,#2957,.T.);
#2340=EDGE_CURVE('',#2817,#2958,#2959,.T.);
#2341=EDGE_CURVE('',#2958,#2955,#2960,.T.);
#2342=EDGE_CURVE('',#2949,#2943,#2961,.T.);
#2343=EDGE_CURVE('',#2958,#2720,#2962,.T.);
#2344=EDGE_CURVE('',#2952,#2963,#2964,.T.);
#2345=EDGE_CURVE('',#2963,#2893,#2965,.T.);
#2346=EDGE_CURVE('',#2782,#2963,#2966,.T.);
#2347=EDGE_CURVE('',#2967,#2772,#2968,.T.);
#2348=EDGE_CURVE('',#2908,#2967,#2969,.T.);
#2349=EDGE_CURVE('',#2970,#2842,#2971,.T.);
#2350=EDGE_CURVE('',#2730,#2970,#2972,.T.);
#2351=EDGE_CURVE('',#2940,#2946,#2973,.T.);
#2352=EDGE_CURVE('',#2770,#2974,#2975,.T.);
#2353=EDGE_CURVE('',#2967,#2974,#2976,.T.);
#2354=EDGE_CURVE('',#2974,#2910,#2977,.T.);
#2355=EDGE_CURVE('',#2742,#2978,#2979,.T.);
#2356=EDGE_CURVE('',#2978,#2859,#2980,.T.);
#2357=EDGE_CURVE('',#2981,#2760,#2982,.T.);
#2358=EDGE_CURVE('',#2925,#2981,#2983,.T.);
#2359=EDGE_CURVE('',#2984,#2732,#2985,.T.);
#2360=EDGE_CURVE('',#2840,#2984,#2986,.T.);
#2361=EDGE_CURVE('',#2981,#2987,#2988,.T.);
#2362=EDGE_CURVE('',#2987,#2927,#2989,.T.);
#2363=EDGE_CURVE('',#2758,#2987,#2990,.T.);
#2364=EDGE_CURVE('',#2984,#2970,#2991,.T.);
#2365=EDGE_CURVE('',#2857,#2992,#2993,.T.);
#2366=EDGE_CURVE('',#2992,#2978,#2994,.T.);
#2367=EDGE_CURVE('',#2992,#2744,#2995,.T.);
#2368=VERTEX_POINT('',#2996);
#2369=VERTEX_POINT('',#2997);
#2370=LINE('',#2998,#2999);
#2371=VERTEX_POINT('',#3000);
#2372=LINE('',#3001,#3002);
#2373=VERTEX_POINT('',#3003);
#2374=CIRCLE('',#3004,0.3175);
#2375=LINE('',#3005,#3006);
#2376=VERTEX_POINT('',#3007);
#2377=LINE('',#3008,#3009);
#2378=VERTEX_POINT('',#3010);
#2379=LINE('',#3011,#3012);
#2380=LINE('',#3013,#3014);
#2381=VERTEX_POINT('',#3015);
#2382=VERTEX_POINT('',#3016);
#2383=LINE('',#3017,#3018);
#2384=VERTEX_POINT('',#3019);
#2385=LINE('',#3020,#3021);
#2386=VERTEX_POINT('',#3022);
#2387=LINE('',#3023,#3024);
#2388=VERTEX_POINT('',#3025);
#2389=LINE('',#3026,#3027);
#2390=VERTEX_POINT('',#3028);
#2391=LINE('',#3029,#3030);
#2392=VERTEX_POINT('',#3031);
#2393=LINE('',#3032,#3033);
#2394=VERTEX_POINT('',#3034);
#2395=LINE('',#3035,#3036);
#2396=LINE('',#3037,#3038);
#2397=VERTEX_POINT('',#3039);
#2398=LINE('',#3040,#3041);
#2399=VERTEX_POINT('',#3042);
#2400=LINE('',#3043,#3044);
#2401=LINE('',#3045,#3046);
#2402=VERTEX_POINT('',#3047);
#2403=CIRCLE('',#3048,0.3175);
#2404=LINE('',#3049,#3050);
#2405=VERTEX_POINT('',#3051);
#2406=LINE('',#3052,#3053);
#2407=LINE('',#3054,#3055);
#2408=LINE('',#3056,#3057);
#2409=VERTEX_POINT('',#3058);
#2410=LINE('',#3059,#3060);
#2411=VERTEX_POINT('',#3061);
#2412=LINE('',#3062,#3063);
#2413=LINE('',#3064,#3065);
#2414=VERTEX_POINT('',#3066);
#2415=LINE('',#3067,#3068);
#2416=LINE('',#3069,#3070);
#2417=VERTEX_POINT('',#3071);
#2418=LINE('',#3072,#3073);
#2419=LINE('',#3074,#3075);
#2420=LINE('',#3076,#3077);
#2421=VERTEX_POINT('',#3078);
#2422=LINE('',#3079,#3080);
#2423=VERTEX_POINT('',#3081);
#2424=LINE('',#3082,#3083);
#2425=LINE('',#3084,#3085);
#2426=VERTEX_POINT('',#3086);
#2427=LINE('',#3087,#3088);
#2428=VERTEX_POINT('',#3089);
#2429=LINE('',#3090,#3091);
#2430=VERTEX_POINT('',#3092);
#2431=LINE('',#3093,#3094);
#2432=VERTEX_POINT('',#3095);
#2433=LINE('',#3096,#3097);
#2434=LINE('',#3098,#3099);
#2435=VERTEX_POINT('',#3100);
#2436=LINE('',#3101,#3102);
#2437=LINE('',#3103,#3104);
#2438=VERTEX_POINT('',#3105);
#2439=VERTEX_POINT('',#3106);
#2440=LINE('',#3107,#3108);
#2441=VERTEX_POINT('',#3109);
#2442=LINE('',#3110,#3111);
#2443=VERTEX_POINT('',#3112);
#2444=CIRCLE('',#3113,0.3175);
#2445=LINE('',#3114,#3115);
#2446=VERTEX_POINT('',#3116);
#2447=LINE('',#3117,#3118);
#2448=VERTEX_POINT('',#3119);
#2449=LINE('',#3120,#3121);
#2450=LINE('',#3122,#3123);
#2451=VERTEX_POINT('',#3124);
#2452=VERTEX_POINT('',#3125);
#2453=LINE('',#3126,#3127);
#2454=VERTEX_POINT('',#3128);
#2455=LINE('',#3129,#3130);
#2456=VERTEX_POINT('',#3131);
#2457=LINE('',#3132,#3133);
#2458=VERTEX_POINT('',#3134);
#2459=LINE('',#3135,#3136);
#2460=VERTEX_POINT('',#3137);
#2461=LINE('',#3138,#3139);
#2462=VERTEX_POINT('',#3140);
#2463=LINE('',#3141,#3142);
#2464=VERTEX_POINT('',#3143);
#2465=LINE('',#3144,#3145);
#2466=LINE('',#3146,#3147);
#2467=VERTEX_POINT('',#3148);
#2468=LINE('',#3149,#3150);
#2469=VERTEX_POINT('',#3151);
#2470=LINE('',#3152,#3153);
#2471=LINE('',#3154,#3155);
#2472=VERTEX_POINT('',#3156);
#2473=CIRCLE('',#3157,0.3175);
#2474=LINE('',#3158,#3159);
#2475=VERTEX_POINT('',#3160);
#2476=LINE('',#3161,#3162);
#2477=LINE('',#3163,#3164);
#2478=LINE('',#3165,#3166);
#2479=VERTEX_POINT('',#3167);
#2480=LINE('',#3168,#3169);
#2481=VERTEX_POINT('',#3170);
#2482=LINE('',#3171,#3172);
#2483=LINE('',#3173,#3174);
#2484=VERTEX_POINT('',#3175);
#2485=LINE('',#3176,#3177);
#2486=LINE('',#3178,#3179);
#2487=VERTEX_POINT('',#3180);
#2488=LINE('',#3181,#3182);
#2489=LINE('',#3183,#3184);
#2490=LINE('',#3185,#3186);
#2491=VERTEX_POINT('',#3187);
#2492=LINE('',#3188,#3189);
#2493=VERTEX_POINT('',#3190);
#2494=LINE('',#3191,#3192);
#2495=LINE('',#3193,#3194);
#2496=VERTEX_POINT('',#3195);
#2497=LINE('',#3196,#3197);
#2498=VERTEX_POINT('',#3198);
#2499=LINE('',#3199,#3200);
#2500=VERTEX_POINT('',#3201);
#2501=LINE('',#3202,#3203);
#2502=VERTEX_POINT('',#3204);
#2503=LINE('',#3205,#3206);
#2504=LINE('',#3207,#3208);
#2505=VERTEX_POINT('',#3209);
#2506=LINE('',#3210,#3211);
#2507=LINE('',#3212,#3213);
#2508=VERTEX_POINT('',#3214);
#2509=VERTEX_POINT('',#3215);
#2510=LINE('',#3216,#3217);
#2511=VERTEX_POINT('',#3218);
#2512=LINE('',#3219,#3220);
#2513=VERTEX_POINT('',#3221);
#2514=CIRCLE('',#3222,0.3175);
#2515=LINE('',#3223,#3224);
#2516=VERTEX_POINT('',#3225);
#2517=LINE('',#3226,#3227);
#2518=VERTEX_POINT('',#3228);
#2519=LINE('',#3229,#3230);
#2520=LINE('',#3231,#3232);
#2521=VERTEX_POINT('',#3233);
#2522=VERTEX_POINT('',#3234);
#2523=LINE('',#3235,#3236);
#2524=VERTEX_POINT('',#3237);
#2525=LINE('',#3238,#3239);
#2526=VERTEX_POINT('',#3240);
#2527=LINE('',#3241,#3242);
#2528=VERTEX_POINT('',#3243);
#2529=LINE('',#3244,#3245);
#2530=VERTEX_POINT('',#3246);
#2531=LINE('',#3247,#3248);
#2532=VERTEX_POINT('',#3249);
#2533=LINE('',#3250,#3251);
#2534=VERTEX_POINT('',#3252);
#2535=LINE('',#3253,#3254);
#2536=LINE('',#3255,#3256);
#2537=VERTEX_POINT('',#3257);
#2538=LINE('',#3258,#3259);
#2539=VERTEX_POINT('',#3260);
#2540=LINE('',#3261,#3262);
#2541=LINE('',#3263,#3264);
#2542=VERTEX_POINT('',#3265);
#2543=CIRCLE('',#3266,0.3175);
#2544=LINE('',#3267,#3268);
#2545=VERTEX_POINT('',#3269);
#2546=LINE('',#3270,#3271);
#2547=LINE('',#3272,#3273);
#2548=LINE('',#3274,#3275);
#2549=VERTEX_POINT('',#3276);
#2550=LINE('',#3277,#3278);
#2551=VERTEX_POINT('',#3279);
#2552=LINE('',#3280,#3281);
#2553=LINE('',#3282,#3283);
#2554=VERTEX_POINT('',#3284);
#2555=LINE('',#3285,#3286);
#2556=LINE('',#3287,#3288);
#2557=VERTEX_POINT('',#3289);
#2558=LINE('',#3290,#3291);
#2559=LINE('',#3292,#3293);
#2560=LINE('',#3294,#3295);
#2561=VERTEX_POINT('',#3296);
#2562=LINE('',#3297,#3298);
#2563=VERTEX_POINT('',#3299);
#2564=LINE('',#3300,#3301);
#2565=LINE('',#3302,#3303);
#2566=VERTEX_POINT('',#3304);
#2567=LINE('',#3305,#3306);
#2568=VERTEX_POINT('',#3307);
#2569=LINE('',#3308,#3309);
#2570=VERTEX_POINT('',#3310);
#2571=LINE('',#3311,#3312);
#2572=VERTEX_POINT('',#3313);
#2573=LINE('',#3314,#3315);
#2574=LINE('',#3316,#3317);
#2575=VERTEX_POINT('',#3318);
#2576=LINE('',#3319,#3320);
#2577=LINE('',#3321,#3322);
#2578=VERTEX_POINT('',#3323);
#2579=VERTEX_POINT('',#3324);
#2580=LINE('',#3325,#3326);
#2581=VERTEX_POINT('',#3327);
#2582=LINE('',#3328,#3329);
#2583=VERTEX_POINT('',#3330);
#2584=CIRCLE('',#3331,0.3175);
#2585=LINE('',#3332,#3333);
#2586=VERTEX_POINT('',#3334);
#2587=LINE('',#3335,#3336);
#2588=VERTEX_POINT('',#3337);
#2589=LINE('',#3338,#3339);
#2590=LINE('',#3340,#3341);
#2591=VERTEX_POINT('',#3342);
#2592=VERTEX_POINT('',#3343);
#2593=LINE('',#3344,#3345);
#2594=VERTEX_POINT('',#3346);
#2595=LINE('',#3347,#3348);
#2596=VERTEX_POINT('',#3349);
#2597=LINE('',#3350,#3351);
#2598=VERTEX_POINT('',#3352);
#2599=LINE('',#3353,#3354);
#2600=VERTEX_POINT('',#3355);
#2601=LINE('',#3356,#3357);
#2602=VERTEX_POINT('',#3358);
#2603=LINE('',#3359,#3360);
#2604=VERTEX_POINT('',#3361);
#2605=LINE('',#3362,#3363);
#2606=LINE('',#3364,#3365);
#2607=VERTEX_POINT('',#3366);
#2608=LINE('',#3367,#3368);
#2609=VERTEX_POINT('',#3369);
#2610=LINE('',#3370,#3371);
#2611=LINE('',#3372,#3373);
#2612=VERTEX_POINT('',#3374);
#2613=CIRCLE('',#3375,0.3175);
#2614=LINE('',#3376,#3377);
#2615=VERTEX_POINT('',#3378);
#2616=LINE('',#3379,#3380);
#2617=LINE('',#3381,#3382);
#2618=LINE('',#3383,#3384);
#2619=VERTEX_POINT('',#3385);
#2620=LINE('',#3386,#3387);
#2621=VERTEX_POINT('',#3388);
#2622=LINE('',#3389,#3390);
#2623=LINE('',#3391,#3392);
#2624=VERTEX_POINT('',#3393);
#2625=LINE('',#3394,#3395);
#2626=LINE('',#3396,#3397);
#2627=VERTEX_POINT('',#3398);
#2628=LINE('',#3399,#3400);
#2629=LINE('',#3401,#3402);
#2630=LINE('',#3403,#3404);
#2631=VERTEX_POINT('',#3405);
#2632=LINE('',#3406,#3407);
#2633=VERTEX_POINT('',#3408);
#2634=LINE('',#3409,#3410);
#2635=LINE('',#3411,#3412);
#2636=VERTEX_POINT('',#3413);
#2637=LINE('',#3414,#3415);
#2638=VERTEX_POINT('',#3416);
#2639=LINE('',#3417,#3418);
#2640=VERTEX_POINT('',#3419);
#2641=LINE('',#3420,#3421);
#2642=VERTEX_POINT('',#3422);
#2643=LINE('',#3423,#3424);
#2644=LINE('',#3425,#3426);
#2645=VERTEX_POINT('',#3427);
#2646=LINE('',#3428,#3429);
#2647=LINE('',#3430,#3431);
#2648=VERTEX_POINT('',#3432);
#2649=LINE('',#3433,#3434);
#2650=VERTEX_POINT('',#3435);
#2651=LINE('',#3436,#3437);
#2652=LINE('',#3438,#3439);
#2653=VERTEX_POINT('',#3440);
#2654=LINE('',#3441,#3442);
#2655=LINE('',#3443,#3444);
#2656=LINE('',#3445,#3446);
#2657=LINE('',#3447,#3448);
#2658=VERTEX_POINT('',#3449);
#2659=LINE('',#3450,#3451);
#2660=VERTEX_POINT('',#3452);
#2661=LINE('',#3453,#3454);
#2662=LINE('',#3455,#3456);
#2663=VERTEX_POINT('',#3457);
#2664=LINE('',#3458,#3459);
#2665=LINE('',#3460,#3461);
#2666=LINE('',#3462,#3463);
#2667=LINE('',#3464,#3465);
#2668=VERTEX_POINT('',#3466);
#2669=LINE('',#3467,#3468);
#2670=VERTEX_POINT('',#3469);
#2671=LINE('',#3470,#3471);
#2672=LINE('',#3472,#3473);
#2673=VERTEX_POINT('',#3474);
#2674=LINE('',#3475,#3476);
#2675=LINE('',#3477,#3478);
#2676=LINE('',#3479,#3480);
#2677=LINE('',#3481,#3482);
#2678=VERTEX_POINT('',#3483);
#2679=LINE('',#3484,#3485);
#2680=VERTEX_POINT('',#3486);
#2681=LINE('',#3487,#3488);
#2682=LINE('',#3489,#3490);
#2683=VERTEX_POINT('',#3491);
#2684=LINE('',#3492,#3493);
#2685=LINE('',#3494,#3495);
#2686=LINE('',#3496,#3497);
#2687=LINE('',#3498,#3499);
#2688=VERTEX_POINT('',#3500);
#2689=VERTEX_POINT('',#3501);
#2690=LINE('',#3502,#3503);
#2691=VERTEX_POINT('',#3504);
#2692=LINE('',#3505,#3506);
#2693=VERTEX_POINT('',#3507);
#2694=LINE('',#3508,#3509);
#2695=LINE('',#3510,#3511);
#2696=VERTEX_POINT('',#3512);
#2697=LINE('',#3513,#3514);
#2698=VERTEX_POINT('',#3515);
#2699=LINE('',#3516,#3517);
#2700=LINE('',#3518,#3519);
#2701=VERTEX_POINT('',#3520);
#2702=LINE('',#3521,#3522);
#2703=VERTEX_POINT('',#3523);
#2704=LINE('',#3524,#3525);
#2705=LINE('',#3526,#3527);
#2706=VERTEX_POINT('',#3528);
#2707=LINE('',#3529,#3530);
#2708=VERTEX_POINT('',#3531);
#2709=LINE('',#3532,#3533);
#2710=VERTEX_POINT('',#3534);
#2711=LINE('',#3535,#3536);
#2712=VERTEX_POINT('',#3537);
#2713=LINE('',#3538,#3539);
#2714=VERTEX_POINT('',#3540);
#2715=LINE('',#3541,#3542);
#2716=VERTEX_POINT('',#3543);
#2717=LINE('',#3544,#3545);
#2718=VERTEX_POINT('',#3546);
#2719=LINE('',#3547,#3548);
#2720=VERTEX_POINT('',#3549);
#2721=LINE('',#3550,#3551);
#2722=VERTEX_POINT('',#3552);
#2723=LINE('',#3553,#3554);
#2724=VERTEX_POINT('',#3555);
#2725=LINE('',#3556,#3557);
#2726=VERTEX_POINT('',#3558);
#2727=LINE('',#3559,#3560);
#2728=VERTEX_POINT('',#3561);
#2729=LINE('',#3562,#3563);
#2730=VERTEX_POINT('',#3564);
#2731=LINE('',#3565,#3566);
#2732=VERTEX_POINT('',#3567);
#2733=LINE('',#3568,#3569);
#2734=VERTEX_POINT('',#3570);
#2735=LINE('',#3571,#3572);
#2736=VERTEX_POINT('',#3573);
#2737=LINE('',#3574,#3575);
#2738=VERTEX_POINT('',#3576);
#2739=LINE('',#3577,#3578);
#2740=VERTEX_POINT('',#3579);
#2741=LINE('',#3580,#3581);
#2742=VERTEX_POINT('',#3582);
#2743=LINE('',#3583,#3584);
#2744=VERTEX_POINT('',#3585);
#2745=LINE('',#3586,#3587);
#2746=VERTEX_POINT('',#3588);
#2747=LINE('',#3589,#3590);
#2748=VERTEX_POINT('',#3591);
#2749=LINE('',#3592,#3593);
#2750=VERTEX_POINT('',#3594);
#2751=LINE('',#3595,#3596);
#2752=VERTEX_POINT('',#3597);
#2753=LINE('',#3598,#3599);
#2754=VERTEX_POINT('',#3600);
#2755=LINE('',#3601,#3602);
#2756=VERTEX_POINT('',#3603);
#2757=LINE('',#3604,#3605);
#2758=VERTEX_POINT('',#3606);
#2759=LINE('',#3607,#3608);
#2760=VERTEX_POINT('',#3609);
#2761=LINE('',#3610,#3611);
#2762=VERTEX_POINT('',#3612);
#2763=LINE('',#3613,#3614);
#2764=VERTEX_POINT('',#3615);
#2765=LINE('',#3616,#3617);
#2766=VERTEX_POINT('',#3618);
#2767=LINE('',#3619,#3620);
#2768=VERTEX_POINT('',#3621);
#2769=LINE('',#3622,#3623);
#2770=VERTEX_POINT('',#3624);
#2771=LINE('',#3625,#3626);
#2772=VERTEX_POINT('',#3627);
#2773=LINE('',#3628,#3629);
#2774=VERTEX_POINT('',#3630);
#2775=LINE('',#3631,#3632);
#2776=VERTEX_POINT('',#3633);
#2777=LINE('',#3634,#3635);
#2778=VERTEX_POINT('',#3636);
#2779=LINE('',#3637,#3638);
#2780=VERTEX_POINT('',#3639);
#2781=LINE('',#3640,#3641);
#2782=VERTEX_POINT('',#3642);
#2783=LINE('',#3643,#3644);
#2784=VERTEX_POINT('',#3645);
#2785=LINE('',#3646,#3647);
#2786=VERTEX_POINT('',#3648);
#2787=LINE('',#3649,#3650);
#2788=VERTEX_POINT('',#3651);
#2789=LINE('',#3652,#3653);
#2790=VERTEX_POINT('',#3654);
#2791=LINE('',#3655,#3656);
#2792=VERTEX_POINT('',#3657);
#2793=LINE('',#3658,#3659);
#2794=VERTEX_POINT('',#3660);
#2795=LINE('',#3661,#3662);
#2796=VERTEX_POINT('',#3663);
#2797=LINE('',#3664,#3665);
#2798=VERTEX_POINT('',#3666);
#2799=LINE('',#3667,#3668);
#2800=VERTEX_POINT('',#3669);
#2801=LINE('',#3670,#3671);
#2802=LINE('',#3672,#3673);
#2803=VERTEX_POINT('',#3674);
#2804=VERTEX_POINT('',#3675);
#2805=LINE('',#3676,#3677);
#2806=LINE('',#3678,#3679);
#2807=LINE('',#3680,#3681);
#2808=VERTEX_POINT('',#3682);
#2809=LINE('',#3683,#3684);
#2810=LINE('',#3685,#3686);
#2811=VERTEX_POINT('',#3687);
#2812=LINE('',#3688,#3689);
#2813=LINE('',#3690,#3691);
#2814=VERTEX_POINT('',#3692);
#2815=LINE('',#3693,#3694);
#2816=LINE('',#3695,#3696);
#2817=VERTEX_POINT('',#3697);
#2818=LINE('',#3698,#3699);
#2819=VERTEX_POINT('',#3700);
#2820=LINE('',#3701,#3702);
#2821=LINE('',#3703,#3704);
#2822=LINE('',#3705,#3706);
#2823=VERTEX_POINT('',#3707);
#2824=LINE('',#3708,#3709);
#2825=VERTEX_POINT('',#3710);
#2826=LINE('',#3711,#3712);
#2827=LINE('',#3713,#3714);
#2828=VERTEX_POINT('',#3715);
#2829=VERTEX_POINT('',#3716);
#2830=LINE('',#3717,#3718);
#2831=LINE('',#3719,#3720);
#2832=LINE('',#3721,#3722);
#2833=LINE('',#3723,#3724);
#2834=VERTEX_POINT('',#3725);
#2835=LINE('',#3726,#3727);
#2836=LINE('',#3728,#3729);
#2837=VERTEX_POINT('',#3730);
#2838=LINE('',#3731,#3732);
#2839=LINE('',#3733,#3734);
#2840=VERTEX_POINT('',#3735);
#2841=LINE('',#3736,#3737);
#2842=VERTEX_POINT('',#3738);
#2843=LINE('',#3739,#3740);
#2844=LINE('',#3741,#3742);
#2845=VERTEX_POINT('',#3743);
#2846=VERTEX_POINT('',#3744);
#2847=LINE('',#3745,#3746);
#2848=LINE('',#3747,#3748);
#2849=LINE('',#3749,#3750);
#2850=LINE('',#3751,#3752);
#2851=VERTEX_POINT('',#3753);
#2852=LINE('',#3754,#3755);
#2853=LINE('',#3756,#3757);
#2854=VERTEX_POINT('',#3758);
#2855=LINE('',#3759,#3760);
#2856=LINE('',#3761,#3762);
#2857=VERTEX_POINT('',#3763);
#2858=LINE('',#3764,#3765);
#2859=VERTEX_POINT('',#3766);
#2860=LINE('',#3767,#3768);
#2861=LINE('',#3769,#3770);
#2862=VERTEX_POINT('',#3771);
#2863=LINE('',#3772,#3773);
#2864=LINE('',#3774,#3775);
#2865=VERTEX_POINT('',#3776);
#2866=LINE('',#3777,#3778);
#2867=LINE('',#3779,#3780);
#2868=VERTEX_POINT('',#3781);
#2869=VERTEX_POINT('',#3782);
#2870=LINE('',#3783,#3784);
#2871=LINE('',#3785,#3786);
#2872=LINE('',#3787,#3788);
#2873=LINE('',#3789,#3790);
#2874=VERTEX_POINT('',#3791);
#2875=LINE('',#3792,#3793);
#2876=VERTEX_POINT('',#3794);
#2877=LINE('',#3795,#3796);
#2878=LINE('',#3797,#3798);
#2879=VERTEX_POINT('',#3799);
#2880=LINE('',#3800,#3801);
#2881=LINE('',#3802,#3803);
#2882=VERTEX_POINT('',#3804);
#2883=VERTEX_POINT('',#3805);
#2884=LINE('',#3806,#3807);
#2885=LINE('',#3808,#3809);
#2886=LINE('',#3810,#3811);
#2887=VERTEX_POINT('',#3812);
#2888=LINE('',#3813,#3814);
#2889=LINE('',#3815,#3816);
#2890=LINE('',#3817,#3818);
#2891=VERTEX_POINT('',#3819);
#2892=LINE('',#3820,#3821);
#2893=VERTEX_POINT('',#3822);
#2894=LINE('',#3823,#3824);
#2895=LINE('',#3825,#3826);
#2896=VERTEX_POINT('',#3827);
#2897=LINE('',#3828,#3829);
#2898=LINE('',#3830,#3831);
#2899=VERTEX_POINT('',#3832);
#2900=VERTEX_POINT('',#3833);
#2901=LINE('',#3834,#3835);
#2902=LINE('',#3836,#3837);
#2903=LINE('',#3838,#3839);
#2904=VERTEX_POINT('',#3840);
#2905=LINE('',#3841,#3842);
#2906=LINE('',#3843,#3844);
#2907=LINE('',#3845,#3846);
#2908=VERTEX_POINT('',#3847);
#2909=LINE('',#3848,#3849);
#2910=VERTEX_POINT('',#3850);
#2911=LINE('',#3851,#3852);
#2912=LINE('',#3853,#3854);
#2913=VERTEX_POINT('',#3855);
#2914=LINE('',#3856,#3857);
#2915=LINE('',#3858,#3859);
#2916=VERTEX_POINT('',#3860);
#2917=VERTEX_POINT('',#3861);
#2918=LINE('',#3862,#3863);
#2919=LINE('',#3864,#3865);
#2920=LINE('',#3866,#3867);
#2921=VERTEX_POINT('',#3868);
#2922=LINE('',#3869,#3870);
#2923=LINE('',#3871,#3872);
#2924=LINE('',#3873,#3874);
#2925=VERTEX_POINT('',#3875);
#2926=LINE('',#3876,#3877);
#2927=VERTEX_POINT('',#3878);
#2928=LINE('',#3879,#3880);
#2929=LINE('',#3881,#3882);
#2930=VERTEX_POINT('',#3883);
#2931=LINE('',#3884,#3885);
#2932=LINE('',#3886,#3887);
#2933=VERTEX_POINT('',#3888);
#2934=VERTEX_POINT('',#3889);
#2935=LINE('',#3890,#3891);
#2936=LINE('',#3892,#3893);
#2937=LINE('',#3894,#3895);
#2938=LINE('',#3896,#3897);
#2939=LINE('',#3898,#3899);
#2940=VERTEX_POINT('',#3900);
#2941=LINE('',#3901,#3902);
#2942=LINE('',#3903,#3904);
#2943=VERTEX_POINT('',#3905);
#2944=LINE('',#3906,#3907);
#2945=LINE('',#3908,#3909);
#2946=VERTEX_POINT('',#3910);
#2947=LINE('',#3911,#3912);
#2948=LINE('',#3913,#3914);
#2949=VERTEX_POINT('',#3915);
#2950=LINE('',#3916,#3917);
#2951=LINE('',#3918,#3919);
#2952=VERTEX_POINT('',#3920);
#2953=LINE('',#3921,#3922);
#2954=LINE('',#3923,#3924);
#2955=VERTEX_POINT('',#3925);
#2956=LINE('',#3926,#3927);
#2957=LINE('',#3928,#3929);
#2958=VERTEX_POINT('',#3930);
#2959=LINE('',#3931,#3932);
#2960=LINE('',#3933,#3934);
#2961=LINE('',#3935,#3936);
#2962=LINE('',#3937,#3938);
#2963=VERTEX_POINT('',#3939);
#2964=LINE('',#3940,#3941);
#2965=LINE('',#3942,#3943);
#2966=LINE('',#3944,#3945);
#2967=VERTEX_POINT('',#3946);
#2968=LINE('',#3947,#3948);
#2969=LINE('',#3949,#3950);
#2970=VERTEX_POINT('',#3951);
#2971=LINE('',#3952,#3953);
#2972=LINE('',#3954,#3955);
#2973=LINE('',#3956,#3957);
#2974=VERTEX_POINT('',#3958);
#2975=LINE('',#3959,#3960);
#2976=LINE('',#3961,#3962);
#2977=LINE('',#3963,#3964);
#2978=VERTEX_POINT('',#3965);
#2979=LINE('',#3966,#3967);
#2980=LINE('',#3968,#3969);
#2981=VERTEX_POINT('',#3970);
#2982=LINE('',#3971,#3972);
#2983=LINE('',#3973,#3974);
#2984=VERTEX_POINT('',#3975);
#2985=LINE('',#3976,#3977);
#2986=LINE('',#3978,#3979);
#2987=VERTEX_POINT('',#3980);
#2988=LINE('',#3981,#3982);
#2989=LINE('',#3983,#3984);
#2990=LINE('',#3985,#3986);
#2991=LINE('',#3987,#3988);
#2992=VERTEX_POINT('',#3989);
#2993=LINE('',#3990,#3991);
#2994=LINE('',#3992,#3993);
#2995=LINE('',#3994,#3995);
#2996=CARTESIAN_POINT('',(9.2075,0.254,-0.2032));
#2997=CARTESIAN_POINT('',(8.5725,0.254,-0.2032));
#2998=CARTESIAN_POINT('',(6.985,0.254,-0.2032));
#2999=VECTOR('',#3996,1.0);
#3000=CARTESIAN_POINT('',(9.2075,-2.6035,-0.2032));
#3001=CARTESIAN_POINT('',(9.2075,0.5,-0.2032));
#3002=VECTOR('',#3997,1.0);
#3003=CARTESIAN_POINT('',(8.5725,-2.6035,-0.2032));
#3004=AXIS2_PLACEMENT_3D('',#3998,#3999,#4000);
#3005=CARTESIAN_POINT('',(8.5725,0.5,-0.2032));
#3006=VECTOR('',#4001,1.0);
#3007=CARTESIAN_POINT('',(9.2075,0.254,0.2032));
#3008=CARTESIAN_POINT('',(9.2075,0.254,-0.1016));
#3009=VECTOR('',#4002,1.0);
#3010=CARTESIAN_POINT('',(9.2075,-2.6035,0.2032));
#3011=CARTESIAN_POINT('',(9.2075,0.5,0.2032));
#3012=VECTOR('',#4003,1.0);
#3013=CARTESIAN_POINT('',(9.2075,-2.6035,-0.2032));
#3014=VECTOR('',#4004,1.0);
#3015=CARTESIAN_POINT('',(8.4455,0.761999999999999,0.2032));
#3016=CARTESIAN_POINT('',(8.4455,3.81,0.2032));
#3017=CARTESIAN_POINT('',(8.4455,2.61732495716733,0.2032));
#3018=VECTOR('',#4005,1.0);
#3019=CARTESIAN_POINT('',(9.3345,0.761999999999999,0.2032));
#3020=CARTESIAN_POINT('',(8.89,0.761999999999999,0.2032));
#3021=VECTOR('',#4006,1.0);
#3022=CARTESIAN_POINT('',(9.3345,3.81,0.2032));
#3023=CARTESIAN_POINT('',(9.3345,2.61732495716733,0.2032));
#3024=VECTOR('',#4007,1.0);
#3025=CARTESIAN_POINT('',(9.144,3.81,0.2032));
#3026=CARTESIAN_POINT('',(9.39,3.81,0.2032));
#3027=VECTOR('',#4008,1.0);
#3028=CARTESIAN_POINT('',(9.144,1.016,0.2032));
#3029=CARTESIAN_POINT('',(9.144,1.016,0.2032));
#3030=VECTOR('',#4009,1.0);
#3031=CARTESIAN_POINT('',(8.636,1.016,0.2032));
#3032=CARTESIAN_POINT('',(8.636,1.016,0.2032));
#3033=VECTOR('',#4010,1.0);
#3034=CARTESIAN_POINT('',(8.636,3.81,0.2032));
#3035=CARTESIAN_POINT('',(8.636,1.016,0.2032));
#3036=VECTOR('',#4011,1.0);
#3037=CARTESIAN_POINT('',(8.39,3.81,0.2032));
#3038=VECTOR('',#4012,1.0);
#3039=CARTESIAN_POINT('',(9.3345,3.81,-0.2032));
#3040=CARTESIAN_POINT('',(9.3345,3.81,-0.1016));
#3041=VECTOR('',#4013,1.0);
#3042=CARTESIAN_POINT('',(9.144,3.81,-0.2032));
#3043=CARTESIAN_POINT('',(9.39,3.81,-0.2032));
#3044=VECTOR('',#4014,1.0);
#3045=CARTESIAN_POINT('',(9.144,3.81,-0.2032));
#3046=VECTOR('',#4015,1.0);
#3047=CARTESIAN_POINT('',(8.5725,-2.6035,0.2032));
#3048=AXIS2_PLACEMENT_3D('',#4016,#4017,#4018);
#3049=CARTESIAN_POINT('',(8.5725,-2.6035,-0.2032));
#3050=VECTOR('',#4019,1.0);
#3051=CARTESIAN_POINT('',(8.5725,0.254,0.2032));
#3052=CARTESIAN_POINT('',(8.5725,0.254,-0.1016));
#3053=VECTOR('',#4020,1.0);
#3054=CARTESIAN_POINT('',(8.5725,0.5,0.2032));
#3055=VECTOR('',#4021,1.0);
#3056=CARTESIAN_POINT('',(6.985,0.254,0.2032));
#3057=VECTOR('',#4022,1.0);
#3058=CARTESIAN_POINT('',(8.4455,3.81,-0.2032));
#3059=CARTESIAN_POINT('',(8.4455,3.81,-0.1016));
#3060=VECTOR('',#4023,1.0);
#3061=CARTESIAN_POINT('',(8.636,3.81,-0.2032));
#3062=CARTESIAN_POINT('',(8.636,3.81,-0.2032));
#3063=VECTOR('',#4024,1.0);
#3064=CARTESIAN_POINT('',(8.39,3.81,-0.2032));
#3065=VECTOR('',#4025,1.0);
#3066=CARTESIAN_POINT('',(8.636,1.016,-0.2032));
#3067=CARTESIAN_POINT('',(8.636,1.016,-0.2032));
#3068=VECTOR('',#4026,1.0);
#3069=CARTESIAN_POINT('',(8.636,1.016,-0.2032));
#3070=VECTOR('',#4027,1.0);
#3071=CARTESIAN_POINT('',(9.144,1.016,-0.2032));
#3072=CARTESIAN_POINT('',(9.144,1.016,-0.2032));
#3073=VECTOR('',#4028,1.0);
#3074=CARTESIAN_POINT('',(8.636,1.016,-0.2032));
#3075=VECTOR('',#4029,1.0);
#3076=CARTESIAN_POINT('',(9.144,1.016,-0.2032));
#3077=VECTOR('',#4030,1.0);
#3078=CARTESIAN_POINT('',(8.4455,0.761999999999999,-0.2032));
#3079=CARTESIAN_POINT('',(8.4455,2.61732495716733,-0.2032));
#3080=VECTOR('',#4031,1.0);
#3081=CARTESIAN_POINT('',(9.3345,0.761999999999999,-0.2032));
#3082=CARTESIAN_POINT('',(9.3345,2.61732495716733,-0.2032));
#3083=VECTOR('',#4032,1.0);
#3084=CARTESIAN_POINT('',(8.89,0.761999999999999,-0.2032));
#3085=VECTOR('',#4033,1.0);
#3086=CARTESIAN_POINT('',(8.4455,0.761999999999999,-0.4445));
#3087=CARTESIAN_POINT('',(8.4455,0.761999999999999,0.0));
#3088=VECTOR('',#4034,1.0);
#3089=CARTESIAN_POINT('',(8.4455,4.572,-0.4445));
#3090=CARTESIAN_POINT('',(8.4455,3.048,-0.4445));
#3091=VECTOR('',#4035,1.0);
#3092=CARTESIAN_POINT('',(8.4455,4.572,0.4445));
#3093=CARTESIAN_POINT('',(8.4455,4.572,0.0));
#3094=VECTOR('',#4036,1.0);
#3095=CARTESIAN_POINT('',(8.4455,0.761999999999999,0.4445));
#3096=CARTESIAN_POINT('',(8.4455,3.048,0.4445));
#3097=VECTOR('',#4037,1.0);
#3098=CARTESIAN_POINT('',(8.4455,0.761999999999999,0.0));
#3099=VECTOR('',#4038,1.0);
#3100=CARTESIAN_POINT('',(9.3345,0.761999999999999,-0.4445));
#3101=CARTESIAN_POINT('',(9.3345,0.761999999999999,0.0));
#3102=VECTOR('',#4039,1.0);
#3103=CARTESIAN_POINT('',(8.89,0.761999999999999,-0.4445));
#3104=VECTOR('',#4040,1.0);
#3105=CARTESIAN_POINT('',(6.6675,0.254,-0.2032));
#3106=CARTESIAN_POINT('',(6.0325,0.254,-0.2032));
#3107=CARTESIAN_POINT('',(5.715,0.254,-0.2032));
#3108=VECTOR('',#4041,1.0);
#3109=CARTESIAN_POINT('',(6.6675,-2.6035,-0.2032));
#3110=CARTESIAN_POINT('',(6.6675,0.5,-0.2032));
#3111=VECTOR('',#4042,1.0);
#3112=CARTESIAN_POINT('',(6.0325,-2.6035,-0.2032));
#3113=AXIS2_PLACEMENT_3D('',#4043,#4044,#4045);
#3114=CARTESIAN_POINT('',(6.0325,0.5,-0.2032));
#3115=VECTOR('',#4046,1.0);
#3116=CARTESIAN_POINT('',(6.6675,0.254,0.2032));
#3117=CARTESIAN_POINT('',(6.6675,0.254,-0.1016));
#3118=VECTOR('',#4047,1.0);
#3119=CARTESIAN_POINT('',(6.6675,-2.6035,0.2032));
#3120=CARTESIAN_POINT('',(6.6675,0.5,0.2032));
#3121=VECTOR('',#4048,1.0);
#3122=CARTESIAN_POINT('',(6.6675,-2.6035,-0.2032));
#3123=VECTOR('',#4049,1.0);
#3124=CARTESIAN_POINT('',(5.9055,0.761999999999999,0.2032));
#3125=CARTESIAN_POINT('',(5.9055,3.81,0.2032));
#3126=CARTESIAN_POINT('',(5.9055,2.61732495716733,0.2032));
#3127=VECTOR('',#4050,1.0);
#3128=CARTESIAN_POINT('',(6.7945,0.761999999999999,0.2032));
#3129=CARTESIAN_POINT('',(6.35,0.761999999999999,0.2032));
#3130=VECTOR('',#4051,1.0);
#3131=CARTESIAN_POINT('',(6.7945,3.81,0.2032));
#3132=CARTESIAN_POINT('',(6.7945,2.61732495716733,0.2032));
#3133=VECTOR('',#4052,1.0);
#3134=CARTESIAN_POINT('',(6.604,3.81,0.2032));
#3135=CARTESIAN_POINT('',(6.85,3.81,0.2032));
#3136=VECTOR('',#4053,1.0);
#3137=CARTESIAN_POINT('',(6.604,1.016,0.2032));
#3138=CARTESIAN_POINT('',(6.604,1.016,0.2032));
#3139=VECTOR('',#4054,1.0);
#3140=CARTESIAN_POINT('',(6.096,1.016,0.2032));
#3141=CARTESIAN_POINT('',(6.096,1.016,0.2032));
#3142=VECTOR('',#4055,1.0);
#3143=CARTESIAN_POINT('',(6.096,3.81,0.2032));
#3144=CARTESIAN_POINT('',(6.096,1.016,0.2032));
#3145=VECTOR('',#4056,1.0);
#3146=CARTESIAN_POINT('',(5.85,3.81,0.2032));
#3147=VECTOR('',#4057,1.0);
#3148=CARTESIAN_POINT('',(6.7945,3.81,-0.2032));
#3149=CARTESIAN_POINT('',(6.7945,3.81,-0.1016));
#3150=VECTOR('',#4058,1.0);
#3151=CARTESIAN_POINT('',(6.604,3.81,-0.2032));
#3152=CARTESIAN_POINT('',(6.85,3.81,-0.2032));
#3153=VECTOR('',#4059,1.0);
#3154=CARTESIAN_POINT('',(6.604,3.81,-0.2032));
#3155=VECTOR('',#4060,1.0);
#3156=CARTESIAN_POINT('',(6.0325,-2.6035,0.2032));
#3157=AXIS2_PLACEMENT_3D('',#4061,#4062,#4063);
#3158=CARTESIAN_POINT('',(6.0325,-2.6035,-0.2032));
#3159=VECTOR('',#4064,1.0);
#3160=CARTESIAN_POINT('',(6.0325,0.254,0.2032));
#3161=CARTESIAN_POINT('',(6.0325,0.254,-0.1016));
#3162=VECTOR('',#4065,1.0);
#3163=CARTESIAN_POINT('',(6.0325,0.5,0.2032));
#3164=VECTOR('',#4066,1.0);
#3165=CARTESIAN_POINT('',(5.715,0.254,0.2032));
#3166=VECTOR('',#4067,1.0);
#3167=CARTESIAN_POINT('',(5.9055,3.81,-0.2032));
#3168=CARTESIAN_POINT('',(5.9055,3.81,-0.1016));
#3169=VECTOR('',#4068,1.0);
#3170=CARTESIAN_POINT('',(6.096,3.81,-0.2032));
#3171=CARTESIAN_POINT('',(6.096,3.81,-0.2032));
#3172=VECTOR('',#4069,1.0);
#3173=CARTESIAN_POINT('',(5.85,3.81,-0.2032));
#3174=VECTOR('',#4070,1.0);
#3175=CARTESIAN_POINT('',(6.096,1.016,-0.2032));
#3176=CARTESIAN_POINT('',(6.096,1.016,-0.2032));
#3177=VECTOR('',#4071,1.0);
#3178=CARTESIAN_POINT('',(6.096,1.016,-0.2032));
#3179=VECTOR('',#4072,1.0);
#3180=CARTESIAN_POINT('',(6.604,1.016,-0.2032));
#3181=CARTESIAN_POINT('',(6.604,1.016,-0.2032));
#3182=VECTOR('',#4073,1.0);
#3183=CARTESIAN_POINT('',(6.096,1.016,-0.2032));
#3184=VECTOR('',#4074,1.0);
#3185=CARTESIAN_POINT('',(6.604,1.016,-0.2032));
#3186=VECTOR('',#4075,1.0);
#3187=CARTESIAN_POINT('',(5.9055,0.761999999999999,-0.2032));
#3188=CARTESIAN_POINT('',(5.9055,2.61732495716733,-0.2032));
#3189=VECTOR('',#4076,1.0);
#3190=CARTESIAN_POINT('',(6.7945,0.761999999999999,-0.2032));
#3191=CARTESIAN_POINT('',(6.7945,2.61732495716733,-0.2032));
#3192=VECTOR('',#4077,1.0);
#3193=CARTESIAN_POINT('',(6.35,0.761999999999999,-0.2032));
#3194=VECTOR('',#4078,1.0);
#3195=CARTESIAN_POINT('',(5.9055,0.761999999999999,-0.4445));
#3196=CARTESIAN_POINT('',(5.9055,0.761999999999999,0.0));
#3197=VECTOR('',#4079,1.0);
#3198=CARTESIAN_POINT('',(5.9055,4.572,-0.4445));
#3199=CARTESIAN_POINT('',(5.9055,3.048,-0.4445));
#3200=VECTOR('',#4080,1.0);
#3201=CARTESIAN_POINT('',(5.9055,4.572,0.4445));
#3202=CARTESIAN_POINT('',(5.9055,4.572,0.0));
#3203=VECTOR('',#4081,1.0);
#3204=CARTESIAN_POINT('',(5.9055,0.761999999999999,0.4445));
#3205=CARTESIAN_POINT('',(5.9055,3.048,0.4445));
#3206=VECTOR('',#4082,1.0);
#3207=CARTESIAN_POINT('',(5.9055,0.761999999999999,0.0));
#3208=VECTOR('',#4083,1.0);
#3209=CARTESIAN_POINT('',(6.7945,0.761999999999999,-0.4445));
#3210=CARTESIAN_POINT('',(6.7945,0.761999999999999,0.0));
#3211=VECTOR('',#4084,1.0);
#3212=CARTESIAN_POINT('',(6.35,0.761999999999999,-0.4445));
#3213=VECTOR('',#4085,1.0);
#3214=CARTESIAN_POINT('',(4.1275,0.254,-0.2032));
#3215=CARTESIAN_POINT('',(3.4925,0.254,-0.2032));
#3216=CARTESIAN_POINT('',(4.445,0.254,-0.2032));
#3217=VECTOR('',#4086,1.0);
#3218=CARTESIAN_POINT('',(4.1275,-2.6035,-0.2032));
#3219=CARTESIAN_POINT('',(4.1275,0.5,-0.2032));
#3220=VECTOR('',#4087,1.0);
#3221=CARTESIAN_POINT('',(3.4925,-2.6035,-0.2032));
#3222=AXIS2_PLACEMENT_3D('',#4088,#4089,#4090);
#3223=CARTESIAN_POINT('',(3.4925,0.5,-0.2032));
#3224=VECTOR('',#4091,1.0);
#3225=CARTESIAN_POINT('',(4.1275,0.254,0.2032));
#3226=CARTESIAN_POINT('',(4.1275,0.254,-0.1016));
#3227=VECTOR('',#4092,1.0);
#3228=CARTESIAN_POINT('',(4.1275,-2.6035,0.2032));
#3229=CARTESIAN_POINT('',(4.1275,0.5,0.2032));
#3230=VECTOR('',#4093,1.0);
#3231=CARTESIAN_POINT('',(4.1275,-2.6035,-0.2032));
#3232=VECTOR('',#4094,1.0);
#3233=CARTESIAN_POINT('',(3.3655,0.761999999999999,0.2032));
#3234=CARTESIAN_POINT('',(3.3655,3.81,0.2032));
#3235=CARTESIAN_POINT('',(3.3655,2.61732495716733,0.2032));
#3236=VECTOR('',#4095,1.0);
#3237=CARTESIAN_POINT('',(4.2545,0.761999999999999,0.2032));
#3238=CARTESIAN_POINT('',(3.81,0.761999999999999,0.2032));
#3239=VECTOR('',#4096,1.0);
#3240=CARTESIAN_POINT('',(4.2545,3.81,0.2032));
#3241=CARTESIAN_POINT('',(4.2545,2.61732495716733,0.2032));
#3242=VECTOR('',#4097,1.0);
#3243=CARTESIAN_POINT('',(4.064,3.81,0.2032));
#3244=CARTESIAN_POINT('',(4.31,3.81,0.2032));
#3245=VECTOR('',#4098,1.0);
#3246=CARTESIAN_POINT('',(4.064,1.016,0.2032));
#3247=CARTESIAN_POINT('',(4.064,1.016,0.2032));
#3248=VECTOR('',#4099,1.0);
#3249=CARTESIAN_POINT('',(3.556,1.016,0.2032));
#3250=CARTESIAN_POINT('',(3.556,1.016,0.2032));
#3251=VECTOR('',#4100,1.0);
#3252=CARTESIAN_POINT('',(3.556,3.81,0.2032));
#3253=CARTESIAN_POINT('',(3.556,1.016,0.2032));
#3254=VECTOR('',#4101,1.0);
#3255=CARTESIAN_POINT('',(3.31,3.81,0.2032));
#3256=VECTOR('',#4102,1.0);
#3257=CARTESIAN_POINT('',(4.2545,3.81,-0.2032));
#3258=CARTESIAN_POINT('',(4.2545,3.81,-0.1016));
#3259=VECTOR('',#4103,1.0);
#3260=CARTESIAN_POINT('',(4.064,3.81,-0.2032));
#3261=CARTESIAN_POINT('',(4.31,3.81,-0.2032));
#3262=VECTOR('',#4104,1.0);
#3263=CARTESIAN_POINT('',(4.064,3.81,-0.2032));
#3264=VECTOR('',#4105,1.0);
#3265=CARTESIAN_POINT('',(3.4925,-2.6035,0.2032));
#3266=AXIS2_PLACEMENT_3D('',#4106,#4107,#4108);
#3267=CARTESIAN_POINT('',(3.4925,-2.6035,-0.2032));
#3268=VECTOR('',#4109,1.0);
#3269=CARTESIAN_POINT('',(3.4925,0.254,0.2032));
#3270=CARTESIAN_POINT('',(3.4925,0.254,-0.1016));
#3271=VECTOR('',#4110,1.0);
#3272=CARTESIAN_POINT('',(3.4925,0.5,0.2032));
#3273=VECTOR('',#4111,1.0);
#3274=CARTESIAN_POINT('',(4.445,0.254,0.2032));
#3275=VECTOR('',#4112,1.0);
#3276=CARTESIAN_POINT('',(3.3655,3.81,-0.2032));
#3277=CARTESIAN_POINT('',(3.3655,3.81,-0.1016));
#3278=VECTOR('',#4113,1.0);
#3279=CARTESIAN_POINT('',(3.556,3.81,-0.2032));
#3280=CARTESIAN_POINT('',(3.556,3.81,-0.2032));
#3281=VECTOR('',#4114,1.0);
#3282=CARTESIAN_POINT('',(3.31,3.81,-0.2032));
#3283=VECTOR('',#4115,1.0);
#3284=CARTESIAN_POINT('',(3.556,1.016,-0.2032));
#3285=CARTESIAN_POINT('',(3.556,1.016,-0.2032));
#3286=VECTOR('',#4116,1.0);
#3287=CARTESIAN_POINT('',(3.556,1.016,-0.2032));
#3288=VECTOR('',#4117,1.0);
#3289=CARTESIAN_POINT('',(4.064,1.016,-0.2032));
#3290=CARTESIAN_POINT('',(4.064,1.016,-0.2032));
#3291=VECTOR('',#4118,1.0);
#3292=CARTESIAN_POINT('',(3.556,1.016,-0.2032));
#3293=VECTOR('',#4119,1.0);
#3294=CARTESIAN_POINT('',(4.064,1.016,-0.2032));
#3295=VECTOR('',#4120,1.0);
#3296=CARTESIAN_POINT('',(3.3655,0.761999999999999,-0.2032));
#3297=CARTESIAN_POINT('',(3.3655,2.61732495716733,-0.2032));
#3298=VECTOR('',#4121,1.0);
#3299=CARTESIAN_POINT('',(4.2545,0.761999999999999,-0.2032));
#3300=CARTESIAN_POINT('',(4.2545,2.61732495716733,-0.2032));
#3301=VECTOR('',#4122,1.0);
#3302=CARTESIAN_POINT('',(3.81,0.761999999999999,-0.2032));
#3303=VECTOR('',#4123,1.0);
#3304=CARTESIAN_POINT('',(3.3655,0.761999999999999,-0.4445));
#3305=CARTESIAN_POINT('',(3.3655,0.761999999999999,0.0));
#3306=VECTOR('',#4124,1.0);
#3307=CARTESIAN_POINT('',(3.3655,4.572,-0.4445));
#3308=CARTESIAN_POINT('',(3.3655,3.048,-0.4445));
#3309=VECTOR('',#4125,1.0);
#3310=CARTESIAN_POINT('',(3.3655,4.572,0.4445));
#3311=CARTESIAN_POINT('',(3.3655,4.572,0.0));
#3312=VECTOR('',#4126,1.0);
#3313=CARTESIAN_POINT('',(3.3655,0.761999999999999,0.4445));
#3314=CARTESIAN_POINT('',(3.3655,3.048,0.4445));
#3315=VECTOR('',#4127,1.0);
#3316=CARTESIAN_POINT('',(3.3655,0.761999999999999,0.0));
#3317=VECTOR('',#4128,1.0);
#3318=CARTESIAN_POINT('',(4.2545,0.761999999999999,-0.4445));
#3319=CARTESIAN_POINT('',(4.2545,0.761999999999999,0.0));
#3320=VECTOR('',#4129,1.0);
#3321=CARTESIAN_POINT('',(3.81,0.761999999999999,-0.4445));
#3322=VECTOR('',#4130,1.0);
#3323=CARTESIAN_POINT('',(1.5875,0.254,-0.2032));
#3324=CARTESIAN_POINT('',(0.9525,0.254,-0.2032));
#3325=CARTESIAN_POINT('',(3.175,0.254,-0.2032));
#3326=VECTOR('',#4131,1.0);
#3327=CARTESIAN_POINT('',(1.5875,-2.6035,-0.2032));
#3328=CARTESIAN_POINT('',(1.5875,0.5,-0.2032));
#3329=VECTOR('',#4132,1.0);
#3330=CARTESIAN_POINT('',(0.9525,-2.6035,-0.2032));
#3331=AXIS2_PLACEMENT_3D('',#4133,#4134,#4135);
#3332=CARTESIAN_POINT('',(0.9525,0.5,-0.2032));
#3333=VECTOR('',#4136,1.0);
#3334=CARTESIAN_POINT('',(1.5875,0.254,0.2032));
#3335=CARTESIAN_POINT('',(1.5875,0.254,-0.1016));
#3336=VECTOR('',#4137,1.0);
#3337=CARTESIAN_POINT('',(1.5875,-2.6035,0.2032));
#3338=CARTESIAN_POINT('',(1.5875,0.5,0.2032));
#3339=VECTOR('',#4138,1.0);
#3340=CARTESIAN_POINT('',(1.5875,-2.6035,-0.2032));
#3341=VECTOR('',#4139,1.0);
#3342=CARTESIAN_POINT('',(0.8255,0.761999999999999,0.2032));
#3343=CARTESIAN_POINT('',(0.8255,3.81,0.2032));
#3344=CARTESIAN_POINT('',(0.8255,2.61732495716733,0.2032));
#3345=VECTOR('',#4140,1.0);
#3346=CARTESIAN_POINT('',(1.7145,0.761999999999999,0.2032));
#3347=CARTESIAN_POINT('',(1.27,0.761999999999999,0.2032));
#3348=VECTOR('',#4141,1.0);
#3349=CARTESIAN_POINT('',(1.7145,3.81,0.2032));
#3350=CARTESIAN_POINT('',(1.7145,2.61732495716733,0.2032));
#3351=VECTOR('',#4142,1.0);
#3352=CARTESIAN_POINT('',(1.524,3.81,0.2032));
#3353=CARTESIAN_POINT('',(1.77,3.81,0.2032));
#3354=VECTOR('',#4143,1.0);
#3355=CARTESIAN_POINT('',(1.524,1.016,0.2032));
#3356=CARTESIAN_POINT('',(1.524,1.016,0.2032));
#3357=VECTOR('',#4144,1.0);
#3358=CARTESIAN_POINT('',(1.016,1.016,0.2032));
#3359=CARTESIAN_POINT('',(1.016,1.016,0.2032));
#3360=VECTOR('',#4145,1.0);
#3361=CARTESIAN_POINT('',(1.016,3.81,0.2032));
#3362=CARTESIAN_POINT('',(1.016,1.016,0.2032));
#3363=VECTOR('',#4146,1.0);
#3364=CARTESIAN_POINT('',(0.77,3.81,0.2032));
#3365=VECTOR('',#4147,1.0);
#3366=CARTESIAN_POINT('',(1.7145,3.81,-0.2032));
#3367=CARTESIAN_POINT('',(1.7145,3.81,-0.1016));
#3368=VECTOR('',#4148,1.0);
#3369=CARTESIAN_POINT('',(1.524,3.81,-0.2032));
#3370=CARTESIAN_POINT('',(1.77,3.81,-0.2032));
#3371=VECTOR('',#4149,1.0);
#3372=CARTESIAN_POINT('',(1.524,3.81,-0.2032));
#3373=VECTOR('',#4150,1.0);
#3374=CARTESIAN_POINT('',(0.9525,-2.6035,0.2032));
#3375=AXIS2_PLACEMENT_3D('',#4151,#4152,#4153);
#3376=CARTESIAN_POINT('',(0.9525,-2.6035,-0.2032));
#3377=VECTOR('',#4154,1.0);
#3378=CARTESIAN_POINT('',(0.9525,0.254,0.2032));
#3379=CARTESIAN_POINT('',(0.9525,0.254,-0.1016));
#3380=VECTOR('',#4155,1.0);
#3381=CARTESIAN_POINT('',(0.9525,0.5,0.2032));
#3382=VECTOR('',#4156,1.0);
#3383=CARTESIAN_POINT('',(3.175,0.254,0.2032));
#3384=VECTOR('',#4157,1.0);
#3385=CARTESIAN_POINT('',(0.8255,3.81,-0.2032));
#3386=CARTESIAN_POINT('',(0.8255,3.81,-0.1016));
#3387=VECTOR('',#4158,1.0);
#3388=CARTESIAN_POINT('',(1.016,3.81,-0.2032));
#3389=CARTESIAN_POINT('',(1.016,3.81,-0.2032));
#3390=VECTOR('',#4159,1.0);
#3391=CARTESIAN_POINT('',(0.77,3.81,-0.2032));
#3392=VECTOR('',#4160,1.0);
#3393=CARTESIAN_POINT('',(1.016,1.016,-0.2032));
#3394=CARTESIAN_POINT('',(1.016,1.016,-0.2032));
#3395=VECTOR('',#4161,1.0);
#3396=CARTESIAN_POINT('',(1.016,1.016,-0.2032));
#3397=VECTOR('',#4162,1.0);
#3398=CARTESIAN_POINT('',(1.524,1.016,-0.2032));
#3399=CARTESIAN_POINT('',(1.524,1.016,-0.2032));
#3400=VECTOR('',#4163,1.0);
#3401=CARTESIAN_POINT('',(1.016,1.016,-0.2032));
#3402=VECTOR('',#4164,1.0);
#3403=CARTESIAN_POINT('',(1.524,1.016,-0.2032));
#3404=VECTOR('',#4165,1.0);
#3405=CARTESIAN_POINT('',(0.8255,0.761999999999999,-0.2032));
#3406=CARTESIAN_POINT('',(0.8255,2.61732495716733,-0.2032));
#3407=VECTOR('',#4166,1.0);
#3408=CARTESIAN_POINT('',(1.7145,0.761999999999999,-0.2032));
#3409=CARTESIAN_POINT('',(1.7145,2.61732495716733,-0.2032));
#3410=VECTOR('',#4167,1.0);
#3411=CARTESIAN_POINT('',(1.27,0.761999999999999,-0.2032));
#3412=VECTOR('',#4168,1.0);
#3413=CARTESIAN_POINT('',(0.8255,0.761999999999999,-0.4445));
#3414=CARTESIAN_POINT('',(0.8255,0.761999999999999,0.0));
#3415=VECTOR('',#4169,1.0);
#3416=CARTESIAN_POINT('',(0.8255,4.572,-0.4445));
#3417=CARTESIAN_POINT('',(0.8255,3.048,-0.4445));
#3418=VECTOR('',#4170,1.0);
#3419=CARTESIAN_POINT('',(0.8255,4.572,0.4445));
#3420=CARTESIAN_POINT('',(0.8255,4.572,0.0));
#3421=VECTOR('',#4171,1.0);
#3422=CARTESIAN_POINT('',(0.8255,0.761999999999999,0.4445));
#3423=CARTESIAN_POINT('',(0.8255,3.048,0.4445));
#3424=VECTOR('',#4172,1.0);
#3425=CARTESIAN_POINT('',(0.8255,0.761999999999999,0.0));
#3426=VECTOR('',#4173,1.0);
#3427=CARTESIAN_POINT('',(1.7145,0.761999999999999,-0.4445));
#3428=CARTESIAN_POINT('',(1.7145,0.761999999999999,0.0));
#3429=VECTOR('',#4174,1.0);
#3430=CARTESIAN_POINT('',(1.27,0.761999999999999,-0.4445));
#3431=VECTOR('',#4175,1.0);
#3432=CARTESIAN_POINT('',(9.3345,4.572,0.4445));
#3433=CARTESIAN_POINT('',(6.985,4.572,0.4445));
#3434=VECTOR('',#4176,1.0);
#3435=CARTESIAN_POINT('',(9.3345,0.761999999999999,0.4445));
#3436=CARTESIAN_POINT('',(9.3345,3.048,0.4445));
#3437=VECTOR('',#4177,1.0);
#3438=CARTESIAN_POINT('',(8.89,0.761999999999999,0.4445));
#3439=VECTOR('',#4178,1.0);
#3440=CARTESIAN_POINT('',(9.3345,4.572,-0.4445));
#3441=CARTESIAN_POINT('',(6.985,4.572,-0.4445));
#3442=VECTOR('',#4179,1.0);
#3443=CARTESIAN_POINT('',(9.3345,3.048,-0.4445));
#3444=VECTOR('',#4180,1.0);
#3445=CARTESIAN_POINT('',(9.3345,0.761999999999999,0.0));
#3446=VECTOR('',#4181,1.0);
#3447=CARTESIAN_POINT('',(9.3345,4.572,0.0));
#3448=VECTOR('',#4182,1.0);
#3449=CARTESIAN_POINT('',(6.7945,4.572,0.4445));
#3450=CARTESIAN_POINT('',(5.715,4.572,0.4445));
#3451=VECTOR('',#4183,1.0);
#3452=CARTESIAN_POINT('',(6.7945,0.761999999999999,0.4445));
#3453=CARTESIAN_POINT('',(6.7945,3.048,0.4445));
#3454=VECTOR('',#4184,1.0);
#3455=CARTESIAN_POINT('',(6.35,0.761999999999999,0.4445));
#3456=VECTOR('',#4185,1.0);
#3457=CARTESIAN_POINT('',(6.7945,4.572,-0.4445));
#3458=CARTESIAN_POINT('',(5.715,4.572,-0.4445));
#3459=VECTOR('',#4186,1.0);
#3460=CARTESIAN_POINT('',(6.7945,3.048,-0.4445));
#3461=VECTOR('',#4187,1.0);
#3462=CARTESIAN_POINT('',(6.7945,0.761999999999999,0.0));
#3463=VECTOR('',#4188,1.0);
#3464=CARTESIAN_POINT('',(6.7945,4.572,0.0));
#3465=VECTOR('',#4189,1.0);
#3466=CARTESIAN_POINT('',(4.2545,4.572,0.4445));
#3467=CARTESIAN_POINT('',(4.445,4.572,0.4445));
#3468=VECTOR('',#4190,1.0);
#3469=CARTESIAN_POINT('',(4.2545,0.761999999999999,0.4445));
#3470=CARTESIAN_POINT('',(4.2545,3.048,0.4445));
#3471=VECTOR('',#4191,1.0);
#3472=CARTESIAN_POINT('',(3.81,0.761999999999999,0.4445));
#3473=VECTOR('',#4192,1.0);
#3474=CARTESIAN_POINT('',(4.2545,4.572,-0.4445));
#3475=CARTESIAN_POINT('',(4.445,4.572,-0.4445));
#3476=VECTOR('',#4193,1.0);
#3477=CARTESIAN_POINT('',(4.2545,3.048,-0.4445));
#3478=VECTOR('',#4194,1.0);
#3479=CARTESIAN_POINT('',(4.2545,0.761999999999999,0.0));
#3480=VECTOR('',#4195,1.0);
#3481=CARTESIAN_POINT('',(4.2545,4.572,0.0));
#3482=VECTOR('',#4196,1.0);
#3483=CARTESIAN_POINT('',(1.7145,4.572,0.4445));
#3484=CARTESIAN_POINT('',(3.175,4.572,0.4445));
#3485=VECTOR('',#4197,1.0);
#3486=CARTESIAN_POINT('',(1.7145,0.761999999999999,0.4445));
#3487=CARTESIAN_POINT('',(1.7145,3.048,0.4445));
#3488=VECTOR('',#4198,1.0);
#3489=CARTESIAN_POINT('',(1.27,0.761999999999999,0.4445));
#3490=VECTOR('',#4199,1.0);
#3491=CARTESIAN_POINT('',(1.7145,4.572,-0.4445));
#3492=CARTESIAN_POINT('',(3.175,4.572,-0.4445));
#3493=VECTOR('',#4200,1.0);
#3494=CARTESIAN_POINT('',(1.7145,3.048,-0.4445));
#3495=VECTOR('',#4201,1.0);
#3496=CARTESIAN_POINT('',(1.7145,0.761999999999999,0.0));
#3497=VECTOR('',#4202,1.0);
#3498=CARTESIAN_POINT('',(1.7145,4.572,0.0));
#3499=VECTOR('',#4203,1.0);
#3500=CARTESIAN_POINT('',(9.99844843950361,4.572,1.016));
#3501=CARTESIAN_POINT('',(10.16,4.572,1.016));
#3502=CARTESIAN_POINT('',(7.62,4.572,1.016));
#3503=VECTOR('',#4204,1.0);
#3504=CARTESIAN_POINT('',(9.99844843950361,0.254,1.016));
#3505=CARTESIAN_POINT('',(9.99844843950361,-1.0,1.016));
#3506=VECTOR('',#4205,1.0);
#3507=CARTESIAN_POINT('',(10.16,0.254,1.016));
#3508=CARTESIAN_POINT('',(7.62,0.254,1.016));
#3509=VECTOR('',#4206,1.0);
#3510=CARTESIAN_POINT('',(10.16,0.643,1.016));
#3511=VECTOR('',#4207,1.0);
#3512=CARTESIAN_POINT('',(9.906,4.572,1.27));
#3513=CARTESIAN_POINT('',(9.85092979657444,4.572,1.42130414039651));
#3514=VECTOR('',#4208,1.0);
#3515=CARTESIAN_POINT('',(9.906,0.254,1.27));
#3516=CARTESIAN_POINT('',(9.906,0.643,1.27));
#3517=VECTOR('',#4209,1.0);
#3518=CARTESIAN_POINT('',(9.85092979657444,0.254,1.42130414039651));
#3519=VECTOR('',#4210,1.0);
#3520=CARTESIAN_POINT('',(10.16,0.254,-1.016));
#3521=CARTESIAN_POINT('',(10.16,0.254,0.0));
#3522=VECTOR('',#4211,1.0);
#3523=CARTESIAN_POINT('',(10.16,4.572,-1.016));
#3524=CARTESIAN_POINT('',(10.16,0.643,-1.016));
#3525=VECTOR('',#4212,1.0);
#3526=CARTESIAN_POINT('',(10.16,4.572,0.0));
#3527=VECTOR('',#4213,1.0);
#3528=CARTESIAN_POINT('',(9.906,0.254,0.762));
#3529=CARTESIAN_POINT('',(9.906,0.254,0.0));
#3530=VECTOR('',#4214,1.0);
#3531=CARTESIAN_POINT('',(7.874,0.254,0.762));
#3532=CARTESIAN_POINT('',(5.08,0.254,0.762));
#3533=VECTOR('',#4215,1.0);
#3534=CARTESIAN_POINT('',(7.874,0.254,1.27));
#3535=CARTESIAN_POINT('',(7.874,0.254,0.0));
#3536=VECTOR('',#4216,1.0);
#3537=CARTESIAN_POINT('',(7.78155156049638,0.254,1.016));
#3538=CARTESIAN_POINT('',(7.48338486756722,0.254,0.196793743943672));
#3539=VECTOR('',#4217,1.0);
#3540=CARTESIAN_POINT('',(7.45844843950361,0.254,1.016));
#3541=CARTESIAN_POINT('',(6.35,0.254,1.016));
#3542=VECTOR('',#4218,1.0);
#3543=CARTESIAN_POINT('',(7.366,0.254,1.27));
#3544=CARTESIAN_POINT('',(7.45949157519388,0.254,1.01313400824557));
#3545=VECTOR('',#4219,1.0);
#3546=CARTESIAN_POINT('',(7.366,0.254,0.762));
#3547=CARTESIAN_POINT('',(7.366,0.254,0.0));
#3548=VECTOR('',#4220,1.0);
#3549=CARTESIAN_POINT('',(5.334,0.254,0.762));
#3550=CARTESIAN_POINT('',(5.08,0.254,0.762));
#3551=VECTOR('',#4221,1.0);
#3552=CARTESIAN_POINT('',(5.334,0.254,1.27));
#3553=CARTESIAN_POINT('',(5.334,0.254,0.0));
#3554=VECTOR('',#4222,1.0);
#3555=CARTESIAN_POINT('',(5.24155156049638,0.254,1.016));
#3556=CARTESIAN_POINT('',(5.09194664618667,0.254,0.604963876094631));
#3557=VECTOR('',#4223,1.0);
#3558=CARTESIAN_POINT('',(4.91844843950361,0.254,1.016));
#3559=CARTESIAN_POINT('',(5.08,0.254,1.016));
#3560=VECTOR('',#4224,1.0);
#3561=CARTESIAN_POINT('',(4.826,0.254,1.27));
#3562=CARTESIAN_POINT('',(5.06805335381332,0.254,0.604963876094626));
#3563=VECTOR('',#4225,1.0);
#3564=CARTESIAN_POINT('',(4.826,0.254,0.762));
#3565=CARTESIAN_POINT('',(4.826,0.254,0.0));
#3566=VECTOR('',#4226,1.0);
#3567=CARTESIAN_POINT('',(2.794,0.254,0.762));
#3568=CARTESIAN_POINT('',(5.08,0.254,0.762));
#3569=VECTOR('',#4227,1.0);
#3570=CARTESIAN_POINT('',(2.794,0.254,1.27));
#3571=CARTESIAN_POINT('',(2.794,0.254,0.0));
#3572=VECTOR('',#4228,1.0);
#3573=CARTESIAN_POINT('',(2.70155156049638,0.254,1.016));
#3574=CARTESIAN_POINT('',(2.70050842480613,0.254,1.01313400824559));
#3575=VECTOR('',#4229,1.0);
#3576=CARTESIAN_POINT('',(2.37844843950361,0.254,1.016));
#3577=CARTESIAN_POINT('',(3.81,0.254,1.016));
#3578=VECTOR('',#4230,1.0);
#3579=CARTESIAN_POINT('',(2.286,0.254,1.27));
#3580=CARTESIAN_POINT('',(2.67661513243276,0.254,0.196793743943684));
#3581=VECTOR('',#4231,1.0);
#3582=CARTESIAN_POINT('',(2.286,0.254,0.762));
#3583=CARTESIAN_POINT('',(2.286,0.254,0.0));
#3584=VECTOR('',#4232,1.0);
#3585=CARTESIAN_POINT('',(0.254,0.254,0.762));
#3586=CARTESIAN_POINT('',(5.08,0.254,0.762));
#3587=VECTOR('',#4233,1.0);
#3588=CARTESIAN_POINT('',(0.254,0.254,1.27));
#3589=CARTESIAN_POINT('',(0.254,0.254,0.0));
#3590=VECTOR('',#4234,1.0);
#3591=CARTESIAN_POINT('',(0.161551560496383,0.254,1.016));
#3592=CARTESIAN_POINT('',(0.309070203425579,0.254,1.42130414039655));
#3593=VECTOR('',#4235,1.0);
#3594=CARTESIAN_POINT('',(0.0,0.254,1.016));
#3595=CARTESIAN_POINT('',(2.54,0.254,1.016));
#3596=VECTOR('',#4236,1.0);
#3597=CARTESIAN_POINT('',(0.0,0.254,-1.016));
#3598=CARTESIAN_POINT('',(0.0,0.254,0.0));
#3599=VECTOR('',#4237,1.0);
#3600=CARTESIAN_POINT('',(0.161551560496388,0.254,-1.016));
#3601=CARTESIAN_POINT('',(2.54,0.254,-1.016));
#3602=VECTOR('',#4238,1.0);
#3603=CARTESIAN_POINT('',(0.254,0.254,-1.27));
#3604=CARTESIAN_POINT('',(0.309070203425562,0.254,-1.42130414039651));
#3605=VECTOR('',#4239,1.0);
#3606=CARTESIAN_POINT('',(0.254,0.254,-0.762));
#3607=CARTESIAN_POINT('',(0.254,0.254,0.0));
#3608=VECTOR('',#4240,1.0);
#3609=CARTESIAN_POINT('',(2.286,0.254,-0.762));
#3610=CARTESIAN_POINT('',(5.08,0.254,-0.762));
#3611=VECTOR('',#4241,1.0);
#3612=CARTESIAN_POINT('',(2.286,0.254,-1.27));
#3613=CARTESIAN_POINT('',(2.286,0.254,0.0));
#3614=VECTOR('',#4242,1.0);
#3615=CARTESIAN_POINT('',(2.37844843950362,0.254,-1.016));
#3616=CARTESIAN_POINT('',(2.67661513243278,0.254,-0.196793743943672));
#3617=VECTOR('',#4243,1.0);
#3618=CARTESIAN_POINT('',(2.70155156049639,0.254,-1.016));
#3619=CARTESIAN_POINT('',(3.81,0.254,-1.016));
#3620=VECTOR('',#4244,1.0);
#3621=CARTESIAN_POINT('',(2.794,0.254,-1.27));
#3622=CARTESIAN_POINT('',(2.70050842480612,0.254,-1.01313400824557));
#3623=VECTOR('',#4245,1.0);
#3624=CARTESIAN_POINT('',(2.794,0.254,-0.762));
#3625=CARTESIAN_POINT('',(2.794,0.254,0.0));
#3626=VECTOR('',#4246,1.0);
#3627=CARTESIAN_POINT('',(4.826,0.254,-0.762));
#3628=CARTESIAN_POINT('',(5.08,0.254,-0.762));
#3629=VECTOR('',#4247,1.0);
#3630=CARTESIAN_POINT('',(4.826,0.254,-1.27));
#3631=CARTESIAN_POINT('',(4.826,0.254,0.0));
#3632=VECTOR('',#4248,1.0);
#3633=CARTESIAN_POINT('',(4.91844843950362,0.254,-1.016));
#3634=CARTESIAN_POINT('',(5.06805335381333,0.254,-0.604963876094631));
#3635=VECTOR('',#4249,1.0);
#3636=CARTESIAN_POINT('',(5.24155156049639,0.254,-1.016));
#3637=CARTESIAN_POINT('',(5.08,0.254,-1.016));
#3638=VECTOR('',#4250,1.0);
#3639=CARTESIAN_POINT('',(5.334,0.254,-1.27));
#3640=CARTESIAN_POINT('',(5.09194664618668,0.254,-0.604963876094626));
#3641=VECTOR('',#4251,1.0);
#3642=CARTESIAN_POINT('',(5.334,0.254,-0.762));
#3643=CARTESIAN_POINT('',(5.334,0.254,0.0));
#3644=VECTOR('',#4252,1.0);
#3645=CARTESIAN_POINT('',(7.366,0.254,-0.762));
#3646=CARTESIAN_POINT('',(5.08,0.254,-0.762));
#3647=VECTOR('',#4253,1.0);
#3648=CARTESIAN_POINT('',(7.366,0.254,-1.27));
#3649=CARTESIAN_POINT('',(7.366,0.254,0.0));
#3650=VECTOR('',#4254,1.0);
#3651=CARTESIAN_POINT('',(7.45844843950362,0.254,-1.016));
#3652=CARTESIAN_POINT('',(7.45949157519387,0.254,-1.01313400824559));
#3653=VECTOR('',#4255,1.0);
#3654=CARTESIAN_POINT('',(7.78155156049639,0.254,-1.016));
#3655=CARTESIAN_POINT('',(6.35,0.254,-1.016));
#3656=VECTOR('',#4256,1.0);
#3657=CARTESIAN_POINT('',(7.874,0.254,-1.27));
#3658=CARTESIAN_POINT('',(7.48338486756724,0.254,-0.196793743943684));
#3659=VECTOR('',#4257,1.0);
#3660=CARTESIAN_POINT('',(7.874,0.254,-0.762));
#3661=CARTESIAN_POINT('',(7.874,0.254,0.0));
#3662=VECTOR('',#4258,1.0);
#3663=CARTESIAN_POINT('',(9.906,0.254,-0.762));
#3664=CARTESIAN_POINT('',(5.08,0.254,-0.762));
#3665=VECTOR('',#4259,1.0);
#3666=CARTESIAN_POINT('',(9.906,0.254,-1.27));
#3667=CARTESIAN_POINT('',(9.906,0.254,0.0));
#3668=VECTOR('',#4260,1.0);
#3669=CARTESIAN_POINT('',(9.99844843950362,0.254,-1.016));
#3670=CARTESIAN_POINT('',(9.85092979657442,0.254,-1.42130414039655));
#3671=VECTOR('',#4261,1.0);
#3672=CARTESIAN_POINT('',(7.62,0.254,-1.016));
#3673=VECTOR('',#4262,1.0);
#3674=CARTESIAN_POINT('',(7.45844843950361,4.572,1.016));
#3675=CARTESIAN_POINT('',(7.78155156049638,4.572,1.016));
#3676=CARTESIAN_POINT('',(6.35,4.572,1.016));
#3677=VECTOR('',#4263,1.0);
#3678=CARTESIAN_POINT('',(7.45844843950361,-1.0,1.016));
#3679=VECTOR('',#4264,1.0);
#3680=CARTESIAN_POINT('',(7.78155156049638,-1.0,1.016));
#3681=VECTOR('',#4265,1.0);
#3682=CARTESIAN_POINT('',(7.874,4.572,1.27));
#3683=CARTESIAN_POINT('',(7.48338486756722,4.572,0.196793743943672));
#3684=VECTOR('',#4266,1.0);
#3685=CARTESIAN_POINT('',(7.874,0.643,1.27));
#3686=VECTOR('',#4267,1.0);
#3687=CARTESIAN_POINT('',(7.366,4.572,1.27));
#3688=CARTESIAN_POINT('',(7.45949157519388,4.572,1.01313400824557));
#3689=VECTOR('',#4268,1.0);
#3690=CARTESIAN_POINT('',(7.366,0.643,1.27));
#3691=VECTOR('',#4269,1.0);
#3692=CARTESIAN_POINT('',(5.334,4.572,1.27));
#3693=CARTESIAN_POINT('',(5.08,4.572,1.27));
#3694=VECTOR('',#4270,1.0);
#3695=CARTESIAN_POINT('',(5.334,0.643,1.27));
#3696=VECTOR('',#4271,1.0);
#3697=CARTESIAN_POINT('',(5.334,0.0,1.27));
#3698=CARTESIAN_POINT('',(5.334,1.145,1.27));
#3699=VECTOR('',#4272,1.0);
#3700=CARTESIAN_POINT('',(7.366,0.0,1.27));
#3701=CARTESIAN_POINT('',(5.08,0.0,1.27));
#3702=VECTOR('',#4273,1.0);
#3703=CARTESIAN_POINT('',(7.366,1.145,1.27));
#3704=VECTOR('',#4274,1.0);
#3705=CARTESIAN_POINT('',(5.08,4.572,1.27));
#3706=VECTOR('',#4275,1.0);
#3707=CARTESIAN_POINT('',(7.874,0.0,1.27));
#3708=CARTESIAN_POINT('',(7.874,1.145,1.27));
#3709=VECTOR('',#4276,1.0);
#3710=CARTESIAN_POINT('',(9.906,0.0,1.27));
#3711=CARTESIAN_POINT('',(5.08,0.0,1.27));
#3712=VECTOR('',#4277,1.0);
#3713=CARTESIAN_POINT('',(9.906,1.145,1.27));
#3714=VECTOR('',#4278,1.0);
#3715=CARTESIAN_POINT('',(4.91844843950361,4.572,1.016));
#3716=CARTESIAN_POINT('',(5.24155156049638,4.572,1.016));
#3717=CARTESIAN_POINT('',(5.08,4.572,1.016));
#3718=VECTOR('',#4279,1.0);
#3719=CARTESIAN_POINT('',(4.91844843950361,-1.0,1.016));
#3720=VECTOR('',#4280,1.0);
#3721=CARTESIAN_POINT('',(5.24155156049638,-1.0,1.016));
#3722=VECTOR('',#4281,1.0);
#3723=CARTESIAN_POINT('',(5.09194664618667,4.572,0.604963876094631));
#3724=VECTOR('',#4282,1.0);
#3725=CARTESIAN_POINT('',(4.826,4.572,1.27));
#3726=CARTESIAN_POINT('',(5.06805335381332,4.572,0.604963876094626));
#3727=VECTOR('',#4283,1.0);
#3728=CARTESIAN_POINT('',(4.826,0.643,1.27));
#3729=VECTOR('',#4284,1.0);
#3730=CARTESIAN_POINT('',(2.794,4.572,1.27));
#3731=CARTESIAN_POINT('',(5.08,4.572,1.27));
#3732=VECTOR('',#4285,1.0);
#3733=CARTESIAN_POINT('',(2.794,0.643,1.27));
#3734=VECTOR('',#4286,1.0);
#3735=CARTESIAN_POINT('',(2.794,0.0,1.27));
#3736=CARTESIAN_POINT('',(2.794,1.145,1.27));
#3737=VECTOR('',#4287,1.0);
#3738=CARTESIAN_POINT('',(4.826,0.0,1.27));
#3739=CARTESIAN_POINT('',(5.08,0.0,1.27));
#3740=VECTOR('',#4288,1.0);
#3741=CARTESIAN_POINT('',(4.826,1.145,1.27));
#3742=VECTOR('',#4289,1.0);
#3743=CARTESIAN_POINT('',(2.37844843950361,4.572,1.016));
#3744=CARTESIAN_POINT('',(2.70155156049638,4.572,1.016));
#3745=CARTESIAN_POINT('',(3.81,4.572,1.016));
#3746=VECTOR('',#4290,1.0);
#3747=CARTESIAN_POINT('',(2.37844843950361,-1.0,1.016));
#3748=VECTOR('',#4291,1.0);
#3749=CARTESIAN_POINT('',(2.70155156049638,-1.0,1.016));
#3750=VECTOR('',#4292,1.0);
#3751=CARTESIAN_POINT('',(2.70050842480613,4.572,1.01313400824559));
#3752=VECTOR('',#4293,1.0);
#3753=CARTESIAN_POINT('',(2.286,4.572,1.27));
#3754=CARTESIAN_POINT('',(2.67661513243276,4.572,0.196793743943684));
#3755=VECTOR('',#4294,1.0);
#3756=CARTESIAN_POINT('',(2.286,0.643,1.27));
#3757=VECTOR('',#4295,1.0);
#3758=CARTESIAN_POINT('',(0.254,4.572,1.27));
#3759=CARTESIAN_POINT('',(5.08,4.572,1.27));
#3760=VECTOR('',#4296,1.0);
#3761=CARTESIAN_POINT('',(0.254,0.643,1.27));
#3762=VECTOR('',#4297,1.0);
#3763=CARTESIAN_POINT('',(0.254,0.0,1.27));
#3764=CARTESIAN_POINT('',(0.254,1.145,1.27));
#3765=VECTOR('',#4298,1.0);
#3766=CARTESIAN_POINT('',(2.286,0.0,1.27));
#3767=CARTESIAN_POINT('',(5.08,0.0,1.27));
#3768=VECTOR('',#4299,1.0);
#3769=CARTESIAN_POINT('',(2.286,1.145,1.27));
#3770=VECTOR('',#4300,1.0);
#3771=CARTESIAN_POINT('',(0.161551560496383,4.572,1.016));
#3772=CARTESIAN_POINT('',(0.309070203425579,4.572,1.42130414039655));
#3773=VECTOR('',#4301,1.0);
#3774=CARTESIAN_POINT('',(0.161551560496383,-1.0,1.016));
#3775=VECTOR('',#4302,1.0);
#3776=CARTESIAN_POINT('',(0.0,4.572,1.016));
#3777=CARTESIAN_POINT('',(2.54,4.572,1.016));
#3778=VECTOR('',#4303,1.0);
#3779=CARTESIAN_POINT('',(0.0,0.643,1.016));
#3780=VECTOR('',#4304,1.0);
#3781=CARTESIAN_POINT('',(9.99844843950362,4.572,-1.016));
#3782=CARTESIAN_POINT('',(9.906,4.572,-1.27));
#3783=CARTESIAN_POINT('',(9.85092979657442,4.572,-1.42130414039655));
#3784=VECTOR('',#4305,1.0);
#3785=CARTESIAN_POINT('',(9.99844843950362,-1.0,-1.016));
#3786=VECTOR('',#4306,1.0);
#3787=CARTESIAN_POINT('',(9.906,0.643,-1.27));
#3788=VECTOR('',#4307,1.0);
#3789=CARTESIAN_POINT('',(7.62,4.572,-1.016));
#3790=VECTOR('',#4308,1.0);
#3791=CARTESIAN_POINT('',(9.906,0.0,-1.27));
#3792=CARTESIAN_POINT('',(9.906,1.145,-1.27));
#3793=VECTOR('',#4309,1.0);
#3794=CARTESIAN_POINT('',(7.874,0.0,-1.27));
#3795=CARTESIAN_POINT('',(5.08,0.0,-1.27));
#3796=VECTOR('',#4310,1.0);
#3797=CARTESIAN_POINT('',(7.874,1.145,-1.27));
#3798=VECTOR('',#4311,1.0);
#3799=CARTESIAN_POINT('',(7.874,4.572,-1.27));
#3800=CARTESIAN_POINT('',(7.874,0.643,-1.27));
#3801=VECTOR('',#4312,1.0);
#3802=CARTESIAN_POINT('',(5.08,4.572,-1.27));
#3803=VECTOR('',#4313,1.0);
#3804=CARTESIAN_POINT('',(7.78155156049639,4.572,-1.016));
#3805=CARTESIAN_POINT('',(7.45844843950362,4.572,-1.016));
#3806=CARTESIAN_POINT('',(6.35,4.572,-1.016));
#3807=VECTOR('',#4314,1.0);
#3808=CARTESIAN_POINT('',(7.78155156049639,-1.0,-1.016));
#3809=VECTOR('',#4315,1.0);
#3810=CARTESIAN_POINT('',(7.45844843950362,-1.0,-1.016));
#3811=VECTOR('',#4316,1.0);
#3812=CARTESIAN_POINT('',(7.366,4.572,-1.27));
#3813=CARTESIAN_POINT('',(7.45949157519387,4.572,-1.01313400824559));
#3814=VECTOR('',#4317,1.0);
#3815=CARTESIAN_POINT('',(7.366,0.643,-1.27));
#3816=VECTOR('',#4318,1.0);
#3817=CARTESIAN_POINT('',(7.48338486756724,4.572,-0.196793743943684));
#3818=VECTOR('',#4319,1.0);
#3819=CARTESIAN_POINT('',(7.366,0.0,-1.27));
#3820=CARTESIAN_POINT('',(7.366,1.145,-1.27));
#3821=VECTOR('',#4320,1.0);
#3822=CARTESIAN_POINT('',(5.334,0.0,-1.27));
#3823=CARTESIAN_POINT('',(5.08,0.0,-1.27));
#3824=VECTOR('',#4321,1.0);
#3825=CARTESIAN_POINT('',(5.334,1.145,-1.27));
#3826=VECTOR('',#4322,1.0);
#3827=CARTESIAN_POINT('',(5.334,4.572,-1.27));
#3828=CARTESIAN_POINT('',(5.334,0.643,-1.27));
#3829=VECTOR('',#4323,1.0);
#3830=CARTESIAN_POINT('',(5.08,4.572,-1.27));
#3831=VECTOR('',#4324,1.0);
#3832=CARTESIAN_POINT('',(5.24155156049639,4.572,-1.016));
#3833=CARTESIAN_POINT('',(4.91844843950362,4.572,-1.016));
#3834=CARTESIAN_POINT('',(5.08,4.572,-1.016));
#3835=VECTOR('',#4325,1.0);
#3836=CARTESIAN_POINT('',(5.24155156049639,-1.0,-1.016));
#3837=VECTOR('',#4326,1.0);
#3838=CARTESIAN_POINT('',(4.91844843950362,-1.0,-1.016));
#3839=VECTOR('',#4327,1.0);
#3840=CARTESIAN_POINT('',(4.826,4.572,-1.27));
#3841=CARTESIAN_POINT('',(5.06805335381333,4.572,-0.604963876094631));
#3842=VECTOR('',#4328,1.0);
#3843=CARTESIAN_POINT('',(4.826,0.643,-1.27));
#3844=VECTOR('',#4329,1.0);
#3845=CARTESIAN_POINT('',(5.09194664618668,4.572,-0.604963876094626));
#3846=VECTOR('',#4330,1.0);
#3847=CARTESIAN_POINT('',(4.826,0.0,-1.27));
#3848=CARTESIAN_POINT('',(4.826,1.145,-1.27));
#3849=VECTOR('',#4331,1.0);
#3850=CARTESIAN_POINT('',(2.794,0.0,-1.27));
#3851=CARTESIAN_POINT('',(5.08,0.0,-1.27));
#3852=VECTOR('',#4332,1.0);
#3853=CARTESIAN_POINT('',(2.794,1.145,-1.27));
#3854=VECTOR('',#4333,1.0);
#3855=CARTESIAN_POINT('',(2.794,4.572,-1.27));
#3856=CARTESIAN_POINT('',(2.794,0.643,-1.27));
#3857=VECTOR('',#4334,1.0);
#3858=CARTESIAN_POINT('',(5.08,4.572,-1.27));
#3859=VECTOR('',#4335,1.0);
#3860=CARTESIAN_POINT('',(2.70155156049639,4.572,-1.016));
#3861=CARTESIAN_POINT('',(2.37844843950362,4.572,-1.016));
#3862=CARTESIAN_POINT('',(3.81,4.572,-1.016));
#3863=VECTOR('',#4336,1.0);
#3864=CARTESIAN_POINT('',(2.70155156049639,-1.0,-1.016));
#3865=VECTOR('',#4337,1.0);
#3866=CARTESIAN_POINT('',(2.37844843950362,-1.0,-1.016));
#3867=VECTOR('',#4338,1.0);
#3868=CARTESIAN_POINT('',(2.286,4.572,-1.27));
#3869=CARTESIAN_POINT('',(2.67661513243278,4.572,-0.196793743943672));
#3870=VECTOR('',#4339,1.0);
#3871=CARTESIAN_POINT('',(2.286,0.643,-1.27));
#3872=VECTOR('',#4340,1.0);
#3873=CARTESIAN_POINT('',(2.70050842480612,4.572,-1.01313400824557));
#3874=VECTOR('',#4341,1.0);
#3875=CARTESIAN_POINT('',(2.286,0.0,-1.27));
#3876=CARTESIAN_POINT('',(2.286,1.145,-1.27));
#3877=VECTOR('',#4342,1.0);
#3878=CARTESIAN_POINT('',(0.254,0.0,-1.27));
#3879=CARTESIAN_POINT('',(5.08,0.0,-1.27));
#3880=VECTOR('',#4343,1.0);
#3881=CARTESIAN_POINT('',(0.254,1.145,-1.27));
#3882=VECTOR('',#4344,1.0);
#3883=CARTESIAN_POINT('',(0.254,4.572,-1.27));
#3884=CARTESIAN_POINT('',(0.254,0.643,-1.27));
#3885=VECTOR('',#4345,1.0);
#3886=CARTESIAN_POINT('',(5.08,4.572,-1.27));
#3887=VECTOR('',#4346,1.0);
#3888=CARTESIAN_POINT('',(0.161551560496388,4.572,-1.016));
#3889=CARTESIAN_POINT('',(0.0,4.572,-1.016));
#3890=CARTESIAN_POINT('',(2.54,4.572,-1.016));
#3891=VECTOR('',#4347,1.0);
#3892=CARTESIAN_POINT('',(0.161551560496388,-1.0,-1.016));
#3893=VECTOR('',#4348,1.0);
#3894=CARTESIAN_POINT('',(0.0,0.643,-1.016));
#3895=VECTOR('',#4349,1.0);
#3896=CARTESIAN_POINT('',(0.309070203425562,4.572,-1.42130414039651));
#3897=VECTOR('',#4350,1.0);
#3898=CARTESIAN_POINT('',(0.0,4.572,0.0));
#3899=VECTOR('',#4351,1.0);
#3900=CARTESIAN_POINT('',(9.906,0.0,-0.762));
#3901=CARTESIAN_POINT('',(9.906,0.004,-0.762));
#3902=VECTOR('',#4352,1.0);
#3903=CARTESIAN_POINT('',(9.906,0.0,0.0));
#3904=VECTOR('',#4353,1.0);
#3905=CARTESIAN_POINT('',(9.906,0.0,0.762));
#3906=CARTESIAN_POINT('',(9.906,0.0,0.0));
#3907=VECTOR('',#4354,1.0);
#3908=CARTESIAN_POINT('',(9.906,0.004,0.762));
#3909=VECTOR('',#4355,1.0);
#3910=CARTESIAN_POINT('',(7.874,0.0,-0.762));
#3911=CARTESIAN_POINT('',(7.874,0.0,0.0));
#3912=VECTOR('',#4356,1.0);
#3913=CARTESIAN_POINT('',(7.874,0.004,-0.762));
#3914=VECTOR('',#4357,1.0);
#3915=CARTESIAN_POINT('',(7.874,0.0,0.762));
#3916=CARTESIAN_POINT('',(7.874,0.004,0.762));
#3917=VECTOR('',#4358,1.0);
#3918=CARTESIAN_POINT('',(7.874,0.0,0.0));
#3919=VECTOR('',#4359,1.0);
#3920=CARTESIAN_POINT('',(7.366,0.0,-0.762));
#3921=CARTESIAN_POINT('',(7.366,0.004,-0.762));
#3922=VECTOR('',#4360,1.0);
#3923=CARTESIAN_POINT('',(7.366,0.0,0.0));
#3924=VECTOR('',#4361,1.0);
#3925=CARTESIAN_POINT('',(7.366,0.0,0.762));
#3926=CARTESIAN_POINT('',(7.366,0.0,0.0));
#3927=VECTOR('',#4362,1.0);
#3928=CARTESIAN_POINT('',(7.366,0.004,0.762));
#3929=VECTOR('',#4363,1.0);
#3930=CARTESIAN_POINT('',(5.334,0.0,0.762));
#3931=CARTESIAN_POINT('',(5.334,0.0,0.0));
#3932=VECTOR('',#4364,1.0);
#3933=CARTESIAN_POINT('',(5.08,0.0,0.762));
#3934=VECTOR('',#4365,1.0);
#3935=CARTESIAN_POINT('',(5.08,0.0,0.762));
#3936=VECTOR('',#4366,1.0);
#3937=CARTESIAN_POINT('',(5.334,0.004,0.762));
#3938=VECTOR('',#4367,1.0);
#3939=CARTESIAN_POINT('',(5.334,0.0,-0.762));
#3940=CARTESIAN_POINT('',(5.08,0.0,-0.762));
#3941=VECTOR('',#4368,1.0);
#3942=CARTESIAN_POINT('',(5.334,0.0,0.0));
#3943=VECTOR('',#4369,1.0);
#3944=CARTESIAN_POINT('',(5.334,0.004,-0.762));
#3945=VECTOR('',#4370,1.0);
#3946=CARTESIAN_POINT('',(4.826,0.0,-0.762));
#3947=CARTESIAN_POINT('',(4.826,0.004,-0.762));
#3948=VECTOR('',#4371,1.0);
#3949=CARTESIAN_POINT('',(4.826,0.0,0.0));
#3950=VECTOR('',#4372,1.0);
#3951=CARTESIAN_POINT('',(4.826,0.0,0.762));
#3952=CARTESIAN_POINT('',(4.826,0.0,0.0));
#3953=VECTOR('',#4373,1.0);
#3954=CARTESIAN_POINT('',(4.826,0.004,0.762));
#3955=VECTOR('',#4374,1.0);
#3956=CARTESIAN_POINT('',(5.08,0.0,-0.762));
#3957=VECTOR('',#4375,1.0);
#3958=CARTESIAN_POINT('',(2.794,0.0,-0.762));
#3959=CARTESIAN_POINT('',(2.794,0.004,-0.762));
#3960=VECTOR('',#4376,1.0);
#3961=CARTESIAN_POINT('',(5.08,0.0,-0.762));
#3962=VECTOR('',#4377,1.0);
#3963=CARTESIAN_POINT('',(2.794,0.0,0.0));
#3964=VECTOR('',#4378,1.0);
#3965=CARTESIAN_POINT('',(2.286,0.0,0.762));
#3966=CARTESIAN_POINT('',(2.286,0.004,0.762));
#3967=VECTOR('',#4379,1.0);
#3968=CARTESIAN_POINT('',(2.286,0.0,0.0));
#3969=VECTOR('',#4380,1.0);
#3970=CARTESIAN_POINT('',(2.286,0.0,-0.762));
#3971=CARTESIAN_POINT('',(2.286,0.004,-0.762));
#3972=VECTOR('',#4381,1.0);
#3973=CARTESIAN_POINT('',(2.286,0.0,0.0));
#3974=VECTOR('',#4382,1.0);
#3975=CARTESIAN_POINT('',(2.794,0.0,0.762));
#3976=CARTESIAN_POINT('',(2.794,0.004,0.762));
#3977=VECTOR('',#4383,1.0);
#3978=CARTESIAN_POINT('',(2.794,0.0,0.0));
#3979=VECTOR('',#4384,1.0);
#3980=CARTESIAN_POINT('',(0.254,0.0,-0.762));
#3981=CARTESIAN_POINT('',(5.08,0.0,-0.762));
#3982=VECTOR('',#4385,1.0);
#3983=CARTESIAN_POINT('',(0.254,0.0,0.0));
#3984=VECTOR('',#4386,1.0);
#3985=CARTESIAN_POINT('',(0.254,0.004,-0.762));
#3986=VECTOR('',#4387,1.0);
#3987=CARTESIAN_POINT('',(5.08,0.0,0.762));
#3988=VECTOR('',#4388,1.0);
#3989=CARTESIAN_POINT('',(0.254,0.0,0.762));
#3990=CARTESIAN_POINT('',(0.254,0.0,0.0));
#3991=VECTOR('',#4389,1.0);
#3992=CARTESIAN_POINT('',(5.08,0.0,0.762));
#3993=VECTOR('',#4390,1.0);
#3994=CARTESIAN_POINT('',(0.254,0.004,0.762));
#3995=VECTOR('',#4391,1.0);
#3996=DIRECTION('',(-1.0,0.0,0.0));
#3997=DIRECTION('',(1.78866283973765E-17,-1.0,0.0));
#3998=CARTESIAN_POINT('',(8.89,-2.6035,-0.2032));
#3999=DIRECTION('',(0.0,0.0,1.0));
#4000=DIRECTION('',(1.0,0.0,0.0));
#4001=DIRECTION('',(-1.78866283973765E-17,-1.0,0.0));
#4002=DIRECTION('',(0.0,0.0,-1.0));
#4003=DIRECTION('',(1.78866283973765E-17,-1.0,0.0));
#4004=DIRECTION('',(0.0,0.0,1.0));
#4005=DIRECTION('',(0.0,1.0,0.0));
#4006=DIRECTION('',(-1.0,0.0,0.0));
#4007=DIRECTION('',(0.0,-1.0,0.0));
#4008=DIRECTION('',(1.0,0.0,0.0));
#4009=DIRECTION('',(1.98679854084674E-17,1.0,0.0));
#4010=DIRECTION('',(1.0,0.0,0.0));
#4011=DIRECTION('',(-1.98679854084674E-17,-1.0,-0.0));
#4012=DIRECTION('',(1.0,0.0,0.0));
#4013=DIRECTION('',(0.0,-0.0,1.0));
#4014=DIRECTION('',(-1.0,0.0,0.0));
#4015=DIRECTION('',(0.0,0.0,1.0));
#4016=CARTESIAN_POINT('',(8.89,-2.6035,0.2032));
#4017=DIRECTION('',(0.0,0.0,-1.0));
#4018=DIRECTION('',(1.0,0.0,0.0));
#4019=DIRECTION('',(0.0,0.0,1.0));
#4020=DIRECTION('',(0.0,0.0,1.0));
#4021=DIRECTION('',(1.78866283973765E-17,1.0,0.0));
#4022=DIRECTION('',(1.0,0.0,-0.0));
#4023=DIRECTION('',(0.0,0.0,-1.0));
#4024=DIRECTION('',(0.0,0.0,1.0));
#4025=DIRECTION('',(1.0,0.0,0.0));
#4026=DIRECTION('',(0.0,0.0,1.0));
#4027=DIRECTION('',(1.98679854084674E-17,1.0,0.0));
#4028=DIRECTION('',(0.0,0.0,1.0));
#4029=DIRECTION('',(1.0,0.0,0.0));
#4030=DIRECTION('',(1.98679854084674E-17,1.0,0.0));
#4031=DIRECTION('',(0.0,-1.0,0.0));
#4032=DIRECTION('',(0.0,1.0,-0.0));
#4033=DIRECTION('',(1.0,0.0,0.0));
#4034=DIRECTION('',(0.0,0.0,-1.0));
#4035=DIRECTION('',(0.0,1.0,0.0));
#4036=DIRECTION('',(0.0,0.0,-1.0));
#4037=DIRECTION('',(0.0,-1.0,0.0));
#4038=DIRECTION('',(0.0,0.0,-1.0));
#4039=DIRECTION('',(0.0,0.0,-1.0));
#4040=DIRECTION('',(-1.0,0.0,0.0));
#4041=DIRECTION('',(-1.0,0.0,0.0));
#4042=DIRECTION('',(1.78866283973765E-17,-1.0,0.0));
#4043=CARTESIAN_POINT('',(6.35,-2.6035,-0.2032));
#4044=DIRECTION('',(0.0,0.0,1.0));
#4045=DIRECTION('',(1.0,0.0,0.0));
#4046=DIRECTION('',(-1.78866283973765E-17,-1.0,0.0));
#4047=DIRECTION('',(0.0,0.0,-1.0));
#4048=DIRECTION('',(1.78866283973765E-17,-1.0,0.0));
#4049=DIRECTION('',(0.0,0.0,1.0));
#4050=DIRECTION('',(0.0,1.0,0.0));
#4051=DIRECTION('',(-1.0,0.0,0.0));
#4052=DIRECTION('',(0.0,-1.0,0.0));
#4053=DIRECTION('',(1.0,0.0,0.0));
#4054=DIRECTION('',(1.98679854084674E-17,1.0,0.0));
#4055=DIRECTION('',(1.0,0.0,0.0));
#4056=DIRECTION('',(-1.98679854084674E-17,-1.0,-0.0));
#4057=DIRECTION('',(1.0,0.0,0.0));
#4058=DIRECTION('',(0.0,-0.0,1.0));
#4059=DIRECTION('',(-1.0,0.0,0.0));
#4060=DIRECTION('',(0.0,0.0,1.0));
#4061=CARTESIAN_POINT('',(6.35,-2.6035,0.2032));
#4062=DIRECTION('',(0.0,0.0,-1.0));
#4063=DIRECTION('',(1.0,0.0,0.0));
#4064=DIRECTION('',(0.0,0.0,1.0));
#4065=DIRECTION('',(0.0,0.0,1.0));
#4066=DIRECTION('',(1.78866283973765E-17,1.0,0.0));
#4067=DIRECTION('',(1.0,0.0,-0.0));
#4068=DIRECTION('',(0.0,0.0,-1.0));
#4069=DIRECTION('',(0.0,0.0,1.0));
#4070=DIRECTION('',(1.0,0.0,0.0));
#4071=DIRECTION('',(0.0,0.0,1.0));
#4072=DIRECTION('',(1.98679854084674E-17,1.0,0.0));
#4073=DIRECTION('',(0.0,0.0,1.0));
#4074=DIRECTION('',(1.0,0.0,0.0));
#4075=DIRECTION('',(1.98679854084674E-17,1.0,0.0));
#4076=DIRECTION('',(0.0,-1.0,0.0));
#4077=DIRECTION('',(0.0,1.0,-0.0));
#4078=DIRECTION('',(1.0,0.0,0.0));
#4079=DIRECTION('',(0.0,0.0,-1.0));
#4080=DIRECTION('',(0.0,1.0,0.0));
#4081=DIRECTION('',(0.0,0.0,-1.0));
#4082=DIRECTION('',(0.0,-1.0,0.0));
#4083=DIRECTION('',(0.0,0.0,-1.0));
#4084=DIRECTION('',(0.0,0.0,-1.0));
#4085=DIRECTION('',(-1.0,0.0,0.0));
#4086=DIRECTION('',(-1.0,0.0,0.0));
#4087=DIRECTION('',(1.78866283973765E-17,-1.0,0.0));
#4088=CARTESIAN_POINT('',(3.81,-2.6035,-0.2032));
#4089=DIRECTION('',(0.0,0.0,1.0));
#4090=DIRECTION('',(1.0,0.0,0.0));
#4091=DIRECTION('',(-1.78866283973765E-17,-1.0,0.0));
#4092=DIRECTION('',(0.0,0.0,-1.0));
#4093=DIRECTION('',(1.78866283973765E-17,-1.0,0.0));
#4094=DIRECTION('',(0.0,0.0,1.0));
#4095=DIRECTION('',(0.0,1.0,0.0));
#4096=DIRECTION('',(-1.0,0.0,0.0));
#4097=DIRECTION('',(0.0,-1.0,0.0));
#4098=DIRECTION('',(1.0,0.0,0.0));
#4099=DIRECTION('',(1.98679854084674E-17,1.0,0.0));
#4100=DIRECTION('',(1.0,0.0,0.0));
#4101=DIRECTION('',(-1.98679854084674E-17,-1.0,-0.0));
#4102=DIRECTION('',(1.0,0.0,0.0));
#4103=DIRECTION('',(0.0,-0.0,1.0));
#4104=DIRECTION('',(-1.0,0.0,0.0));
#4105=DIRECTION('',(0.0,0.0,1.0));
#4106=CARTESIAN_POINT('',(3.81,-2.6035,0.2032));
#4107=DIRECTION('',(0.0,0.0,-1.0));
#4108=DIRECTION('',(1.0,0.0,0.0));
#4109=DIRECTION('',(0.0,0.0,1.0));
#4110=DIRECTION('',(0.0,0.0,1.0));
#4111=DIRECTION('',(1.78866283973765E-17,1.0,0.0));
#4112=DIRECTION('',(1.0,0.0,-0.0));
#4113=DIRECTION('',(0.0,0.0,-1.0));
#4114=DIRECTION('',(0.0,0.0,1.0));
#4115=DIRECTION('',(1.0,0.0,0.0));
#4116=DIRECTION('',(0.0,0.0,1.0));
#4117=DIRECTION('',(1.98679854084674E-17,1.0,0.0));
#4118=DIRECTION('',(0.0,0.0,1.0));
#4119=DIRECTION('',(1.0,0.0,0.0));
#4120=DIRECTION('',(1.98679854084674E-17,1.0,0.0));
#4121=DIRECTION('',(0.0,-1.0,0.0));
#4122=DIRECTION('',(0.0,1.0,-0.0));
#4123=DIRECTION('',(1.0,0.0,0.0));
#4124=DIRECTION('',(0.0,0.0,-1.0));
#4125=DIRECTION('',(0.0,1.0,0.0));
#4126=DIRECTION('',(0.0,0.0,-1.0));
#4127=DIRECTION('',(0.0,-1.0,0.0));
#4128=DIRECTION('',(0.0,0.0,-1.0));
#4129=DIRECTION('',(0.0,0.0,-1.0));
#4130=DIRECTION('',(-1.0,0.0,0.0));
#4131=DIRECTION('',(-1.0,0.0,0.0));
#4132=DIRECTION('',(1.78866283973765E-17,-1.0,0.0));
#4133=CARTESIAN_POINT('',(1.27,-2.6035,-0.2032));
#4134=DIRECTION('',(0.0,0.0,1.0));
#4135=DIRECTION('',(1.0,0.0,0.0));
#4136=DIRECTION('',(-1.78866283973765E-17,-1.0,0.0));
#4137=DIRECTION('',(0.0,0.0,-1.0));
#4138=DIRECTION('',(1.78866283973765E-17,-1.0,0.0));
#4139=DIRECTION('',(0.0,0.0,1.0));
#4140=DIRECTION('',(0.0,1.0,0.0));
#4141=DIRECTION('',(-1.0,0.0,0.0));
#4142=DIRECTION('',(0.0,-1.0,0.0));
#4143=DIRECTION('',(1.0,0.0,0.0));
#4144=DIRECTION('',(1.98679854084674E-17,1.0,0.0));
#4145=DIRECTION('',(1.0,0.0,0.0));
#4146=DIRECTION('',(-1.98679854084674E-17,-1.0,-0.0));
#4147=DIRECTION('',(1.0,0.0,0.0));
#4148=DIRECTION('',(0.0,-0.0,1.0));
#4149=DIRECTION('',(-1.0,0.0,0.0));
#4150=DIRECTION('',(0.0,0.0,1.0));
#4151=CARTESIAN_POINT('',(1.27,-2.6035,0.2032));
#4152=DIRECTION('',(0.0,0.0,-1.0));
#4153=DIRECTION('',(1.0,0.0,0.0));
#4154=DIRECTION('',(0.0,0.0,1.0));
#4155=DIRECTION('',(0.0,0.0,1.0));
#4156=DIRECTION('',(1.78866283973765E-17,1.0,0.0));
#4157=DIRECTION('',(1.0,0.0,-0.0));
#4158=DIRECTION('',(0.0,0.0,-1.0));
#4159=DIRECTION('',(0.0,0.0,1.0));
#4160=DIRECTION('',(1.0,0.0,0.0));
#4161=DIRECTION('',(0.0,0.0,1.0));
#4162=DIRECTION('',(1.98679854084674E-17,1.0,0.0));
#4163=DIRECTION('',(0.0,0.0,1.0));
#4164=DIRECTION('',(1.0,0.0,0.0));
#4165=DIRECTION('',(1.98679854084674E-17,1.0,0.0));
#4166=DIRECTION('',(0.0,-1.0,0.0));
#4167=DIRECTION('',(0.0,1.0,-0.0));
#4168=DIRECTION('',(1.0,0.0,0.0));
#4169=DIRECTION('',(0.0,0.0,-1.0));
#4170=DIRECTION('',(0.0,1.0,0.0));
#4171=DIRECTION('',(0.0,0.0,-1.0));
#4172=DIRECTION('',(0.0,-1.0,0.0));
#4173=DIRECTION('',(0.0,0.0,-1.0));
#4174=DIRECTION('',(0.0,0.0,-1.0));
#4175=DIRECTION('',(-1.0,0.0,0.0));
#4176=DIRECTION('',(-1.0,0.0,0.0));
#4177=DIRECTION('',(0.0,1.0,0.0));
#4178=DIRECTION('',(1.0,0.0,0.0));
#4179=DIRECTION('',(1.0,0.0,-0.0));
#4180=DIRECTION('',(0.0,-1.0,0.0));
#4181=DIRECTION('',(0.0,0.0,-1.0));
#4182=DIRECTION('',(0.0,0.0,1.0));
#4183=DIRECTION('',(-1.0,0.0,0.0));
#4184=DIRECTION('',(0.0,1.0,0.0));
#4185=DIRECTION('',(1.0,0.0,0.0));
#4186=DIRECTION('',(1.0,0.0,-0.0));
#4187=DIRECTION('',(0.0,-1.0,0.0));
#4188=DIRECTION('',(0.0,0.0,-1.0));
#4189=DIRECTION('',(0.0,0.0,1.0));
#4190=DIRECTION('',(-1.0,0.0,0.0));
#4191=DIRECTION('',(0.0,1.0,0.0));
#4192=DIRECTION('',(1.0,0.0,0.0));
#4193=DIRECTION('',(1.0,0.0,-0.0));
#4194=DIRECTION('',(0.0,-1.0,0.0));
#4195=DIRECTION('',(0.0,0.0,-1.0));
#4196=DIRECTION('',(0.0,0.0,1.0));
#4197=DIRECTION('',(-1.0,0.0,0.0));
#4198=DIRECTION('',(0.0,1.0,0.0));
#4199=DIRECTION('',(1.0,0.0,0.0));
#4200=DIRECTION('',(1.0,0.0,-0.0));
#4201=DIRECTION('',(0.0,-1.0,0.0));
#4202=DIRECTION('',(0.0,0.0,-1.0));
#4203=DIRECTION('',(0.0,0.0,1.0));
#4204=DIRECTION('',(1.0,0.0,1.22464679914735E-16));
#4205=DIRECTION('',(7.49879891330929E-33,1.0,-6.12323399573676E-17));
#4206=DIRECTION('',(-1.0,-0.0,-1.22464679914735E-16));
#4207=DIRECTION('',(0.0,-1.0,6.12323399573676E-17));
#4208=DIRECTION('',(0.342020143325659,0.0,-0.939692620785912));
#4209=DIRECTION('',(0.0,1.0,-0.0));
#4210=DIRECTION('',(-0.342020143325659,0.0,0.939692620785912));
#4211=DIRECTION('',(-0.0,-0.0,-1.0));
#4212=DIRECTION('',(0.0,1.0,6.12323399573676E-17));
#4213=DIRECTION('',(0.0,0.0,-1.0));
#4214=DIRECTION('',(0.0,0.0,-1.0));
#4215=DIRECTION('',(-1.0,0.0,0.0));
#4216=DIRECTION('',(0.0,0.0,-1.0));
#4217=DIRECTION('',(-0.342020143325675,-0.0,-0.939692620785906));
#4218=DIRECTION('',(-1.0,-0.0,-1.22464679914735E-16));
#4219=DIRECTION('',(-0.342020143325659,0.0,0.939692620785912));
#4220=DIRECTION('',(0.0,0.0,-1.0));
#4221=DIRECTION('',(-1.0,0.0,0.0));
#4222=DIRECTION('',(0.0,0.0,-1.0));
#4223=DIRECTION('',(-0.342020143325675,-0.0,-0.939692620785906));
#4224=DIRECTION('',(-1.0,-0.0,-1.22464679914735E-16));
#4225=DIRECTION('',(-0.342020143325659,0.0,0.939692620785912));
#4226=DIRECTION('',(0.0,0.0,-1.0));
#4227=DIRECTION('',(-1.0,0.0,0.0));
#4228=DIRECTION('',(0.0,0.0,-1.0));
#4229=DIRECTION('',(-0.342020143325675,-0.0,-0.939692620785906));
#4230=DIRECTION('',(-1.0,-0.0,-1.22464679914735E-16));
#4231=DIRECTION('',(-0.342020143325659,0.0,0.939692620785912));
#4232=DIRECTION('',(0.0,0.0,-1.0));
#4233=DIRECTION('',(-1.0,0.0,0.0));
#4234=DIRECTION('',(0.0,0.0,-1.0));
#4235=DIRECTION('',(-0.342020143325675,-0.0,-0.939692620785906));
#4236=DIRECTION('',(-1.0,-0.0,-1.22464679914735E-16));
#4237=DIRECTION('',(-0.0,0.0,1.0));
#4238=DIRECTION('',(1.0,0.0,0.0));
#4239=DIRECTION('',(0.342020143325658,0.0,-0.939692620785912));
#4240=DIRECTION('',(0.0,0.0,-1.0));
#4241=DIRECTION('',(1.0,0.0,0.0));
#4242=DIRECTION('',(0.0,0.0,-1.0));
#4243=DIRECTION('',(0.342020143325675,0.0,0.939692620785906));
#4244=DIRECTION('',(1.0,0.0,0.0));
#4245=DIRECTION('',(0.342020143325658,0.0,-0.939692620785912));
#4246=DIRECTION('',(0.0,0.0,-1.0));
#4247=DIRECTION('',(1.0,0.0,0.0));
#4248=DIRECTION('',(0.0,0.0,-1.0));
#4249=DIRECTION('',(0.342020143325675,0.0,0.939692620785906));
#4250=DIRECTION('',(1.0,0.0,0.0));
#4251=DIRECTION('',(0.342020143325658,0.0,-0.939692620785912));
#4252=DIRECTION('',(0.0,0.0,-1.0));
#4253=DIRECTION('',(1.0,0.0,0.0));
#4254=DIRECTION('',(0.0,0.0,-1.0));
#4255=DIRECTION('',(0.342020143325675,0.0,0.939692620785906));
#4256=DIRECTION('',(1.0,0.0,0.0));
#4257=DIRECTION('',(0.342020143325658,0.0,-0.939692620785912));
#4258=DIRECTION('',(0.0,0.0,-1.0));
#4259=DIRECTION('',(1.0,0.0,0.0));
#4260=DIRECTION('',(0.0,0.0,-1.0));
#4261=DIRECTION('',(0.342020143325675,0.0,0.939692620785906));
#4262=DIRECTION('',(1.0,0.0,0.0));
#4263=DIRECTION('',(1.0,0.0,1.22464679914735E-16));
#4264=DIRECTION('',(7.49879891330929E-33,1.0,-6.12323399573676E-17));
#4265=DIRECTION('',(7.49879891330929E-33,1.0,-6.12323399573676E-17));
#4266=DIRECTION('',(0.342020143325675,0.0,0.939692620785906));
#4267=DIRECTION('',(-2.22867491189513E-17,-1.0,0.0));
#4268=DIRECTION('',(0.342020143325659,0.0,-0.939692620785912));
#4269=DIRECTION('',(0.0,1.0,-0.0));
#4270=DIRECTION('',(-1.0,0.0,0.0));
#4271=DIRECTION('',(-2.22867491189513E-17,-1.0,0.0));
#4272=DIRECTION('',(0.0,-1.0,0.0));
#4273=DIRECTION('',(1.0,0.0,0.0));
#4274=DIRECTION('',(0.0,1.0,0.0));
#4275=DIRECTION('',(-1.0,0.0,0.0));
#4276=DIRECTION('',(0.0,-1.0,0.0));
#4277=DIRECTION('',(1.0,0.0,0.0));
#4278=DIRECTION('',(0.0,1.0,0.0));
#4279=DIRECTION('',(1.0,0.0,1.22464679914735E-16));
#4280=DIRECTION('',(7.49879891330929E-33,1.0,-6.12323399573676E-17));
#4281=DIRECTION('',(7.49879891330929E-33,1.0,-6.12323399573676E-17));
#4282=DIRECTION('',(0.342020143325675,0.0,0.939692620785906));
#4283=DIRECTION('',(0.342020143325659,0.0,-0.939692620785912));
#4284=DIRECTION('',(0.0,1.0,-0.0));
#4285=DIRECTION('',(-1.0,0.0,0.0));
#4286=DIRECTION('',(-2.22867491189513E-17,-1.0,0.0));
#4287=DIRECTION('',(0.0,-1.0,0.0));
#4288=DIRECTION('',(1.0,0.0,0.0));
#4289=DIRECTION('',(0.0,1.0,0.0));
#4290=DIRECTION('',(1.0,0.0,1.22464679914735E-16));
#4291=DIRECTION('',(7.49879891330929E-33,1.0,-6.12323399573676E-17));
#4292=DIRECTION('',(7.49879891330929E-33,1.0,-6.12323399573676E-17));
#4293=DIRECTION('',(0.342020143325675,0.0,0.939692620785906));
#4294=DIRECTION('',(0.342020143325659,0.0,-0.939692620785912));
#4295=DIRECTION('',(0.0,1.0,-0.0));
#4296=DIRECTION('',(-1.0,0.0,0.0));
#4297=DIRECTION('',(-2.22867491189513E-17,-1.0,0.0));
#4298=DIRECTION('',(0.0,-1.0,0.0));
#4299=DIRECTION('',(1.0,0.0,0.0));
#4300=DIRECTION('',(0.0,1.0,0.0));
#4301=DIRECTION('',(0.342020143325675,0.0,0.939692620785906));
#4302=DIRECTION('',(7.49879891330929E-33,1.0,-6.12323399573676E-17));
#4303=DIRECTION('',(1.0,0.0,1.22464679914735E-16));
#4304=DIRECTION('',(0.0,1.0,-6.12323399573676E-17));
#4305=DIRECTION('',(-0.342020143325675,-0.0,-0.939692620785906));
#4306=DIRECTION('',(0.0,1.0,6.12323399573676E-17));
#4307=DIRECTION('',(2.22867491189513E-17,-1.0,0.0));
#4308=DIRECTION('',(-1.0,0.0,0.0));
#4309=DIRECTION('',(0.0,-1.0,0.0));
#4310=DIRECTION('',(-1.0,0.0,0.0));
#4311=DIRECTION('',(0.0,1.0,-0.0));
#4312=DIRECTION('',(0.0,1.0,0.0));
#4313=DIRECTION('',(1.0,0.0,0.0));
#4314=DIRECTION('',(-1.0,0.0,0.0));
#4315=DIRECTION('',(0.0,1.0,6.12323399573676E-17));
#4316=DIRECTION('',(0.0,1.0,6.12323399573676E-17));
#4317=DIRECTION('',(-0.342020143325675,-0.0,-0.939692620785906));
#4318=DIRECTION('',(2.22867491189513E-17,-1.0,0.0));
#4319=DIRECTION('',(-0.342020143325658,0.0,0.939692620785912));
#4320=DIRECTION('',(0.0,-1.0,0.0));
#4321=DIRECTION('',(-1.0,0.0,0.0));
#4322=DIRECTION('',(0.0,1.0,-0.0));
#4323=DIRECTION('',(0.0,1.0,0.0));
#4324=DIRECTION('',(1.0,0.0,0.0));
#4325=DIRECTION('',(-1.0,0.0,0.0));
#4326=DIRECTION('',(0.0,1.0,6.12323399573676E-17));
#4327=DIRECTION('',(0.0,1.0,6.12323399573676E-17));
#4328=DIRECTION('',(-0.342020143325675,-0.0,-0.939692620785906));
#4329=DIRECTION('',(2.22867491189513E-17,-1.0,0.0));
#4330=DIRECTION('',(-0.342020143325658,0.0,0.939692620785912));
#4331=DIRECTION('',(0.0,-1.0,0.0));
#4332=DIRECTION('',(-1.0,0.0,0.0));
#4333=DIRECTION('',(0.0,1.0,-0.0));
#4334=DIRECTION('',(0.0,1.0,0.0));
#4335=DIRECTION('',(1.0,0.0,0.0));
#4336=DIRECTION('',(-1.0,0.0,0.0));
#4337=DIRECTION('',(0.0,1.0,6.12323399573676E-17));
#4338=DIRECTION('',(0.0,1.0,6.12323399573676E-17));
#4339=DIRECTION('',(-0.342020143325675,-0.0,-0.939692620785906));
#4340=DIRECTION('',(2.22867491189513E-17,-1.0,0.0));
#4341=DIRECTION('',(-0.342020143325658,0.0,0.939692620785912));
#4342=DIRECTION('',(0.0,-1.0,0.0));
#4343=DIRECTION('',(-1.0,0.0,0.0));
#4344=DIRECTION('',(0.0,1.0,-0.0));
#4345=DIRECTION('',(0.0,1.0,0.0));
#4346=DIRECTION('',(1.0,0.0,0.0));
#4347=DIRECTION('',(-1.0,0.0,0.0));
#4348=DIRECTION('',(0.0,1.0,6.12323399573676E-17));
#4349=DIRECTION('',(0.0,-1.0,-6.12323399573676E-17));
#4350=DIRECTION('',(-0.342020143325658,0.0,0.939692620785912));
#4351=DIRECTION('',(0.0,0.0,-1.0));
#4352=DIRECTION('',(0.0,1.0,0.0));
#4353=DIRECTION('',(0.0,0.0,1.0));
#4354=DIRECTION('',(0.0,0.0,1.0));
#4355=DIRECTION('',(0.0,-1.0,0.0));
#4356=DIRECTION('',(0.0,0.0,-1.0));
#4357=DIRECTION('',(0.0,-1.0,0.0));
#4358=DIRECTION('',(0.0,1.0,-0.0));
#4359=DIRECTION('',(0.0,0.0,-1.0));
#4360=DIRECTION('',(0.0,1.0,0.0));
#4361=DIRECTION('',(0.0,0.0,1.0));
#4362=DIRECTION('',(0.0,0.0,1.0));
#4363=DIRECTION('',(0.0,-1.0,0.0));
#4364=DIRECTION('',(0.0,0.0,-1.0));
#4365=DIRECTION('',(1.0,0.0,0.0));
#4366=DIRECTION('',(1.0,0.0,0.0));
#4367=DIRECTION('',(0.0,1.0,-0.0));
#4368=DIRECTION('',(-1.0,0.0,0.0));
#4369=DIRECTION('',(0.0,0.0,-1.0));
#4370=DIRECTION('',(0.0,-1.0,0.0));
#4371=DIRECTION('',(0.0,1.0,0.0));
#4372=DIRECTION('',(0.0,0.0,1.0));
#4373=DIRECTION('',(0.0,0.0,1.0));
#4374=DIRECTION('',(0.0,-1.0,0.0));
#4375=DIRECTION('',(-1.0,0.0,0.0));
#4376=DIRECTION('',(0.0,-1.0,0.0));
#4377=DIRECTION('',(-1.0,0.0,0.0));
#4378=DIRECTION('',(0.0,0.0,-1.0));
#4379=DIRECTION('',(0.0,-1.0,0.0));
#4380=DIRECTION('',(0.0,0.0,1.0));
#4381=DIRECTION('',(0.0,1.0,0.0));
#4382=DIRECTION('',(0.0,0.0,1.0));
#4383=DIRECTION('',(0.0,1.0,-0.0));
#4384=DIRECTION('',(0.0,0.0,-1.0));
#4385=DIRECTION('',(-1.0,0.0,0.0));
#4386=DIRECTION('',(0.0,0.0,-1.0));
#4387=DIRECTION('',(0.0,-1.0,0.0));
#4388=DIRECTION('',(1.0,0.0,0.0));
#4389=DIRECTION('',(0.0,0.0,-1.0));
#4390=DIRECTION('',(1.0,0.0,0.0));
#4391=DIRECTION('',(0.0,1.0,-0.0));
ENDSEC;
END-ISO-10303-21;
