ISO-10303-21;
HEADER;
FILE_DESCRIPTION(('STEP AP203'),'1');
FILE_NAME('ssw-104-01-t-s.stp','2025-03-26T10:01:25',('TraceParts'),('TraceParts S.A.'),'Spatial InterOp 3D',' ',' ');
FILE_SCHEMA(('CONFIG_CONTROL_DESIGN'));
ENDSEC;
DATA;
#1=DESIGN_CONTEXT('',#27,'design');
#2=APPLICATION_PROTOCOL_DEFINITION('INTERNATIONAL STANDARD','config_control_design',1994,#27);
#3=PRODUCT_CATEGORY_RELATIONSHIP('NONE','NONE',#28,#29);
#4=DATE_AND_TIME(#30,#31);
#5=DATE_TIME_ROLE('creation_date');
#6=DATE_TIME_ROLE('classification_date');
#7=PERSON_AND_ORGANIZATION_ROLE('creator');
#8=PERSON_AND_ORGANIZATION_ROLE('design_supplier');
#9=PERSON_AND_ORGANIZATION_ROLE('classification_officer');
#10=PERSON_AND_ORGANIZATION_ROLE('design_owner');
#11=APPROVAL_PERSON_ORGANIZATION(#32,#33,#34);
#12=APPROVAL_DATE_TIME(#4,#33);
#13=CC_DESIGN_APPROVAL(#33,(#35,#36,#37));
#14=CC_DESIGN_DATE_AND_TIME_ASSIGNMENT(#4,#5,(#37));
#15=CC_DESIGN_DATE_AND_TIME_ASSIGNMENT(#4,#6,(#35));
#16=CC_DESIGN_PERSON_AND_ORGANIZATION_ASSIGNMENT(#32,#10,(#38));
#17=CC_DESIGN_PERSON_AND_ORGANIZATION_ASSIGNMENT(#32,#7,(#37));
#18=CC_DESIGN_PERSON_AND_ORGANIZATION_ASSIGNMENT(#32,#7,(#36));
#19=CC_DESIGN_PERSON_AND_ORGANIZATION_ASSIGNMENT(#32,#8,(#36));
#20=CC_DESIGN_SECURITY_CLASSIFICATION(#35,(#36));
#21=CC_DESIGN_PERSON_AND_ORGANIZATION_ASSIGNMENT(#32,#9,(#35));
#22=SHAPE_DEFINITION_REPRESENTATION(#39,#40);
#23= (GEOMETRIC_REPRESENTATION_CONTEXT(3)GLOBAL_UNCERTAINTY_ASSIGNED_CONTEXT((#43))GLOBAL_UNIT_ASSIGNED_CONTEXT((#45,#46,#47))REPRESENTATION_CONTEXT('NONE','WORKSPACE'));
#27=APPLICATION_CONTEXT('CONFIGURATION CONTROLLED 3D DESIGNS OF MECHANICAL PARTS AND ASSEMBLIES');
#28=PRODUCT_CATEGORY('part','NONE');
#29=PRODUCT_RELATED_PRODUCT_CATEGORY('detail',' ',(#38));
#30=CALENDAR_DATE(2025,26,2);
#31=LOCAL_TIME(11,1,25.0,#49);
#32=PERSON_AND_ORGANIZATION(#50,#51);
#33=APPROVAL(#52,'SOLID MODEL');
#34=APPROVAL_ROLE('APPROVED');
#35=SECURITY_CLASSIFICATION('','',#53);
#36=PRODUCT_DEFINITION_FORMATION_WITH_SPECIFIED_SOURCE(' ','NONE',#38,.NOT_KNOWN.);
#37=PRODUCT_DEFINITION('','NONE',#36,#1);
#38=PRODUCT('1','','PART--DESC',(#54));
#39=PRODUCT_DEFINITION_SHAPE('NONE','NONE',#37);
#40=ADVANCED_BREP_SHAPE_REPRESENTATION('1',(#55,#56),#23);
#43=UNCERTAINTY_MEASURE_WITH_UNIT(LENGTH_MEASURE(1.0E-06),#45,'','');
#45= (CONVERSION_BASED_UNIT('MILLIMETRE',#59)LENGTH_UNIT()NAMED_UNIT(#62));
#46= (NAMED_UNIT(#64)PLANE_ANGLE_UNIT()SI_UNIT($,.RADIAN.));
#47= (NAMED_UNIT(#64)SOLID_ANGLE_UNIT()SI_UNIT($,.STERADIAN.));
#49=COORDINATED_UNIVERSAL_TIME_OFFSET(1,0,.AHEAD.);
#50=PERSON('','UNSPECIFIED',$,$,$,$);
#51=ORGANIZATION('UNSPECIFIED','UNSPECIFIED','UNSPECIFIED');
#52=APPROVAL_STATUS('approved');
#53=SECURITY_CLASSIFICATION_LEVEL('unclassified');
#54=MECHANICAL_CONTEXT('',#27,'mechanical');
#55=MANIFOLD_SOLID_BREP('1',#70);
#56=AXIS2_PLACEMENT_3D('',#71,#72,#73);
#59=LENGTH_MEASURE_WITH_UNIT(LENGTH_MEASURE(1.0),#74);
#62=DIMENSIONAL_EXPONENTS(1.0,0.0,0.0,0.0,0.0,0.0,0.0);
#64=DIMENSIONAL_EXPONENTS(0.0,0.0,0.0,0.0,0.0,0.0,0.0);
#70=CLOSED_SHELL('',(#75,#76,#77,#78,#79,#80,#81,#82,#83,#84,#85,#86,#87,#88,#89,#90,#91,#92,#93,#94,#95,#96,#97,#98,#99,#100,#101,#102,#103,#104,#105,#106,#107,#108,#109,#110,#111,#112,#113,#114,#115,#116,#117,#118,#119,#120,#121,#122,#123,#124,#125,#126,#127,#128,#129,#130,#131,#132,#133,#134,#135,#136,#137,#138,#139,#140,#141,#142,#143,#144,#145,#146,#147,#148,#149,#150,#151,#152,#153,#154,#155,#156,#157,#158,#159,#160));
#71=CARTESIAN_POINT('',(0.0,0.0,0.0));
#72=DIRECTION('',(0.0,0.0,1.0));
#73=DIRECTION('',(1.0,0.0,0.0));
#74= (NAMED_UNIT(#62)LENGTH_UNIT()SI_UNIT(.MILLI.,.METRE.));
#75=ADVANCED_FACE('',(#162),#163,.F.);
#76=ADVANCED_FACE('',(#164),#165,.T.);
#77=ADVANCED_FACE('',(#166),#167,.T.);
#78=ADVANCED_FACE('',(#168),#169,.T.);
#79=ADVANCED_FACE('',(#170),#171,.T.);
#80=ADVANCED_FACE('',(#172),#173,.T.);
#81=ADVANCED_FACE('',(#174),#175,.T.);
#82=ADVANCED_FACE('',(#176),#177,.F.);
#83=ADVANCED_FACE('',(#178),#179,.T.);
#84=ADVANCED_FACE('',(#180),#181,.T.);
#85=ADVANCED_FACE('',(#182),#183,.T.);
#86=ADVANCED_FACE('',(#184),#185,.T.);
#87=ADVANCED_FACE('',(#186),#187,.T.);
#88=ADVANCED_FACE('',(#188),#189,.T.);
#89=ADVANCED_FACE('',(#190),#191,.F.);
#90=ADVANCED_FACE('',(#192),#193,.T.);
#91=ADVANCED_FACE('',(#194),#195,.T.);
#92=ADVANCED_FACE('',(#196),#197,.T.);
#93=ADVANCED_FACE('',(#198),#199,.T.);
#94=ADVANCED_FACE('',(#200),#201,.T.);
#95=ADVANCED_FACE('',(#202),#203,.T.);
#96=ADVANCED_FACE('',(#204),#205,.F.);
#97=ADVANCED_FACE('',(#206),#207,.T.);
#98=ADVANCED_FACE('',(#208),#209,.T.);
#99=ADVANCED_FACE('',(#210),#211,.T.);
#100=ADVANCED_FACE('',(#212),#213,.T.);
#101=ADVANCED_FACE('',(#214),#215,.T.);
#102=ADVANCED_FACE('',(#216),#217,.T.);
#103=ADVANCED_FACE('',(#218),#219,.T.);
#104=ADVANCED_FACE('',(#220),#221,.T.);
#105=ADVANCED_FACE('',(#222),#223,.T.);
#106=ADVANCED_FACE('',(#224),#225,.T.);
#107=ADVANCED_FACE('',(#226),#227,.T.);
#108=ADVANCED_FACE('',(#228),#229,.T.);
#109=ADVANCED_FACE('',(#230),#231,.F.);
#110=ADVANCED_FACE('',(#232),#233,.T.);
#111=ADVANCED_FACE('',(#234),#235,.T.);
#112=ADVANCED_FACE('',(#236),#237,.T.);
#113=ADVANCED_FACE('',(#238),#239,.T.);
#114=ADVANCED_FACE('',(#240),#241,.T.);
#115=ADVANCED_FACE('',(#242),#243,.T.);
#116=ADVANCED_FACE('',(#244),#245,.T.);
#117=ADVANCED_FACE('',(#246),#247,.T.);
#118=ADVANCED_FACE('',(#248),#249,.F.);
#119=ADVANCED_FACE('',(#250),#251,.T.);
#120=ADVANCED_FACE('',(#252),#253,.T.);
#121=ADVANCED_FACE('',(#254),#255,.T.);
#122=ADVANCED_FACE('',(#256),#257,.T.);
#123=ADVANCED_FACE('',(#258),#259,.T.);
#124=ADVANCED_FACE('',(#260),#261,.T.);
#125=ADVANCED_FACE('',(#262),#263,.T.);
#126=ADVANCED_FACE('',(#264),#265,.T.);
#127=ADVANCED_FACE('',(#266),#267,.F.);
#128=ADVANCED_FACE('',(#268),#269,.T.);
#129=ADVANCED_FACE('',(#270),#271,.T.);
#130=ADVANCED_FACE('',(#272),#273,.T.);
#131=ADVANCED_FACE('',(#274),#275,.T.);
#132=ADVANCED_FACE('',(#276),#277,.T.);
#133=ADVANCED_FACE('',(#278),#279,.T.);
#134=ADVANCED_FACE('',(#280),#281,.T.);
#135=ADVANCED_FACE('',(#282),#283,.T.);
#136=ADVANCED_FACE('',(#284),#285,.F.);
#137=ADVANCED_FACE('',(#286),#287,.T.);
#138=ADVANCED_FACE('',(#288),#289,.T.);
#139=ADVANCED_FACE('',(#290),#291,.T.);
#140=ADVANCED_FACE('',(#292),#293,.T.);
#141=ADVANCED_FACE('',(#294,#295),#296,.T.);
#142=ADVANCED_FACE('',(#297),#298,.F.);
#143=ADVANCED_FACE('',(#299),#300,.F.);
#144=ADVANCED_FACE('',(#301),#302,.F.);
#145=ADVANCED_FACE('',(#303),#304,.T.);
#146=ADVANCED_FACE('',(#305),#306,.T.);
#147=ADVANCED_FACE('',(#307,#308),#309,.T.);
#148=ADVANCED_FACE('',(#310),#311,.F.);
#149=ADVANCED_FACE('',(#312),#313,.T.);
#150=ADVANCED_FACE('',(#314),#315,.T.);
#151=ADVANCED_FACE('',(#316,#317),#318,.T.);
#152=ADVANCED_FACE('',(#319),#320,.F.);
#153=ADVANCED_FACE('',(#321),#322,.T.);
#154=ADVANCED_FACE('',(#323),#324,.T.);
#155=ADVANCED_FACE('',(#325,#326),#327,.T.);
#156=ADVANCED_FACE('',(#328),#329,.F.);
#157=ADVANCED_FACE('',(#330),#331,.T.);
#158=ADVANCED_FACE('',(#332),#333,.F.);
#159=ADVANCED_FACE('',(#334,#335,#336,#337,#338),#339,.F.);
#160=ADVANCED_FACE('',(#340),#341,.F.);
#162=FACE_OUTER_BOUND('',#342,.T.);
#163=PLANE('',#343);
#164=FACE_OUTER_BOUND('',#344,.T.);
#165=PLANE('',#345);
#166=FACE_OUTER_BOUND('',#346,.T.);
#167=PLANE('',#347);
#168=FACE_OUTER_BOUND('',#348,.T.);
#169=PLANE('',#349);
#170=FACE_OUTER_BOUND('',#350,.T.);
#171=PLANE('',#351);
#172=FACE_OUTER_BOUND('',#352,.T.);
#173=PLANE('',#353);
#174=FACE_OUTER_BOUND('',#354,.T.);
#175=PLANE('',#355);
#176=FACE_OUTER_BOUND('',#356,.T.);
#177=PLANE('',#357);
#178=FACE_OUTER_BOUND('',#358,.T.);
#179=PLANE('',#359);
#180=FACE_OUTER_BOUND('',#360,.T.);
#181=PLANE('',#361);
#182=FACE_OUTER_BOUND('',#362,.T.);
#183=PLANE('',#363);
#184=FACE_OUTER_BOUND('',#364,.T.);
#185=PLANE('',#365);
#186=FACE_OUTER_BOUND('',#366,.T.);
#187=PLANE('',#367);
#188=FACE_OUTER_BOUND('',#368,.T.);
#189=PLANE('',#369);
#190=FACE_OUTER_BOUND('',#370,.T.);
#191=PLANE('',#371);
#192=FACE_OUTER_BOUND('',#372,.T.);
#193=PLANE('',#373);
#194=FACE_OUTER_BOUND('',#374,.T.);
#195=PLANE('',#375);
#196=FACE_OUTER_BOUND('',#376,.T.);
#197=PLANE('',#377);
#198=FACE_OUTER_BOUND('',#378,.T.);
#199=PLANE('',#379);
#200=FACE_OUTER_BOUND('',#380,.T.);
#201=PLANE('',#381);
#202=FACE_OUTER_BOUND('',#382,.T.);
#203=PLANE('',#383);
#204=FACE_OUTER_BOUND('',#384,.T.);
#205=PLANE('',#385);
#206=FACE_OUTER_BOUND('',#386,.T.);
#207=PLANE('',#387);
#208=FACE_OUTER_BOUND('',#388,.T.);
#209=PLANE('',#389);
#210=FACE_OUTER_BOUND('',#390,.T.);
#211=PLANE('',#391);
#212=FACE_OUTER_BOUND('',#392,.T.);
#213=PLANE('',#393);
#214=FACE_OUTER_BOUND('',#394,.T.);
#215=PLANE('',#395);
#216=FACE_OUTER_BOUND('',#396,.T.);
#217=PLANE('',#397);
#218=FACE_OUTER_BOUND('',#398,.T.);
#219=PLANE('',#399);
#220=FACE_OUTER_BOUND('',#400,.T.);
#221=PLANE('',#401);
#222=FACE_OUTER_BOUND('',#402,.T.);
#223=PLANE('',#403);
#224=FACE_OUTER_BOUND('',#404,.T.);
#225=PLANE('',#405);
#226=FACE_OUTER_BOUND('',#406,.T.);
#227=PLANE('',#407);
#228=FACE_OUTER_BOUND('',#408,.T.);
#229=PLANE('',#409);
#230=FACE_OUTER_BOUND('',#410,.T.);
#231=PLANE('',#411);
#232=FACE_OUTER_BOUND('',#412,.T.);
#233=PLANE('',#413);
#234=FACE_OUTER_BOUND('',#414,.T.);
#235=PLANE('',#415);
#236=FACE_OUTER_BOUND('',#416,.T.);
#237=PLANE('',#417);
#238=FACE_OUTER_BOUND('',#418,.T.);
#239=PLANE('',#419);
#240=FACE_OUTER_BOUND('',#420,.T.);
#241=PLANE('',#421);
#242=FACE_OUTER_BOUND('',#422,.T.);
#243=PLANE('',#423);
#244=FACE_OUTER_BOUND('',#424,.T.);
#245=PLANE('',#425);
#246=FACE_OUTER_BOUND('',#426,.T.);
#247=PLANE('',#427);
#248=FACE_OUTER_BOUND('',#428,.T.);
#249=PLANE('',#429);
#250=FACE_OUTER_BOUND('',#430,.T.);
#251=PLANE('',#431);
#252=FACE_OUTER_BOUND('',#432,.T.);
#253=PLANE('',#433);
#254=FACE_OUTER_BOUND('',#434,.T.);
#255=PLANE('',#435);
#256=FACE_OUTER_BOUND('',#436,.T.);
#257=PLANE('',#437);
#258=FACE_OUTER_BOUND('',#438,.T.);
#259=PLANE('',#439);
#260=FACE_OUTER_BOUND('',#440,.T.);
#261=PLANE('',#441);
#262=FACE_OUTER_BOUND('',#442,.T.);
#263=PLANE('',#443);
#264=FACE_OUTER_BOUND('',#444,.T.);
#265=PLANE('',#445);
#266=FACE_OUTER_BOUND('',#446,.T.);
#267=PLANE('',#447);
#268=FACE_OUTER_BOUND('',#448,.T.);
#269=PLANE('',#449);
#270=FACE_OUTER_BOUND('',#450,.T.);
#271=PLANE('',#451);
#272=FACE_OUTER_BOUND('',#452,.T.);
#273=PLANE('',#453);
#274=FACE_OUTER_BOUND('',#454,.T.);
#275=PLANE('',#455);
#276=FACE_OUTER_BOUND('',#456,.T.);
#277=PLANE('',#457);
#278=FACE_OUTER_BOUND('',#458,.T.);
#279=PLANE('',#459);
#280=FACE_OUTER_BOUND('',#460,.T.);
#281=PLANE('',#461);
#282=FACE_OUTER_BOUND('',#462,.T.);
#283=PLANE('',#463);
#284=FACE_OUTER_BOUND('',#464,.T.);
#285=PLANE('',#465);
#286=FACE_OUTER_BOUND('',#466,.T.);
#287=PLANE('',#467);
#288=FACE_OUTER_BOUND('',#468,.T.);
#289=PLANE('',#469);
#290=FACE_OUTER_BOUND('',#470,.T.);
#291=PLANE('',#471);
#292=FACE_OUTER_BOUND('',#472,.T.);
#293=PLANE('',#473);
#294=FACE_BOUND('',#474,.T.);
#295=FACE_OUTER_BOUND('',#475,.T.);
#296=PLANE('',#476);
#297=FACE_OUTER_BOUND('',#477,.T.);
#298=PLANE('',#478);
#299=FACE_OUTER_BOUND('',#479,.T.);
#300=PLANE('',#480);
#301=FACE_OUTER_BOUND('',#481,.T.);
#302=PLANE('',#482);
#303=FACE_OUTER_BOUND('',#483,.T.);
#304=PLANE('',#484);
#305=FACE_OUTER_BOUND('',#485,.T.);
#306=PLANE('',#486);
#307=FACE_BOUND('',#487,.T.);
#308=FACE_OUTER_BOUND('',#488,.T.);
#309=PLANE('',#489);
#310=FACE_OUTER_BOUND('',#490,.T.);
#311=PLANE('',#491);
#312=FACE_OUTER_BOUND('',#492,.T.);
#313=PLANE('',#493);
#314=FACE_OUTER_BOUND('',#494,.T.);
#315=PLANE('',#495);
#316=FACE_BOUND('',#496,.T.);
#317=FACE_OUTER_BOUND('',#497,.T.);
#318=PLANE('',#498);
#319=FACE_OUTER_BOUND('',#499,.T.);
#320=PLANE('',#500);
#321=FACE_OUTER_BOUND('',#501,.T.);
#322=PLANE('',#502);
#323=FACE_OUTER_BOUND('',#503,.T.);
#324=PLANE('',#504);
#325=FACE_BOUND('',#505,.T.);
#326=FACE_OUTER_BOUND('',#506,.T.);
#327=PLANE('',#507);
#328=FACE_OUTER_BOUND('',#508,.T.);
#329=PLANE('',#509);
#330=FACE_OUTER_BOUND('',#510,.T.);
#331=PLANE('',#511);
#332=FACE_OUTER_BOUND('',#512,.T.);
#333=PLANE('',#513);
#334=FACE_BOUND('',#514,.T.);
#335=FACE_BOUND('',#515,.T.);
#336=FACE_BOUND('',#516,.T.);
#337=FACE_BOUND('',#517,.T.);
#338=FACE_OUTER_BOUND('',#518,.T.);
#339=PLANE('',#519);
#340=FACE_OUTER_BOUND('',#520,.T.);
#341=PLANE('',#521);
#342=EDGE_LOOP('',(#522,#523,#524,#525,#526,#527));
#343=AXIS2_PLACEMENT_3D('',#528,#529,#530);
#344=EDGE_LOOP('',(#531,#532,#533,#534));
#345=AXIS2_PLACEMENT_3D('',#535,#536,#537);
#346=EDGE_LOOP('',(#538,#539,#540,#541));
#347=AXIS2_PLACEMENT_3D('',#542,#543,#544);
#348=EDGE_LOOP('',(#545,#546,#547,#548));
#349=AXIS2_PLACEMENT_3D('',#549,#550,#551);
#350=EDGE_LOOP('',(#552,#553,#554,#555));
#351=AXIS2_PLACEMENT_3D('',#556,#557,#558);
#352=EDGE_LOOP('',(#559,#560,#561,#562));
#353=AXIS2_PLACEMENT_3D('',#563,#564,#565);
#354=EDGE_LOOP('',(#566,#567,#568,#569,#570,#571));
#355=AXIS2_PLACEMENT_3D('',#572,#573,#574);
#356=EDGE_LOOP('',(#575,#576,#577,#578,#579,#580));
#357=AXIS2_PLACEMENT_3D('',#581,#582,#583);
#358=EDGE_LOOP('',(#584,#585,#586,#587));
#359=AXIS2_PLACEMENT_3D('',#588,#589,#590);
#360=EDGE_LOOP('',(#591,#592,#593,#594));
#361=AXIS2_PLACEMENT_3D('',#595,#596,#597);
#362=EDGE_LOOP('',(#598,#599,#600,#601));
#363=AXIS2_PLACEMENT_3D('',#602,#603,#604);
#364=EDGE_LOOP('',(#605,#606,#607,#608));
#365=AXIS2_PLACEMENT_3D('',#609,#610,#611);
#366=EDGE_LOOP('',(#612,#613,#614,#615));
#367=AXIS2_PLACEMENT_3D('',#616,#617,#618);
#368=EDGE_LOOP('',(#619,#620,#621,#622,#623,#624));
#369=AXIS2_PLACEMENT_3D('',#625,#626,#627);
#370=EDGE_LOOP('',(#628,#629,#630,#631,#632,#633));
#371=AXIS2_PLACEMENT_3D('',#634,#635,#636);
#372=EDGE_LOOP('',(#637,#638,#639,#640));
#373=AXIS2_PLACEMENT_3D('',#641,#642,#643);
#374=EDGE_LOOP('',(#644,#645,#646,#647));
#375=AXIS2_PLACEMENT_3D('',#648,#649,#650);
#376=EDGE_LOOP('',(#651,#652,#653,#654));
#377=AXIS2_PLACEMENT_3D('',#655,#656,#657);
#378=EDGE_LOOP('',(#658,#659,#660,#661));
#379=AXIS2_PLACEMENT_3D('',#662,#663,#664);
#380=EDGE_LOOP('',(#665,#666,#667,#668));
#381=AXIS2_PLACEMENT_3D('',#669,#670,#671);
#382=EDGE_LOOP('',(#672,#673,#674,#675,#676,#677));
#383=AXIS2_PLACEMENT_3D('',#678,#679,#680);
#384=EDGE_LOOP('',(#681,#682,#683,#684,#685,#686));
#385=AXIS2_PLACEMENT_3D('',#687,#688,#689);
#386=EDGE_LOOP('',(#690,#691,#692,#693));
#387=AXIS2_PLACEMENT_3D('',#694,#695,#696);
#388=EDGE_LOOP('',(#697,#698,#699,#700));
#389=AXIS2_PLACEMENT_3D('',#701,#702,#703);
#390=EDGE_LOOP('',(#704,#705,#706,#707));
#391=AXIS2_PLACEMENT_3D('',#708,#709,#710);
#392=EDGE_LOOP('',(#711,#712,#713,#714));
#393=AXIS2_PLACEMENT_3D('',#715,#716,#717);
#394=EDGE_LOOP('',(#718,#719,#720,#721));
#395=AXIS2_PLACEMENT_3D('',#722,#723,#724);
#396=EDGE_LOOP('',(#725,#726,#727,#728,#729,#730));
#397=AXIS2_PLACEMENT_3D('',#731,#732,#733);
#398=EDGE_LOOP('',(#734,#735,#736,#737));
#399=AXIS2_PLACEMENT_3D('',#738,#739,#740);
#400=EDGE_LOOP('',(#741,#742,#743,#744));
#401=AXIS2_PLACEMENT_3D('',#745,#746,#747);
#402=EDGE_LOOP('',(#748,#749,#750,#751));
#403=AXIS2_PLACEMENT_3D('',#752,#753,#754);
#404=EDGE_LOOP('',(#755,#756,#757,#758));
#405=AXIS2_PLACEMENT_3D('',#759,#760,#761);
#406=EDGE_LOOP('',(#762,#763,#764,#765));
#407=AXIS2_PLACEMENT_3D('',#766,#767,#768);
#408=EDGE_LOOP('',(#769,#770,#771,#772));
#409=AXIS2_PLACEMENT_3D('',#773,#774,#775);
#410=EDGE_LOOP('',(#776,#777,#778,#779));
#411=AXIS2_PLACEMENT_3D('',#780,#781,#782);
#412=EDGE_LOOP('',(#783,#784,#785,#786));
#413=AXIS2_PLACEMENT_3D('',#787,#788,#789);
#414=EDGE_LOOP('',(#790,#791,#792,#793));
#415=AXIS2_PLACEMENT_3D('',#794,#795,#796);
#416=EDGE_LOOP('',(#797,#798,#799,#800));
#417=AXIS2_PLACEMENT_3D('',#801,#802,#803);
#418=EDGE_LOOP('',(#804,#805,#806,#807));
#419=AXIS2_PLACEMENT_3D('',#808,#809,#810);
#420=EDGE_LOOP('',(#811,#812,#813,#814));
#421=AXIS2_PLACEMENT_3D('',#815,#816,#817);
#422=EDGE_LOOP('',(#818,#819,#820,#821));
#423=AXIS2_PLACEMENT_3D('',#822,#823,#824);
#424=EDGE_LOOP('',(#825,#826,#827,#828));
#425=AXIS2_PLACEMENT_3D('',#829,#830,#831);
#426=EDGE_LOOP('',(#832,#833,#834,#835));
#427=AXIS2_PLACEMENT_3D('',#836,#837,#838);
#428=EDGE_LOOP('',(#839,#840,#841,#842));
#429=AXIS2_PLACEMENT_3D('',#843,#844,#845);
#430=EDGE_LOOP('',(#846,#847,#848,#849));
#431=AXIS2_PLACEMENT_3D('',#850,#851,#852);
#432=EDGE_LOOP('',(#853,#854,#855,#856));
#433=AXIS2_PLACEMENT_3D('',#857,#858,#859);
#434=EDGE_LOOP('',(#860,#861,#862,#863));
#435=AXIS2_PLACEMENT_3D('',#864,#865,#866);
#436=EDGE_LOOP('',(#867,#868,#869,#870));
#437=AXIS2_PLACEMENT_3D('',#871,#872,#873);
#438=EDGE_LOOP('',(#874,#875,#876,#877));
#439=AXIS2_PLACEMENT_3D('',#878,#879,#880);
#440=EDGE_LOOP('',(#881,#882,#883,#884));
#441=AXIS2_PLACEMENT_3D('',#885,#886,#887);
#442=EDGE_LOOP('',(#888,#889,#890,#891));
#443=AXIS2_PLACEMENT_3D('',#892,#893,#894);
#444=EDGE_LOOP('',(#895,#896,#897,#898));
#445=AXIS2_PLACEMENT_3D('',#899,#900,#901);
#446=EDGE_LOOP('',(#902,#903,#904,#905));
#447=AXIS2_PLACEMENT_3D('',#906,#907,#908);
#448=EDGE_LOOP('',(#909,#910,#911,#912));
#449=AXIS2_PLACEMENT_3D('',#913,#914,#915);
#450=EDGE_LOOP('',(#916,#917,#918,#919));
#451=AXIS2_PLACEMENT_3D('',#920,#921,#922);
#452=EDGE_LOOP('',(#923,#924,#925,#926));
#453=AXIS2_PLACEMENT_3D('',#927,#928,#929);
#454=EDGE_LOOP('',(#930,#931,#932,#933));
#455=AXIS2_PLACEMENT_3D('',#934,#935,#936);
#456=EDGE_LOOP('',(#937,#938,#939,#940));
#457=AXIS2_PLACEMENT_3D('',#941,#942,#943);
#458=EDGE_LOOP('',(#944,#945,#946,#947));
#459=AXIS2_PLACEMENT_3D('',#948,#949,#950);
#460=EDGE_LOOP('',(#951,#952,#953,#954));
#461=AXIS2_PLACEMENT_3D('',#955,#956,#957);
#462=EDGE_LOOP('',(#958,#959,#960,#961));
#463=AXIS2_PLACEMENT_3D('',#962,#963,#964);
#464=EDGE_LOOP('',(#965,#966,#967,#968));
#465=AXIS2_PLACEMENT_3D('',#969,#970,#971);
#466=EDGE_LOOP('',(#972,#973,#974,#975));
#467=AXIS2_PLACEMENT_3D('',#976,#977,#978);
#468=EDGE_LOOP('',(#979,#980,#981,#982));
#469=AXIS2_PLACEMENT_3D('',#983,#984,#985);
#470=EDGE_LOOP('',(#986,#987,#988,#989));
#471=AXIS2_PLACEMENT_3D('',#990,#991,#992);
#472=EDGE_LOOP('',(#993,#994,#995,#996));
#473=AXIS2_PLACEMENT_3D('',#997,#998,#999);
#474=EDGE_LOOP('',(#1000,#1001,#1002,#1003));
#475=EDGE_LOOP('',(#1004,#1005,#1006,#1007));
#476=AXIS2_PLACEMENT_3D('',#1008,#1009,#1010);
#477=EDGE_LOOP('',(#1011,#1012,#1013,#1014,#1015,#1016,#1017,#1018,#1019,#1020,#1021,#1022,#1023,#1024,#1025,#1026,#1027,#1028,#1029,#1030));
#478=AXIS2_PLACEMENT_3D('',#1031,#1032,#1033);
#479=EDGE_LOOP('',(#1034,#1035,#1036,#1037));
#480=AXIS2_PLACEMENT_3D('',#1038,#1039,#1040);
#481=EDGE_LOOP('',(#1041,#1042,#1043,#1044));
#482=AXIS2_PLACEMENT_3D('',#1045,#1046,#1047);
#483=EDGE_LOOP('',(#1048,#1049,#1050,#1051));
#484=AXIS2_PLACEMENT_3D('',#1052,#1053,#1054);
#485=EDGE_LOOP('',(#1055,#1056,#1057,#1058));
#486=AXIS2_PLACEMENT_3D('',#1059,#1060,#1061);
#487=EDGE_LOOP('',(#1062,#1063,#1064,#1065));
#488=EDGE_LOOP('',(#1066,#1067,#1068,#1069));
#489=AXIS2_PLACEMENT_3D('',#1070,#1071,#1072);
#490=EDGE_LOOP('',(#1073,#1074,#1075,#1076));
#491=AXIS2_PLACEMENT_3D('',#1077,#1078,#1079);
#492=EDGE_LOOP('',(#1080,#1081,#1082,#1083));
#493=AXIS2_PLACEMENT_3D('',#1084,#1085,#1086);
#494=EDGE_LOOP('',(#1087,#1088,#1089,#1090));
#495=AXIS2_PLACEMENT_3D('',#1091,#1092,#1093);
#496=EDGE_LOOP('',(#1094,#1095,#1096,#1097));
#497=EDGE_LOOP('',(#1098,#1099,#1100,#1101));
#498=AXIS2_PLACEMENT_3D('',#1102,#1103,#1104);
#499=EDGE_LOOP('',(#1105,#1106,#1107,#1108));
#500=AXIS2_PLACEMENT_3D('',#1109,#1110,#1111);
#501=EDGE_LOOP('',(#1112,#1113,#1114,#1115));
#502=AXIS2_PLACEMENT_3D('',#1116,#1117,#1118);
#503=EDGE_LOOP('',(#1119,#1120,#1121,#1122));
#504=AXIS2_PLACEMENT_3D('',#1123,#1124,#1125);
#505=EDGE_LOOP('',(#1126,#1127,#1128,#1129));
#506=EDGE_LOOP('',(#1130,#1131,#1132,#1133));
#507=AXIS2_PLACEMENT_3D('',#1134,#1135,#1136);
#508=EDGE_LOOP('',(#1137,#1138,#1139,#1140));
#509=AXIS2_PLACEMENT_3D('',#1141,#1142,#1143);
#510=EDGE_LOOP('',(#1144,#1145,#1146,#1147,#1148,#1149,#1150,#1151,#1152,#1153,#1154,#1155,#1156,#1157,#1158,#1159,#1160,#1161,#1162,#1163));
#511=AXIS2_PLACEMENT_3D('',#1164,#1165,#1166);
#512=EDGE_LOOP('',(#1167,#1168,#1169,#1170));
#513=AXIS2_PLACEMENT_3D('',#1171,#1172,#1173);
#514=EDGE_LOOP('',(#1174,#1175,#1176,#1177));
#515=EDGE_LOOP('',(#1178,#1179,#1180,#1181));
#516=EDGE_LOOP('',(#1182,#1183,#1184,#1185));
#517=EDGE_LOOP('',(#1186,#1187,#1188,#1189));
#518=EDGE_LOOP('',(#1190,#1191,#1192,#1193));
#519=AXIS2_PLACEMENT_3D('',#1194,#1195,#1196);
#520=EDGE_LOOP('',(#1197,#1198,#1199,#1200));
#521=AXIS2_PLACEMENT_3D('',#1201,#1202,#1203);
#522=ORIENTED_EDGE('',*,*,#1204,.F.);
#523=ORIENTED_EDGE('',*,*,#1205,.F.);
#524=ORIENTED_EDGE('',*,*,#1206,.F.);
#525=ORIENTED_EDGE('',*,*,#1207,.F.);
#526=ORIENTED_EDGE('',*,*,#1208,.T.);
#527=ORIENTED_EDGE('',*,*,#1209,.T.);
#528=CARTESIAN_POINT('',(9.144,-0.938484323578236,-0.2032));
#529=DIRECTION('',(0.0,0.0,1.0));
#530=DIRECTION('',(1.0,0.0,0.0));
#531=ORIENTED_EDGE('',*,*,#1210,.F.);
#532=ORIENTED_EDGE('',*,*,#1211,.T.);
#533=ORIENTED_EDGE('',*,*,#1212,.F.);
#534=ORIENTED_EDGE('',*,*,#1205,.T.);
#535=CARTESIAN_POINT('',(9.5377,-0.800829547438753,-0.2032));
#536=DIRECTION('',(1.0,-7.92546835305598E-17,0.0));
#537=DIRECTION('',(7.92546835305598E-17,1.0,0.0));
#538=ORIENTED_EDGE('',*,*,#1213,.T.);
#539=ORIENTED_EDGE('',*,*,#1214,.F.);
#540=ORIENTED_EDGE('',*,*,#1207,.T.);
#541=ORIENTED_EDGE('',*,*,#1215,.T.);
#542=CARTESIAN_POINT('',(9.07415,-2.6416,-0.2032));
#543=DIRECTION('',(-1.22460635382238E-16,-1.0,0.0));
#544=DIRECTION('',(1.0,-1.22460635382238E-16,0.0));
#545=ORIENTED_EDGE('',*,*,#1216,.T.);
#546=ORIENTED_EDGE('',*,*,#1217,.F.);
#547=ORIENTED_EDGE('',*,*,#1208,.F.);
#548=ORIENTED_EDGE('',*,*,#1214,.T.);
#549=CARTESIAN_POINT('',(8.8773,-2.42162954743875,-0.2032));
#550=DIRECTION('',(-0.866025403784439,-0.5,0.0));
#551=DIRECTION('',(0.5,-0.866025403784439,0.0));
#552=ORIENTED_EDGE('',*,*,#1218,.F.);
#553=ORIENTED_EDGE('',*,*,#1209,.F.);
#554=ORIENTED_EDGE('',*,*,#1217,.T.);
#555=ORIENTED_EDGE('',*,*,#1219,.T.);
#556=CARTESIAN_POINT('',(8.7503,-0.800829547438753,-0.2032));
#557=DIRECTION('',(-1.0,-7.92546835305598E-17,0.0));
#558=DIRECTION('',(7.92546835305598E-17,-1.0,0.0));
#559=ORIENTED_EDGE('',*,*,#1220,.T.);
#560=ORIENTED_EDGE('',*,*,#1215,.F.);
#561=ORIENTED_EDGE('',*,*,#1206,.T.);
#562=ORIENTED_EDGE('',*,*,#1212,.T.);
#563=CARTESIAN_POINT('',(9.4107,-2.42162954743875,-0.2032));
#564=DIRECTION('',(0.866025403784439,-0.5,0.0));
#565=DIRECTION('',(0.5,0.866025403784439,0.0));
#566=ORIENTED_EDGE('',*,*,#1221,.F.);
#567=ORIENTED_EDGE('',*,*,#1219,.F.);
#568=ORIENTED_EDGE('',*,*,#1216,.F.);
#569=ORIENTED_EDGE('',*,*,#1213,.F.);
#570=ORIENTED_EDGE('',*,*,#1220,.F.);
#571=ORIENTED_EDGE('',*,*,#1211,.F.);
#572=CARTESIAN_POINT('',(9.144,-0.938484323578236,0.2032));
#573=DIRECTION('',(0.0,0.0,1.0));
#574=DIRECTION('',(1.0,0.0,0.0));
#575=ORIENTED_EDGE('',*,*,#1222,.F.);
#576=ORIENTED_EDGE('',*,*,#1223,.F.);
#577=ORIENTED_EDGE('',*,*,#1224,.F.);
#578=ORIENTED_EDGE('',*,*,#1225,.F.);
#579=ORIENTED_EDGE('',*,*,#1226,.T.);
#580=ORIENTED_EDGE('',*,*,#1227,.T.);
#581=CARTESIAN_POINT('',(6.604,-0.938484323578236,-0.2032));
#582=DIRECTION('',(0.0,0.0,1.0));
#583=DIRECTION('',(1.0,0.0,0.0));
#584=ORIENTED_EDGE('',*,*,#1228,.F.);
#585=ORIENTED_EDGE('',*,*,#1229,.T.);
#586=ORIENTED_EDGE('',*,*,#1230,.F.);
#587=ORIENTED_EDGE('',*,*,#1223,.T.);
#588=CARTESIAN_POINT('',(6.9977,-0.800829547438753,-0.2032));
#589=DIRECTION('',(1.0,-7.92546835305598E-17,0.0));
#590=DIRECTION('',(7.92546835305598E-17,1.0,0.0));
#591=ORIENTED_EDGE('',*,*,#1231,.T.);
#592=ORIENTED_EDGE('',*,*,#1232,.F.);
#593=ORIENTED_EDGE('',*,*,#1225,.T.);
#594=ORIENTED_EDGE('',*,*,#1233,.T.);
#595=CARTESIAN_POINT('',(6.53415,-2.6416,-0.2032));
#596=DIRECTION('',(-1.22460635382238E-16,-1.0,0.0));
#597=DIRECTION('',(1.0,-1.22460635382238E-16,0.0));
#598=ORIENTED_EDGE('',*,*,#1234,.T.);
#599=ORIENTED_EDGE('',*,*,#1235,.F.);
#600=ORIENTED_EDGE('',*,*,#1226,.F.);
#601=ORIENTED_EDGE('',*,*,#1232,.T.);
#602=CARTESIAN_POINT('',(6.3373,-2.42162954743875,-0.2032));
#603=DIRECTION('',(-0.866025403784439,-0.5,0.0));
#604=DIRECTION('',(0.5,-0.866025403784439,0.0));
#605=ORIENTED_EDGE('',*,*,#1236,.F.);
#606=ORIENTED_EDGE('',*,*,#1227,.F.);
#607=ORIENTED_EDGE('',*,*,#1235,.T.);
#608=ORIENTED_EDGE('',*,*,#1237,.T.);
#609=CARTESIAN_POINT('',(6.2103,-0.800829547438753,-0.2032));
#610=DIRECTION('',(-1.0,-7.92546835305598E-17,0.0));
#611=DIRECTION('',(7.92546835305598E-17,-1.0,0.0));
#612=ORIENTED_EDGE('',*,*,#1238,.T.);
#613=ORIENTED_EDGE('',*,*,#1233,.F.);
#614=ORIENTED_EDGE('',*,*,#1224,.T.);
#615=ORIENTED_EDGE('',*,*,#1230,.T.);
#616=CARTESIAN_POINT('',(6.8707,-2.42162954743875,-0.2032));
#617=DIRECTION('',(0.866025403784439,-0.5,0.0));
#618=DIRECTION('',(0.5,0.866025403784439,0.0));
#619=ORIENTED_EDGE('',*,*,#1239,.F.);
#620=ORIENTED_EDGE('',*,*,#1237,.F.);
#621=ORIENTED_EDGE('',*,*,#1234,.F.);
#622=ORIENTED_EDGE('',*,*,#1231,.F.);
#623=ORIENTED_EDGE('',*,*,#1238,.F.);
#624=ORIENTED_EDGE('',*,*,#1229,.F.);
#625=CARTESIAN_POINT('',(6.604,-0.938484323578236,0.2032));
#626=DIRECTION('',(0.0,0.0,1.0));
#627=DIRECTION('',(1.0,0.0,0.0));
#628=ORIENTED_EDGE('',*,*,#1240,.F.);
#629=ORIENTED_EDGE('',*,*,#1241,.F.);
#630=ORIENTED_EDGE('',*,*,#1242,.F.);
#631=ORIENTED_EDGE('',*,*,#1243,.F.);
#632=ORIENTED_EDGE('',*,*,#1244,.T.);
#633=ORIENTED_EDGE('',*,*,#1245,.T.);
#634=CARTESIAN_POINT('',(4.064,-0.938484323578236,-0.2032));
#635=DIRECTION('',(0.0,0.0,1.0));
#636=DIRECTION('',(1.0,0.0,0.0));
#637=ORIENTED_EDGE('',*,*,#1246,.F.);
#638=ORIENTED_EDGE('',*,*,#1247,.T.);
#639=ORIENTED_EDGE('',*,*,#1248,.F.);
#640=ORIENTED_EDGE('',*,*,#1241,.T.);
#641=CARTESIAN_POINT('',(4.4577,-0.800829547438753,-0.2032));
#642=DIRECTION('',(1.0,-7.92546835305598E-17,0.0));
#643=DIRECTION('',(7.92546835305598E-17,1.0,0.0));
#644=ORIENTED_EDGE('',*,*,#1249,.T.);
#645=ORIENTED_EDGE('',*,*,#1250,.F.);
#646=ORIENTED_EDGE('',*,*,#1243,.T.);
#647=ORIENTED_EDGE('',*,*,#1251,.T.);
#648=CARTESIAN_POINT('',(3.99415,-2.6416,-0.2032));
#649=DIRECTION('',(-1.22460635382238E-16,-1.0,0.0));
#650=DIRECTION('',(1.0,-1.22460635382238E-16,0.0));
#651=ORIENTED_EDGE('',*,*,#1252,.T.);
#652=ORIENTED_EDGE('',*,*,#1253,.F.);
#653=ORIENTED_EDGE('',*,*,#1244,.F.);
#654=ORIENTED_EDGE('',*,*,#1250,.T.);
#655=CARTESIAN_POINT('',(3.7973,-2.42162954743875,-0.2032));
#656=DIRECTION('',(-0.866025403784439,-0.5,0.0));
#657=DIRECTION('',(0.5,-0.866025403784439,0.0));
#658=ORIENTED_EDGE('',*,*,#1254,.F.);
#659=ORIENTED_EDGE('',*,*,#1245,.F.);
#660=ORIENTED_EDGE('',*,*,#1253,.T.);
#661=ORIENTED_EDGE('',*,*,#1255,.T.);
#662=CARTESIAN_POINT('',(3.6703,-0.800829547438753,-0.2032));
#663=DIRECTION('',(-1.0,-7.92546835305598E-17,0.0));
#664=DIRECTION('',(7.92546835305598E-17,-1.0,0.0));
#665=ORIENTED_EDGE('',*,*,#1256,.T.);
#666=ORIENTED_EDGE('',*,*,#1251,.F.);
#667=ORIENTED_EDGE('',*,*,#1242,.T.);
#668=ORIENTED_EDGE('',*,*,#1248,.T.);
#669=CARTESIAN_POINT('',(4.3307,-2.42162954743875,-0.2032));
#670=DIRECTION('',(0.866025403784439,-0.5,0.0));
#671=DIRECTION('',(0.5,0.866025403784439,0.0));
#672=ORIENTED_EDGE('',*,*,#1257,.F.);
#673=ORIENTED_EDGE('',*,*,#1255,.F.);
#674=ORIENTED_EDGE('',*,*,#1252,.F.);
#675=ORIENTED_EDGE('',*,*,#1249,.F.);
#676=ORIENTED_EDGE('',*,*,#1256,.F.);
#677=ORIENTED_EDGE('',*,*,#1247,.F.);
#678=CARTESIAN_POINT('',(4.064,-0.938484323578236,0.2032));
#679=DIRECTION('',(0.0,0.0,1.0));
#680=DIRECTION('',(1.0,0.0,0.0));
#681=ORIENTED_EDGE('',*,*,#1258,.F.);
#682=ORIENTED_EDGE('',*,*,#1259,.F.);
#683=ORIENTED_EDGE('',*,*,#1260,.F.);
#684=ORIENTED_EDGE('',*,*,#1261,.F.);
#685=ORIENTED_EDGE('',*,*,#1262,.T.);
#686=ORIENTED_EDGE('',*,*,#1263,.T.);
#687=CARTESIAN_POINT('',(1.524,-0.938484323578236,-0.2032));
#688=DIRECTION('',(0.0,0.0,1.0));
#689=DIRECTION('',(1.0,0.0,0.0));
#690=ORIENTED_EDGE('',*,*,#1264,.F.);
#691=ORIENTED_EDGE('',*,*,#1265,.T.);
#692=ORIENTED_EDGE('',*,*,#1266,.F.);
#693=ORIENTED_EDGE('',*,*,#1259,.T.);
#694=CARTESIAN_POINT('',(1.9177,-0.800829547438753,-0.2032));
#695=DIRECTION('',(1.0,-7.92546835305598E-17,0.0));
#696=DIRECTION('',(7.92546835305598E-17,1.0,0.0));
#697=ORIENTED_EDGE('',*,*,#1267,.T.);
#698=ORIENTED_EDGE('',*,*,#1268,.F.);
#699=ORIENTED_EDGE('',*,*,#1261,.T.);
#700=ORIENTED_EDGE('',*,*,#1269,.T.);
#701=CARTESIAN_POINT('',(1.45415,-2.6416,-0.2032));
#702=DIRECTION('',(-1.22460635382238E-16,-1.0,0.0));
#703=DIRECTION('',(1.0,-1.22460635382238E-16,0.0));
#704=ORIENTED_EDGE('',*,*,#1270,.T.);
#705=ORIENTED_EDGE('',*,*,#1271,.F.);
#706=ORIENTED_EDGE('',*,*,#1262,.F.);
#707=ORIENTED_EDGE('',*,*,#1268,.T.);
#708=CARTESIAN_POINT('',(1.2573,-2.42162954743875,-0.2032));
#709=DIRECTION('',(-0.866025403784439,-0.5,0.0));
#710=DIRECTION('',(0.5,-0.866025403784439,0.0));
#711=ORIENTED_EDGE('',*,*,#1272,.F.);
#712=ORIENTED_EDGE('',*,*,#1263,.F.);
#713=ORIENTED_EDGE('',*,*,#1271,.T.);
#714=ORIENTED_EDGE('',*,*,#1273,.T.);
#715=CARTESIAN_POINT('',(1.1303,-0.800829547438753,-0.2032));
#716=DIRECTION('',(-1.0,-7.92546835305598E-17,0.0));
#717=DIRECTION('',(7.92546835305598E-17,-1.0,0.0));
#718=ORIENTED_EDGE('',*,*,#1274,.T.);
#719=ORIENTED_EDGE('',*,*,#1269,.F.);
#720=ORIENTED_EDGE('',*,*,#1260,.T.);
#721=ORIENTED_EDGE('',*,*,#1266,.T.);
#722=CARTESIAN_POINT('',(1.7907,-2.42162954743875,-0.2032));
#723=DIRECTION('',(0.866025403784439,-0.5,0.0));
#724=DIRECTION('',(0.5,0.866025403784439,0.0));
#725=ORIENTED_EDGE('',*,*,#1275,.F.);
#726=ORIENTED_EDGE('',*,*,#1273,.F.);
#727=ORIENTED_EDGE('',*,*,#1270,.F.);
#728=ORIENTED_EDGE('',*,*,#1267,.F.);
#729=ORIENTED_EDGE('',*,*,#1274,.F.);
#730=ORIENTED_EDGE('',*,*,#1265,.F.);
#731=CARTESIAN_POINT('',(1.524,-0.938484323578236,0.2032));
#732=DIRECTION('',(0.0,0.0,1.0));
#733=DIRECTION('',(1.0,0.0,0.0));
#734=ORIENTED_EDGE('',*,*,#1276,.T.);
#735=ORIENTED_EDGE('',*,*,#1277,.F.);
#736=ORIENTED_EDGE('',*,*,#1278,.T.);
#737=ORIENTED_EDGE('',*,*,#1279,.T.);
#738=CARTESIAN_POINT('',(10.144,8.3185,0.5842));
#739=DIRECTION('',(1.2988911856079E-16,0.707106781186548,-0.707106781186547));
#740=DIRECTION('',(1.2988911856079E-16,-0.707106781186547,-0.707106781186548));
#741=ORIENTED_EDGE('',*,*,#1278,.F.);
#742=ORIENTED_EDGE('',*,*,#1280,.F.);
#743=ORIENTED_EDGE('',*,*,#1281,.F.);
#744=ORIENTED_EDGE('',*,*,#1282,.T.);
#745=CARTESIAN_POINT('',(9.7282,8.3185,-1.0));
#746=DIRECTION('',(-0.707106781186547,0.707106781186548,0.0));
#747=DIRECTION('',(-0.707106781186548,-0.707106781186547,-0.0));
#748=ORIENTED_EDGE('',*,*,#1276,.F.);
#749=ORIENTED_EDGE('',*,*,#1283,.T.);
#750=ORIENTED_EDGE('',*,*,#1284,.T.);
#751=ORIENTED_EDGE('',*,*,#1285,.F.);
#752=CARTESIAN_POINT('',(8.5598,8.3185,1.0));
#753=DIRECTION('',(0.707106781186547,0.707106781186548,8.65927457071935E-17));
#754=DIRECTION('',(0.707106781186548,-0.707106781186547,8.65927457071935E-17));
#755=ORIENTED_EDGE('',*,*,#1284,.F.);
#756=ORIENTED_EDGE('',*,*,#1286,.T.);
#757=ORIENTED_EDGE('',*,*,#1281,.T.);
#758=ORIENTED_EDGE('',*,*,#1287,.F.);
#759=CARTESIAN_POINT('',(8.144,8.3185,-0.5842));
#760=DIRECTION('',(-4.32963728535968E-17,0.707106781186548,0.707106781186547));
#761=DIRECTION('',(-4.32963728535968E-17,-0.707106781186547,0.707106781186548));
#762=ORIENTED_EDGE('',*,*,#1282,.F.);
#763=ORIENTED_EDGE('',*,*,#1288,.T.);
#764=ORIENTED_EDGE('',*,*,#1289,.F.);
#765=ORIENTED_EDGE('',*,*,#1290,.T.);
#766=CARTESIAN_POINT('',(9.5377,5.2625,0.0));
#767=DIRECTION('',(-1.0,0.0,0.0));
#768=DIRECTION('',(0.0,0.0,1.0));
#769=ORIENTED_EDGE('',*,*,#1286,.F.);
#770=ORIENTED_EDGE('',*,*,#1291,.F.);
#771=ORIENTED_EDGE('',*,*,#1292,.F.);
#772=ORIENTED_EDGE('',*,*,#1288,.F.);
#773=CARTESIAN_POINT('',(9.144,5.2625,-0.3937));
#774=DIRECTION('',(0.0,0.0,1.0));
#775=DIRECTION('',(1.0,0.0,0.0));
#776=ORIENTED_EDGE('',*,*,#1279,.F.);
#777=ORIENTED_EDGE('',*,*,#1290,.F.);
#778=ORIENTED_EDGE('',*,*,#1293,.F.);
#779=ORIENTED_EDGE('',*,*,#1294,.F.);
#780=CARTESIAN_POINT('',(9.144,5.2625,0.3937));
#781=DIRECTION('',(0.0,0.0,1.0));
#782=DIRECTION('',(1.0,0.0,0.0));
#783=ORIENTED_EDGE('',*,*,#1295,.F.);
#784=ORIENTED_EDGE('',*,*,#1293,.T.);
#785=ORIENTED_EDGE('',*,*,#1289,.T.);
#786=ORIENTED_EDGE('',*,*,#1292,.T.);
#787=CARTESIAN_POINT('',(9.144,1.008,0.0));
#788=DIRECTION('',(0.0,1.0,0.0));
#789=DIRECTION('',(0.0,0.0,1.0));
#790=ORIENTED_EDGE('',*,*,#1283,.F.);
#791=ORIENTED_EDGE('',*,*,#1294,.T.);
#792=ORIENTED_EDGE('',*,*,#1295,.T.);
#793=ORIENTED_EDGE('',*,*,#1291,.T.);
#794=CARTESIAN_POINT('',(8.7503,5.2625,0.0));
#795=DIRECTION('',(1.0,0.0,0.0));
#796=DIRECTION('',(0.0,0.0,-1.0));
#797=ORIENTED_EDGE('',*,*,#1296,.T.);
#798=ORIENTED_EDGE('',*,*,#1297,.F.);
#799=ORIENTED_EDGE('',*,*,#1298,.T.);
#800=ORIENTED_EDGE('',*,*,#1299,.T.);
#801=CARTESIAN_POINT('',(7.604,8.3185,0.5842));
#802=DIRECTION('',(1.2988911856079E-16,0.707106781186548,-0.707106781186547));
#803=DIRECTION('',(1.2988911856079E-16,-0.707106781186547,-0.707106781186548));
#804=ORIENTED_EDGE('',*,*,#1298,.F.);
#805=ORIENTED_EDGE('',*,*,#1300,.F.);
#806=ORIENTED_EDGE('',*,*,#1301,.F.);
#807=ORIENTED_EDGE('',*,*,#1302,.T.);
#808=CARTESIAN_POINT('',(7.1882,8.3185,-1.0));
#809=DIRECTION('',(-0.707106781186547,0.707106781186548,0.0));
#810=DIRECTION('',(-0.707106781186548,-0.707106781186547,-0.0));
#811=ORIENTED_EDGE('',*,*,#1296,.F.);
#812=ORIENTED_EDGE('',*,*,#1303,.T.);
#813=ORIENTED_EDGE('',*,*,#1304,.T.);
#814=ORIENTED_EDGE('',*,*,#1305,.F.);
#815=CARTESIAN_POINT('',(6.0198,8.3185,1.0));
#816=DIRECTION('',(0.707106781186547,0.707106781186548,8.65927457071935E-17));
#817=DIRECTION('',(0.707106781186548,-0.707106781186547,8.65927457071935E-17));
#818=ORIENTED_EDGE('',*,*,#1304,.F.);
#819=ORIENTED_EDGE('',*,*,#1306,.T.);
#820=ORIENTED_EDGE('',*,*,#1301,.T.);
#821=ORIENTED_EDGE('',*,*,#1307,.F.);
#822=CARTESIAN_POINT('',(5.604,8.3185,-0.5842));
#823=DIRECTION('',(-4.32963728535968E-17,0.707106781186548,0.707106781186547));
#824=DIRECTION('',(-4.32963728535968E-17,-0.707106781186547,0.707106781186548));
#825=ORIENTED_EDGE('',*,*,#1302,.F.);
#826=ORIENTED_EDGE('',*,*,#1308,.T.);
#827=ORIENTED_EDGE('',*,*,#1309,.F.);
#828=ORIENTED_EDGE('',*,*,#1310,.T.);
#829=CARTESIAN_POINT('',(6.9977,5.2625,0.0));
#830=DIRECTION('',(-1.0,0.0,0.0));
#831=DIRECTION('',(0.0,0.0,1.0));
#832=ORIENTED_EDGE('',*,*,#1306,.F.);
#833=ORIENTED_EDGE('',*,*,#1311,.F.);
#834=ORIENTED_EDGE('',*,*,#1312,.F.);
#835=ORIENTED_EDGE('',*,*,#1308,.F.);
#836=CARTESIAN_POINT('',(6.604,5.2625,-0.3937));
#837=DIRECTION('',(0.0,0.0,1.0));
#838=DIRECTION('',(1.0,0.0,0.0));
#839=ORIENTED_EDGE('',*,*,#1299,.F.);
#840=ORIENTED_EDGE('',*,*,#1310,.F.);
#841=ORIENTED_EDGE('',*,*,#1313,.F.);
#842=ORIENTED_EDGE('',*,*,#1314,.F.);
#843=CARTESIAN_POINT('',(6.604,5.2625,0.3937));
#844=DIRECTION('',(0.0,0.0,1.0));
#845=DIRECTION('',(1.0,0.0,0.0));
#846=ORIENTED_EDGE('',*,*,#1315,.F.);
#847=ORIENTED_EDGE('',*,*,#1313,.T.);
#848=ORIENTED_EDGE('',*,*,#1309,.T.);
#849=ORIENTED_EDGE('',*,*,#1312,.T.);
#850=CARTESIAN_POINT('',(6.604,1.008,0.0));
#851=DIRECTION('',(0.0,1.0,0.0));
#852=DIRECTION('',(0.0,0.0,1.0));
#853=ORIENTED_EDGE('',*,*,#1303,.F.);
#854=ORIENTED_EDGE('',*,*,#1314,.T.);
#855=ORIENTED_EDGE('',*,*,#1315,.T.);
#856=ORIENTED_EDGE('',*,*,#1311,.T.);
#857=CARTESIAN_POINT('',(6.2103,5.2625,0.0));
#858=DIRECTION('',(1.0,0.0,0.0));
#859=DIRECTION('',(0.0,0.0,-1.0));
#860=ORIENTED_EDGE('',*,*,#1316,.T.);
#861=ORIENTED_EDGE('',*,*,#1317,.F.);
#862=ORIENTED_EDGE('',*,*,#1318,.T.);
#863=ORIENTED_EDGE('',*,*,#1319,.T.);
#864=CARTESIAN_POINT('',(5.064,8.3185,0.5842));
#865=DIRECTION('',(1.2988911856079E-16,0.707106781186548,-0.707106781186547));
#866=DIRECTION('',(1.2988911856079E-16,-0.707106781186547,-0.707106781186548));
#867=ORIENTED_EDGE('',*,*,#1318,.F.);
#868=ORIENTED_EDGE('',*,*,#1320,.F.);
#869=ORIENTED_EDGE('',*,*,#1321,.F.);
#870=ORIENTED_EDGE('',*,*,#1322,.T.);
#871=CARTESIAN_POINT('',(4.6482,8.3185,-1.0));
#872=DIRECTION('',(-0.707106781186547,0.707106781186548,0.0));
#873=DIRECTION('',(-0.707106781186548,-0.707106781186547,-0.0));
#874=ORIENTED_EDGE('',*,*,#1316,.F.);
#875=ORIENTED_EDGE('',*,*,#1323,.T.);
#876=ORIENTED_EDGE('',*,*,#1324,.T.);
#877=ORIENTED_EDGE('',*,*,#1325,.F.);
#878=CARTESIAN_POINT('',(3.4798,8.3185,1.0));
#879=DIRECTION('',(0.707106781186547,0.707106781186548,8.65927457071935E-17));
#880=DIRECTION('',(0.707106781186548,-0.707106781186547,8.65927457071935E-17));
#881=ORIENTED_EDGE('',*,*,#1324,.F.);
#882=ORIENTED_EDGE('',*,*,#1326,.T.);
#883=ORIENTED_EDGE('',*,*,#1321,.T.);
#884=ORIENTED_EDGE('',*,*,#1327,.F.);
#885=CARTESIAN_POINT('',(3.064,8.3185,-0.5842));
#886=DIRECTION('',(-4.32963728535968E-17,0.707106781186548,0.707106781186547));
#887=DIRECTION('',(-4.32963728535968E-17,-0.707106781186547,0.707106781186548));
#888=ORIENTED_EDGE('',*,*,#1322,.F.);
#889=ORIENTED_EDGE('',*,*,#1328,.T.);
#890=ORIENTED_EDGE('',*,*,#1329,.F.);
#891=ORIENTED_EDGE('',*,*,#1330,.T.);
#892=CARTESIAN_POINT('',(4.4577,5.2625,0.0));
#893=DIRECTION('',(-1.0,0.0,0.0));
#894=DIRECTION('',(0.0,0.0,1.0));
#895=ORIENTED_EDGE('',*,*,#1326,.F.);
#896=ORIENTED_EDGE('',*,*,#1331,.F.);
#897=ORIENTED_EDGE('',*,*,#1332,.F.);
#898=ORIENTED_EDGE('',*,*,#1328,.F.);
#899=CARTESIAN_POINT('',(4.064,5.2625,-0.3937));
#900=DIRECTION('',(0.0,0.0,1.0));
#901=DIRECTION('',(1.0,0.0,0.0));
#902=ORIENTED_EDGE('',*,*,#1319,.F.);
#903=ORIENTED_EDGE('',*,*,#1330,.F.);
#904=ORIENTED_EDGE('',*,*,#1333,.F.);
#905=ORIENTED_EDGE('',*,*,#1334,.F.);
#906=CARTESIAN_POINT('',(4.064,5.2625,0.3937));
#907=DIRECTION('',(0.0,0.0,1.0));
#908=DIRECTION('',(1.0,0.0,0.0));
#909=ORIENTED_EDGE('',*,*,#1335,.F.);
#910=ORIENTED_EDGE('',*,*,#1333,.T.);
#911=ORIENTED_EDGE('',*,*,#1329,.T.);
#912=ORIENTED_EDGE('',*,*,#1332,.T.);
#913=CARTESIAN_POINT('',(4.064,1.008,0.0));
#914=DIRECTION('',(0.0,1.0,0.0));
#915=DIRECTION('',(0.0,0.0,1.0));
#916=ORIENTED_EDGE('',*,*,#1323,.F.);
#917=ORIENTED_EDGE('',*,*,#1334,.T.);
#918=ORIENTED_EDGE('',*,*,#1335,.T.);
#919=ORIENTED_EDGE('',*,*,#1331,.T.);
#920=CARTESIAN_POINT('',(3.6703,5.2625,0.0));
#921=DIRECTION('',(1.0,0.0,0.0));
#922=DIRECTION('',(0.0,0.0,-1.0));
#923=ORIENTED_EDGE('',*,*,#1336,.T.);
#924=ORIENTED_EDGE('',*,*,#1337,.F.);
#925=ORIENTED_EDGE('',*,*,#1338,.T.);
#926=ORIENTED_EDGE('',*,*,#1339,.T.);
#927=CARTESIAN_POINT('',(2.524,8.3185,0.5842));
#928=DIRECTION('',(1.2988911856079E-16,0.707106781186548,-0.707106781186547));
#929=DIRECTION('',(1.2988911856079E-16,-0.707106781186547,-0.707106781186548));
#930=ORIENTED_EDGE('',*,*,#1338,.F.);
#931=ORIENTED_EDGE('',*,*,#1340,.F.);
#932=ORIENTED_EDGE('',*,*,#1341,.F.);
#933=ORIENTED_EDGE('',*,*,#1342,.T.);
#934=CARTESIAN_POINT('',(2.1082,8.3185,-1.0));
#935=DIRECTION('',(-0.707106781186547,0.707106781186548,0.0));
#936=DIRECTION('',(-0.707106781186548,-0.707106781186547,-0.0));
#937=ORIENTED_EDGE('',*,*,#1336,.F.);
#938=ORIENTED_EDGE('',*,*,#1343,.T.);
#939=ORIENTED_EDGE('',*,*,#1344,.T.);
#940=ORIENTED_EDGE('',*,*,#1345,.F.);
#941=CARTESIAN_POINT('',(0.9398,8.3185,1.0));
#942=DIRECTION('',(0.707106781186547,0.707106781186548,8.65927457071935E-17));
#943=DIRECTION('',(0.707106781186548,-0.707106781186547,8.65927457071935E-17));
#944=ORIENTED_EDGE('',*,*,#1344,.F.);
#945=ORIENTED_EDGE('',*,*,#1346,.T.);
#946=ORIENTED_EDGE('',*,*,#1341,.T.);
#947=ORIENTED_EDGE('',*,*,#1347,.F.);
#948=CARTESIAN_POINT('',(0.524,8.3185,-0.5842));
#949=DIRECTION('',(-4.32963728535968E-17,0.707106781186548,0.707106781186547));
#950=DIRECTION('',(-4.32963728535968E-17,-0.707106781186547,0.707106781186548));
#951=ORIENTED_EDGE('',*,*,#1342,.F.);
#952=ORIENTED_EDGE('',*,*,#1348,.T.);
#953=ORIENTED_EDGE('',*,*,#1349,.F.);
#954=ORIENTED_EDGE('',*,*,#1350,.T.);
#955=CARTESIAN_POINT('',(1.9177,5.2625,0.0));
#956=DIRECTION('',(-1.0,0.0,0.0));
#957=DIRECTION('',(0.0,0.0,1.0));
#958=ORIENTED_EDGE('',*,*,#1346,.F.);
#959=ORIENTED_EDGE('',*,*,#1351,.F.);
#960=ORIENTED_EDGE('',*,*,#1352,.F.);
#961=ORIENTED_EDGE('',*,*,#1348,.F.);
#962=CARTESIAN_POINT('',(1.524,5.2625,-0.3937));
#963=DIRECTION('',(0.0,0.0,1.0));
#964=DIRECTION('',(1.0,0.0,0.0));
#965=ORIENTED_EDGE('',*,*,#1339,.F.);
#966=ORIENTED_EDGE('',*,*,#1350,.F.);
#967=ORIENTED_EDGE('',*,*,#1353,.F.);
#968=ORIENTED_EDGE('',*,*,#1354,.F.);
#969=CARTESIAN_POINT('',(1.524,5.2625,0.3937));
#970=DIRECTION('',(0.0,0.0,1.0));
#971=DIRECTION('',(1.0,0.0,0.0));
#972=ORIENTED_EDGE('',*,*,#1355,.F.);
#973=ORIENTED_EDGE('',*,*,#1353,.T.);
#974=ORIENTED_EDGE('',*,*,#1349,.T.);
#975=ORIENTED_EDGE('',*,*,#1352,.T.);
#976=CARTESIAN_POINT('',(1.524,1.008,0.0));
#977=DIRECTION('',(0.0,1.0,0.0));
#978=DIRECTION('',(0.0,0.0,1.0));
#979=ORIENTED_EDGE('',*,*,#1343,.F.);
#980=ORIENTED_EDGE('',*,*,#1354,.T.);
#981=ORIENTED_EDGE('',*,*,#1355,.T.);
#982=ORIENTED_EDGE('',*,*,#1351,.T.);
#983=CARTESIAN_POINT('',(1.1303,5.2625,0.0));
#984=DIRECTION('',(1.0,0.0,0.0));
#985=DIRECTION('',(0.0,0.0,-1.0));
#986=ORIENTED_EDGE('',*,*,#1356,.F.);
#987=ORIENTED_EDGE('',*,*,#1357,.T.);
#988=ORIENTED_EDGE('',*,*,#1358,.F.);
#989=ORIENTED_EDGE('',*,*,#1359,.F.);
#990=CARTESIAN_POINT('',(10.16,0.00800000000000001,0.0));
#991=DIRECTION('',(-1.0,0.0,0.0));
#992=DIRECTION('',(0.0,0.0,1.0));
#993=ORIENTED_EDGE('',*,*,#1360,.F.);
#994=ORIENTED_EDGE('',*,*,#1361,.F.);
#995=ORIENTED_EDGE('',*,*,#1362,.F.);
#996=ORIENTED_EDGE('',*,*,#1363,.F.);
#997=CARTESIAN_POINT('',(8.128,0.00800000000000001,0.0));
#998=DIRECTION('',(1.0,0.0,0.0));
#999=DIRECTION('',(0.0,0.0,-1.0));
#1000=ORIENTED_EDGE('',*,*,#1210,.T.);
#1001=ORIENTED_EDGE('',*,*,#1204,.T.);
#1002=ORIENTED_EDGE('',*,*,#1218,.T.);
#1003=ORIENTED_EDGE('',*,*,#1221,.T.);
#1004=ORIENTED_EDGE('',*,*,#1364,.F.);
#1005=ORIENTED_EDGE('',*,*,#1363,.T.);
#1006=ORIENTED_EDGE('',*,*,#1365,.F.);
#1007=ORIENTED_EDGE('',*,*,#1357,.F.);
#1008=CARTESIAN_POINT('',(9.144,0.508,0.0));
#1009=DIRECTION('',(0.0,-1.0,0.0));
#1010=DIRECTION('',(0.0,0.0,-1.0));
#1011=ORIENTED_EDGE('',*,*,#1358,.T.);
#1012=ORIENTED_EDGE('',*,*,#1365,.T.);
#1013=ORIENTED_EDGE('',*,*,#1362,.T.);
#1014=ORIENTED_EDGE('',*,*,#1366,.T.);
#1015=ORIENTED_EDGE('',*,*,#1367,.T.);
#1016=ORIENTED_EDGE('',*,*,#1368,.T.);
#1017=ORIENTED_EDGE('',*,*,#1369,.T.);
#1018=ORIENTED_EDGE('',*,*,#1370,.T.);
#1019=ORIENTED_EDGE('',*,*,#1371,.T.);
#1020=ORIENTED_EDGE('',*,*,#1372,.T.);
#1021=ORIENTED_EDGE('',*,*,#1373,.T.);
#1022=ORIENTED_EDGE('',*,*,#1374,.T.);
#1023=ORIENTED_EDGE('',*,*,#1375,.T.);
#1024=ORIENTED_EDGE('',*,*,#1376,.T.);
#1025=ORIENTED_EDGE('',*,*,#1377,.T.);
#1026=ORIENTED_EDGE('',*,*,#1378,.T.);
#1027=ORIENTED_EDGE('',*,*,#1379,.T.);
#1028=ORIENTED_EDGE('',*,*,#1380,.T.);
#1029=ORIENTED_EDGE('',*,*,#1381,.T.);
#1030=ORIENTED_EDGE('',*,*,#1382,.T.);
#1031=CARTESIAN_POINT('',(5.334,4.2545,-1.2065));
#1032=DIRECTION('',(0.0,0.0,1.0));
#1033=DIRECTION('',(1.0,0.0,0.0));
#1034=ORIENTED_EDGE('',*,*,#1361,.T.);
#1035=ORIENTED_EDGE('',*,*,#1383,.F.);
#1036=ORIENTED_EDGE('',*,*,#1384,.T.);
#1037=ORIENTED_EDGE('',*,*,#1366,.F.);
#1038=CARTESIAN_POINT('',(5.334,0.0,0.0));
#1039=DIRECTION('',(0.0,1.0,0.0));
#1040=DIRECTION('',(0.0,0.0,1.0));
#1041=ORIENTED_EDGE('',*,*,#1359,.T.);
#1042=ORIENTED_EDGE('',*,*,#1382,.F.);
#1043=ORIENTED_EDGE('',*,*,#1385,.F.);
#1044=ORIENTED_EDGE('',*,*,#1386,.F.);
#1045=CARTESIAN_POINT('',(5.334,0.0,0.0));
#1046=DIRECTION('',(0.0,1.0,0.0));
#1047=DIRECTION('',(0.0,0.0,1.0));
#1048=ORIENTED_EDGE('',*,*,#1387,.F.);
#1049=ORIENTED_EDGE('',*,*,#1388,.T.);
#1050=ORIENTED_EDGE('',*,*,#1367,.F.);
#1051=ORIENTED_EDGE('',*,*,#1384,.F.);
#1052=CARTESIAN_POINT('',(7.62,0.00800000000000001,0.0));
#1053=DIRECTION('',(-1.0,0.0,0.0));
#1054=DIRECTION('',(0.0,0.0,1.0));
#1055=ORIENTED_EDGE('',*,*,#1389,.F.);
#1056=ORIENTED_EDGE('',*,*,#1390,.F.);
#1057=ORIENTED_EDGE('',*,*,#1369,.F.);
#1058=ORIENTED_EDGE('',*,*,#1391,.F.);
#1059=CARTESIAN_POINT('',(5.588,0.00800000000000001,0.0));
#1060=DIRECTION('',(1.0,0.0,0.0));
#1061=DIRECTION('',(0.0,0.0,-1.0));
#1062=ORIENTED_EDGE('',*,*,#1228,.T.);
#1063=ORIENTED_EDGE('',*,*,#1222,.T.);
#1064=ORIENTED_EDGE('',*,*,#1236,.T.);
#1065=ORIENTED_EDGE('',*,*,#1239,.T.);
#1066=ORIENTED_EDGE('',*,*,#1392,.F.);
#1067=ORIENTED_EDGE('',*,*,#1391,.T.);
#1068=ORIENTED_EDGE('',*,*,#1368,.F.);
#1069=ORIENTED_EDGE('',*,*,#1388,.F.);
#1070=CARTESIAN_POINT('',(6.604,0.508,0.0));
#1071=DIRECTION('',(0.0,-1.0,0.0));
#1072=DIRECTION('',(0.0,0.0,-1.0));
#1073=ORIENTED_EDGE('',*,*,#1390,.T.);
#1074=ORIENTED_EDGE('',*,*,#1393,.F.);
#1075=ORIENTED_EDGE('',*,*,#1394,.T.);
#1076=ORIENTED_EDGE('',*,*,#1370,.F.);
#1077=CARTESIAN_POINT('',(5.334,0.0,0.0));
#1078=DIRECTION('',(0.0,1.0,0.0));
#1079=DIRECTION('',(0.0,0.0,1.0));
#1080=ORIENTED_EDGE('',*,*,#1395,.F.);
#1081=ORIENTED_EDGE('',*,*,#1396,.T.);
#1082=ORIENTED_EDGE('',*,*,#1371,.F.);
#1083=ORIENTED_EDGE('',*,*,#1394,.F.);
#1084=CARTESIAN_POINT('',(5.08,0.00800000000000001,0.0));
#1085=DIRECTION('',(-1.0,0.0,0.0));
#1086=DIRECTION('',(0.0,0.0,1.0));
#1087=ORIENTED_EDGE('',*,*,#1397,.F.);
#1088=ORIENTED_EDGE('',*,*,#1398,.F.);
#1089=ORIENTED_EDGE('',*,*,#1373,.F.);
#1090=ORIENTED_EDGE('',*,*,#1399,.F.);
#1091=CARTESIAN_POINT('',(3.048,0.00800000000000001,0.0));
#1092=DIRECTION('',(1.0,0.0,0.0));
#1093=DIRECTION('',(0.0,0.0,-1.0));
#1094=ORIENTED_EDGE('',*,*,#1246,.T.);
#1095=ORIENTED_EDGE('',*,*,#1240,.T.);
#1096=ORIENTED_EDGE('',*,*,#1254,.T.);
#1097=ORIENTED_EDGE('',*,*,#1257,.T.);
#1098=ORIENTED_EDGE('',*,*,#1400,.F.);
#1099=ORIENTED_EDGE('',*,*,#1399,.T.);
#1100=ORIENTED_EDGE('',*,*,#1372,.F.);
#1101=ORIENTED_EDGE('',*,*,#1396,.F.);
#1102=CARTESIAN_POINT('',(4.064,0.508,0.0));
#1103=DIRECTION('',(0.0,-1.0,0.0));
#1104=DIRECTION('',(0.0,0.0,-1.0));
#1105=ORIENTED_EDGE('',*,*,#1398,.T.);
#1106=ORIENTED_EDGE('',*,*,#1401,.F.);
#1107=ORIENTED_EDGE('',*,*,#1402,.T.);
#1108=ORIENTED_EDGE('',*,*,#1374,.F.);
#1109=CARTESIAN_POINT('',(5.334,0.0,0.0));
#1110=DIRECTION('',(0.0,1.0,0.0));
#1111=DIRECTION('',(0.0,0.0,1.0));
#1112=ORIENTED_EDGE('',*,*,#1403,.F.);
#1113=ORIENTED_EDGE('',*,*,#1404,.T.);
#1114=ORIENTED_EDGE('',*,*,#1375,.F.);
#1115=ORIENTED_EDGE('',*,*,#1402,.F.);
#1116=CARTESIAN_POINT('',(2.54,0.00800000000000001,0.0));
#1117=DIRECTION('',(-1.0,0.0,0.0));
#1118=DIRECTION('',(0.0,0.0,1.0));
#1119=ORIENTED_EDGE('',*,*,#1405,.F.);
#1120=ORIENTED_EDGE('',*,*,#1406,.F.);
#1121=ORIENTED_EDGE('',*,*,#1377,.F.);
#1122=ORIENTED_EDGE('',*,*,#1407,.F.);
#1123=CARTESIAN_POINT('',(0.508,0.00800000000000001,0.0));
#1124=DIRECTION('',(1.0,0.0,0.0));
#1125=DIRECTION('',(0.0,0.0,-1.0));
#1126=ORIENTED_EDGE('',*,*,#1264,.T.);
#1127=ORIENTED_EDGE('',*,*,#1258,.T.);
#1128=ORIENTED_EDGE('',*,*,#1272,.T.);
#1129=ORIENTED_EDGE('',*,*,#1275,.T.);
#1130=ORIENTED_EDGE('',*,*,#1408,.F.);
#1131=ORIENTED_EDGE('',*,*,#1407,.T.);
#1132=ORIENTED_EDGE('',*,*,#1376,.F.);
#1133=ORIENTED_EDGE('',*,*,#1404,.F.);
#1134=CARTESIAN_POINT('',(1.524,0.508,0.0));
#1135=DIRECTION('',(0.0,-1.0,0.0));
#1136=DIRECTION('',(0.0,0.0,-1.0));
#1137=ORIENTED_EDGE('',*,*,#1406,.T.);
#1138=ORIENTED_EDGE('',*,*,#1409,.F.);
#1139=ORIENTED_EDGE('',*,*,#1410,.T.);
#1140=ORIENTED_EDGE('',*,*,#1378,.F.);
#1141=CARTESIAN_POINT('',(5.334,0.0,0.0));
#1142=DIRECTION('',(0.0,1.0,0.0));
#1143=DIRECTION('',(0.0,0.0,1.0));
#1144=ORIENTED_EDGE('',*,*,#1356,.T.);
#1145=ORIENTED_EDGE('',*,*,#1386,.T.);
#1146=ORIENTED_EDGE('',*,*,#1411,.T.);
#1147=ORIENTED_EDGE('',*,*,#1412,.T.);
#1148=ORIENTED_EDGE('',*,*,#1413,.T.);
#1149=ORIENTED_EDGE('',*,*,#1409,.T.);
#1150=ORIENTED_EDGE('',*,*,#1405,.T.);
#1151=ORIENTED_EDGE('',*,*,#1408,.T.);
#1152=ORIENTED_EDGE('',*,*,#1403,.T.);
#1153=ORIENTED_EDGE('',*,*,#1401,.T.);
#1154=ORIENTED_EDGE('',*,*,#1397,.T.);
#1155=ORIENTED_EDGE('',*,*,#1400,.T.);
#1156=ORIENTED_EDGE('',*,*,#1395,.T.);
#1157=ORIENTED_EDGE('',*,*,#1393,.T.);
#1158=ORIENTED_EDGE('',*,*,#1389,.T.);
#1159=ORIENTED_EDGE('',*,*,#1392,.T.);
#1160=ORIENTED_EDGE('',*,*,#1387,.T.);
#1161=ORIENTED_EDGE('',*,*,#1383,.T.);
#1162=ORIENTED_EDGE('',*,*,#1360,.T.);
#1163=ORIENTED_EDGE('',*,*,#1364,.T.);
#1164=CARTESIAN_POINT('',(5.334,4.2545,1.2065));
#1165=DIRECTION('',(0.0,0.0,1.0));
#1166=DIRECTION('',(1.0,0.0,0.0));
#1167=ORIENTED_EDGE('',*,*,#1414,.T.);
#1168=ORIENTED_EDGE('',*,*,#1379,.F.);
#1169=ORIENTED_EDGE('',*,*,#1410,.F.);
#1170=ORIENTED_EDGE('',*,*,#1413,.F.);
#1171=CARTESIAN_POINT('',(0.0,4.2545,0.0));
#1172=DIRECTION('',(1.0,0.0,0.0));
#1173=DIRECTION('',(0.0,0.0,-1.0));
#1174=ORIENTED_EDGE('',*,*,#1277,.T.);
#1175=ORIENTED_EDGE('',*,*,#1285,.T.);
#1176=ORIENTED_EDGE('',*,*,#1287,.T.);
#1177=ORIENTED_EDGE('',*,*,#1280,.T.);
#1178=ORIENTED_EDGE('',*,*,#1297,.T.);
#1179=ORIENTED_EDGE('',*,*,#1305,.T.);
#1180=ORIENTED_EDGE('',*,*,#1307,.T.);
#1181=ORIENTED_EDGE('',*,*,#1300,.T.);
#1182=ORIENTED_EDGE('',*,*,#1317,.T.);
#1183=ORIENTED_EDGE('',*,*,#1325,.T.);
#1184=ORIENTED_EDGE('',*,*,#1327,.T.);
#1185=ORIENTED_EDGE('',*,*,#1320,.T.);
#1186=ORIENTED_EDGE('',*,*,#1337,.T.);
#1187=ORIENTED_EDGE('',*,*,#1345,.T.);
#1188=ORIENTED_EDGE('',*,*,#1347,.T.);
#1189=ORIENTED_EDGE('',*,*,#1340,.T.);
#1190=ORIENTED_EDGE('',*,*,#1415,.T.);
#1191=ORIENTED_EDGE('',*,*,#1380,.F.);
#1192=ORIENTED_EDGE('',*,*,#1414,.F.);
#1193=ORIENTED_EDGE('',*,*,#1412,.F.);
#1194=CARTESIAN_POINT('',(5.334,8.509,0.0));
#1195=DIRECTION('',(0.0,-1.0,0.0));
#1196=DIRECTION('',(0.0,0.0,-1.0));
#1197=ORIENTED_EDGE('',*,*,#1385,.T.);
#1198=ORIENTED_EDGE('',*,*,#1381,.F.);
#1199=ORIENTED_EDGE('',*,*,#1415,.F.);
#1200=ORIENTED_EDGE('',*,*,#1411,.F.);
#1201=CARTESIAN_POINT('',(10.668,4.2545,0.0));
#1202=DIRECTION('',(-1.0,0.0,0.0));
#1203=DIRECTION('',(0.0,0.0,1.0));
#1204=EDGE_CURVE('',#1416,#1417,#1418,.T.);
#1205=EDGE_CURVE('',#1419,#1416,#1420,.T.);
#1206=EDGE_CURVE('',#1421,#1419,#1422,.T.);
#1207=EDGE_CURVE('',#1423,#1421,#1424,.T.);
#1208=EDGE_CURVE('',#1423,#1425,#1426,.T.);
#1209=EDGE_CURVE('',#1425,#1417,#1427,.T.);
#1210=EDGE_CURVE('',#1428,#1416,#1429,.T.);
#1211=EDGE_CURVE('',#1428,#1430,#1431,.T.);
#1212=EDGE_CURVE('',#1419,#1430,#1432,.T.);
#1213=EDGE_CURVE('',#1433,#1434,#1435,.T.);
#1214=EDGE_CURVE('',#1423,#1434,#1436,.T.);
#1215=EDGE_CURVE('',#1421,#1433,#1437,.T.);
#1216=EDGE_CURVE('',#1434,#1438,#1439,.T.);
#1217=EDGE_CURVE('',#1425,#1438,#1440,.T.);
#1218=EDGE_CURVE('',#1417,#1441,#1442,.T.);
#1219=EDGE_CURVE('',#1438,#1441,#1443,.T.);
#1220=EDGE_CURVE('',#1430,#1433,#1444,.T.);
#1221=EDGE_CURVE('',#1441,#1428,#1445,.T.);
#1222=EDGE_CURVE('',#1446,#1447,#1448,.T.);
#1223=EDGE_CURVE('',#1449,#1446,#1450,.T.);
#1224=EDGE_CURVE('',#1451,#1449,#1452,.T.);
#1225=EDGE_CURVE('',#1453,#1451,#1454,.T.);
#1226=EDGE_CURVE('',#1453,#1455,#1456,.T.);
#1227=EDGE_CURVE('',#1455,#1447,#1457,.T.);
#1228=EDGE_CURVE('',#1458,#1446,#1459,.T.);
#1229=EDGE_CURVE('',#1458,#1460,#1461,.T.);
#1230=EDGE_CURVE('',#1449,#1460,#1462,.T.);
#1231=EDGE_CURVE('',#1463,#1464,#1465,.T.);
#1232=EDGE_CURVE('',#1453,#1464,#1466,.T.);
#1233=EDGE_CURVE('',#1451,#1463,#1467,.T.);
#1234=EDGE_CURVE('',#1464,#1468,#1469,.T.);
#1235=EDGE_CURVE('',#1455,#1468,#1470,.T.);
#1236=EDGE_CURVE('',#1447,#1471,#1472,.T.);
#1237=EDGE_CURVE('',#1468,#1471,#1473,.T.);
#1238=EDGE_CURVE('',#1460,#1463,#1474,.T.);
#1239=EDGE_CURVE('',#1471,#1458,#1475,.T.);
#1240=EDGE_CURVE('',#1476,#1477,#1478,.T.);
#1241=EDGE_CURVE('',#1479,#1476,#1480,.T.);
#1242=EDGE_CURVE('',#1481,#1479,#1482,.T.);
#1243=EDGE_CURVE('',#1483,#1481,#1484,.T.);
#1244=EDGE_CURVE('',#1483,#1485,#1486,.T.);
#1245=EDGE_CURVE('',#1485,#1477,#1487,.T.);
#1246=EDGE_CURVE('',#1488,#1476,#1489,.T.);
#1247=EDGE_CURVE('',#1488,#1490,#1491,.T.);
#1248=EDGE_CURVE('',#1479,#1490,#1492,.T.);
#1249=EDGE_CURVE('',#1493,#1494,#1495,.T.);
#1250=EDGE_CURVE('',#1483,#1494,#1496,.T.);
#1251=EDGE_CURVE('',#1481,#1493,#1497,.T.);
#1252=EDGE_CURVE('',#1494,#1498,#1499,.T.);
#1253=EDGE_CURVE('',#1485,#1498,#1500,.T.);
#1254=EDGE_CURVE('',#1477,#1501,#1502,.T.);
#1255=EDGE_CURVE('',#1498,#1501,#1503,.T.);
#1256=EDGE_CURVE('',#1490,#1493,#1504,.T.);
#1257=EDGE_CURVE('',#1501,#1488,#1505,.T.);
#1258=EDGE_CURVE('',#1506,#1507,#1508,.T.);
#1259=EDGE_CURVE('',#1509,#1506,#1510,.T.);
#1260=EDGE_CURVE('',#1511,#1509,#1512,.T.);
#1261=EDGE_CURVE('',#1513,#1511,#1514,.T.);
#1262=EDGE_CURVE('',#1513,#1515,#1516,.T.);
#1263=EDGE_CURVE('',#1515,#1507,#1517,.T.);
#1264=EDGE_CURVE('',#1518,#1506,#1519,.T.);
#1265=EDGE_CURVE('',#1518,#1520,#1521,.T.);
#1266=EDGE_CURVE('',#1509,#1520,#1522,.T.);
#1267=EDGE_CURVE('',#1523,#1524,#1525,.T.);
#1268=EDGE_CURVE('',#1513,#1524,#1526,.T.);
#1269=EDGE_CURVE('',#1511,#1523,#1527,.T.);
#1270=EDGE_CURVE('',#1524,#1528,#1529,.T.);
#1271=EDGE_CURVE('',#1515,#1528,#1530,.T.);
#1272=EDGE_CURVE('',#1507,#1531,#1532,.T.);
#1273=EDGE_CURVE('',#1528,#1531,#1533,.T.);
#1274=EDGE_CURVE('',#1520,#1523,#1534,.T.);
#1275=EDGE_CURVE('',#1531,#1518,#1535,.T.);
#1276=EDGE_CURVE('',#1536,#1537,#1538,.T.);
#1277=EDGE_CURVE('',#1539,#1537,#1540,.T.);
#1278=EDGE_CURVE('',#1539,#1541,#1542,.T.);
#1279=EDGE_CURVE('',#1541,#1536,#1543,.T.);
#1280=EDGE_CURVE('',#1544,#1539,#1545,.T.);
#1281=EDGE_CURVE('',#1546,#1544,#1547,.T.);
#1282=EDGE_CURVE('',#1546,#1541,#1548,.T.);
#1283=EDGE_CURVE('',#1536,#1549,#1550,.T.);
#1284=EDGE_CURVE('',#1549,#1551,#1552,.T.);
#1285=EDGE_CURVE('',#1537,#1551,#1553,.T.);
#1286=EDGE_CURVE('',#1549,#1546,#1554,.T.);
#1287=EDGE_CURVE('',#1551,#1544,#1555,.T.);
#1288=EDGE_CURVE('',#1546,#1556,#1557,.T.);
#1289=EDGE_CURVE('',#1558,#1556,#1559,.T.);
#1290=EDGE_CURVE('',#1558,#1541,#1560,.T.);
#1291=EDGE_CURVE('',#1561,#1549,#1562,.T.);
#1292=EDGE_CURVE('',#1556,#1561,#1563,.T.);
#1293=EDGE_CURVE('',#1564,#1558,#1565,.T.);
#1294=EDGE_CURVE('',#1536,#1564,#1566,.T.);
#1295=EDGE_CURVE('',#1564,#1561,#1567,.T.);
#1296=EDGE_CURVE('',#1568,#1569,#1570,.T.);
#1297=EDGE_CURVE('',#1571,#1569,#1572,.T.);
#1298=EDGE_CURVE('',#1571,#1573,#1574,.T.);
#1299=EDGE_CURVE('',#1573,#1568,#1575,.T.);
#1300=EDGE_CURVE('',#1576,#1571,#1577,.T.);
#1301=EDGE_CURVE('',#1578,#1576,#1579,.T.);
#1302=EDGE_CURVE('',#1578,#1573,#1580,.T.);
#1303=EDGE_CURVE('',#1568,#1581,#1582,.T.);
#1304=EDGE_CURVE('',#1581,#1583,#1584,.T.);
#1305=EDGE_CURVE('',#1569,#1583,#1585,.T.);
#1306=EDGE_CURVE('',#1581,#1578,#1586,.T.);
#1307=EDGE_CURVE('',#1583,#1576,#1587,.T.);
#1308=EDGE_CURVE('',#1578,#1588,#1589,.T.);
#1309=EDGE_CURVE('',#1590,#1588,#1591,.T.);
#1310=EDGE_CURVE('',#1590,#1573,#1592,.T.);
#1311=EDGE_CURVE('',#1593,#1581,#1594,.T.);
#1312=EDGE_CURVE('',#1588,#1593,#1595,.T.);
#1313=EDGE_CURVE('',#1596,#1590,#1597,.T.);
#1314=EDGE_CURVE('',#1568,#1596,#1598,.T.);
#1315=EDGE_CURVE('',#1596,#1593,#1599,.T.);
#1316=EDGE_CURVE('',#1600,#1601,#1602,.T.);
#1317=EDGE_CURVE('',#1603,#1601,#1604,.T.);
#1318=EDGE_CURVE('',#1603,#1605,#1606,.T.);
#1319=EDGE_CURVE('',#1605,#1600,#1607,.T.);
#1320=EDGE_CURVE('',#1608,#1603,#1609,.T.);
#1321=EDGE_CURVE('',#1610,#1608,#1611,.T.);
#1322=EDGE_CURVE('',#1610,#1605,#1612,.T.);
#1323=EDGE_CURVE('',#1600,#1613,#1614,.T.);
#1324=EDGE_CURVE('',#1613,#1615,#1616,.T.);
#1325=EDGE_CURVE('',#1601,#1615,#1617,.T.);
#1326=EDGE_CURVE('',#1613,#1610,#1618,.T.);
#1327=EDGE_CURVE('',#1615,#1608,#1619,.T.);
#1328=EDGE_CURVE('',#1610,#1620,#1621,.T.);
#1329=EDGE_CURVE('',#1622,#1620,#1623,.T.);
#1330=EDGE_CURVE('',#1622,#1605,#1624,.T.);
#1331=EDGE_CURVE('',#1625,#1613,#1626,.T.);
#1332=EDGE_CURVE('',#1620,#1625,#1627,.T.);
#1333=EDGE_CURVE('',#1628,#1622,#1629,.T.);
#1334=EDGE_CURVE('',#1600,#1628,#1630,.T.);
#1335=EDGE_CURVE('',#1628,#1625,#1631,.T.);
#1336=EDGE_CURVE('',#1632,#1633,#1634,.T.);
#1337=EDGE_CURVE('',#1635,#1633,#1636,.T.);
#1338=EDGE_CURVE('',#1635,#1637,#1638,.T.);
#1339=EDGE_CURVE('',#1637,#1632,#1639,.T.);
#1340=EDGE_CURVE('',#1640,#1635,#1641,.T.);
#1341=EDGE_CURVE('',#1642,#1640,#1643,.T.);
#1342=EDGE_CURVE('',#1642,#1637,#1644,.T.);
#1343=EDGE_CURVE('',#1632,#1645,#1646,.T.);
#1344=EDGE_CURVE('',#1645,#1647,#1648,.T.);
#1345=EDGE_CURVE('',#1633,#1647,#1649,.T.);
#1346=EDGE_CURVE('',#1645,#1642,#1650,.T.);
#1347=EDGE_CURVE('',#1647,#1640,#1651,.T.);
#1348=EDGE_CURVE('',#1642,#1652,#1653,.T.);
#1349=EDGE_CURVE('',#1654,#1652,#1655,.T.);
#1350=EDGE_CURVE('',#1654,#1637,#1656,.T.);
#1351=EDGE_CURVE('',#1657,#1645,#1658,.T.);
#1352=EDGE_CURVE('',#1652,#1657,#1659,.T.);
#1353=EDGE_CURVE('',#1660,#1654,#1661,.T.);
#1354=EDGE_CURVE('',#1632,#1660,#1662,.T.);
#1355=EDGE_CURVE('',#1660,#1657,#1663,.T.);
#1356=EDGE_CURVE('',#1664,#1665,#1666,.T.);
#1357=EDGE_CURVE('',#1664,#1667,#1668,.T.);
#1358=EDGE_CURVE('',#1669,#1667,#1670,.T.);
#1359=EDGE_CURVE('',#1665,#1669,#1671,.T.);
#1360=EDGE_CURVE('',#1672,#1673,#1674,.T.);
#1361=EDGE_CURVE('',#1675,#1672,#1676,.T.);
#1362=EDGE_CURVE('',#1677,#1675,#1678,.T.);
#1363=EDGE_CURVE('',#1673,#1677,#1679,.T.);
#1364=EDGE_CURVE('',#1673,#1664,#1680,.T.);
#1365=EDGE_CURVE('',#1667,#1677,#1681,.T.);
#1366=EDGE_CURVE('',#1675,#1682,#1683,.T.);
#1367=EDGE_CURVE('',#1682,#1684,#1685,.T.);
#1368=EDGE_CURVE('',#1684,#1686,#1687,.T.);
#1369=EDGE_CURVE('',#1686,#1688,#1689,.T.);
#1370=EDGE_CURVE('',#1688,#1690,#1691,.T.);
#1371=EDGE_CURVE('',#1690,#1692,#1693,.T.);
#1372=EDGE_CURVE('',#1692,#1694,#1695,.T.);
#1373=EDGE_CURVE('',#1694,#1696,#1697,.T.);
#1374=EDGE_CURVE('',#1696,#1698,#1699,.T.);
#1375=EDGE_CURVE('',#1698,#1700,#1701,.T.);
#1376=EDGE_CURVE('',#1700,#1702,#1703,.T.);
#1377=EDGE_CURVE('',#1702,#1704,#1705,.T.);
#1378=EDGE_CURVE('',#1704,#1706,#1707,.T.);
#1379=EDGE_CURVE('',#1706,#1708,#1709,.T.);
#1380=EDGE_CURVE('',#1708,#1710,#1711,.T.);
#1381=EDGE_CURVE('',#1710,#1712,#1713,.T.);
#1382=EDGE_CURVE('',#1712,#1669,#1714,.T.);
#1383=EDGE_CURVE('',#1715,#1672,#1716,.T.);
#1384=EDGE_CURVE('',#1715,#1682,#1717,.T.);
#1385=EDGE_CURVE('',#1718,#1712,#1719,.T.);
#1386=EDGE_CURVE('',#1665,#1718,#1720,.T.);
#1387=EDGE_CURVE('',#1721,#1715,#1722,.T.);
#1388=EDGE_CURVE('',#1721,#1684,#1723,.T.);
#1389=EDGE_CURVE('',#1724,#1725,#1726,.T.);
#1390=EDGE_CURVE('',#1688,#1724,#1727,.T.);
#1391=EDGE_CURVE('',#1725,#1686,#1728,.T.);
#1392=EDGE_CURVE('',#1725,#1721,#1729,.T.);
#1393=EDGE_CURVE('',#1730,#1724,#1731,.T.);
#1394=EDGE_CURVE('',#1730,#1690,#1732,.T.);
#1395=EDGE_CURVE('',#1733,#1730,#1734,.T.);
#1396=EDGE_CURVE('',#1733,#1692,#1735,.T.);
#1397=EDGE_CURVE('',#1736,#1737,#1738,.T.);
#1398=EDGE_CURVE('',#1696,#1736,#1739,.T.);
#1399=EDGE_CURVE('',#1737,#1694,#1740,.T.);
#1400=EDGE_CURVE('',#1737,#1733,#1741,.T.);
#1401=EDGE_CURVE('',#1742,#1736,#1743,.T.);
#1402=EDGE_CURVE('',#1742,#1698,#1744,.T.);
#1403=EDGE_CURVE('',#1745,#1742,#1746,.T.);
#1404=EDGE_CURVE('',#1745,#1700,#1747,.T.);
#1405=EDGE_CURVE('',#1748,#1749,#1750,.T.);
#1406=EDGE_CURVE('',#1704,#1748,#1751,.T.);
#1407=EDGE_CURVE('',#1749,#1702,#1752,.T.);
#1408=EDGE_CURVE('',#1749,#1745,#1753,.T.);
#1409=EDGE_CURVE('',#1754,#1748,#1755,.T.);
#1410=EDGE_CURVE('',#1754,#1706,#1756,.T.);
#1411=EDGE_CURVE('',#1718,#1757,#1758,.T.);
#1412=EDGE_CURVE('',#1757,#1759,#1760,.T.);
#1413=EDGE_CURVE('',#1759,#1754,#1761,.T.);
#1414=EDGE_CURVE('',#1759,#1708,#1762,.T.);
#1415=EDGE_CURVE('',#1757,#1710,#1763,.T.);
#1416=VERTEX_POINT('',#1764);
#1417=VERTEX_POINT('',#1765);
#1418=LINE('',#1766,#1767);
#1419=VERTEX_POINT('',#1768);
#1420=LINE('',#1769,#1770);
#1421=VERTEX_POINT('',#1771);
#1422=LINE('',#1772,#1773);
#1423=VERTEX_POINT('',#1774);
#1424=LINE('',#1775,#1776);
#1425=VERTEX_POINT('',#1777);
#1426=LINE('',#1778,#1779);
#1427=LINE('',#1780,#1781);
#1428=VERTEX_POINT('',#1782);
#1429=LINE('',#1783,#1784);
#1430=VERTEX_POINT('',#1785);
#1431=LINE('',#1786,#1787);
#1432=LINE('',#1788,#1789);
#1433=VERTEX_POINT('',#1790);
#1434=VERTEX_POINT('',#1791);
#1435=LINE('',#1792,#1793);
#1436=LINE('',#1794,#1795);
#1437=LINE('',#1796,#1797);
#1438=VERTEX_POINT('',#1798);
#1439=LINE('',#1799,#1800);
#1440=LINE('',#1801,#1802);
#1441=VERTEX_POINT('',#1803);
#1442=LINE('',#1804,#1805);
#1443=LINE('',#1806,#1807);
#1444=LINE('',#1808,#1809);
#1445=LINE('',#1810,#1811);
#1446=VERTEX_POINT('',#1812);
#1447=VERTEX_POINT('',#1813);
#1448=LINE('',#1814,#1815);
#1449=VERTEX_POINT('',#1816);
#1450=LINE('',#1817,#1818);
#1451=VERTEX_POINT('',#1819);
#1452=LINE('',#1820,#1821);
#1453=VERTEX_POINT('',#1822);
#1454=LINE('',#1823,#1824);
#1455=VERTEX_POINT('',#1825);
#1456=LINE('',#1826,#1827);
#1457=LINE('',#1828,#1829);
#1458=VERTEX_POINT('',#1830);
#1459=LINE('',#1831,#1832);
#1460=VERTEX_POINT('',#1833);
#1461=LINE('',#1834,#1835);
#1462=LINE('',#1836,#1837);
#1463=VERTEX_POINT('',#1838);
#1464=VERTEX_POINT('',#1839);
#1465=LINE('',#1840,#1841);
#1466=LINE('',#1842,#1843);
#1467=LINE('',#1844,#1845);
#1468=VERTEX_POINT('',#1846);
#1469=LINE('',#1847,#1848);
#1470=LINE('',#1849,#1850);
#1471=VERTEX_POINT('',#1851);
#1472=LINE('',#1852,#1853);
#1473=LINE('',#1854,#1855);
#1474=LINE('',#1856,#1857);
#1475=LINE('',#1858,#1859);
#1476=VERTEX_POINT('',#1860);
#1477=VERTEX_POINT('',#1861);
#1478=LINE('',#1862,#1863);
#1479=VERTEX_POINT('',#1864);
#1480=LINE('',#1865,#1866);
#1481=VERTEX_POINT('',#1867);
#1482=LINE('',#1868,#1869);
#1483=VERTEX_POINT('',#1870);
#1484=LINE('',#1871,#1872);
#1485=VERTEX_POINT('',#1873);
#1486=LINE('',#1874,#1875);
#1487=LINE('',#1876,#1877);
#1488=VERTEX_POINT('',#1878);
#1489=LINE('',#1879,#1880);
#1490=VERTEX_POINT('',#1881);
#1491=LINE('',#1882,#1883);
#1492=LINE('',#1884,#1885);
#1493=VERTEX_POINT('',#1886);
#1494=VERTEX_POINT('',#1887);
#1495=LINE('',#1888,#1889);
#1496=LINE('',#1890,#1891);
#1497=LINE('',#1892,#1893);
#1498=VERTEX_POINT('',#1894);
#1499=LINE('',#1895,#1896);
#1500=LINE('',#1897,#1898);
#1501=VERTEX_POINT('',#1899);
#1502=LINE('',#1900,#1901);
#1503=LINE('',#1902,#1903);
#1504=LINE('',#1904,#1905);
#1505=LINE('',#1906,#1907);
#1506=VERTEX_POINT('',#1908);
#1507=VERTEX_POINT('',#1909);
#1508=LINE('',#1910,#1911);
#1509=VERTEX_POINT('',#1912);
#1510=LINE('',#1913,#1914);
#1511=VERTEX_POINT('',#1915);
#1512=LINE('',#1916,#1917);
#1513=VERTEX_POINT('',#1918);
#1514=LINE('',#1919,#1920);
#1515=VERTEX_POINT('',#1921);
#1516=LINE('',#1922,#1923);
#1517=LINE('',#1924,#1925);
#1518=VERTEX_POINT('',#1926);
#1519=LINE('',#1927,#1928);
#1520=VERTEX_POINT('',#1929);
#1521=LINE('',#1930,#1931);
#1522=LINE('',#1932,#1933);
#1523=VERTEX_POINT('',#1934);
#1524=VERTEX_POINT('',#1935);
#1525=LINE('',#1936,#1937);
#1526=LINE('',#1938,#1939);
#1527=LINE('',#1940,#1941);
#1528=VERTEX_POINT('',#1942);
#1529=LINE('',#1943,#1944);
#1530=LINE('',#1945,#1946);
#1531=VERTEX_POINT('',#1947);
#1532=LINE('',#1948,#1949);
#1533=LINE('',#1950,#1951);
#1534=LINE('',#1952,#1953);
#1535=LINE('',#1954,#1955);
#1536=VERTEX_POINT('',#1956);
#1537=VERTEX_POINT('',#1957);
#1538=LINE('',#1958,#1959);
#1539=VERTEX_POINT('',#1960);
#1540=LINE('',#1961,#1962);
#1541=VERTEX_POINT('',#1963);
#1542=LINE('',#1964,#1965);
#1543=LINE('',#1966,#1967);
#1544=VERTEX_POINT('',#1968);
#1545=LINE('',#1969,#1970);
#1546=VERTEX_POINT('',#1971);
#1547=LINE('',#1972,#1973);
#1548=LINE('',#1974,#1975);
#1549=VERTEX_POINT('',#1976);
#1550=LINE('',#1977,#1978);
#1551=VERTEX_POINT('',#1979);
#1552=LINE('',#1980,#1981);
#1553=LINE('',#1982,#1983);
#1554=LINE('',#1984,#1985);
#1555=LINE('',#1986,#1987);
#1556=VERTEX_POINT('',#1988);
#1557=LINE('',#1989,#1990);
#1558=VERTEX_POINT('',#1991);
#1559=LINE('',#1992,#1993);
#1560=LINE('',#1994,#1995);
#1561=VERTEX_POINT('',#1996);
#1562=LINE('',#1997,#1998);
#1563=LINE('',#1999,#2000);
#1564=VERTEX_POINT('',#2001);
#1565=LINE('',#2002,#2003);
#1566=LINE('',#2004,#2005);
#1567=LINE('',#2006,#2007);
#1568=VERTEX_POINT('',#2008);
#1569=VERTEX_POINT('',#2009);
#1570=LINE('',#2010,#2011);
#1571=VERTEX_POINT('',#2012);
#1572=LINE('',#2013,#2014);
#1573=VERTEX_POINT('',#2015);
#1574=LINE('',#2016,#2017);
#1575=LINE('',#2018,#2019);
#1576=VERTEX_POINT('',#2020);
#1577=LINE('',#2021,#2022);
#1578=VERTEX_POINT('',#2023);
#1579=LINE('',#2024,#2025);
#1580=LINE('',#2026,#2027);
#1581=VERTEX_POINT('',#2028);
#1582=LINE('',#2029,#2030);
#1583=VERTEX_POINT('',#2031);
#1584=LINE('',#2032,#2033);
#1585=LINE('',#2034,#2035);
#1586=LINE('',#2036,#2037);
#1587=LINE('',#2038,#2039);
#1588=VERTEX_POINT('',#2040);
#1589=LINE('',#2041,#2042);
#1590=VERTEX_POINT('',#2043);
#1591=LINE('',#2044,#2045);
#1592=LINE('',#2046,#2047);
#1593=VERTEX_POINT('',#2048);
#1594=LINE('',#2049,#2050);
#1595=LINE('',#2051,#2052);
#1596=VERTEX_POINT('',#2053);
#1597=LINE('',#2054,#2055);
#1598=LINE('',#2056,#2057);
#1599=LINE('',#2058,#2059);
#1600=VERTEX_POINT('',#2060);
#1601=VERTEX_POINT('',#2061);
#1602=LINE('',#2062,#2063);
#1603=VERTEX_POINT('',#2064);
#1604=LINE('',#2065,#2066);
#1605=VERTEX_POINT('',#2067);
#1606=LINE('',#2068,#2069);
#1607=LINE('',#2070,#2071);
#1608=VERTEX_POINT('',#2072);
#1609=LINE('',#2073,#2074);
#1610=VERTEX_POINT('',#2075);
#1611=LINE('',#2076,#2077);
#1612=LINE('',#2078,#2079);
#1613=VERTEX_POINT('',#2080);
#1614=LINE('',#2081,#2082);
#1615=VERTEX_POINT('',#2083);
#1616=LINE('',#2084,#2085);
#1617=LINE('',#2086,#2087);
#1618=LINE('',#2088,#2089);
#1619=LINE('',#2090,#2091);
#1620=VERTEX_POINT('',#2092);
#1621=LINE('',#2093,#2094);
#1622=VERTEX_POINT('',#2095);
#1623=LINE('',#2096,#2097);
#1624=LINE('',#2098,#2099);
#1625=VERTEX_POINT('',#2100);
#1626=LINE('',#2101,#2102);
#1627=LINE('',#2103,#2104);
#1628=VERTEX_POINT('',#2105);
#1629=LINE('',#2106,#2107);
#1630=LINE('',#2108,#2109);
#1631=LINE('',#2110,#2111);
#1632=VERTEX_POINT('',#2112);
#1633=VERTEX_POINT('',#2113);
#1634=LINE('',#2114,#2115);
#1635=VERTEX_POINT('',#2116);
#1636=LINE('',#2117,#2118);
#1637=VERTEX_POINT('',#2119);
#1638=LINE('',#2120,#2121);
#1639=LINE('',#2122,#2123);
#1640=VERTEX_POINT('',#2124);
#1641=LINE('',#2125,#2126);
#1642=VERTEX_POINT('',#2127);
#1643=LINE('',#2128,#2129);
#1644=LINE('',#2130,#2131);
#1645=VERTEX_POINT('',#2132);
#1646=LINE('',#2133,#2134);
#1647=VERTEX_POINT('',#2135);
#1648=LINE('',#2136,#2137);
#1649=LINE('',#2138,#2139);
#1650=LINE('',#2140,#2141);
#1651=LINE('',#2142,#2143);
#1652=VERTEX_POINT('',#2144);
#1653=LINE('',#2145,#2146);
#1654=VERTEX_POINT('',#2147);
#1655=LINE('',#2148,#2149);
#1656=LINE('',#2150,#2151);
#1657=VERTEX_POINT('',#2152);
#1658=LINE('',#2153,#2154);
#1659=LINE('',#2155,#2156);
#1660=VERTEX_POINT('',#2157);
#1661=LINE('',#2158,#2159);
#1662=LINE('',#2160,#2161);
#1663=LINE('',#2162,#2163);
#1664=VERTEX_POINT('',#2164);
#1665=VERTEX_POINT('',#2165);
#1666=LINE('',#2166,#2167);
#1667=VERTEX_POINT('',#2168);
#1668=LINE('',#2169,#2170);
#1669=VERTEX_POINT('',#2171);
#1670=LINE('',#2172,#2173);
#1671=LINE('',#2174,#2175);
#1672=VERTEX_POINT('',#2176);
#1673=VERTEX_POINT('',#2177);
#1674=LINE('',#2178,#2179);
#1675=VERTEX_POINT('',#2180);
#1676=LINE('',#2181,#2182);
#1677=VERTEX_POINT('',#2183);
#1678=LINE('',#2184,#2185);
#1679=LINE('',#2186,#2187);
#1680=LINE('',#2188,#2189);
#1681=LINE('',#2190,#2191);
#1682=VERTEX_POINT('',#2192);
#1683=LINE('',#2193,#2194);
#1684=VERTEX_POINT('',#2195);
#1685=LINE('',#2196,#2197);
#1686=VERTEX_POINT('',#2198);
#1687=LINE('',#2199,#2200);
#1688=VERTEX_POINT('',#2201);
#1689=LINE('',#2202,#2203);
#1690=VERTEX_POINT('',#2204);
#1691=LINE('',#2205,#2206);
#1692=VERTEX_POINT('',#2207);
#1693=LINE('',#2208,#2209);
#1694=VERTEX_POINT('',#2210);
#1695=LINE('',#2211,#2212);
#1696=VERTEX_POINT('',#2213);
#1697=LINE('',#2214,#2215);
#1698=VERTEX_POINT('',#2216);
#1699=LINE('',#2217,#2218);
#1700=VERTEX_POINT('',#2219);
#1701=LINE('',#2220,#2221);
#1702=VERTEX_POINT('',#2222);
#1703=LINE('',#2223,#2224);
#1704=VERTEX_POINT('',#2225);
#1705=LINE('',#2226,#2227);
#1706=VERTEX_POINT('',#2228);
#1707=LINE('',#2229,#2230);
#1708=VERTEX_POINT('',#2231);
#1709=LINE('',#2232,#2233);
#1710=VERTEX_POINT('',#2234);
#1711=LINE('',#2235,#2236);
#1712=VERTEX_POINT('',#2237);
#1713=LINE('',#2238,#2239);
#1714=LINE('',#2240,#2241);
#1715=VERTEX_POINT('',#2242);
#1716=LINE('',#2243,#2244);
#1717=LINE('',#2245,#2246);
#1718=VERTEX_POINT('',#2247);
#1719=LINE('',#2248,#2249);
#1720=LINE('',#2250,#2251);
#1721=VERTEX_POINT('',#2252);
#1722=LINE('',#2253,#2254);
#1723=LINE('',#2255,#2256);
#1724=VERTEX_POINT('',#2257);
#1725=VERTEX_POINT('',#2258);
#1726=LINE('',#2259,#2260);
#1727=LINE('',#2261,#2262);
#1728=LINE('',#2263,#2264);
#1729=LINE('',#2265,#2266);
#1730=VERTEX_POINT('',#2267);
#1731=LINE('',#2268,#2269);
#1732=LINE('',#2270,#2271);
#1733=VERTEX_POINT('',#2272);
#1734=LINE('',#2273,#2274);
#1735=LINE('',#2275,#2276);
#1736=VERTEX_POINT('',#2277);
#1737=VERTEX_POINT('',#2278);
#1738=LINE('',#2279,#2280);
#1739=LINE('',#2281,#2282);
#1740=LINE('',#2283,#2284);
#1741=LINE('',#2285,#2286);
#1742=VERTEX_POINT('',#2287);
#1743=LINE('',#2288,#2289);
#1744=LINE('',#2290,#2291);
#1745=VERTEX_POINT('',#2292);
#1746=LINE('',#2293,#2294);
#1747=LINE('',#2295,#2296);
#1748=VERTEX_POINT('',#2297);
#1749=VERTEX_POINT('',#2298);
#1750=LINE('',#2299,#2300);
#1751=LINE('',#2301,#2302);
#1752=LINE('',#2303,#2304);
#1753=LINE('',#2305,#2306);
#1754=VERTEX_POINT('',#2307);
#1755=LINE('',#2308,#2309);
#1756=LINE('',#2310,#2311);
#1757=VERTEX_POINT('',#2312);
#1758=LINE('',#2313,#2314);
#1759=VERTEX_POINT('',#2315);
#1760=LINE('',#2316,#2317);
#1761=LINE('',#2318,#2319);
#1762=LINE('',#2320,#2321);
#1763=LINE('',#2322,#2323);
#1764=CARTESIAN_POINT('',(9.5377,0.508,-0.2032));
#1765=CARTESIAN_POINT('',(8.7503,0.508,-0.2032));
#1766=CARTESIAN_POINT('',(9.144,0.508,-0.2032));
#1767=VECTOR('',#2324,1.0);
#1768=CARTESIAN_POINT('',(9.5377,-2.20165909487751,-0.2032));
#1769=CARTESIAN_POINT('',(9.5377,-2.20165909487751,-0.2032));
#1770=VECTOR('',#2325,1.0);
#1771=CARTESIAN_POINT('',(9.2837,-2.6416,-0.2032));
#1772=CARTESIAN_POINT('',(9.2837,-2.6416,-0.2032));
#1773=VECTOR('',#2326,1.0);
#1774=CARTESIAN_POINT('',(9.0043,-2.6416,-0.2032));
#1775=CARTESIAN_POINT('',(9.144,-2.6416,-0.2032));
#1776=VECTOR('',#2327,1.0);
#1777=CARTESIAN_POINT('',(8.7503,-2.20165909487751,-0.2032));
#1778=CARTESIAN_POINT('',(9.0043,-2.6416,-0.2032));
#1779=VECTOR('',#2328,1.0);
#1780=CARTESIAN_POINT('',(8.7503,-2.20165909487751,-0.2032));
#1781=VECTOR('',#2329,1.0);
#1782=CARTESIAN_POINT('',(9.5377,0.508,0.2032));
#1783=CARTESIAN_POINT('',(9.5377,0.508,-0.1016));
#1784=VECTOR('',#2330,1.0);
#1785=CARTESIAN_POINT('',(9.5377,-2.20165909487751,0.2032));
#1786=CARTESIAN_POINT('',(9.5377,-2.20165909487751,0.2032));
#1787=VECTOR('',#2331,1.0);
#1788=CARTESIAN_POINT('',(9.5377,-2.20165909487751,-0.2032));
#1789=VECTOR('',#2332,1.0);
#1790=CARTESIAN_POINT('',(9.2837,-2.6416,0.2032));
#1791=CARTESIAN_POINT('',(9.0043,-2.6416,0.2032));
#1792=CARTESIAN_POINT('',(9.144,-2.6416,0.2032));
#1793=VECTOR('',#2333,1.0);
#1794=CARTESIAN_POINT('',(9.0043,-2.6416,-0.2032));
#1795=VECTOR('',#2334,1.0);
#1796=CARTESIAN_POINT('',(9.2837,-2.6416,-0.2032));
#1797=VECTOR('',#2335,1.0);
#1798=CARTESIAN_POINT('',(8.7503,-2.20165909487751,0.2032));
#1799=CARTESIAN_POINT('',(9.0043,-2.6416,0.2032));
#1800=VECTOR('',#2336,1.0);
#1801=CARTESIAN_POINT('',(8.7503,-2.20165909487751,-0.2032));
#1802=VECTOR('',#2337,1.0);
#1803=CARTESIAN_POINT('',(8.7503,0.508,0.2032));
#1804=CARTESIAN_POINT('',(8.7503,0.508,-0.1016));
#1805=VECTOR('',#2338,1.0);
#1806=CARTESIAN_POINT('',(8.7503,-2.20165909487751,0.2032));
#1807=VECTOR('',#2339,1.0);
#1808=CARTESIAN_POINT('',(9.2837,-2.6416,0.2032));
#1809=VECTOR('',#2340,0.999999999999999);
#1810=CARTESIAN_POINT('',(9.144,0.508,0.2032));
#1811=VECTOR('',#2341,1.0);
#1812=CARTESIAN_POINT('',(6.9977,0.508,-0.2032));
#1813=CARTESIAN_POINT('',(6.2103,0.508,-0.2032));
#1814=CARTESIAN_POINT('',(6.604,0.508,-0.2032));
#1815=VECTOR('',#2342,1.0);
#1816=CARTESIAN_POINT('',(6.9977,-2.20165909487751,-0.2032));
#1817=CARTESIAN_POINT('',(6.9977,-2.20165909487751,-0.2032));
#1818=VECTOR('',#2343,1.0);
#1819=CARTESIAN_POINT('',(6.7437,-2.6416,-0.2032));
#1820=CARTESIAN_POINT('',(6.7437,-2.6416,-0.2032));
#1821=VECTOR('',#2344,1.0);
#1822=CARTESIAN_POINT('',(6.4643,-2.6416,-0.2032));
#1823=CARTESIAN_POINT('',(6.604,-2.6416,-0.2032));
#1824=VECTOR('',#2345,1.0);
#1825=CARTESIAN_POINT('',(6.2103,-2.20165909487751,-0.2032));
#1826=CARTESIAN_POINT('',(6.4643,-2.6416,-0.2032));
#1827=VECTOR('',#2346,1.0);
#1828=CARTESIAN_POINT('',(6.2103,-2.20165909487751,-0.2032));
#1829=VECTOR('',#2347,1.0);
#1830=CARTESIAN_POINT('',(6.9977,0.508,0.2032));
#1831=CARTESIAN_POINT('',(6.9977,0.508,-0.1016));
#1832=VECTOR('',#2348,1.0);
#1833=CARTESIAN_POINT('',(6.9977,-2.20165909487751,0.2032));
#1834=CARTESIAN_POINT('',(6.9977,-2.20165909487751,0.2032));
#1835=VECTOR('',#2349,1.0);
#1836=CARTESIAN_POINT('',(6.9977,-2.20165909487751,-0.2032));
#1837=VECTOR('',#2350,1.0);
#1838=CARTESIAN_POINT('',(6.7437,-2.6416,0.2032));
#1839=CARTESIAN_POINT('',(6.4643,-2.6416,0.2032));
#1840=CARTESIAN_POINT('',(6.604,-2.6416,0.2032));
#1841=VECTOR('',#2351,1.0);
#1842=CARTESIAN_POINT('',(6.4643,-2.6416,-0.2032));
#1843=VECTOR('',#2352,1.0);
#1844=CARTESIAN_POINT('',(6.7437,-2.6416,-0.2032));
#1845=VECTOR('',#2353,1.0);
#1846=CARTESIAN_POINT('',(6.2103,-2.20165909487751,0.2032));
#1847=CARTESIAN_POINT('',(6.4643,-2.6416,0.2032));
#1848=VECTOR('',#2354,1.0);
#1849=CARTESIAN_POINT('',(6.2103,-2.20165909487751,-0.2032));
#1850=VECTOR('',#2355,1.0);
#1851=CARTESIAN_POINT('',(6.2103,0.508,0.2032));
#1852=CARTESIAN_POINT('',(6.2103,0.508,-0.1016));
#1853=VECTOR('',#2356,1.0);
#1854=CARTESIAN_POINT('',(6.2103,-2.20165909487751,0.2032));
#1855=VECTOR('',#2357,1.0);
#1856=CARTESIAN_POINT('',(6.7437,-2.6416,0.2032));
#1857=VECTOR('',#2358,0.999999999999999);
#1858=CARTESIAN_POINT('',(6.604,0.508,0.2032));
#1859=VECTOR('',#2359,1.0);
#1860=CARTESIAN_POINT('',(4.4577,0.508,-0.2032));
#1861=CARTESIAN_POINT('',(3.6703,0.508,-0.2032));
#1862=CARTESIAN_POINT('',(4.064,0.508,-0.2032));
#1863=VECTOR('',#2360,1.0);
#1864=CARTESIAN_POINT('',(4.4577,-2.20165909487751,-0.2032));
#1865=CARTESIAN_POINT('',(4.4577,-2.20165909487751,-0.2032));
#1866=VECTOR('',#2361,1.0);
#1867=CARTESIAN_POINT('',(4.2037,-2.6416,-0.2032));
#1868=CARTESIAN_POINT('',(4.2037,-2.6416,-0.2032));
#1869=VECTOR('',#2362,1.0);
#1870=CARTESIAN_POINT('',(3.9243,-2.6416,-0.2032));
#1871=CARTESIAN_POINT('',(4.064,-2.6416,-0.2032));
#1872=VECTOR('',#2363,1.0);
#1873=CARTESIAN_POINT('',(3.6703,-2.20165909487751,-0.2032));
#1874=CARTESIAN_POINT('',(3.9243,-2.6416,-0.2032));
#1875=VECTOR('',#2364,1.0);
#1876=CARTESIAN_POINT('',(3.6703,-2.20165909487751,-0.2032));
#1877=VECTOR('',#2365,1.0);
#1878=CARTESIAN_POINT('',(4.4577,0.508,0.2032));
#1879=CARTESIAN_POINT('',(4.4577,0.508,-0.1016));
#1880=VECTOR('',#2366,1.0);
#1881=CARTESIAN_POINT('',(4.4577,-2.20165909487751,0.2032));
#1882=CARTESIAN_POINT('',(4.4577,-2.20165909487751,0.2032));
#1883=VECTOR('',#2367,1.0);
#1884=CARTESIAN_POINT('',(4.4577,-2.20165909487751,-0.2032));
#1885=VECTOR('',#2368,1.0);
#1886=CARTESIAN_POINT('',(4.2037,-2.6416,0.2032));
#1887=CARTESIAN_POINT('',(3.9243,-2.6416,0.2032));
#1888=CARTESIAN_POINT('',(4.064,-2.6416,0.2032));
#1889=VECTOR('',#2369,1.0);
#1890=CARTESIAN_POINT('',(3.9243,-2.6416,-0.2032));
#1891=VECTOR('',#2370,1.0);
#1892=CARTESIAN_POINT('',(4.2037,-2.6416,-0.2032));
#1893=VECTOR('',#2371,1.0);
#1894=CARTESIAN_POINT('',(3.6703,-2.20165909487751,0.2032));
#1895=CARTESIAN_POINT('',(3.9243,-2.6416,0.2032));
#1896=VECTOR('',#2372,1.0);
#1897=CARTESIAN_POINT('',(3.6703,-2.20165909487751,-0.2032));
#1898=VECTOR('',#2373,1.0);
#1899=CARTESIAN_POINT('',(3.6703,0.508,0.2032));
#1900=CARTESIAN_POINT('',(3.6703,0.508,-0.1016));
#1901=VECTOR('',#2374,1.0);
#1902=CARTESIAN_POINT('',(3.6703,-2.20165909487751,0.2032));
#1903=VECTOR('',#2375,1.0);
#1904=CARTESIAN_POINT('',(4.2037,-2.6416,0.2032));
#1905=VECTOR('',#2376,0.999999999999999);
#1906=CARTESIAN_POINT('',(4.064,0.508,0.2032));
#1907=VECTOR('',#2377,1.0);
#1908=CARTESIAN_POINT('',(1.9177,0.508,-0.2032));
#1909=CARTESIAN_POINT('',(1.1303,0.508,-0.2032));
#1910=CARTESIAN_POINT('',(1.524,0.508,-0.2032));
#1911=VECTOR('',#2378,1.0);
#1912=CARTESIAN_POINT('',(1.9177,-2.20165909487751,-0.2032));
#1913=CARTESIAN_POINT('',(1.9177,-2.20165909487751,-0.2032));
#1914=VECTOR('',#2379,1.0);
#1915=CARTESIAN_POINT('',(1.6637,-2.6416,-0.2032));
#1916=CARTESIAN_POINT('',(1.6637,-2.6416,-0.2032));
#1917=VECTOR('',#2380,1.0);
#1918=CARTESIAN_POINT('',(1.3843,-2.6416,-0.2032));
#1919=CARTESIAN_POINT('',(1.524,-2.6416,-0.2032));
#1920=VECTOR('',#2381,1.0);
#1921=CARTESIAN_POINT('',(1.1303,-2.20165909487751,-0.2032));
#1922=CARTESIAN_POINT('',(1.3843,-2.6416,-0.2032));
#1923=VECTOR('',#2382,1.0);
#1924=CARTESIAN_POINT('',(1.1303,-2.20165909487751,-0.2032));
#1925=VECTOR('',#2383,1.0);
#1926=CARTESIAN_POINT('',(1.9177,0.508,0.2032));
#1927=CARTESIAN_POINT('',(1.9177,0.508,-0.1016));
#1928=VECTOR('',#2384,1.0);
#1929=CARTESIAN_POINT('',(1.9177,-2.20165909487751,0.2032));
#1930=CARTESIAN_POINT('',(1.9177,-2.20165909487751,0.2032));
#1931=VECTOR('',#2385,1.0);
#1932=CARTESIAN_POINT('',(1.9177,-2.20165909487751,-0.2032));
#1933=VECTOR('',#2386,1.0);
#1934=CARTESIAN_POINT('',(1.6637,-2.6416,0.2032));
#1935=CARTESIAN_POINT('',(1.3843,-2.6416,0.2032));
#1936=CARTESIAN_POINT('',(1.524,-2.6416,0.2032));
#1937=VECTOR('',#2387,1.0);
#1938=CARTESIAN_POINT('',(1.3843,-2.6416,-0.2032));
#1939=VECTOR('',#2388,1.0);
#1940=CARTESIAN_POINT('',(1.6637,-2.6416,-0.2032));
#1941=VECTOR('',#2389,1.0);
#1942=CARTESIAN_POINT('',(1.1303,-2.20165909487751,0.2032));
#1943=CARTESIAN_POINT('',(1.3843,-2.6416,0.2032));
#1944=VECTOR('',#2390,1.0);
#1945=CARTESIAN_POINT('',(1.1303,-2.20165909487751,-0.2032));
#1946=VECTOR('',#2391,1.0);
#1947=CARTESIAN_POINT('',(1.1303,0.508,0.2032));
#1948=CARTESIAN_POINT('',(1.1303,0.508,-0.1016));
#1949=VECTOR('',#2392,1.0);
#1950=CARTESIAN_POINT('',(1.1303,-2.20165909487751,0.2032));
#1951=VECTOR('',#2393,1.0);
#1952=CARTESIAN_POINT('',(1.6637,-2.6416,0.2032));
#1953=VECTOR('',#2394,1.0);
#1954=CARTESIAN_POINT('',(1.524,0.508,0.2032));
#1955=VECTOR('',#2395,1.0);
#1956=CARTESIAN_POINT('',(8.7503,8.128,0.3937));
#1957=CARTESIAN_POINT('',(8.3693,8.509,0.7747));
#1958=CARTESIAN_POINT('',(8.75453333333333,8.12376666666667,0.389466666666667));
#1959=VECTOR('',#2396,1.0);
#1960=CARTESIAN_POINT('',(9.9187,8.509,0.7747));
#1961=CARTESIAN_POINT('',(7.739,8.509,0.7747));
#1962=VECTOR('',#2397,1.0);
#1963=CARTESIAN_POINT('',(9.5377,8.128,0.3937));
#1964=CARTESIAN_POINT('',(9.53346666666667,8.12376666666667,0.389466666666667));
#1965=VECTOR('',#2398,1.0);
#1966=CARTESIAN_POINT('',(9.644,8.128,0.3937));
#1967=VECTOR('',#2399,1.0);
#1968=CARTESIAN_POINT('',(9.9187,8.509,-0.7747));
#1969=CARTESIAN_POINT('',(9.9187,8.509,-0.5));
#1970=VECTOR('',#2400,1.0);
#1971=CARTESIAN_POINT('',(9.5377,8.128,-0.3937));
#1972=CARTESIAN_POINT('',(9.53346666666667,8.12376666666667,-0.389466666666667));
#1973=VECTOR('',#2401,1.0);
#1974=CARTESIAN_POINT('',(9.5377,8.128,-0.5));
#1975=VECTOR('',#2402,1.0);
#1976=CARTESIAN_POINT('',(8.7503,8.128,-0.393699999999999));
#1977=CARTESIAN_POINT('',(8.7503,8.128,0.5));
#1978=VECTOR('',#2403,1.0);
#1979=CARTESIAN_POINT('',(8.3693,8.509,-0.7747));
#1980=CARTESIAN_POINT('',(8.75453333333333,8.12376666666667,-0.389466666666666));
#1981=VECTOR('',#2404,1.0);
#1982=CARTESIAN_POINT('',(8.3693,8.509,0.5));
#1983=VECTOR('',#2405,1.0);
#1984=CARTESIAN_POINT('',(8.644,8.128,-0.3937));
#1985=VECTOR('',#2406,1.0);
#1986=CARTESIAN_POINT('',(6.739,8.509,-0.7747));
#1987=VECTOR('',#2407,1.0);
#1988=CARTESIAN_POINT('',(9.5377,1.008,-0.3937));
#1989=CARTESIAN_POINT('',(9.5377,5.2625,-0.3937));
#1990=VECTOR('',#2408,1.0);
#1991=CARTESIAN_POINT('',(9.5377,1.008,0.3937));
#1992=CARTESIAN_POINT('',(9.5377,1.008,0.0));
#1993=VECTOR('',#2409,1.0);
#1994=CARTESIAN_POINT('',(9.5377,5.2625,0.3937));
#1995=VECTOR('',#2410,1.0);
#1996=CARTESIAN_POINT('',(8.7503,1.008,-0.3937));
#1997=CARTESIAN_POINT('',(8.7503,5.2625,-0.3937));
#1998=VECTOR('',#2411,1.0);
#1999=CARTESIAN_POINT('',(9.144,1.008,-0.3937));
#2000=VECTOR('',#2412,1.0);
#2001=CARTESIAN_POINT('',(8.7503,1.008,0.3937));
#2002=CARTESIAN_POINT('',(9.144,1.008,0.3937));
#2003=VECTOR('',#2413,1.0);
#2004=CARTESIAN_POINT('',(8.7503,5.2625,0.3937));
#2005=VECTOR('',#2414,1.0);
#2006=CARTESIAN_POINT('',(8.7503,1.008,0.0));
#2007=VECTOR('',#2415,1.0);
#2008=CARTESIAN_POINT('',(6.2103,8.128,0.3937));
#2009=CARTESIAN_POINT('',(5.8293,8.509,0.7747));
#2010=CARTESIAN_POINT('',(6.21453333333333,8.12376666666667,0.389466666666667));
#2011=VECTOR('',#2416,1.0);
#2012=CARTESIAN_POINT('',(7.3787,8.509,0.7747));
#2013=CARTESIAN_POINT('',(6.469,8.509,0.7747));
#2014=VECTOR('',#2417,1.0);
#2015=CARTESIAN_POINT('',(6.9977,8.128,0.3937));
#2016=CARTESIAN_POINT('',(6.99346666666667,8.12376666666667,0.389466666666667));
#2017=VECTOR('',#2418,1.0);
#2018=CARTESIAN_POINT('',(7.104,8.128,0.3937));
#2019=VECTOR('',#2419,1.0);
#2020=CARTESIAN_POINT('',(7.3787,8.509,-0.7747));
#2021=CARTESIAN_POINT('',(7.3787,8.509,-0.5));
#2022=VECTOR('',#2420,1.0);
#2023=CARTESIAN_POINT('',(6.9977,8.128,-0.3937));
#2024=CARTESIAN_POINT('',(6.99346666666667,8.12376666666667,-0.389466666666667));
#2025=VECTOR('',#2421,1.0);
#2026=CARTESIAN_POINT('',(6.9977,8.128,-0.5));
#2027=VECTOR('',#2422,1.0);
#2028=CARTESIAN_POINT('',(6.2103,8.128,-0.393699999999999));
#2029=CARTESIAN_POINT('',(6.2103,8.128,0.5));
#2030=VECTOR('',#2423,1.0);
#2031=CARTESIAN_POINT('',(5.8293,8.509,-0.7747));
#2032=CARTESIAN_POINT('',(6.21453333333333,8.12376666666667,-0.389466666666666));
#2033=VECTOR('',#2424,1.0);
#2034=CARTESIAN_POINT('',(5.8293,8.509,0.5));
#2035=VECTOR('',#2425,1.0);
#2036=CARTESIAN_POINT('',(6.104,8.128,-0.3937));
#2037=VECTOR('',#2426,1.0);
#2038=CARTESIAN_POINT('',(5.469,8.509,-0.7747));
#2039=VECTOR('',#2427,1.0);
#2040=CARTESIAN_POINT('',(6.9977,1.008,-0.3937));
#2041=CARTESIAN_POINT('',(6.9977,5.2625,-0.3937));
#2042=VECTOR('',#2428,1.0);
#2043=CARTESIAN_POINT('',(6.9977,1.008,0.3937));
#2044=CARTESIAN_POINT('',(6.9977,1.008,0.0));
#2045=VECTOR('',#2429,1.0);
#2046=CARTESIAN_POINT('',(6.9977,5.2625,0.3937));
#2047=VECTOR('',#2430,1.0);
#2048=CARTESIAN_POINT('',(6.2103,1.008,-0.3937));
#2049=CARTESIAN_POINT('',(6.2103,5.2625,-0.3937));
#2050=VECTOR('',#2431,1.0);
#2051=CARTESIAN_POINT('',(6.604,1.008,-0.3937));
#2052=VECTOR('',#2432,1.0);
#2053=CARTESIAN_POINT('',(6.2103,1.008,0.3937));
#2054=CARTESIAN_POINT('',(6.604,1.008,0.3937));
#2055=VECTOR('',#2433,1.0);
#2056=CARTESIAN_POINT('',(6.2103,5.2625,0.3937));
#2057=VECTOR('',#2434,1.0);
#2058=CARTESIAN_POINT('',(6.2103,1.008,0.0));
#2059=VECTOR('',#2435,1.0);
#2060=CARTESIAN_POINT('',(3.6703,8.128,0.3937));
#2061=CARTESIAN_POINT('',(3.2893,8.509,0.7747));
#2062=CARTESIAN_POINT('',(3.67453333333333,8.12376666666667,0.389466666666667));
#2063=VECTOR('',#2436,1.0);
#2064=CARTESIAN_POINT('',(4.8387,8.509,0.7747));
#2065=CARTESIAN_POINT('',(5.199,8.509,0.7747));
#2066=VECTOR('',#2437,1.0);
#2067=CARTESIAN_POINT('',(4.4577,8.128,0.3937));
#2068=CARTESIAN_POINT('',(4.45346666666667,8.12376666666667,0.389466666666667));
#2069=VECTOR('',#2438,1.0);
#2070=CARTESIAN_POINT('',(4.564,8.128,0.3937));
#2071=VECTOR('',#2439,1.0);
#2072=CARTESIAN_POINT('',(4.8387,8.509,-0.7747));
#2073=CARTESIAN_POINT('',(4.8387,8.509,-0.5));
#2074=VECTOR('',#2440,1.0);
#2075=CARTESIAN_POINT('',(4.4577,8.128,-0.3937));
#2076=CARTESIAN_POINT('',(4.45346666666667,8.12376666666667,-0.389466666666667));
#2077=VECTOR('',#2441,1.0);
#2078=CARTESIAN_POINT('',(4.4577,8.128,-0.5));
#2079=VECTOR('',#2442,1.0);
#2080=CARTESIAN_POINT('',(3.6703,8.128,-0.393699999999999));
#2081=CARTESIAN_POINT('',(3.6703,8.128,0.5));
#2082=VECTOR('',#2443,1.0);
#2083=CARTESIAN_POINT('',(3.2893,8.509,-0.7747));
#2084=CARTESIAN_POINT('',(3.67453333333333,8.12376666666667,-0.389466666666666));
#2085=VECTOR('',#2444,1.0);
#2086=CARTESIAN_POINT('',(3.2893,8.509,0.5));
#2087=VECTOR('',#2445,1.0);
#2088=CARTESIAN_POINT('',(3.564,8.128,-0.3937));
#2089=VECTOR('',#2446,1.0);
#2090=CARTESIAN_POINT('',(4.199,8.509,-0.7747));
#2091=VECTOR('',#2447,1.0);
#2092=CARTESIAN_POINT('',(4.4577,1.008,-0.3937));
#2093=CARTESIAN_POINT('',(4.4577,5.2625,-0.3937));
#2094=VECTOR('',#2448,1.0);
#2095=CARTESIAN_POINT('',(4.4577,1.008,0.3937));
#2096=CARTESIAN_POINT('',(4.4577,1.008,0.0));
#2097=VECTOR('',#2449,1.0);
#2098=CARTESIAN_POINT('',(4.4577,5.2625,0.3937));
#2099=VECTOR('',#2450,1.0);
#2100=CARTESIAN_POINT('',(3.6703,1.008,-0.3937));
#2101=CARTESIAN_POINT('',(3.6703,5.2625,-0.3937));
#2102=VECTOR('',#2451,1.0);
#2103=CARTESIAN_POINT('',(4.064,1.008,-0.3937));
#2104=VECTOR('',#2452,1.0);
#2105=CARTESIAN_POINT('',(3.6703,1.008,0.3937));
#2106=CARTESIAN_POINT('',(4.064,1.008,0.3937));
#2107=VECTOR('',#2453,1.0);
#2108=CARTESIAN_POINT('',(3.6703,5.2625,0.3937));
#2109=VECTOR('',#2454,1.0);
#2110=CARTESIAN_POINT('',(3.6703,1.008,0.0));
#2111=VECTOR('',#2455,1.0);
#2112=CARTESIAN_POINT('',(1.1303,8.128,0.3937));
#2113=CARTESIAN_POINT('',(0.7493,8.509,0.7747));
#2114=CARTESIAN_POINT('',(1.13453333333333,8.12376666666667,0.389466666666667));
#2115=VECTOR('',#2456,1.0);
#2116=CARTESIAN_POINT('',(2.2987,8.509,0.7747));
#2117=CARTESIAN_POINT('',(3.929,8.509,0.7747));
#2118=VECTOR('',#2457,1.0);
#2119=CARTESIAN_POINT('',(1.9177,8.128,0.3937));
#2120=CARTESIAN_POINT('',(1.91346666666667,8.12376666666667,0.389466666666667));
#2121=VECTOR('',#2458,1.0);
#2122=CARTESIAN_POINT('',(2.024,8.128,0.3937));
#2123=VECTOR('',#2459,1.0);
#2124=CARTESIAN_POINT('',(2.2987,8.509,-0.7747));
#2125=CARTESIAN_POINT('',(2.2987,8.509,-0.5));
#2126=VECTOR('',#2460,1.0);
#2127=CARTESIAN_POINT('',(1.9177,8.128,-0.3937));
#2128=CARTESIAN_POINT('',(1.91346666666667,8.12376666666667,-0.389466666666667));
#2129=VECTOR('',#2461,1.0);
#2130=CARTESIAN_POINT('',(1.9177,8.128,-0.5));
#2131=VECTOR('',#2462,1.0);
#2132=CARTESIAN_POINT('',(1.1303,8.128,-0.393699999999999));
#2133=CARTESIAN_POINT('',(1.1303,8.128,0.5));
#2134=VECTOR('',#2463,1.0);
#2135=CARTESIAN_POINT('',(0.7493,8.509,-0.7747));
#2136=CARTESIAN_POINT('',(1.13453333333333,8.12376666666667,-0.389466666666666));
#2137=VECTOR('',#2464,1.0);
#2138=CARTESIAN_POINT('',(0.749299999999999,8.509,0.5));
#2139=VECTOR('',#2465,1.0);
#2140=CARTESIAN_POINT('',(1.024,8.128,-0.3937));
#2141=VECTOR('',#2466,1.0);
#2142=CARTESIAN_POINT('',(2.929,8.509,-0.7747));
#2143=VECTOR('',#2467,1.0);
#2144=CARTESIAN_POINT('',(1.9177,1.008,-0.3937));
#2145=CARTESIAN_POINT('',(1.9177,5.2625,-0.3937));
#2146=VECTOR('',#2468,1.0);
#2147=CARTESIAN_POINT('',(1.9177,1.008,0.3937));
#2148=CARTESIAN_POINT('',(1.9177,1.008,0.0));
#2149=VECTOR('',#2469,1.0);
#2150=CARTESIAN_POINT('',(1.9177,5.2625,0.3937));
#2151=VECTOR('',#2470,1.0);
#2152=CARTESIAN_POINT('',(1.1303,1.008,-0.3937));
#2153=CARTESIAN_POINT('',(1.1303,5.2625,-0.3937));
#2154=VECTOR('',#2471,1.0);
#2155=CARTESIAN_POINT('',(1.524,1.008,-0.3937));
#2156=VECTOR('',#2472,1.0);
#2157=CARTESIAN_POINT('',(1.1303,1.008,0.3937));
#2158=CARTESIAN_POINT('',(1.524,1.008,0.3937));
#2159=VECTOR('',#2473,1.0);
#2160=CARTESIAN_POINT('',(1.1303,5.2625,0.3937));
#2161=VECTOR('',#2474,1.0);
#2162=CARTESIAN_POINT('',(1.1303,1.008,0.0));
#2163=VECTOR('',#2475,1.0);
#2164=CARTESIAN_POINT('',(10.16,0.508,1.2065));
#2165=CARTESIAN_POINT('',(10.16,0.0,1.2065));
#2166=CARTESIAN_POINT('',(10.16,2.13125,1.2065));
#2167=VECTOR('',#2476,1.0);
#2168=CARTESIAN_POINT('',(10.16,0.508,-1.2065));
#2169=CARTESIAN_POINT('',(10.16,0.508,0.0));
#2170=VECTOR('',#2477,1.0);
#2171=CARTESIAN_POINT('',(10.16,0.0,-1.2065));
#2172=CARTESIAN_POINT('',(10.16,2.13125,-1.2065));
#2173=VECTOR('',#2478,1.0);
#2174=CARTESIAN_POINT('',(10.16,0.0,0.0));
#2175=VECTOR('',#2479,1.0);
#2176=CARTESIAN_POINT('',(8.128,0.0,1.2065));
#2177=CARTESIAN_POINT('',(8.128,0.508,1.2065));
#2178=CARTESIAN_POINT('',(8.128,2.13125,1.2065));
#2179=VECTOR('',#2480,1.0);
#2180=CARTESIAN_POINT('',(8.128,0.0,-1.2065));
#2181=CARTESIAN_POINT('',(8.128,0.0,0.0));
#2182=VECTOR('',#2481,1.0);
#2183=CARTESIAN_POINT('',(8.128,0.508,-1.2065));
#2184=CARTESIAN_POINT('',(8.128,2.13125,-1.2065));
#2185=VECTOR('',#2482,1.0);
#2186=CARTESIAN_POINT('',(8.128,0.508,0.0));
#2187=VECTOR('',#2483,1.0);
#2188=CARTESIAN_POINT('',(7.239,0.508,1.2065));
#2189=VECTOR('',#2484,1.0);
#2190=CARTESIAN_POINT('',(7.239,0.508,-1.2065));
#2191=VECTOR('',#2485,1.0);
#2192=CARTESIAN_POINT('',(7.62,0.0,-1.2065));
#2193=CARTESIAN_POINT('',(5.334,0.0,-1.2065));
#2194=VECTOR('',#2486,1.0);
#2195=CARTESIAN_POINT('',(7.62,0.508,-1.2065));
#2196=CARTESIAN_POINT('',(7.62,2.13125,-1.2065));
#2197=VECTOR('',#2487,1.0);
#2198=CARTESIAN_POINT('',(5.588,0.508,-1.2065));
#2199=CARTESIAN_POINT('',(5.969,0.508,-1.2065));
#2200=VECTOR('',#2488,1.0);
#2201=CARTESIAN_POINT('',(5.588,0.0,-1.2065));
#2202=CARTESIAN_POINT('',(5.588,2.13125,-1.2065));
#2203=VECTOR('',#2489,1.0);
#2204=CARTESIAN_POINT('',(5.08,0.0,-1.2065));
#2205=CARTESIAN_POINT('',(5.334,0.0,-1.2065));
#2206=VECTOR('',#2490,1.0);
#2207=CARTESIAN_POINT('',(5.08,0.508,-1.2065));
#2208=CARTESIAN_POINT('',(5.08,2.13125,-1.2065));
#2209=VECTOR('',#2491,1.0);
#2210=CARTESIAN_POINT('',(3.048,0.508,-1.2065));
#2211=CARTESIAN_POINT('',(4.699,0.508,-1.2065));
#2212=VECTOR('',#2492,1.0);
#2213=CARTESIAN_POINT('',(3.048,0.0,-1.2065));
#2214=CARTESIAN_POINT('',(3.048,2.13125,-1.2065));
#2215=VECTOR('',#2493,1.0);
#2216=CARTESIAN_POINT('',(2.54,0.0,-1.2065));
#2217=CARTESIAN_POINT('',(5.334,0.0,-1.2065));
#2218=VECTOR('',#2494,1.0);
#2219=CARTESIAN_POINT('',(2.54,0.508,-1.2065));
#2220=CARTESIAN_POINT('',(2.54,2.13125,-1.2065));
#2221=VECTOR('',#2495,1.0);
#2222=CARTESIAN_POINT('',(0.508,0.508,-1.2065));
#2223=CARTESIAN_POINT('',(3.429,0.508,-1.2065));
#2224=VECTOR('',#2496,1.0);
#2225=CARTESIAN_POINT('',(0.508,0.0,-1.2065));
#2226=CARTESIAN_POINT('',(0.508,2.13125,-1.2065));
#2227=VECTOR('',#2497,1.0);
#2228=CARTESIAN_POINT('',(0.0,0.0,-1.2065));
#2229=CARTESIAN_POINT('',(5.334,0.0,-1.2065));
#2230=VECTOR('',#2498,1.0);
#2231=CARTESIAN_POINT('',(0.0,8.509,-1.2065));
#2232=CARTESIAN_POINT('',(0.0,4.2545,-1.2065));
#2233=VECTOR('',#2499,1.0);
#2234=CARTESIAN_POINT('',(10.668,8.509,-1.2065));
#2235=CARTESIAN_POINT('',(5.334,8.509,-1.2065));
#2236=VECTOR('',#2500,1.0);
#2237=CARTESIAN_POINT('',(10.668,0.0,-1.2065));
#2238=CARTESIAN_POINT('',(10.668,4.2545,-1.2065));
#2239=VECTOR('',#2501,1.0);
#2240=CARTESIAN_POINT('',(5.334,0.0,-1.2065));
#2241=VECTOR('',#2502,1.0);
#2242=CARTESIAN_POINT('',(7.62,0.0,1.2065));
#2243=CARTESIAN_POINT('',(5.334,0.0,1.2065));
#2244=VECTOR('',#2503,1.0);
#2245=CARTESIAN_POINT('',(7.62,0.0,0.0));
#2246=VECTOR('',#2504,1.0);
#2247=CARTESIAN_POINT('',(10.668,0.0,1.2065));
#2248=CARTESIAN_POINT('',(10.668,0.0,0.0));
#2249=VECTOR('',#2505,1.0);
#2250=CARTESIAN_POINT('',(5.334,0.0,1.2065));
#2251=VECTOR('',#2506,1.0);
#2252=CARTESIAN_POINT('',(7.62,0.508,1.2065));
#2253=CARTESIAN_POINT('',(7.62,2.13125,1.2065));
#2254=VECTOR('',#2507,1.0);
#2255=CARTESIAN_POINT('',(7.62,0.508,0.0));
#2256=VECTOR('',#2508,1.0);
#2257=CARTESIAN_POINT('',(5.588,0.0,1.2065));
#2258=CARTESIAN_POINT('',(5.588,0.508,1.2065));
#2259=CARTESIAN_POINT('',(5.588,2.13125,1.2065));
#2260=VECTOR('',#2509,1.0);
#2261=CARTESIAN_POINT('',(5.588,0.0,0.0));
#2262=VECTOR('',#2510,1.0);
#2263=CARTESIAN_POINT('',(5.588,0.508,0.0));
#2264=VECTOR('',#2511,1.0);
#2265=CARTESIAN_POINT('',(5.969,0.508,1.2065));
#2266=VECTOR('',#2512,1.0);
#2267=CARTESIAN_POINT('',(5.08,0.0,1.2065));
#2268=CARTESIAN_POINT('',(5.334,0.0,1.2065));
#2269=VECTOR('',#2513,1.0);
#2270=CARTESIAN_POINT('',(5.08,0.0,0.0));
#2271=VECTOR('',#2514,1.0);
#2272=CARTESIAN_POINT('',(5.08,0.508,1.2065));
#2273=CARTESIAN_POINT('',(5.08,2.13125,1.2065));
#2274=VECTOR('',#2515,1.0);
#2275=CARTESIAN_POINT('',(5.08,0.508,0.0));
#2276=VECTOR('',#2516,1.0);
#2277=CARTESIAN_POINT('',(3.048,0.0,1.2065));
#2278=CARTESIAN_POINT('',(3.048,0.508,1.2065));
#2279=CARTESIAN_POINT('',(3.048,2.13125,1.2065));
#2280=VECTOR('',#2517,1.0);
#2281=CARTESIAN_POINT('',(3.048,0.0,0.0));
#2282=VECTOR('',#2518,1.0);
#2283=CARTESIAN_POINT('',(3.048,0.508,0.0));
#2284=VECTOR('',#2519,1.0);
#2285=CARTESIAN_POINT('',(4.699,0.508,1.2065));
#2286=VECTOR('',#2520,1.0);
#2287=CARTESIAN_POINT('',(2.54,0.0,1.2065));
#2288=CARTESIAN_POINT('',(5.334,0.0,1.2065));
#2289=VECTOR('',#2521,1.0);
#2290=CARTESIAN_POINT('',(2.54,0.0,0.0));
#2291=VECTOR('',#2522,1.0);
#2292=CARTESIAN_POINT('',(2.54,0.508,1.2065));
#2293=CARTESIAN_POINT('',(2.54,2.13125,1.2065));
#2294=VECTOR('',#2523,1.0);
#2295=CARTESIAN_POINT('',(2.54,0.508,0.0));
#2296=VECTOR('',#2524,1.0);
#2297=CARTESIAN_POINT('',(0.508,0.0,1.2065));
#2298=CARTESIAN_POINT('',(0.508,0.508,1.2065));
#2299=CARTESIAN_POINT('',(0.508,2.13125,1.2065));
#2300=VECTOR('',#2525,1.0);
#2301=CARTESIAN_POINT('',(0.508,0.0,0.0));
#2302=VECTOR('',#2526,1.0);
#2303=CARTESIAN_POINT('',(0.508,0.508,0.0));
#2304=VECTOR('',#2527,1.0);
#2305=CARTESIAN_POINT('',(3.429,0.508,1.2065));
#2306=VECTOR('',#2528,1.0);
#2307=CARTESIAN_POINT('',(0.0,0.0,1.2065));
#2308=CARTESIAN_POINT('',(5.334,0.0,1.2065));
#2309=VECTOR('',#2529,1.0);
#2310=CARTESIAN_POINT('',(0.0,0.0,0.0));
#2311=VECTOR('',#2530,1.0);
#2312=CARTESIAN_POINT('',(10.668,8.509,1.2065));
#2313=CARTESIAN_POINT('',(10.668,4.2545,1.2065));
#2314=VECTOR('',#2531,1.0);
#2315=CARTESIAN_POINT('',(0.0,8.509,1.2065));
#2316=CARTESIAN_POINT('',(5.334,8.509,1.2065));
#2317=VECTOR('',#2532,1.0);
#2318=CARTESIAN_POINT('',(0.0,4.2545,1.2065));
#2319=VECTOR('',#2533,1.0);
#2320=CARTESIAN_POINT('',(0.0,8.509,0.0));
#2321=VECTOR('',#2534,1.0);
#2322=CARTESIAN_POINT('',(10.668,8.509,0.0));
#2323=VECTOR('',#2535,1.0);
#2324=DIRECTION('',(-1.0,0.0,0.0));
#2325=DIRECTION('',(7.92546835305598E-17,1.0,0.0));
#2326=DIRECTION('',(0.5,0.866025403784439,0.0));
#2327=DIRECTION('',(1.0,0.0,0.0));
#2328=DIRECTION('',(-0.5,0.866025403784439,0.0));
#2329=DIRECTION('',(-7.92546835305598E-17,1.0,0.0));
#2330=DIRECTION('',(0.0,0.0,-1.0));
#2331=DIRECTION('',(-7.92546835305598E-17,-1.0,-0.0));
#2332=DIRECTION('',(0.0,0.0,1.0));
#2333=DIRECTION('',(-1.0,-0.0,-0.0));
#2334=DIRECTION('',(0.0,0.0,1.0));
#2335=DIRECTION('',(0.0,0.0,1.0));
#2336=DIRECTION('',(-0.5,0.866025403784439,0.0));
#2337=DIRECTION('',(0.0,0.0,1.0));
#2338=DIRECTION('',(0.0,0.0,1.0));
#2339=DIRECTION('',(-7.92546835305598E-17,1.0,0.0));
#2340=DIRECTION('',(-0.5,-0.866025403784439,-0.0));
#2341=DIRECTION('',(1.0,0.0,-0.0));
#2342=DIRECTION('',(-1.0,0.0,0.0));
#2343=DIRECTION('',(7.92546835305598E-17,1.0,0.0));
#2344=DIRECTION('',(0.5,0.866025403784439,0.0));
#2345=DIRECTION('',(1.0,0.0,0.0));
#2346=DIRECTION('',(-0.5,0.866025403784439,0.0));
#2347=DIRECTION('',(-7.92546835305598E-17,1.0,0.0));
#2348=DIRECTION('',(0.0,0.0,-1.0));
#2349=DIRECTION('',(-7.92546835305598E-17,-1.0,-0.0));
#2350=DIRECTION('',(0.0,0.0,1.0));
#2351=DIRECTION('',(-1.0,-0.0,-0.0));
#2352=DIRECTION('',(0.0,0.0,1.0));
#2353=DIRECTION('',(0.0,0.0,1.0));
#2354=DIRECTION('',(-0.5,0.866025403784439,0.0));
#2355=DIRECTION('',(0.0,0.0,1.0));
#2356=DIRECTION('',(0.0,0.0,1.0));
#2357=DIRECTION('',(-7.92546835305598E-17,1.0,0.0));
#2358=DIRECTION('',(-0.5,-0.866025403784439,-0.0));
#2359=DIRECTION('',(1.0,0.0,-0.0));
#2360=DIRECTION('',(-1.0,0.0,0.0));
#2361=DIRECTION('',(7.92546835305598E-17,1.0,0.0));
#2362=DIRECTION('',(0.5,0.866025403784439,0.0));
#2363=DIRECTION('',(1.0,0.0,0.0));
#2364=DIRECTION('',(-0.5,0.866025403784439,0.0));
#2365=DIRECTION('',(-7.92546835305598E-17,1.0,0.0));
#2366=DIRECTION('',(0.0,0.0,-1.0));
#2367=DIRECTION('',(-7.92546835305598E-17,-1.0,-0.0));
#2368=DIRECTION('',(0.0,0.0,1.0));
#2369=DIRECTION('',(-1.0,-0.0,-0.0));
#2370=DIRECTION('',(0.0,0.0,1.0));
#2371=DIRECTION('',(0.0,0.0,1.0));
#2372=DIRECTION('',(-0.5,0.866025403784439,0.0));
#2373=DIRECTION('',(0.0,0.0,1.0));
#2374=DIRECTION('',(0.0,0.0,1.0));
#2375=DIRECTION('',(-7.92546835305598E-17,1.0,0.0));
#2376=DIRECTION('',(-0.5,-0.866025403784439,-0.0));
#2377=DIRECTION('',(1.0,0.0,-0.0));
#2378=DIRECTION('',(-1.0,0.0,0.0));
#2379=DIRECTION('',(7.92546835305598E-17,1.0,0.0));
#2380=DIRECTION('',(0.5,0.866025403784439,0.0));
#2381=DIRECTION('',(1.0,0.0,0.0));
#2382=DIRECTION('',(-0.5,0.866025403784439,0.0));
#2383=DIRECTION('',(-7.92546835305598E-17,1.0,0.0));
#2384=DIRECTION('',(0.0,0.0,-1.0));
#2385=DIRECTION('',(-7.92546835305598E-17,-1.0,-0.0));
#2386=DIRECTION('',(0.0,0.0,1.0));
#2387=DIRECTION('',(-1.0,-0.0,-0.0));
#2388=DIRECTION('',(0.0,0.0,1.0));
#2389=DIRECTION('',(0.0,0.0,1.0));
#2390=DIRECTION('',(-0.5,0.866025403784439,0.0));
#2391=DIRECTION('',(0.0,0.0,1.0));
#2392=DIRECTION('',(0.0,0.0,1.0));
#2393=DIRECTION('',(-7.92546835305598E-17,1.0,0.0));
#2394=DIRECTION('',(-0.5,-0.866025403784439,-0.0));
#2395=DIRECTION('',(1.0,0.0,-0.0));
#2396=DIRECTION('',(-0.577350269189626,0.577350269189626,0.577350269189626));
#2397=DIRECTION('',(-1.0,-0.0,-1.83690953073357E-16));
#2398=DIRECTION('',(-0.577350269189626,-0.577350269189626,-0.577350269189626));
#2399=DIRECTION('',(-1.0,1.83690953073357E-16,0.0));
#2400=DIRECTION('',(0.0,0.0,1.0));
#2401=DIRECTION('',(0.577350269189626,0.577350269189626,-0.577350269189626));
#2402=DIRECTION('',(0.0,0.0,1.0));
#2403=DIRECTION('',(0.0,1.22460635382238E-16,-1.0));
#2404=DIRECTION('',(-0.577350269189626,0.577350269189626,-0.577350269189626));
#2405=DIRECTION('',(1.22460635382238E-16,0.0,-1.0));
#2406=DIRECTION('',(1.0,6.12303176911189E-17,0.0));
#2407=DIRECTION('',(1.0,0.0,6.12303176911189E-17));
#2408=DIRECTION('',(0.0,-1.0,0.0));
#2409=DIRECTION('',(0.0,0.0,-1.0));
#2410=DIRECTION('',(0.0,1.0,0.0));
#2411=DIRECTION('',(0.0,1.0,0.0));
#2412=DIRECTION('',(-1.0,0.0,0.0));
#2413=DIRECTION('',(1.0,0.0,0.0));
#2414=DIRECTION('',(0.0,-1.0,0.0));
#2415=DIRECTION('',(0.0,0.0,-1.0));
#2416=DIRECTION('',(-0.577350269189626,0.577350269189626,0.577350269189626));
#2417=DIRECTION('',(-1.0,-0.0,-1.83690953073357E-16));
#2418=DIRECTION('',(-0.577350269189626,-0.577350269189626,-0.577350269189626));
#2419=DIRECTION('',(-1.0,1.83690953073357E-16,0.0));
#2420=DIRECTION('',(0.0,0.0,1.0));
#2421=DIRECTION('',(0.577350269189626,0.577350269189626,-0.577350269189626));
#2422=DIRECTION('',(0.0,0.0,1.0));
#2423=DIRECTION('',(0.0,1.22460635382238E-16,-1.0));
#2424=DIRECTION('',(-0.577350269189626,0.577350269189626,-0.577350269189626));
#2425=DIRECTION('',(1.22460635382238E-16,0.0,-1.0));
#2426=DIRECTION('',(1.0,6.12303176911189E-17,0.0));
#2427=DIRECTION('',(1.0,0.0,6.12303176911189E-17));
#2428=DIRECTION('',(0.0,-1.0,0.0));
#2429=DIRECTION('',(0.0,0.0,-1.0));
#2430=DIRECTION('',(0.0,1.0,0.0));
#2431=DIRECTION('',(0.0,1.0,0.0));
#2432=DIRECTION('',(-1.0,0.0,0.0));
#2433=DIRECTION('',(1.0,0.0,0.0));
#2434=DIRECTION('',(0.0,-1.0,0.0));
#2435=DIRECTION('',(0.0,0.0,-1.0));
#2436=DIRECTION('',(-0.577350269189626,0.577350269189626,0.577350269189626));
#2437=DIRECTION('',(-1.0,-0.0,-1.83690953073357E-16));
#2438=DIRECTION('',(-0.577350269189626,-0.577350269189626,-0.577350269189626));
#2439=DIRECTION('',(-1.0,1.83690953073357E-16,0.0));
#2440=DIRECTION('',(0.0,0.0,1.0));
#2441=DIRECTION('',(0.577350269189626,0.577350269189626,-0.577350269189626));
#2442=DIRECTION('',(0.0,0.0,1.0));
#2443=DIRECTION('',(0.0,1.22460635382238E-16,-1.0));
#2444=DIRECTION('',(-0.577350269189626,0.577350269189626,-0.577350269189626));
#2445=DIRECTION('',(1.22460635382238E-16,0.0,-1.0));
#2446=DIRECTION('',(1.0,6.12303176911189E-17,0.0));
#2447=DIRECTION('',(1.0,0.0,6.12303176911189E-17));
#2448=DIRECTION('',(0.0,-1.0,0.0));
#2449=DIRECTION('',(0.0,0.0,-1.0));
#2450=DIRECTION('',(0.0,1.0,0.0));
#2451=DIRECTION('',(0.0,1.0,0.0));
#2452=DIRECTION('',(-1.0,0.0,0.0));
#2453=DIRECTION('',(1.0,0.0,0.0));
#2454=DIRECTION('',(0.0,-1.0,0.0));
#2455=DIRECTION('',(0.0,0.0,-1.0));
#2456=DIRECTION('',(-0.577350269189626,0.577350269189626,0.577350269189626));
#2457=DIRECTION('',(-1.0,-0.0,-1.83690953073357E-16));
#2458=DIRECTION('',(-0.577350269189626,-0.577350269189626,-0.577350269189626));
#2459=DIRECTION('',(-1.0,1.83690953073357E-16,0.0));
#2460=DIRECTION('',(0.0,0.0,1.0));
#2461=DIRECTION('',(0.577350269189626,0.577350269189626,-0.577350269189626));
#2462=DIRECTION('',(0.0,0.0,1.0));
#2463=DIRECTION('',(0.0,1.22460635382238E-16,-1.0));
#2464=DIRECTION('',(-0.577350269189626,0.577350269189626,-0.577350269189626));
#2465=DIRECTION('',(1.22460635382238E-16,0.0,-1.0));
#2466=DIRECTION('',(1.0,6.12303176911189E-17,-0.0));
#2467=DIRECTION('',(1.0,0.0,6.12303176911189E-17));
#2468=DIRECTION('',(0.0,-1.0,0.0));
#2469=DIRECTION('',(0.0,0.0,-1.0));
#2470=DIRECTION('',(0.0,1.0,0.0));
#2471=DIRECTION('',(0.0,1.0,0.0));
#2472=DIRECTION('',(-1.0,0.0,0.0));
#2473=DIRECTION('',(1.0,0.0,0.0));
#2474=DIRECTION('',(0.0,-1.0,0.0));
#2475=DIRECTION('',(0.0,0.0,-1.0));
#2476=DIRECTION('',(0.0,-1.0,0.0));
#2477=DIRECTION('',(0.0,0.0,-1.0));
#2478=DIRECTION('',(0.0,1.0,-0.0));
#2479=DIRECTION('',(0.0,0.0,-1.0));
#2480=DIRECTION('',(0.0,1.0,0.0));
#2481=DIRECTION('',(0.0,0.0,1.0));
#2482=DIRECTION('',(0.0,-1.0,0.0));
#2483=DIRECTION('',(0.0,0.0,-1.0));
#2484=DIRECTION('',(1.0,0.0,-0.0));
#2485=DIRECTION('',(-1.0,0.0,0.0));
#2486=DIRECTION('',(-1.0,0.0,0.0));
#2487=DIRECTION('',(0.0,1.0,-0.0));
#2488=DIRECTION('',(-1.0,0.0,0.0));
#2489=DIRECTION('',(0.0,-1.0,0.0));
#2490=DIRECTION('',(-1.0,0.0,0.0));
#2491=DIRECTION('',(0.0,1.0,-0.0));
#2492=DIRECTION('',(-1.0,0.0,0.0));
#2493=DIRECTION('',(0.0,-1.0,0.0));
#2494=DIRECTION('',(-1.0,0.0,0.0));
#2495=DIRECTION('',(0.0,1.0,-0.0));
#2496=DIRECTION('',(-1.0,0.0,0.0));
#2497=DIRECTION('',(0.0,-1.0,0.0));
#2498=DIRECTION('',(-1.0,0.0,0.0));
#2499=DIRECTION('',(0.0,1.0,0.0));
#2500=DIRECTION('',(1.0,0.0,0.0));
#2501=DIRECTION('',(0.0,-1.0,0.0));
#2502=DIRECTION('',(-1.0,0.0,0.0));
#2503=DIRECTION('',(1.0,0.0,0.0));
#2504=DIRECTION('',(0.0,0.0,-1.0));
#2505=DIRECTION('',(0.0,0.0,-1.0));
#2506=DIRECTION('',(1.0,0.0,0.0));
#2507=DIRECTION('',(0.0,-1.0,0.0));
#2508=DIRECTION('',(0.0,0.0,-1.0));
#2509=DIRECTION('',(0.0,1.0,0.0));
#2510=DIRECTION('',(0.0,0.0,1.0));
#2511=DIRECTION('',(0.0,0.0,-1.0));
#2512=DIRECTION('',(1.0,0.0,-0.0));
#2513=DIRECTION('',(1.0,0.0,0.0));
#2514=DIRECTION('',(0.0,0.0,-1.0));
#2515=DIRECTION('',(0.0,-1.0,0.0));
#2516=DIRECTION('',(0.0,0.0,-1.0));
#2517=DIRECTION('',(0.0,1.0,0.0));
#2518=DIRECTION('',(0.0,0.0,1.0));
#2519=DIRECTION('',(0.0,0.0,-1.0));
#2520=DIRECTION('',(1.0,0.0,-0.0));
#2521=DIRECTION('',(1.0,0.0,0.0));
#2522=DIRECTION('',(0.0,0.0,-1.0));
#2523=DIRECTION('',(0.0,-1.0,0.0));
#2524=DIRECTION('',(0.0,0.0,-1.0));
#2525=DIRECTION('',(0.0,1.0,0.0));
#2526=DIRECTION('',(0.0,0.0,1.0));
#2527=DIRECTION('',(0.0,0.0,-1.0));
#2528=DIRECTION('',(1.0,0.0,-0.0));
#2529=DIRECTION('',(1.0,0.0,0.0));
#2530=DIRECTION('',(0.0,0.0,-1.0));
#2531=DIRECTION('',(0.0,1.0,0.0));
#2532=DIRECTION('',(-1.0,0.0,0.0));
#2533=DIRECTION('',(0.0,-1.0,0.0));
#2534=DIRECTION('',(0.0,0.0,-1.0));
#2535=DIRECTION('',(0.0,0.0,-1.0));
ENDSEC;
END-ISO-10303-21;
