ISO-10303-21;
HEADER;
FILE_DESCRIPTION (( 'STEP AP214' ),
    '1' );
FILE_NAME ('HFBR-2521Z.STEP',
    '2021-02-20T11:31:56',
    ( '' ),
    ( '' ),
    'SwSTEP 2.0',
    'SolidWorks 2017',
    '' );
FILE_SCHEMA (( 'AUTOMOTIVE_DESIGN' ));
ENDSEC;

DATA;
#1 =( LENGTH_UNIT ( ) NAMED_UNIT ( * ) SI_UNIT ( .MILLI., .METRE. ) );
#2 = ORIENTED_EDGE ( 'NONE', *, *, #960, .T. ) ;
#3 = EDGE_CURVE ( 'NONE', #1114, #582, #1704, .T. ) ;
#4 = ORIENTED_EDGE ( 'NONE', *, *, #1292, .F. ) ;
#5 = ORIENTED_EDGE ( 'NONE', *, *, #2139, .T. ) ;
#6 = LINE ( 'NONE', #120, #3138 ) ;
#7 = ORIENTED_EDGE ( 'NONE', *, *, #105, .F. ) ;
#8 = CIRCLE ( 'NONE', #1636, 0.3175000000000000600 ) ;
#9 = PLANE ( 'NONE',  #2451 ) ;
#10 = DIRECTION ( 'NONE',  ( -0.0000000000000000000, -1.000000000000000000, -0.0000000000000000000 ) ) ;
#11 = LINE ( 'NONE', #2125, #481 ) ;
#12 = CARTESIAN_POINT ( 'NONE',  ( 4.305373081227568100, 0.9414345877902154900, -3.273030884697923200 ) ) ;
#13 = AXIS2_PLACEMENT_3D ( 'NONE', #1773, #3522, #2960 ) ;
#14 = CARTESIAN_POINT ( 'NONE',  ( 0.4905999999999968700, 6.120000000000000100, -3.810000000000000100 ) ) ;
#15 = FACE_OUTER_BOUND ( 'NONE', #3762, .T. ) ;
#16 = VECTOR ( 'NONE', #671, 1000.000000000000000 ) ;
#17 = FACE_OUTER_BOUND ( 'NONE', #3670, .T. ) ;
#18 = CARTESIAN_POINT ( 'NONE',  ( -8.748000000000002900, 0.6350000000000001200, -0.9800000000000017600 ) ) ;
#19 = ORIENTED_EDGE ( 'NONE', *, *, #1066, .T. ) ;
#20 = VECTOR ( 'NONE', #2488, 1000.000000000000000 ) ;
#21 = CARTESIAN_POINT ( 'NONE',  ( 7.999089757983783900, 6.620846602207391700, -3.244472939652108100 ) ) ;
#22 = ORIENTED_EDGE ( 'NONE', *, *, #892, .F. ) ;
#23 = ORIENTED_EDGE ( 'NONE', *, *, #2727, .T. ) ;
#24 = LINE ( 'NONE', #595, #2938 ) ;
#25 = CARTESIAN_POINT ( 'NONE',  ( 0.6730999999999977000, 7.219999999999999800, -3.309999999999996500 ) ) ;
#26 = ORIENTED_EDGE ( 'NONE', *, *, #2106, .F. ) ;
#27 = EDGE_CURVE ( 'NONE', #876, #2206, #932, .T. ) ;
#28 = UNCERTAINTY_MEASURE_WITH_UNIT (LENGTH_MEASURE( 1.000000000000000100E-005 ), #1672, 'distance_accuracy_value', 'NONE');
#29 = VECTOR ( 'NONE', #703, 1000.000000000000000 ) ;
#30 = EDGE_CURVE ( 'NONE', #3141, #3483, #3654, .T. ) ;
#31 = EDGE_CURVE ( 'NONE', #2505, #1497, #1532, .T. ) ;
#32 = CARTESIAN_POINT ( 'NONE',  ( 0.9905999999999977000, 6.120000000000000100, 3.810000000000000100 ) ) ;
#33 = CARTESIAN_POINT ( 'NONE',  ( -5.798000000000000900, 7.620000000000000100, -5.079999999999998300 ) ) ;
#34 =( GEOMETRIC_REPRESENTATION_CONTEXT ( 3 ) GLOBAL_UNCERTAINTY_ASSIGNED_CONTEXT ( ( #600 ) ) GLOBAL_UNIT_ASSIGNED_CONTEXT ( ( #545, #1690, #532 ) ) REPRESENTATION_CONTEXT ( 'NONE', 'WORKASPACE' ) );
#35 = ADVANCED_FACE ( 'NONE', ( #2970 ), #332, .T. ) ;
#36 = PRESENTATION_LAYER_ASSIGNMENT (  '', '', ( #968 ) ) ;
#37 = DIRECTION ( 'NONE',  ( 1.000000000000000000, -0.0000000000000000000, 0.0000000000000000000 ) ) ;
#38 = EDGE_LOOP ( 'NONE', ( #2941, #879 ) ) ;
#39 =( BOUNDED_CURVE ( )  B_SPLINE_CURVE ( 3, ( #634, #953, #1821, #642 ),
 .UNSPECIFIED., .F., .T. ) 
 B_SPLINE_CURVE_WITH_KNOTS ( ( 4, 4 ),
 ( 1.570796326794896600, 2.236223575249514100 ),
 .UNSPECIFIED. ) 
 CURVE ( )  GEOMETRIC_REPRESENTATION_ITEM ( )  RATIONAL_B_SPLINE_CURVE ( ( 1.000000000000000000, 0.9634396869229831000, 0.9634396869229831000, 1.000000000000000000 ) ) 
 REPRESENTATION_ITEM ( '' )  );
#40 = EDGE_LOOP ( 'NONE', ( #3149, #2935, #3666, #2992, #738, #1603, #2439, #3323 ) ) ;
#41 = CARTESIAN_POINT ( 'NONE',  ( -1.998000000000001100, 0.6350000000000001200, 3.049999999999998900 ) ) ;
#42 = ORIENTED_EDGE ( 'NONE', *, *, #31, .T. ) ;
#43 = VERTEX_POINT ( 'NONE', #2653 ) ;
#44 = FACE_OUTER_BOUND ( 'NONE', #3291, .T. ) ;
#45 = DIRECTION ( 'NONE',  ( 0.0000000000000000000, 1.000000000000000000, 0.0000000000000000000 ) ) ;
#46 = ORIENTED_EDGE ( 'NONE', *, *, #1267, .F. ) ;
#47 = EDGE_CURVE ( 'NONE', #3207, #3169, #574, .T. ) ;
#48 = ORIENTED_EDGE ( 'NONE', *, *, #1258, .T. ) ;
#49 = FACE_OUTER_BOUND ( 'NONE', #1522, .T. ) ;
#50 = DIRECTION ( 'NONE',  ( 0.0000000000000000000, 0.0000000000000000000, -1.000000000000000000 ) ) ;
#51 = DIRECTION ( 'NONE',  ( -1.000000000000000000, 0.0000000000000000000, 1.707404996040165000E-015 ) ) ;
#52 = EDGE_CURVE ( 'NONE', #3245, #1152, #2517, .T. ) ;
#53 = LINE ( 'NONE', #3752, #1656 ) ;
#54 = CARTESIAN_POINT ( 'NONE',  ( 8.126349376043684500, 6.598026951718218000, -1.772421577237730100 ) ) ;
#55 = FACE_OUTER_BOUND ( 'NONE', #1886, .T. ) ;
#56 = VERTEX_POINT ( 'NONE', #2953 ) ;
#57 = ADVANCED_FACE ( 'NONE', ( #2923 ), #704, .T. ) ;
#58 = ORIENTED_EDGE ( 'NONE', *, *, #2563, .T. ) ;
#59 = LINE ( 'NONE', #1378, #1252 ) ;
#60 = AXIS2_PLACEMENT_3D ( 'NONE', #1853, #1552, #370 ) ;
#61 = DIRECTION ( 'NONE',  ( 0.0000000000000000000, 1.000000000000000000, 0.0000000000000000000 ) ) ;
#62 =( GEOMETRIC_REPRESENTATION_CONTEXT ( 3 ) GLOBAL_UNCERTAINTY_ASSIGNED_CONTEXT ( ( #3539 ) ) GLOBAL_UNIT_ASSIGNED_CONTEXT ( ( #2748, #739, #2495 ) ) REPRESENTATION_CONTEXT ( 'NONE', 'WORKASPACE' ) );
#63 = ORIENTED_EDGE ( 'NONE', *, *, #3152, .F. ) ;
#64 = ORIENTED_EDGE ( 'NONE', *, *, #2990, .T. ) ;
#65 = CARTESIAN_POINT ( 'NONE',  ( 4.627420288445576600, 1.300000000000000000, 0.1821889403173563300 ) ) ;
#66 = ORIENTED_EDGE ( 'NONE', *, *, #76, .F. ) ;
#67 = DIRECTION ( 'NONE',  ( 0.0000000000000000000, 0.0000000000000000000, -1.000000000000000000 ) ) ;
#68 = CYLINDRICAL_SURFACE ( 'NONE', #999, 0.5000000000000000000 ) ;
#69 = EDGE_LOOP ( 'NONE', ( #1438, #730, #2024, #3249 ) ) ;
#70 = ORIENTED_EDGE ( 'NONE', *, *, #1557, .F. ) ;
#71 = FACE_OUTER_BOUND ( 'NONE', #2099, .T. ) ;
#72 = EDGE_CURVE ( 'NONE', #1761, #578, #238, .T. ) ;
#73 = VECTOR ( 'NONE', #465, 1000.000000000000000 ) ;
#74 = DIRECTION ( 'NONE',  ( 0.0000000000000000000, 0.0000000000000000000, -1.000000000000000000 ) ) ;
#75 = DIRECTION ( 'NONE',  ( 0.0000000000000000000, 0.0000000000000000000, 1.000000000000000000 ) ) ;
#76 = EDGE_CURVE ( 'NONE', #978, #693, #1529, .T. ) ;
#77 = PRODUCT_DEFINITION_SHAPE ( 'NONE', 'NONE',  #3569 ) ;
#78 = DIRECTION ( 'NONE',  ( 1.000000000000000000, -0.0000000000000000000, 6.672013369141570100E-016 ) ) ;
#79 = CARTESIAN_POINT ( 'NONE',  ( 1.490599999999996800, 7.620000000000000100, -3.810000000000000100 ) ) ;
#80 = CARTESIAN_POINT ( 'NONE',  ( 2.427055258741147400, 0.0000000000000000000, -3.128951375504188900 ) ) ;
#81 = EDGE_LOOP ( 'NONE', ( #890, #3574, #2597, #2479, #543, #1336 ) ) ;
#82 = EDGE_CURVE ( 'NONE', #2247, #2269, #11, .T. ) ;
#83 = AXIS2_PLACEMENT_3D ( 'NONE', #1827, #392, #1581 ) ;
#84 = CARTESIAN_POINT ( 'NONE',  ( 0.9905999999999977000, -3.810000000000000100, -3.810000000000000100 ) ) ;
#85 = AXIS2_PLACEMENT_3D ( 'NONE', #1283, #735, #3302 ) ;
#86 = CARTESIAN_POINT ( 'NONE',  ( -4.198000000000001300, 0.0000000000000000000, 5.079999999999997400 ) ) ;
#87 = PLANE ( 'NONE',  #3541 ) ;
#88 = CARTESIAN_POINT ( 'NONE',  ( 0.4905999999999968700, 6.120000000000000100, -3.810000000000000100 ) ) ;
#89 = ORIENTED_EDGE ( 'NONE', *, *, #1792, .F. ) ;
#90 = ORIENTED_EDGE ( 'NONE', *, *, #2947, .F. ) ;
#91 = LINE ( 'NONE', #1154, #3097 ) ;
#92 = VERTEX_POINT ( 'NONE', #2993 ) ;
#93 = CARTESIAN_POINT ( 'NONE',  ( -0.01200000000000159300, 4.191000000000000700, 0.0000000000000000000 ) ) ;
#94 = CYLINDRICAL_SURFACE ( 'NONE', #2741, 0.3175000000000000600 ) ;
#95 = CARTESIAN_POINT ( 'NONE',  ( 3.797999999999998300, 7.374168051794930200, 3.250000000000000000 ) ) ;
#96 = B_SPLINE_CURVE_WITH_KNOTS ( 'NONE', 3,
 ( #2540, #1414, #2005, #522, #1706, #832 ),
 .UNSPECIFIED., .F., .F.,
 ( 4, 2, 4 ),
 ( 0.0000000000000000000, 0.0003534221374780213100, 0.0007068442749560426200 ),
 .UNSPECIFIED. ) ;
#97 = DIRECTION ( 'NONE',  ( 0.0000000000000000000, 1.000000000000000000, 6.829619984160658000E-016 ) ) ;
#98 = CIRCLE ( 'NONE', #1025, 0.3175000000000000600 ) ;
#99 = EDGE_CURVE ( 'NONE', #2068, #2077, #3479, .T. ) ;
#100 = CIRCLE ( 'NONE', #3426, 0.3175000000000000600 ) ;
#101 = CARTESIAN_POINT ( 'NONE',  ( 0.4905999999999978200, 6.120000000000000100, 3.810000000000000100 ) ) ;
#102 = LINE ( 'NONE', #2533, #3384 ) ;
#103 = DIRECTION ( 'NONE',  ( 1.707404996040165000E-015, 0.0000000000000000000, 1.000000000000000000 ) ) ;
#104 = DIRECTION ( 'NONE',  ( 0.0000000000000000000, -0.0000000000000000000, -1.000000000000000000 ) ) ;
#105 = EDGE_CURVE ( 'NONE', #2283, #693, #3381, .T. ) ;
#106 = ORIENTED_EDGE ( 'NONE', *, *, #3359, .T. ) ;
#107 = ORIENTED_EDGE ( 'NONE', *, *, #698, .F. ) ;
#108 = LINE ( 'NONE', #3204, #1664 ) ;
#109 = ORIENTED_EDGE ( 'NONE', *, *, #2109, .T. ) ;
#110 = DIRECTION ( 'NONE',  ( 0.0000000000000000000, 0.0000000000000000000, 1.000000000000000000 ) ) ;
#111 = ORIENTED_EDGE ( 'NONE', *, *, #3540, .F. ) ;
#112 = AXIS2_PLACEMENT_3D ( 'NONE', #339, #841, #3240 ) ;
#113 = DIRECTION ( 'NONE',  ( 0.0000000000000000000, 1.000000000000000000, 0.0000000000000000000 ) ) ;
#114 = ORIENTED_EDGE ( 'NONE', *, *, #2256, .F. ) ;
#115 = VECTOR ( 'NONE', #2855, 1000.000000000000000 ) ;
#116 = CARTESIAN_POINT ( 'NONE',  ( -6.819899999999974800, -3.810000000000000100, 1.016000000000000000 ) ) ;
#117 = ORIENTED_EDGE ( 'NONE', *, *, #1864, .F. ) ;
#118 = CARTESIAN_POINT ( 'NONE',  ( 0.9905999999999977000, 6.120000000000000100, -3.810000000000000100 ) ) ;
#119 = FACE_OUTER_BOUND ( 'NONE', #1350, .T. ) ;
#120 = CARTESIAN_POINT ( 'NONE',  ( -0.01200000000000159300, 4.191000000000000700, -1.699169012285029600 ) ) ;
#121 = FACE_OUTER_BOUND ( 'NONE', #3116, .T. ) ;
#122 = EDGE_CURVE ( 'NONE', #92, #2206, #612, .T. ) ;
#123 = CARTESIAN_POINT ( 'NONE',  ( 3.766653535933330900, 0.8415888217794342800, -4.547424918045866300 ) ) ;
#124 = DIRECTION ( 'NONE',  ( 0.0000000000000000000, 0.0000000000000000000, -1.000000000000000000 ) ) ;
#125 = CARTESIAN_POINT ( 'NONE',  ( -6.438899999999949700, -3.810000000000000100, -1.524000000000000200 ) ) ;
#126 = DIRECTION ( 'NONE',  ( -0.0000000000000000000, 1.000000000000000000, -0.0000000000000000000 ) ) ;
#127 = CARTESIAN_POINT ( 'NONE',  ( 0.9905999999999977000, 7.219999999999999800, 3.309999999999996900 ) ) ;
#128 = AXIS2_PLACEMENT_3D ( 'NONE', #3243, #51, #1592 ) ;
#129 = CARTESIAN_POINT ( 'NONE',  ( -6.438900000000006500, -3.810000000000000100, 4.064000000000000900 ) ) ;
#130 = DIRECTION ( 'NONE',  ( -1.000000000000000000, -0.0000000000000000000, -0.0000000000000000000 ) ) ;
#131 = CARTESIAN_POINT ( 'NONE',  ( -6.438899999999948800, 0.6350000000000000100, -1.016000000000000500 ) ) ;
#132 = ORIENTED_EDGE ( 'NONE', *, *, #3094, .T. ) ;
#133 = ORIENTED_EDGE ( 'NONE', *, *, #866, .F. ) ;
#134 = CIRCLE ( 'NONE', #922, 1.699169012285029600 ) ;
#135 = AXIS2_PLACEMENT_3D ( 'NONE', #297, #280, #3168 ) ;
#136 = CARTESIAN_POINT ( 'NONE',  ( 6.240018920922350900, 1.300000000000000000, -4.346573837968338500 ) ) ;
#137 = ORIENTED_EDGE ( 'NONE', *, *, #2056, .T. ) ;
#138 = ADVANCED_FACE ( 'NONE', ( #1198 ), #87, .F. ) ;
#139 = CARTESIAN_POINT ( 'NONE',  ( -9.398000000000001500, 7.620000000000000100, -5.079999999999998300 ) ) ;
#140 = ORIENTED_EDGE ( 'NONE', *, *, #3763, .F. ) ;
#141 = FACE_OUTER_BOUND ( 'NONE', #323, .T. ) ;
#142 = PLANE ( 'NONE',  #2771 ) ;
#143 = CIRCLE ( 'NONE', #2634, 0.8649154938574856700 ) ;
#144 = LINE ( 'NONE', #1469, #3197 ) ;
#145 = ORIENTED_EDGE ( 'NONE', *, *, #3178, .T. ) ;
#146 = ORIENTED_EDGE ( 'NONE', *, *, #1104, .F. ) ;
#147 = LINE ( 'NONE', #3511, #2383 ) ;
#148 = CARTESIAN_POINT ( 'NONE',  ( 6.801101859967089600, 6.835664668926200200, 2.917873491060912500 ) ) ;
#149 = ORIENTED_EDGE ( 'NONE', *, *, #2413, .T. ) ;
#150 = CARTESIAN_POINT ( 'NONE',  ( 0.9905999999999977000, 0.6350000000000000100, 3.810000000000000100 ) ) ;
#151 = EDGE_CURVE ( 'NONE', #1229, #2944, #1572, .T. ) ;
#152 = PRESENTATION_STYLE_ASSIGNMENT (( #2309 ) ) ;
#153 = ORIENTED_EDGE ( 'NONE', *, *, #3148, .F. ) ;
#154 = FACE_OUTER_BOUND ( 'NONE', #1430, .T. ) ;
#155 = ORIENTED_EDGE ( 'NONE', *, *, #1557, .T. ) ;
#156 =( BOUNDED_CURVE ( )  B_SPLINE_CURVE ( 3, ( #2236, #3682, #171, #1646 ),
 .UNSPECIFIED., .F., .T. ) 
 B_SPLINE_CURVE_WITH_KNOTS ( ( 4, 4 ),
 ( 4.532364187090483800, 4.712388980384689700 ),
 .UNSPECIFIED. ) 
 CURVE ( )  GEOMETRIC_REPRESENTATION_ITEM ( )  RATIONAL_B_SPLINE_CURVE ( ( 1.000000000000000000, 0.9973010791618734900, 0.9973010791618734900, 1.000000000000000000 ) ) 
 REPRESENTATION_ITEM ( '' )  );
#157 = ORIENTED_EDGE ( 'NONE', *, *, #1669, .F. ) ;
#158 = ADVANCED_FACE ( 'NONE', ( #3104 ), #3025, .T. ) ;
#159 = AXIS2_PLACEMENT_3D ( 'NONE', #3685, #2191, #806 ) ;
#160 = CARTESIAN_POINT ( 'NONE',  ( 0.9905999999999977000, 7.219999999999999800, 3.309999999999996900 ) ) ;
#161 = AXIS2_PLACEMENT_3D ( 'NONE', #2086, #347, #3252 ) ;
#162 = VECTOR ( 'NONE', #3231, 1000.000000000000000 ) ;
#163 = CIRCLE ( 'NONE', #2719, 5.600259577253367200 ) ;
#164 = DIRECTION ( 'NONE',  ( 1.000000000000000000, 0.0000000000000000000, 0.0000000000000000000 ) ) ;
#165 = CARTESIAN_POINT ( 'NONE',  ( -6.438900000000001200, -8.518025612106916000, 3.556000000000000000 ) ) ;
#166 = CARTESIAN_POINT ( 'NONE',  ( -6.438899999999923000, -3.810000000000000100, -4.064000000000000100 ) ) ;
#167 = DIRECTION ( 'NONE',  ( 0.0000000000000000000, 0.0000000000000000000, 1.000000000000000000 ) ) ;
#168 = ORIENTED_EDGE ( 'NONE', *, *, #1267, .T. ) ;
#169 = CARTESIAN_POINT ( 'NONE',  ( 2.427055258741161100, 7.620000000000000100, 3.128951375504188900 ) ) ;
#170 = EDGE_CURVE ( 'NONE', #3277, #2215, #428, .T. ) ;
#171 = CARTESIAN_POINT ( 'NONE',  ( 4.338552113011730600, 7.277238558541961700, -4.625114529555532700 ) ) ;
#172 = B_SPLINE_CURVE_WITH_KNOTS ( 'NONE', 3,
 ( #2588, #2250, #546, #3112 ),
 .UNSPECIFIED., .F., .F.,
 ( 4, 4 ),
 ( 4.336808689942017700E-019, 0.0001799619866499509200 ),
 .UNSPECIFIED. ) ;
#173 = FILL_AREA_STYLE_COLOUR ( '', #1841 ) ;
#174 = CARTESIAN_POINT ( 'NONE',  ( -5.798000000000000900, 0.0000000000000000000, 3.480000000000000400 ) ) ;
#175 = EDGE_CURVE ( 'NONE', #418, #1117, #293, .T. ) ;
#176 = DIRECTION ( 'NONE',  ( -0.0000000000000000000, 1.000000000000000000, 0.0000000000000000000 ) ) ;
#177 = ADVANCED_FACE ( 'NONE', ( #2243 ), #2419, .F. ) ;
#178 = DIRECTION ( 'NONE',  ( -0.0000000000000000000, 1.000000000000000000, -0.0000000000000000000 ) ) ;
#179 = CARTESIAN_POINT ( 'NONE',  ( 3.458138187341983600, 0.7844088817247966100, -4.838785043607159300 ) ) ;
#180 = ORIENTED_EDGE ( 'NONE', *, *, #3026, .F. ) ;
#181 = AXIS2_PLACEMENT_3D ( 'NONE', #411, #765, #2442 ) ;
#182 = PLANE ( 'NONE',  #3221 ) ;
#183 = VERTEX_POINT ( 'NONE', #3011 ) ;
#184 = ORIENTED_EDGE ( 'NONE', *, *, #2515, .F. ) ;
#185 = LINE ( 'NONE', #2485, #1436 ) ;
#186 = CARTESIAN_POINT ( 'NONE',  ( -9.398000000000001500, 7.620000000000000100, -0.9800000000000017600 ) ) ;
#187 = EDGE_LOOP ( 'NONE', ( #793, #3237, #2636, #3606 ) ) ;
#188 = FACE_OUTER_BOUND ( 'NONE', #3228, .T. ) ;
#189 = CARTESIAN_POINT ( 'NONE',  ( -6.438899999999923000, -8.518025612106916000, -4.064000000000000100 ) ) ;
#190 = LINE ( 'NONE', #1172, #1657 ) ;
#191 = CARTESIAN_POINT ( 'NONE',  ( 0.9905999999999977000, 6.902499999999999900, -3.309999999999996500 ) ) ;
#192 = CARTESIAN_POINT ( 'NONE',  ( -6.819900000000007600, -8.518025612106916000, 4.064000000000000100 ) ) ;
#193 = LINE ( 'NONE', #1626, #3061 ) ;
#194 = EDGE_CURVE ( 'NONE', #2705, #2060, #143, .T. ) ;
#195 = ORIENTED_EDGE ( 'NONE', *, *, #1473, .F. ) ;
#196 = EDGE_LOOP ( 'NONE', ( #3239, #2715, #3484, #2635, #1262 ) ) ;
#197 = ADVANCED_FACE ( 'NONE', ( #2425 ), #3278, .F. ) ;
#198 = CIRCLE ( 'NONE', #607, 0.3175000000000000600 ) ;
#199 = EDGE_LOOP ( 'NONE', ( #1132, #493, #395, #844, #1832 ) ) ;
#200 = DIRECTION ( 'NONE',  ( -0.0000000000000000000, -0.0000000000000000000, 1.000000000000000000 ) ) ;
#201 =( NAMED_UNIT ( * ) PLANE_ANGLE_UNIT ( ) SI_UNIT ( $, .RADIAN. ) );
#202 = EDGE_LOOP ( 'NONE', ( #2017, #19, #1518, #3498 ) ) ;
#203 = ORIENTED_EDGE ( 'NONE', *, *, #1484, .T. ) ;
#204 = ORIENTED_EDGE ( 'NONE', *, *, #1342, .T. ) ;
#205 = DIRECTION ( 'NONE',  ( 0.0000000000000000000, -6.938893903907233900E-015, -1.000000000000000000 ) ) ;
#206 = AXIS2_PLACEMENT_3D ( 'NONE', #2379, #1238, #2721 ) ;
#207 = FACE_OUTER_BOUND ( 'NONE', #3051, .T. ) ;
#208 = CARTESIAN_POINT ( 'NONE',  ( -0.8980000000000010200, 7.620000000000000100, 4.279999999999998500 ) ) ;
#209 = VERTEX_POINT ( 'NONE', #3307 ) ;
#210 = VECTOR ( 'NONE', #3076, 1000.000000000000000 ) ;
#211 = PLANE ( 'NONE',  #2067 ) ;
#212 = DIRECTION ( 'NONE',  ( 1.000000000000000000, -0.0000000000000000000, -0.0000000000000000000 ) ) ;
#213 = DIRECTION ( 'NONE',  ( 0.0000000000000000000, 0.0000000000000000000, -1.000000000000000000 ) ) ;
#214 =( NAMED_UNIT ( * ) SI_UNIT ( $, .STERADIAN. ) SOLID_ANGLE_UNIT ( ) );
#215 = DIRECTION ( 'NONE',  ( 0.9843005390343235700, -0.1765005633326422500, 0.0000000000000000000 ) ) ;
#216 = LINE ( 'NONE', #1866, #2946 ) ;
#217 = ORIENTED_EDGE ( 'NONE', *, *, #1118, .F. ) ;
#218 = ADVANCED_FACE ( 'NONE', ( #1839 ), #686, .F. ) ;
#219 =( NAMED_UNIT ( * ) PLANE_ANGLE_UNIT ( ) SI_UNIT ( $, .RADIAN. ) );
#220 = EDGE_CURVE ( 'NONE', #3150, #288, #1079, .T. ) ;
#221 = CARTESIAN_POINT ( 'NONE',  ( 8.323120586518506100, 6.562742779741104600, 1.699169012285029800 ) ) ;
#222 = DIRECTION ( 'NONE',  ( 0.0000000000000000000, 0.0000000000000000000, 1.000000000000000000 ) ) ;
#223 = DIRECTION ( 'NONE',  ( -0.0000000000000000000, -0.0000000000000000000, 1.000000000000000000 ) ) ;
#224 = EDGE_CURVE ( 'NONE', #3318, #1758, #929, .T. ) ;
#225 = EDGE_CURVE ( 'NONE', #2180, #2961, #381, .T. ) ;
#226 = ORIENTED_EDGE ( 'NONE', *, *, #1369, .F. ) ;
#227 = ORIENTED_EDGE ( 'NONE', *, *, #1228, .T. ) ;
#228 = LINE ( 'NONE', #3694, #2058 ) ;
#229 = CARTESIAN_POINT ( 'NONE',  ( -1.998000000000001600, 0.6350000000000001200, 5.079999999999998300 ) ) ;
#230 = ORIENTED_EDGE ( 'NONE', *, *, #3466, .F. ) ;
#231 = AXIS2_PLACEMENT_3D ( 'NONE', #711, #1901, #3060 ) ;
#232 = LINE ( 'NONE', #1429, #3229 ) ;
#233 = ORIENTED_EDGE ( 'NONE', *, *, #2093, .F. ) ;
#234 = AXIS2_PLACEMENT_3D ( 'NONE', #1325, #759, #2205 ) ;
#235 = DIRECTION ( 'NONE',  ( 0.0000000000000000000, 0.0000000000000000000, 1.000000000000000000 ) ) ;
#236 = CYLINDRICAL_SURFACE ( 'NONE', #1604, 1.951048624495812700 ) ;
#237 = ADVANCED_FACE ( 'NONE', ( #2142 ), #1304, .T. ) ;
#238 = LINE ( 'NONE', #2720, #1749 ) ;
#239 = DIRECTION ( 'NONE',  ( 0.0000000000000000000, -0.0000000000000000000, 1.000000000000000000 ) ) ;
#240 = LINE ( 'NONE', #761, #3235 ) ;
#241 = ORIENTED_EDGE ( 'NONE', *, *, #3195, .F. ) ;
#242 = ORIENTED_EDGE ( 'NONE', *, *, #3689, .T. ) ;
#243 = DIRECTION ( 'NONE',  ( -1.000000000000000000, -0.0000000000000000000, -0.0000000000000000000 ) ) ;
#244 = VECTOR ( 'NONE', #2638, 1000.000000000000000 ) ;
#245 = ORIENTED_EDGE ( 'NONE', *, *, #1473, .T. ) ;
#246 = EDGE_LOOP ( 'NONE', ( #1425, #1575 ) ) ;
#247 = EDGE_CURVE ( 'NONE', #2154, #830, #2064, .T. ) ;
#248 = CIRCLE ( 'NONE', #1054, 0.8174999999999471600 ) ;
#249 = VERTEX_POINT ( 'NONE', #191 ) ;
#250 = ORIENTED_EDGE ( 'NONE', *, *, #649, .T. ) ;
#251 = DIRECTION ( 'NONE',  ( 2.276539994720218000E-015, 0.0000000000000000000, -1.000000000000000000 ) ) ;
#252 = EDGE_CURVE ( 'NONE', #3693, #2189, #100, .T. ) ;
#253 = LINE ( 'NONE', #88, #303 ) ;
#254 = DIRECTION ( 'NONE',  ( 1.000000000000000000, 0.0000000000000000000, 0.0000000000000000000 ) ) ;
#255 = CARTESIAN_POINT ( 'NONE',  ( 3.766653535933342000, 0.8415888217794369500, 4.547424918045866300 ) ) ;
#256 = VERTEX_POINT ( 'NONE', #3368 ) ;
#257 = ORIENTED_EDGE ( 'NONE', *, *, #2608, .T. ) ;
#258 = LINE ( 'NONE', #3476, #632 ) ;
#259 = CARTESIAN_POINT ( 'NONE',  ( 0.9905999999999977000, 6.120000000000000100, 4.309999999999999600 ) ) ;
#260 = ADVANCED_FACE ( 'NONE', ( #972 ), #2750, .F. ) ;
#261 = CARTESIAN_POINT ( 'NONE',  ( -6.438900000000001200, -3.810000000000000100, 3.556000000000000000 ) ) ;
#262 = CARTESIAN_POINT ( 'NONE',  ( -0.2980000000000022600, 0.6350000000000001200, -5.880000000000002600 ) ) ;
#263 = AXIS2_PLACEMENT_3D ( 'NONE', #1750, #2618, #1184 ) ;
#264 = FACE_OUTER_BOUND ( 'NONE', #2161, .T. ) ;
#265 = CARTESIAN_POINT ( 'NONE',  ( -4.198000000000000400, 0.6350000000000000100, -3.479999999999997800 ) ) ;
#266 = CARTESIAN_POINT ( 'NONE',  ( 7.999089757983783900, 0.0000000000000000000, -3.244472939652104600 ) ) ;
#267 = CARTESIAN_POINT ( 'NONE',  ( 4.627420288445576600, 7.225439952657861700, -4.625114529555532700 ) ) ;
#268 = CARTESIAN_POINT ( 'NONE',  ( 1.490599999999997700, 6.120000000000000100, 3.810000000000000100 ) ) ;
#269 = DIRECTION ( 'NONE',  ( -1.000000000000000000, -0.0000000000000000000, 0.0000000000000000000 ) ) ;
#270 = EDGE_CURVE ( 'NONE', #807, #979, #734, .T. ) ;
#271 = VERTEX_POINT ( 'NONE', #461 ) ;
#272 = CARTESIAN_POINT ( 'NONE',  ( -1.998000000000001600, 7.620000000000000100, -5.079999999999998300 ) ) ;
#273 = ORIENTED_EDGE ( 'NONE', *, *, #1535, .T. ) ;
#274 = EDGE_CURVE ( 'NONE', #2437, #1497, #3008, .T. ) ;
#275 = DIRECTION ( 'NONE',  ( -1.000000000000000000, -0.0000000000000000000, -0.0000000000000000000 ) ) ;
#276 = VERTEX_POINT ( 'NONE', #1322 ) ;
#277 = ORIENTED_EDGE ( 'NONE', *, *, #2056, .F. ) ;
#278 = LINE ( 'NONE', #1149, #3750 ) ;
#279 = CARTESIAN_POINT ( 'NONE',  ( -0.8980000000000009100, 7.620000000000000100, 5.079999999999998300 ) ) ;
#280 = DIRECTION ( 'NONE',  ( 1.000000000000000000, 0.0000000000000000000, 0.0000000000000000000 ) ) ;
#281 =( BOUNDED_CURVE ( )  B_SPLINE_CURVE ( 3, ( #2560, #809, #2835, #3437 ),
 .UNSPECIFIED., .F., .T. ) 
 B_SPLINE_CURVE_WITH_KNOTS ( ( 4, 4 ),
 ( 4.712388980384689700, 5.469196962491789500 ),
 .UNSPECIFIED. ) 
 CURVE ( )  GEOMETRIC_REPRESENTATION_ITEM ( )  RATIONAL_B_SPLINE_CURVE ( ( 1.000000000000000000, 0.9528369632967145200, 0.9528369632967145200, 1.000000000000000000 ) ) 
 REPRESENTATION_ITEM ( '' )  );
#282 = VERTEX_POINT ( 'NONE', #3089 ) ;
#283 = EDGE_CURVE ( 'NONE', #1950, #2392, #3283, .T. ) ;
#284 = VERTEX_POINT ( 'NONE', #1595 ) ;
#285 = LINE ( 'NONE', #552, #3549 ) ;
#286 =( NAMED_UNIT ( * ) SI_UNIT ( $, .STERADIAN. ) SOLID_ANGLE_UNIT ( ) );
#287 = AXIS2_PLACEMENT_3D ( 'NONE', #1288, #1842, #1857 ) ;
#288 = VERTEX_POINT ( 'NONE', #2789 ) ;
#289 = CYLINDRICAL_SURFACE ( 'NONE', #542, 0.3175000000000000600 ) ;
#290 = ORIENTED_EDGE ( 'NONE', *, *, #1205, .F. ) ;
#291 = EDGE_CURVE ( 'NONE', #2875, #645, #2378, .T. ) ;
#292 = AXIS2_PLACEMENT_3D ( 'NONE', #1226, #1790, #365 ) ;
#293 = LINE ( 'NONE', #1591, #2334 ) ;
#294 = DIRECTION ( 'NONE',  ( 0.0000000000000000000, 0.0000000000000000000, -1.000000000000000000 ) ) ;
#295 = ORIENTED_EDGE ( 'NONE', *, *, #1961, .T. ) ;
#296 = DIRECTION ( 'NONE',  ( 0.0000000000000000000, 0.0000000000000000000, -1.000000000000000000 ) ) ;
#297 = CARTESIAN_POINT ( 'NONE',  ( 7.999089757983783900, 1.300000000000000000, -7.112000000000000100 ) ) ;
#298 = VERTEX_POINT ( 'NONE', #2765 ) ;
#299 = FACE_OUTER_BOUND ( 'NONE', #391, .T. ) ;
#300 = DIRECTION ( 'NONE',  ( 0.0000000000000000000, 1.000000000000000000, 0.0000000000000000000 ) ) ;
#301 = ORIENTED_EDGE ( 'NONE', *, *, #915, .F. ) ;
#302 = DIRECTION ( 'NONE',  ( 0.0000000000000000000, -1.000000000000000000, 0.0000000000000000000 ) ) ;
#303 = VECTOR ( 'NONE', #928, 1000.000000000000000 ) ;
#304 = ORIENTED_EDGE ( 'NONE', *, *, #776, .T. ) ;
#305 = ORIENTED_EDGE ( 'NONE', *, *, #1467, .T. ) ;
#306 = EDGE_LOOP ( 'NONE', ( #2885, #2660, #3501, #3156, #1566, #3565 ) ) ;
#307 = EDGE_CURVE ( 'NONE', #3693, #3643, #3603, .T. ) ;
#308 = CARTESIAN_POINT ( 'NONE',  ( 0.4905999999999968700, 7.620000000000000100, -3.810000000000000100 ) ) ;
#309 = CIRCLE ( 'NONE', #1088, 0.3175000000000000600 ) ;
#310 = EDGE_CURVE ( 'NONE', #3483, #3284, #935, .T. ) ;
#311 = CARTESIAN_POINT ( 'NONE',  ( -6.438899999999949700, -8.518025612106916000, -1.524000000000000200 ) ) ;
#312 = LINE ( 'NONE', #1708, #353 ) ;
#313 = AXIS2_PLACEMENT_3D ( 'NONE', #1541, #320, #2390 ) ;
#314 = ORIENTED_EDGE ( 'NONE', *, *, #220, .T. ) ;
#315 = CARTESIAN_POINT ( 'NONE',  ( 3.073519609797261200, 0.7131240418997348800, 5.018064135781922500 ) ) ;
#316 = VECTOR ( 'NONE', #3576, 1000.000000000000000 ) ;
#317 = CARTESIAN_POINT ( 'NONE',  ( -0.8980000000000009100, 0.6350000000000001200, -5.080000000000001800 ) ) ;
#318 = AXIS2_PLACEMENT_3D ( 'NONE', #2302, #254, #296 ) ;
#319 = CARTESIAN_POINT ( 'NONE',  ( 4.627420288445576600, 7.225439952657861700, -4.625114529555532700 ) ) ;
#320 = DIRECTION ( 'NONE',  ( 0.0000000000000000000, 1.000000000000000000, 0.0000000000000000000 ) ) ;
#321 = DIRECTION ( 'NONE',  ( 1.000000000000000000, 0.0000000000000000000, 0.0000000000000000000 ) ) ;
#322 = EDGE_CURVE ( 'NONE', #3213, #3598, #2602, .T. ) ;
#323 = EDGE_LOOP ( 'NONE', ( #3039, #1068, #1826, #1454, #3049, #241 ) ) ;
#324 = ORIENTED_EDGE ( 'NONE', *, *, #1170, .F. ) ;
#325 = VECTOR ( 'NONE', #788, 1000.000000000000000 ) ;
#326 = EDGE_LOOP ( 'NONE', ( #2347, #1793, #538, #2869 ) ) ;
#327 = ADVANCED_FACE ( 'NONE', ( #1932 ), #1979, .T. ) ;
#328 = LINE ( 'NONE', #259, #2551 ) ;
#329 = PLANE ( 'NONE',  #3301 ) ;
#330 = MECHANICAL_DESIGN_GEOMETRIC_PRESENTATION_REPRESENTATION (  '', ( #3721 ), #656 ) ;
#331 = CARTESIAN_POINT ( 'NONE',  ( -6.438899999999948800, -3.810000000000000100, -1.016000000000000500 ) ) ;
#332 = CYLINDRICAL_SURFACE ( 'NONE', #3219, 0.3175000000000000600 ) ;
#333 = CARTESIAN_POINT ( 'NONE',  ( -8.748000000000002900, 7.620000000000000100, 0.9800000000000017600 ) ) ;
#334 = MECHANICAL_DESIGN_GEOMETRIC_PRESENTATION_REPRESENTATION (  '', ( #1327 ), #62 ) ;
#335 =( BOUNDED_CURVE ( )  B_SPLINE_CURVE ( 3, ( #414, #2160, #2446, #3317 ),
 .UNSPECIFIED., .F., .F. ) 
 B_SPLINE_CURVE_WITH_KNOTS ( ( 4, 4 ),
 ( 1.570796326794896800, 1.661518861843348100 ),
 .UNSPECIFIED. ) 
 CURVE ( )  GEOMETRIC_REPRESENTATION_ITEM ( )  RATIONAL_B_SPLINE_CURVE ( ( 1.000000000000000000, 0.9993142360698340500, 0.9993142360698340500, 1.000000000000000000 ) ) 
 REPRESENTATION_ITEM ( '' )  );
#336 = CARTESIAN_POINT ( 'NONE',  ( 9.640907282258075000, 0.0000000000000000000, 3.479999999999999500 ) ) ;
#337 = ORIENTED_EDGE ( 'NONE', *, *, #1290, .T. ) ;
#338 = ORIENTED_EDGE ( 'NONE', *, *, #3260, .T. ) ;
#339 = CARTESIAN_POINT ( 'NONE',  ( -5.798000000000000900, 0.0000000000000000000, -7.112000000000000100 ) ) ;
#340 = LINE ( 'NONE', #3444, #244 ) ;
#341 = CARTESIAN_POINT ( 'NONE',  ( 2.427055258741147400, 0.0000000000000000000, -3.128951375504188900 ) ) ;
#342 = ORIENTED_EDGE ( 'NONE', *, *, #1049, .F. ) ;
#343 = VECTOR ( 'NONE', #772, 1000.000000000000000 ) ;
#344 = EDGE_LOOP ( 'NONE', ( #2435, #3206 ) ) ;
#345 = ORIENTED_EDGE ( 'NONE', *, *, #270, .T. ) ;
#346 = PRESENTATION_STYLE_ASSIGNMENT (( #581 ) ) ;
#347 = DIRECTION ( 'NONE',  ( 0.0000000000000000000, -1.000000000000000000, 0.0000000000000000000 ) ) ;
#348 = DIRECTION ( 'NONE',  ( -0.0000000000000000000, 1.000000000000000000, -0.0000000000000000000 ) ) ;
#349 = CARTESIAN_POINT ( 'NONE',  ( -6.438899999999975400, -8.518025612106916000, 1.016000000000000000 ) ) ;
#350 = CARTESIAN_POINT ( 'NONE',  ( 3.797999999999998300, 7.620000000000000100, 3.250000000000000000 ) ) ;
#351 = ORIENTED_EDGE ( 'NONE', *, *, #3448, .T. ) ;
#352 = ADVANCED_FACE ( 'NONE', ( #1251 ), #2053, .F. ) ;
#353 = VECTOR ( 'NONE', #2613, 1000.000000000000000 ) ;
#354 = ORIENTED_EDGE ( 'NONE', *, *, #2272, .F. ) ;
#355 = CARTESIAN_POINT ( 'NONE',  ( -0.8980000000000009100, 7.620000000000000100, -5.080000000000001800 ) ) ;
#356 = LINE ( 'NONE', #2745, #1724 ) ;
#357 = DIRECTION ( 'NONE',  ( 0.0000000000000000000, -0.0000000000000000000, 1.000000000000000000 ) ) ;
#358 = EDGE_CURVE ( 'NONE', #43, #394, #3700, .T. ) ;
#359 = CARTESIAN_POINT ( 'NONE',  ( -1.998000000000001600, 0.6350000000000000100, -7.112000000000000100 ) ) ;
#360 = DIRECTION ( 'NONE',  ( 1.000000000000000000, 0.0000000000000000000, 0.0000000000000000000 ) ) ;
#361 =( GEOMETRIC_REPRESENTATION_CONTEXT ( 3 ) GLOBAL_UNCERTAINTY_ASSIGNED_CONTEXT ( ( #28 ) ) GLOBAL_UNIT_ASSIGNED_CONTEXT ( ( #1672, #1965, #214 ) ) REPRESENTATION_CONTEXT ( 'NONE', 'WORKASPACE' ) );
#362 = CARTESIAN_POINT ( 'NONE',  ( -5.798000000000000900, 0.0000000000000000000, -7.112000000000000100 ) ) ;
#363 = DIRECTION ( 'NONE',  ( -1.000000000000000000, -0.0000000000000000000, -0.0000000000000000000 ) ) ;
#364 = VERTEX_POINT ( 'NONE', #3233 ) ;
#365 = DIRECTION ( 'NONE',  ( 0.0000000000000000000, 0.0000000000000000000, 1.000000000000000000 ) ) ;
#366 = ADVANCED_FACE ( 'NONE', ( #3429 ), #3553, .F. ) ;
#367 = CARTESIAN_POINT ( 'NONE',  ( -1.998000000000001600, 7.620000000000000100, 5.079999999999998300 ) ) ;
#368 = ORIENTED_EDGE ( 'NONE', *, *, #358, .F. ) ;
#369 = LINE ( 'NONE', #1598, #3000 ) ;
#370 = DIRECTION ( 'NONE',  ( 0.0000000000000000000, 0.0000000000000000000, -1.000000000000000000 ) ) ;
#371 = ORIENTED_EDGE ( 'NONE', *, *, #2839, .T. ) ;
#372 = EDGE_CURVE ( 'NONE', #1419, #3333, #2644, .T. ) ;
#373 = ORIENTED_EDGE ( 'NONE', *, *, #2498, .F. ) ;
#374 = LINE ( 'NONE', #2580, #472 ) ;
#375 = DIRECTION ( 'NONE',  ( 0.0000000000000000000, 0.0000000000000000000, -1.000000000000000000 ) ) ;
#376 = EDGE_LOOP ( 'NONE', ( #3468, #1234, #2999, #2794 ) ) ;
#377 = EDGE_CURVE ( 'NONE', #1950, #624, #2740, .T. ) ;
#378 = CIRCLE ( 'NONE', #2357, 0.4999999999999995600 ) ;
#379 = FACE_OUTER_BOUND ( 'NONE', #1848, .T. ) ;
#380 = VERTEX_POINT ( 'NONE', #1514 ) ;
#381 = LINE ( 'NONE', #2433, #1301 ) ;
#382 = VECTOR ( 'NONE', #2541, 1000.000000000000000 ) ;
#383 = MECHANICAL_DESIGN_GEOMETRIC_PRESENTATION_REPRESENTATION (  '', ( #905 ), #361 ) ;
#384 = ORIENTED_EDGE ( 'NONE', *, *, #3022, .T. ) ;
#385 = AXIS2_PLACEMENT_3D ( 'NONE', #2405, #684, #1815 ) ;
#386 = ORIENTED_EDGE ( 'NONE', *, *, #1573, .T. ) ;
#387 = DIRECTION ( 'NONE',  ( -1.000000000000000000, 0.0000000000000000000, 0.0000000000000000000 ) ) ;
#388 = VECTOR ( 'NONE', #3193, 1000.000000000000000 ) ;
#389 = CARTESIAN_POINT ( 'NONE',  ( 0.9905999999999977000, -8.518025612106916000, -4.127500000000000400 ) ) ;
#390 = VERTEX_POINT ( 'NONE', #1493 ) ;
#391 = EDGE_LOOP ( 'NONE', ( #790, #257, #1338, #2427 ) ) ;
#392 = DIRECTION ( 'NONE',  ( 1.000000000000000000, 0.0000000000000000000, 0.0000000000000000000 ) ) ;
#393 = CIRCLE ( 'NONE', #2936, 0.3175000000000000600 ) ;
#394 = VERTEX_POINT ( 'NONE', #2087 ) ;
#395 = ORIENTED_EDGE ( 'NONE', *, *, #2453, .F. ) ;
#396 = VECTOR ( 'NONE', #871, 1000.000000000000000 ) ;
#397 = EDGE_CURVE ( 'NONE', #1359, #718, #1023, .T. ) ;
#398 = CARTESIAN_POINT ( 'NONE',  ( 2.651999999999998400, 0.6350000000000000100, -5.066989197252514300 ) ) ;
#399 = CARTESIAN_POINT ( 'NONE',  ( 7.999089757983783900, 1.300000000000000000, -7.112000000000000100 ) ) ;
#400 = FACE_OUTER_BOUND ( 'NONE', #3040, .T. ) ;
#401 = CARTESIAN_POINT ( 'NONE',  ( 5.178271442628446400, 1.103216736414549800, -4.625114529555532700 ) ) ;
#402 = DIRECTION ( 'NONE',  ( 0.0000000000000000000, -8.195543980992787700E-015, -1.000000000000000000 ) ) ;
#403 = ORIENTED_EDGE ( 'NONE', *, *, #3424, .F. ) ;
#404 = CARTESIAN_POINT ( 'NONE',  ( -6.420772428101458700, 7.620000000000000100, -4.384654575203931900 ) ) ;
#405 = DIRECTION ( 'NONE',  ( 0.0000000000000000000, 0.0000000000000000000, 1.000000000000000000 ) ) ;
#406 = PLANE ( 'NONE',  #2423 ) ;
#407 = ORIENTED_EDGE ( 'NONE', *, *, #3673, .F. ) ;
#408 = AXIS2_PLACEMENT_3D ( 'NONE', #1834, #2126, #2704 ) ;
#409 = DIRECTION ( 'NONE',  ( 0.0000000000000000000, -1.000000000000000000, 0.0000000000000000000 ) ) ;
#410 = DIRECTION ( 'NONE',  ( 1.000000000000000000, 0.0000000000000000000, -4.688441826964343300E-016 ) ) ;
#411 = CARTESIAN_POINT ( 'NONE',  ( 0.9905999999999977000, 6.120000000000000100, -3.810000000000000100 ) ) ;
#412 = AXIS2_PLACEMENT_3D ( 'NONE', #952, #653, #2668 ) ;
#413 = PLANE ( 'NONE',  #2282 ) ;
#414 = CARTESIAN_POINT ( 'NONE',  ( 4.305373081227568100, 7.283188080632522900, -3.273030884697923200 ) ) ;
#415 = VERTEX_POINT ( 'NONE', #359 ) ;
#416 = DIRECTION ( 'NONE',  ( 0.0000000000000000000, 0.0000000000000000000, 1.000000000000000000 ) ) ;
#417 = DIRECTION ( 'NONE',  ( -1.000000000000000000, 0.0000000000000000000, 0.0000000000000000000 ) ) ;
#418 = VERTEX_POINT ( 'NONE', #333 ) ;
#419 = ORIENTED_EDGE ( 'NONE', *, *, #794, .T. ) ;
#420 = VECTOR ( 'NONE', #473, 1000.000000000000000 ) ;
#421 = DIRECTION ( 'NONE',  ( 0.0000000000000000000, -1.000000000000000000, 0.0000000000000000000 ) ) ;
#422 = VERTEX_POINT ( 'NONE', #3542 ) ;
#423 = DIRECTION ( 'NONE',  ( 0.0000000000000000000, 0.0000000000000000000, -1.000000000000000000 ) ) ;
#424 = CARTESIAN_POINT ( 'NONE',  ( -1.998000000000001100, 0.6350000000000001200, 3.049999999999998900 ) ) ;
#425 = CARTESIAN_POINT ( 'NONE',  ( 0.9905999999999977000, 7.219999999999999800, 3.309999999999996900 ) ) ;
#426 = CARTESIAN_POINT ( 'NONE',  ( 8.533084506142513300, 7.620000000000000100, -2.564084506142514800 ) ) ;
#427 = EDGE_CURVE ( 'NONE', #1709, #830, #1789, .T. ) ;
#428 = CIRCLE ( 'NONE', #1212, 0.7007190620334350400 ) ;
#429 = LINE ( 'NONE', #2043, #1122 ) ;
#430 = DIRECTION ( 'NONE',  ( -1.000000000000000000, -0.0000000000000000000, 0.0000000000000000000 ) ) ;
#431 = CARTESIAN_POINT ( 'NONE',  ( 9.640907282258075000, 0.6350000000000000100, 3.479999999999997300 ) ) ;
#432 = EDGE_CURVE ( 'NONE', #1293, #43, #2684, .T. ) ;
#433 = ORIENTED_EDGE ( 'NONE', *, *, #2498, .T. ) ;
#434 = ORIENTED_EDGE ( 'NONE', *, *, #47, .T. ) ;
#435 = CARTESIAN_POINT ( 'NONE',  ( 8.533084506142513300, 6.525092947577521200, 3.429000000000000700 ) ) ;
#436 = EDGE_CURVE ( 'NONE', #1102, #2896, #39, .T. ) ;
#437 = CARTESIAN_POINT ( 'NONE',  ( -6.438899999999922100, -8.518025612106916000, -3.556000000000000000 ) ) ;
#438 = ORIENTED_EDGE ( 'NONE', *, *, #1077, .F. ) ;
#439 = ORIENTED_EDGE ( 'NONE', *, *, #3264, .T. ) ;
#440 = AXIS2_PLACEMENT_3D ( 'NONE', #3382, #1647, #510 ) ;
#441 = LINE ( 'NONE', #1642, #2564 ) ;
#442 = EDGE_CURVE ( 'NONE', #298, #1174, #610, .T. ) ;
#443 = CARTESIAN_POINT ( 'NONE',  ( -6.819899999999949000, -3.810000000000000100, -1.016000000000000500 ) ) ;
#444 = DIRECTION ( 'NONE',  ( 0.0000000000000000000, 0.0000000000000000000, 1.000000000000000000 ) ) ;
#445 = ORIENTED_EDGE ( 'NONE', *, *, #3656, .F. ) ;
#446 = CIRCLE ( 'NONE', #3749, 0.3175000000000000600 ) ;
#447 = VERTEX_POINT ( 'NONE', #2669 ) ;
#448 = CARTESIAN_POINT ( 'NONE',  ( 8.337611820000359900, 6.560144273724394500, -3.429000000000000700 ) ) ;
#449 = DIRECTION ( 'NONE',  ( 0.0000000000000000000, 0.0000000000000000000, -1.000000000000000000 ) ) ;
#450 = CYLINDRICAL_SURFACE ( 'NONE', #1194, 0.3175000000000000600 ) ;
#451 = CARTESIAN_POINT ( 'NONE',  ( -9.398000000000001500, 7.620000000000000100, 3.580000000000001800 ) ) ;
#452 = LINE ( 'NONE', #1547, #316 ) ;
#453 =( BOUNDED_CURVE ( )  B_SPLINE_CURVE ( 3, ( #1354, #2764, #1015, #2787 ),
 .UNSPECIFIED., .F., .T. ) 
 B_SPLINE_CURVE_WITH_KNOTS ( ( 4, 4 ),
 ( 0.8580412486836337400, 1.570796326794896800 ),
 .UNSPECIFIED. ) 
 CURVE ( )  GEOMETRIC_REPRESENTATION_ITEM ( )  RATIONAL_B_SPLINE_CURVE ( ( 1.000000000000000000, 0.9581111866813136800, 0.9581111866813136800, 1.000000000000000000 ) ) 
 REPRESENTATION_ITEM ( '' )  );
#454 = EDGE_CURVE ( 'NONE', #561, #3318, #1527, .T. ) ;
#455 = CARTESIAN_POINT ( 'NONE',  ( -5.798000000000000900, 0.6350000000000000100, -5.079999999999998300 ) ) ;
#456 = DIRECTION ( 'NONE',  ( 1.000000000000000000, 0.0000000000000000000, 0.0000000000000000000 ) ) ;
#457 = DIRECTION ( 'NONE',  ( -0.0000000000000000000, -1.000000000000000000, -0.0000000000000000000 ) ) ;
#458 = EDGE_CURVE ( 'NONE', #3200, #3248, #1298, .T. ) ;
#459 = DIRECTION ( 'NONE',  ( 1.000000000000000000, 0.0000000000000000000, 0.0000000000000000000 ) ) ;
#460 = ADVANCED_FACE ( 'NONE', ( #188 ), #921, .F. ) ;
#461 = CARTESIAN_POINT ( 'NONE',  ( -6.438899999999923000, -3.810000000000000100, -4.064000000000000100 ) ) ;
#462 = AXIS2_PLACEMENT_3D ( 'NONE', #2448, #1038, #104 ) ;
#463 = AXIS2_PLACEMENT_3D ( 'NONE', #3366, #459, #3669 ) ;
#464 = CARTESIAN_POINT ( 'NONE',  ( 0.9905999999999977000, 6.120000000000000100, 3.810000000000000100 ) ) ;
#465 = DIRECTION ( 'NONE',  ( -0.0000000000000000000, -0.0000000000000000000, 1.000000000000000000 ) ) ;
#466 = EDGE_LOOP ( 'NONE', ( #691, #145, #445, #3496 ) ) ;
#467 = CYLINDRICAL_SURFACE ( 'NONE', #2402, 0.4999999999999995600 ) ;
#468 = DIRECTION ( 'NONE',  ( 1.195183497228115700E-014, 0.0000000000000000000, -1.000000000000000000 ) ) ;
#469 = ORIENTED_EDGE ( 'NONE', *, *, #3616, .T. ) ;
#470 = DIRECTION ( 'NONE',  ( 1.000000000000000000, 0.0000000000000000000, -0.0000000000000000000 ) ) ;
#471 = VERTEX_POINT ( 'NONE', #1215 ) ;
#472 = VECTOR ( 'NONE', #902, 1000.000000000000000 ) ;
#473 = DIRECTION ( 'NONE',  ( 0.0000000000000000000, 0.0000000000000000000, 1.000000000000000000 ) ) ;
#474 = ORIENTED_EDGE ( 'NONE', *, *, #1883, .T. ) ;
#475 = EDGE_CURVE ( 'NONE', #1343, #497, #3697, .T. ) ;
#476 = LINE ( 'NONE', #2760, #2105 ) ;
#477 = CARTESIAN_POINT ( 'NONE',  ( -6.819899999999922400, -8.518025612106916000, -4.064000000000000100 ) ) ;
#478 = EDGE_CURVE ( 'NONE', #3012, #390, #1163, .T. ) ;
#479 = ADVANCED_FACE ( 'NONE', ( #966 ), #289, .T. ) ;
#480 = VERTEX_POINT ( 'NONE', #3303 ) ;
#481 = VECTOR ( 'NONE', #2412, 1000.000000000000000 ) ;
#482 = PLANE ( 'NONE',  #590 ) ;
#483 = PLANE ( 'NONE',  #1375 ) ;
#484 = LINE ( 'NONE', #1368, #1353 ) ;
#485 = VERTEX_POINT ( 'NONE', #443 ) ;
#486 = PLANE ( 'NONE',  #2849 ) ;
#487 = ORIENTED_EDGE ( 'NONE', *, *, #530, .T. ) ;
#488 = DIRECTION ( 'NONE',  ( -1.000000000000000000, -0.0000000000000000000, 0.0000000000000000000 ) ) ;
#489 = DIRECTION ( 'NONE',  ( 1.000000000000000000, 0.0000000000000000000, 0.0000000000000000000 ) ) ;
#490 = EDGE_CURVE ( 'NONE', #2305, #1165, #882, .T. ) ;
#491 = LINE ( 'NONE', #261, #1937 ) ;
#492 = DIRECTION ( 'NONE',  ( 1.000000000000000000, 0.0000000000000000000, 0.0000000000000000000 ) ) ;
#493 = ORIENTED_EDGE ( 'NONE', *, *, #30, .F. ) ;
#494 = CYLINDRICAL_SURFACE ( 'NONE', #3456, 0.8649154938574854500 ) ;
#495 = ORIENTED_EDGE ( 'NONE', *, *, #436, .T. ) ;
#496 = CARTESIAN_POINT ( 'NONE',  ( -1.998000000000001600, 7.620000000000000100, 5.079999999999998300 ) ) ;
#497 = VERTEX_POINT ( 'NONE', #2428 ) ;
#498 = CARTESIAN_POINT ( 'NONE',  ( -1.998000000000001600, 7.620000000000000100, -5.079999999999998300 ) ) ;
#499 = AXIS2_PLACEMENT_3D ( 'NONE', #2759, #2452, #3313 ) ;
#500 = LINE ( 'NONE', #367, #115 ) ;
#501 = PLANE ( 'NONE',  #2717 ) ;
#502 = CARTESIAN_POINT ( 'NONE',  ( -4.198000000000001300, 0.0000000000000000000, -3.128951375504188900 ) ) ;
#503 = VECTOR ( 'NONE', #2015, 1000.000000000000000 ) ;
#504 = DIRECTION ( 'NONE',  ( 1.000000000000000000, -0.0000000000000000000, -0.0000000000000000000 ) ) ;
#505 = ADVANCED_FACE ( 'NONE', ( #699 ), #2441, .T. ) ;
#506 = CARTESIAN_POINT ( 'NONE',  ( 0.9905999999999977000, 6.120000000000000100, 3.810000000000000100 ) ) ;
#507 = CARTESIAN_POINT ( 'NONE',  ( -0.2980000000000011500, 7.620000000000000100, 3.049999999999998900 ) ) ;
#508 = EDGE_CURVE ( 'NONE', #471, #944, #476, .T. ) ;
#509 = CARTESIAN_POINT ( 'NONE',  ( 0.9905999999999977000, 6.720000000000000600, -3.310000000000000100 ) ) ;
#510 = DIRECTION ( 'NONE',  ( 0.0000000000000000000, 0.0000000000000000000, -1.000000000000000000 ) ) ;
#511 = CARTESIAN_POINT ( 'NONE',  ( 1.490599999999996800, 7.620000000000000100, -3.810000000000000100 ) ) ;
#512 = EDGE_CURVE ( 'NONE', #1419, #3200, #378, .T. ) ;
#513 = DIRECTION ( 'NONE',  ( 0.0000000000000000000, -1.000000000000000000, 0.0000000000000000000 ) ) ;
#514 = CARTESIAN_POINT ( 'NONE',  ( 0.9905999999999977000, 6.120000000000000100, 3.810000000000000100 ) ) ;
#515 = MECHANICAL_DESIGN_GEOMETRIC_PRESENTATION_REPRESENTATION (  '', ( #3182 ), #706 ) ;
#516 = AXIS2_PLACEMENT_3D ( 'NONE', #816, #2792, #1061 ) ;
#517 = CARTESIAN_POINT ( 'NONE',  ( -0.8980000000000009100, 7.620000000000000100, -5.080000000000001800 ) ) ;
#518 = ORIENTED_EDGE ( 'NONE', *, *, #3071, .T. ) ;
#519 = ADVANCED_FACE ( 'NONE', ( #3279 ), #3004, .T. ) ;
#520 = VERTEX_POINT ( 'NONE', #95 ) ;
#521 = FACE_OUTER_BOUND ( 'NONE', #1176, .T. ) ;
#522 = CARTESIAN_POINT ( 'NONE',  ( 7.856044724070426500, 1.163646073031124400, -2.004811057460036000 ) ) ;
#523 = CARTESIAN_POINT ( 'NONE',  ( -5.798000000000000900, 0.6350000000000000100, -3.479999999999997800 ) ) ;
#524 = PLANE ( 'NONE',  #3625 ) ;
#525 = DIRECTION ( 'NONE',  ( -0.0000000000000000000, -1.000000000000000000, -0.0000000000000000000 ) ) ;
#526 = EDGE_LOOP ( 'NONE', ( #3568, #2199, #1078, #2831 ) ) ;
#527 = DIRECTION ( 'NONE',  ( 1.000000000000000000, 0.0000000000000000000, -0.0000000000000000000 ) ) ;
#528 = VECTOR ( 'NONE', #3534, 1000.000000000000000 ) ;
#529 = LINE ( 'NONE', #1939, #2335 ) ;
#530 = EDGE_CURVE ( 'NONE', #1174, #298, #2967, .T. ) ;
#531 = VERTEX_POINT ( 'NONE', #1574 ) ;
#532 =( NAMED_UNIT ( * ) SI_UNIT ( $, .STERADIAN. ) SOLID_ANGLE_UNIT ( ) );
#533 = ORIENTED_EDGE ( 'NONE', *, *, #3564, .F. ) ;
#534 = LINE ( 'NONE', #1801, #3520 ) ;
#535 = DIRECTION ( 'NONE',  ( -1.000000000000000000, -0.0000000000000000000, 0.0000000000000000000 ) ) ;
#536 = ORIENTED_EDGE ( 'NONE', *, *, #3686, .F. ) ;
#537 = FACE_OUTER_BOUND ( 'NONE', #1616, .T. ) ;
#538 = ORIENTED_EDGE ( 'NONE', *, *, #1311, .T. ) ;
#539 = EDGE_LOOP ( 'NONE', ( #1959, #2138, #1890, #1967 ) ) ;
#540 = ADVANCED_FACE ( 'NONE', ( #569 ), #3019, .F. ) ;
#541 = AXIS2_PLACEMENT_3D ( 'NONE', #3154, #3758, #2271 ) ;
#542 = AXIS2_PLACEMENT_3D ( 'NONE', #32, #2701, #1561 ) ;
#543 = ORIENTED_EDGE ( 'NONE', *, *, #779, .T. ) ;
#544 = FACE_OUTER_BOUND ( 'NONE', #40, .T. ) ;
#545 =( LENGTH_UNIT ( ) NAMED_UNIT ( * ) SI_UNIT ( .MILLI., .METRE. ) );
#546 = CARTESIAN_POINT ( 'NONE',  ( 7.987874926300616400, 0.9203410751722244100, 1.892109274478916500 ) ) ;
#547 = DIRECTION ( 'NONE',  ( 0.0000000000000000000, 0.0000000000000000000, -1.000000000000000000 ) ) ;
#548 = CARTESIAN_POINT ( 'NONE',  ( 3.797999999999998300, 4.191000000000000700, -1.699169012285029600 ) ) ;
#549 = CARTESIAN_POINT ( 'NONE',  ( -6.438900000000006500, -3.810000000000000100, 4.064000000000000900 ) ) ;
#550 = ORIENTED_EDGE ( 'NONE', *, *, #2785, .F. ) ;
#551 = ADVANCED_FACE ( 'NONE', ( #2421 ), #1594, .F. ) ;
#552 = CARTESIAN_POINT ( 'NONE',  ( 2.651999999999997900, 0.6350000000000000100, 3.479999999999997300 ) ) ;
#553 = DIRECTION ( 'NONE',  ( 0.0000000000000000000, 0.0000000000000000000, 1.000000000000000000 ) ) ;
#554 = DIRECTION ( 'NONE',  ( -0.0000000000000000000, -1.000000000000000000, -0.0000000000000000000 ) ) ;
#555 = EDGE_CURVE ( 'NONE', #480, #3550, #2832, .T. ) ;
#556 = DIRECTION ( 'NONE',  ( -0.0000000000000000000, 1.000000000000000000, -0.0000000000000000000 ) ) ;
#557 = ORIENTED_EDGE ( 'NONE', *, *, #1864, .T. ) ;
#558 = DIRECTION ( 'NONE',  ( 0.0000000000000000000, -0.0000000000000000000, -1.000000000000000000 ) ) ;
#559 = CARTESIAN_POINT ( 'NONE',  ( -1.998000000000001100, 7.620000000000000100, 3.049999999999998900 ) ) ;
#560 = ORIENTED_EDGE ( 'NONE', *, *, #2538, .T. ) ;
#561 = VERTEX_POINT ( 'NONE', #1299 ) ;
#562 = LINE ( 'NONE', #3326, #652 ) ;
#563 = EDGE_CURVE ( 'NONE', #1444, #3309, #1926, .T. ) ;
#564 = CARTESIAN_POINT ( 'NONE',  ( -6.438899999999975400, 0.6350000000000000100, 1.016000000000000000 ) ) ;
#565 = AXIS2_PLACEMENT_3D ( 'NONE', #908, #2596, #1186 ) ;
#566 = LINE ( 'NONE', #1083, #2681 ) ;
#567 = CARTESIAN_POINT ( 'NONE',  ( -6.438899999999923000, 0.6350000000000000100, -4.064000000000000100 ) ) ;
#568 = EDGE_LOOP ( 'NONE', ( #720, #1601, #1943, #3273 ) ) ;
#569 = FACE_OUTER_BOUND ( 'NONE', #3519, .T. ) ;
#570 = DIRECTION ( 'NONE',  ( 0.0000000000000000000, 0.0000000000000000000, -1.000000000000000000 ) ) ;
#571 =( BOUNDED_CURVE ( )  B_SPLINE_CURVE ( 3, ( #3612, #1051, #148, #1640 ),
 .UNSPECIFIED., .F., .T. ) 
 B_SPLINE_CURVE_WITH_KNOTS ( ( 4, 4 ),
 ( 4.621666445336239300, 5.425144058495952500 ),
 .UNSPECIFIED. ) 
 CURVE ( )  GEOMETRIC_REPRESENTATION_ITEM ( )  RATIONAL_B_SPLINE_CURVE ( ( 1.000000000000000000, 0.9469216525189080300, 0.9469216525189080300, 1.000000000000000000 ) ) 
 REPRESENTATION_ITEM ( '' )  );
#572 = VECTOR ( 'NONE', #570, 1000.000000000000000 ) ;
#573 = ORIENTED_EDGE ( 'NONE', *, *, #3582, .T. ) ;
#574 = LINE ( 'NONE', #2686, #1881 ) ;
#575 = LINE ( 'NONE', #1957, #2027 ) ;
#576 = ORIENTED_EDGE ( 'NONE', *, *, #270, .F. ) ;
#577 = CARTESIAN_POINT ( 'NONE',  ( -8.748000000000002900, 7.620000000000000100, -3.580000000000001400 ) ) ;
#578 = VERTEX_POINT ( 'NONE', #2743 ) ;
#579 = EDGE_CURVE ( 'NONE', #1931, #1332, #2599, .T. ) ;
#580 = FACE_OUTER_BOUND ( 'NONE', #326, .T. ) ;
#581 = SURFACE_STYLE_USAGE ( .BOTH. , #2610 ) ;
#582 = VERTEX_POINT ( 'NONE', #2991 ) ;
#583 = DIRECTION ( 'NONE',  ( 0.0000000000000000000, 0.0000000000000000000, -1.000000000000000000 ) ) ;
#584 = EDGE_CURVE ( 'NONE', #670, #2283, #156, .T. ) ;
#585 = LINE ( 'NONE', #2945, #3296 ) ;
#586 = CARTESIAN_POINT ( 'NONE',  ( 2.427055258741147400, -3.810000000000000100, -3.128951375504188900 ) ) ;
#587 = ORIENTED_EDGE ( 'NONE', *, *, #692, .F. ) ;
#588 = FACE_OUTER_BOUND ( 'NONE', #1825, .T. ) ;
#589 = CARTESIAN_POINT ( 'NONE',  ( -6.438899999999922100, 0.6350000000000000100, -3.556000000000000000 ) ) ;
#590 = AXIS2_PLACEMENT_3D ( 'NONE', #1103, #1089, #3125 ) ;
#591 = AXIS2_PLACEMENT_3D ( 'NONE', #362, #2102, #375 ) ;
#592 = FACE_OUTER_BOUND ( 'NONE', #2020, .T. ) ;
#593 = ORIENTED_EDGE ( 'NONE', *, *, #508, .T. ) ;
#594 = ORIENTED_EDGE ( 'NONE', *, *, #633, .F. ) ;
#595 = CARTESIAN_POINT ( 'NONE',  ( -6.438899999999975400, 0.6350000000000000100, 1.016000000000000000 ) ) ;
#596 = DIRECTION ( 'NONE',  ( -0.0000000000000000000, 1.000000000000000000, -0.0000000000000000000 ) ) ;
#597 = EDGE_LOOP ( 'NONE', ( #931, #117, #2622, #1875 ) ) ;
#598 = CARTESIAN_POINT ( 'NONE',  ( 0.9905999999999977000, -3.810000000000000100, -4.127500000000000400 ) ) ;
#599 = EDGE_CURVE ( 'NONE', #1856, #1397, #2190, .T. ) ;
#600 = UNCERTAINTY_MEASURE_WITH_UNIT (LENGTH_MEASURE( 1.000000000000000100E-005 ), #545, 'distance_accuracy_value', 'NONE');
#601 = DIRECTION ( 'NONE',  ( 0.0000000000000000000, -0.0000000000000000000, 1.000000000000000000 ) ) ;
#602 = CARTESIAN_POINT ( 'NONE',  ( 7.088121595916267600, 6.784197517305703900, -4.140821528265042200 ) ) ;
#603 = CARTESIAN_POINT ( 'NONE',  ( -0.2980000000000024900, 7.620000000000000100, -7.112000000000000100 ) ) ;
#604 = ORIENTED_EDGE ( 'NONE', *, *, #3707, .T. ) ;
#605 = ORIENTED_EDGE ( 'NONE', *, *, #47, .F. ) ;
#606 = LINE ( 'NONE', #229, #2829 ) ;
#607 = AXIS2_PLACEMENT_3D ( 'NONE', #3271, #2994, #1576 ) ;
#608 = CARTESIAN_POINT ( 'NONE',  ( 3.458138187341992500, 0.7844088817247980600, 4.838785043607164700 ) ) ;
#609 = ORIENTED_EDGE ( 'NONE', *, *, #2221, .T. ) ;
#610 = CIRCLE ( 'NONE', #313, 0.7007190620334350400 ) ;
#611 = CARTESIAN_POINT ( 'NONE',  ( 7.999089757983783900, 7.620000000000000100, -3.244472939652108100 ) ) ;
#612 = LINE ( 'NONE', #1852, #2690 ) ;
#613 = CYLINDRICAL_SURFACE ( 'NONE', #440, 0.3175000000000000600 ) ;
#614 = DIRECTION ( 'NONE',  ( 0.0000000000000000000, 1.000000000000000000, -3.414809992080329100E-015 ) ) ;
#615 = VERTEX_POINT ( 'NONE', #1028 ) ;
#616 = CYLINDRICAL_SURFACE ( 'NONE', #2356, 0.5000000000000004400 ) ;
#617 = ORIENTED_EDGE ( 'NONE', *, *, #1017, .T. ) ;
#618 = DIRECTION ( 'NONE',  ( 0.0000000000000000000, 0.0000000000000000000, 1.000000000000000000 ) ) ;
#619 = ORIENTED_EDGE ( 'NONE', *, *, #3, .T. ) ;
#620 =( BOUNDED_CURVE ( )  B_SPLINE_CURVE ( 3, ( #3712, #3132, #221, #3164 ),
 .UNSPECIFIED., .F., .T. ) 
 B_SPLINE_CURVE_WITH_KNOTS ( ( 4, 4 ),
 ( 3.999633902273427300, 4.712388980384689700 ),
 .UNSPECIFIED. ) 
 CURVE ( )  GEOMETRIC_REPRESENTATION_ITEM ( )  RATIONAL_B_SPLINE_CURVE ( ( 1.000000000000000000, 0.9581111866813136800, 0.9581111866813136800, 1.000000000000000000 ) ) 
 REPRESENTATION_ITEM ( '' )  );
#621 = DIRECTION ( 'NONE',  ( 0.0000000000000000000, -0.0000000000000000000, -1.000000000000000000 ) ) ;
#622 = CIRCLE ( 'NONE', #1772, 0.3175000000000000600 ) ;
#623 = ADVANCED_FACE ( 'NONE', ( #1974 ), #94, .T. ) ;
#624 = VERTEX_POINT ( 'NONE', #1920 ) ;
#625 = EDGE_CURVE ( 'NONE', #3643, #2180, #8, .T. ) ;
#626 = SHAPE_REPRESENTATION ( 'HFBR-2521Z', ( #1219, #2640 ), #34 ) ;
#627 = LINE ( 'NONE', #2410, #721 ) ;
#628 = DIRECTION ( 'NONE',  ( 1.000000000000000000, 0.0000000000000000000, -1.355252715606880000E-016 ) ) ;
#629 = ORIENTED_EDGE ( 'NONE', *, *, #3564, .T. ) ;
#630 = EDGE_CURVE ( 'NONE', #1239, #2073, #3101, .T. ) ;
#631 = CARTESIAN_POINT ( 'NONE',  ( 9.640907282258075000, 0.6350000000000000100, 3.479999999999997300 ) ) ;
#632 = VECTOR ( 'NONE', #862, 1000.000000000000000 ) ;
#633 = EDGE_CURVE ( 'NONE', #249, #282, #3375, .T. ) ;
#634 = CARTESIAN_POINT ( 'NONE',  ( 8.533084506142513300, 6.525092947577521200, 3.429000000000000700 ) ) ;
#635 = DIRECTION ( 'NONE',  ( -1.000000000000000000, 0.0000000000000000000, 0.0000000000000000000 ) ) ;
#636 = DIRECTION ( 'NONE',  ( -1.000000000000000000, 0.0000000000000000000, 1.422837496700137000E-016 ) ) ;
#637 = AXIS2_PLACEMENT_3D ( 'NONE', #3438, #2274, #2288 ) ;
#638 = PRODUCT_DEFINITION_SHAPE ( 'NONE', 'NONE',  #3771 ) ;
#639 = CARTESIAN_POINT ( 'NONE',  ( 7.967498412224261800, 6.626511427229699400, -1.909721318087874700 ) ) ;
#640 = ORIENTED_EDGE ( 'NONE', *, *, #794, .F. ) ;
#641 = ADVANCED_FACE ( 'NONE', ( #1196 ), #1330, .F. ) ;
#642 = CARTESIAN_POINT ( 'NONE',  ( 7.999089757983783900, 6.620846602207391700, 3.244472939652105000 ) ) ;
#643 = VERTEX_POINT ( 'NONE', #3634 ) ;
#644 = EDGE_CURVE ( 'NONE', #1761, #2077, #1072, .T. ) ;
#645 = VERTEX_POINT ( 'NONE', #3350 ) ;
#646 = DIRECTION ( 'NONE',  ( -0.0000000000000000000, -1.000000000000000000, -0.0000000000000000000 ) ) ;
#647 = CIRCLE ( 'NONE', #2571, 0.3175000000000000600 ) ;
#648 = DIRECTION ( 'NONE',  ( 0.0000000000000000000, 0.0000000000000000000, -1.000000000000000000 ) ) ;
#649 = EDGE_CURVE ( 'NONE', #3467, #1781, #657, .T. ) ;
#650 = ORIENTED_EDGE ( 'NONE', *, *, #310, .T. ) ;
#651 = ORIENTED_EDGE ( 'NONE', *, *, #1836, .F. ) ;
#652 = VECTOR ( 'NONE', #2168, 1000.000000000000000 ) ;
#653 = DIRECTION ( 'NONE',  ( -0.0000000000000000000, -1.000000000000000000, 0.0000000000000000000 ) ) ;
#654 = SHAPE_REPRESENTATION_RELATIONSHIP ( 'NONE' , 'NONE' ,  #1874, #2339 ) ;
#655 = VERTEX_POINT ( 'NONE', #2194 ) ;
#656 =( GEOMETRIC_REPRESENTATION_CONTEXT ( 3 ) GLOBAL_UNCERTAINTY_ASSIGNED_CONTEXT ( ( #1423 ) ) GLOBAL_UNIT_ASSIGNED_CONTEXT ( ( #1161, #2544, #3743 ) ) REPRESENTATION_CONTEXT ( 'NONE', 'WORKASPACE' ) );
#657 = LINE ( 'NONE', #498, #1747 ) ;
#658 = CARTESIAN_POINT ( 'NONE',  ( -0.2980000000000024900, 0.6350000000000001200, -7.112000000000000100 ) ) ;
#659 = DIRECTION ( 'NONE',  ( -0.0000000000000000000, 1.000000000000000000, -0.0000000000000000000 ) ) ;
#660 = VECTOR ( 'NONE', #3459, 1000.000000000000000 ) ;
#661 = ORIENTED_EDGE ( 'NONE', *, *, #397, .F. ) ;
#662 = CARTESIAN_POINT ( 'NONE',  ( 7.690992334764208800, 1.272298550962230000, 2.135022446592998300 ) ) ;
#663 = LINE ( 'NONE', #2730, #1933 ) ;
#664 = CARTESIAN_POINT ( 'NONE',  ( 7.999089757983783900, 0.8608550716725361700, -1.883696072632925500 ) ) ;
#665 = ORIENTED_EDGE ( 'NONE', *, *, #1644, .T. ) ;
#666 = VERTEX_POINT ( 'NONE', #455 ) ;
#667 = EDGE_CURVE ( 'NONE', #979, #2986, #2584, .T. ) ;
#668 = LINE ( 'NONE', #1151, #1319 ) ;
#669 = CARTESIAN_POINT ( 'NONE',  ( 0.4905999999999978200, 6.120000000000000100, 3.810000000000000100 ) ) ;
#670 = VERTEX_POINT ( 'NONE', #764 ) ;
#671 = DIRECTION ( 'NONE',  ( 1.000000000000000000, -0.0000000000000000000, -0.0000000000000000000 ) ) ;
#672 = EDGE_CURVE ( 'NONE', #497, #415, #2062, .T. ) ;
#673 = CLOSED_SHELL ( 'NONE', ( #2003, #2241, #2004, #3342, #1837, #3450, #3681, #35, #3079, #479, #2647, #2121 ) ) ;
#674 =( NAMED_UNIT ( * ) SI_UNIT ( $, .STERADIAN. ) SOLID_ANGLE_UNIT ( ) );
#675 = CARTESIAN_POINT ( 'NONE',  ( -0.01200000000000159300, 4.191000000000000700, 0.0000000000000000000 ) ) ;
#676 = FACE_OUTER_BOUND ( 'NONE', #2816, .T. ) ;
#677 = EDGE_CURVE ( 'NONE', #1152, #3012, #1570, .T. ) ;
#678 = ORIENTED_EDGE ( 'NONE', *, *, #756, .T. ) ;
#679 = AXIS2_PLACEMENT_3D ( 'NONE', #2401, #1227, #945 ) ;
#680 = DIRECTION ( 'NONE',  ( -0.0000000000000000000, 1.000000000000000000, -0.0000000000000000000 ) ) ;
#681 = DIRECTION ( 'NONE',  ( 0.0000000000000000000, 0.0000000000000000000, -1.000000000000000000 ) ) ;
#682 = CARTESIAN_POINT ( 'NONE',  ( 6.240018920922350900, 1.300000000000000000, -4.346573837968338500 ) ) ;
#683 = CARTESIAN_POINT ( 'NONE',  ( -6.819900000000007600, -3.810000000000000100, 4.064000000000000100 ) ) ;
#684 = DIRECTION ( 'NONE',  ( -0.0000000000000000000, 0.0000000000000000000, -1.000000000000000000 ) ) ;
#685 = DIRECTION ( 'NONE',  ( 0.0000000000000000000, 0.0000000000000000000, 1.000000000000000000 ) ) ;
#686 = PLANE ( 'NONE',  #287 ) ;
#687 = DIRECTION ( 'NONE',  ( -0.0000000000000000000, -1.000000000000000000, -0.0000000000000000000 ) ) ;
#688 = DIRECTION ( 'NONE',  ( -0.0000000000000000000, -1.000000000000000000, -0.0000000000000000000 ) ) ;
#689 = CARTESIAN_POINT ( 'NONE',  ( 0.0000000000000000000, 0.6350000000000000100, 0.0000000000000000000 ) ) ;
#690 = DIRECTION ( 'NONE',  ( -1.000000000000000000, -0.0000000000000000000, -0.0000000000000000000 ) ) ;
#691 = ORIENTED_EDGE ( 'NONE', *, *, #1912, .T. ) ;
#692 = EDGE_CURVE ( 'NONE', #394, #2233, #172, .T. ) ;
#693 = VERTEX_POINT ( 'NONE', #3085 ) ;
#694 = VECTOR ( 'NONE', #2499, 1000.000000000000000 ) ;
#695 = PLANE ( 'NONE',  #385 ) ;
#696 = VERTEX_POINT ( 'NONE', #1366 ) ;
#697 = DIRECTION ( 'NONE',  ( 0.0000000000000000000, 0.0000000000000000000, -1.000000000000000000 ) ) ;
#698 = EDGE_CURVE ( 'NONE', #298, #2215, #2239, .T. ) ;
#699 = FACE_OUTER_BOUND ( 'NONE', #3163, .T. ) ;
#700 = CARTESIAN_POINT ( 'NONE',  ( 0.9905999999999977000, 0.6350000000000000100, -3.810000000000000100 ) ) ;
#701 = EDGE_CURVE ( 'NONE', #891, #2042, #2921, .T. ) ;
#702 = DIRECTION ( 'NONE',  ( 0.0000000000000000000, -0.0000000000000000000, 1.000000000000000000 ) ) ;
#703 = DIRECTION ( 'NONE',  ( -0.0000000000000000000, -1.000000000000000000, -0.0000000000000000000 ) ) ;
#704 = CYLINDRICAL_SURFACE ( 'NONE', #1022, 0.8649154938574854500 ) ;
#705 = FACE_OUTER_BOUND ( 'NONE', #1707, .T. ) ;
#706 =( GEOMETRIC_REPRESENTATION_CONTEXT ( 3 ) GLOBAL_UNCERTAINTY_ASSIGNED_CONTEXT ( ( #2567 ) ) GLOBAL_UNIT_ASSIGNED_CONTEXT ( ( #2001, #1743, #2862 ) ) REPRESENTATION_CONTEXT ( 'NONE', 'WORKASPACE' ) );
#707 = ORIENTED_EDGE ( 'NONE', *, *, #2321, .T. ) ;
#708 = CARTESIAN_POINT ( 'NONE',  ( 3.797999999999998300, 7.620000000000000100, 3.250000000000000000 ) ) ;
#709 = CARTESIAN_POINT ( 'NONE',  ( 0.9905999999999977000, 6.120000000000000100, 3.810000000000000100 ) ) ;
#710 = ORIENTED_EDGE ( 'NONE', *, *, #2925, .F. ) ;
#711 = CARTESIAN_POINT ( 'NONE',  ( 0.9905999999999977000, 7.219999999999999800, 3.309999999999996900 ) ) ;
#712 = CIRCLE ( 'NONE', #408, 0.3175000000000000600 ) ;
#713 = DIRECTION ( 'NONE',  ( -1.000000000000000000, 0.0000000000000000000, -0.0000000000000000000 ) ) ;
#714 = ORIENTED_EDGE ( 'NONE', *, *, #1573, .F. ) ;
#715 = CARTESIAN_POINT ( 'NONE',  ( -0.8980000000000008000, 0.6350000000000000100, 5.079999999999997400 ) ) ;
#716 = DIRECTION ( 'NONE',  ( -1.000000000000000000, 0.0000000000000000000, 0.0000000000000000000 ) ) ;
#717 = SURFACE_STYLE_FILL_AREA ( #2864 ) ;
#718 = VERTEX_POINT ( 'NONE', #3420 ) ;
#719 = CARTESIAN_POINT ( 'NONE',  ( -6.438900000000001200, -3.810000000000000100, 3.556000000000000000 ) ) ;
#720 = ORIENTED_EDGE ( 'NONE', *, *, #3176, .T. ) ;
#721 = VECTOR ( 'NONE', #1560, 1000.000000000000000 ) ;
#722 = VERTEX_POINT ( 'NONE', #1400 ) ;
#723 = EDGE_CURVE ( 'NONE', #2291, #2100, #1391, .T. ) ;
#724 = LINE ( 'NONE', #2922, #503 ) ;
#725 = DIRECTION ( 'NONE',  ( 0.0000000000000000000, -1.000000000000000000, -0.0000000000000000000 ) ) ;
#726 = DIRECTION ( 'NONE',  ( 0.0000000000000000000, 0.0000000000000000000, -1.000000000000000000 ) ) ;
#727 = VERTEX_POINT ( 'NONE', #2872 ) ;
#728 = LINE ( 'NONE', #3602, #2537 ) ;
#729 = SURFACE_STYLE_USAGE ( .BOTH. , #768 ) ;
#730 = ORIENTED_EDGE ( 'NONE', *, *, #1464, .T. ) ;
#731 = CARTESIAN_POINT ( 'NONE',  ( 7.920582850939881700, 1.077999187671163700, -3.320237151850336400 ) ) ;
#732 = DIRECTION ( 'NONE',  ( 0.0000000000000000000, 0.0000000000000000000, -1.000000000000000000 ) ) ;
#733 = DIRECTION ( 'NONE',  ( 0.0000000000000000000, 0.0000000000000000000, -1.000000000000000000 ) ) ;
#734 =( BOUNDED_CURVE ( )  B_SPLINE_CURVE ( 3, ( #1340, #2487, #448, #1037 ),
 .UNSPECIFIED., .F., .T. ) 
 B_SPLINE_CURVE_WITH_KNOTS ( ( 4, 4 ),
 ( 4.046961731930074400, 4.712388980384689700 ),
 .UNSPECIFIED. ) 
 CURVE ( )  GEOMETRIC_REPRESENTATION_ITEM ( )  RATIONAL_B_SPLINE_CURVE ( ( 1.000000000000000000, 0.9634396869229832100, 0.9634396869229832100, 1.000000000000000000 ) ) 
 REPRESENTATION_ITEM ( '' )  );
#735 = DIRECTION ( 'NONE',  ( -1.000000000000000000, -0.0000000000000000000, 0.0000000000000000000 ) ) ;
#736 = DIRECTION ( 'NONE',  ( 1.000000000000000000, -0.0000000000000000000, -0.0000000000000000000 ) ) ;
#737 = EDGE_CURVE ( 'NONE', #2094, #2801, #53, .T. ) ;
#738 = ORIENTED_EDGE ( 'NONE', *, *, #3656, .T. ) ;
#739 =( NAMED_UNIT ( * ) PLANE_ANGLE_UNIT ( ) SI_UNIT ( $, .RADIAN. ) );
#740 = VERTEX_POINT ( 'NONE', #2823 ) ;
#741 = CARTESIAN_POINT ( 'NONE',  ( -8.748000000000002900, 0.6350000000000001200, -3.580000000000001400 ) ) ;
#742 = DIRECTION ( 'NONE',  ( 0.0000000000000000000, 0.0000000000000000000, 1.000000000000000000 ) ) ;
#743 = ORIENTED_EDGE ( 'NONE', *, *, #1725, .F. ) ;
#744 = EDGE_LOOP ( 'NONE', ( #1565, #1668, #2031, #1195, #2 ) ) ;
#745 = FACE_OUTER_BOUND ( 'NONE', #3490, .T. ) ;
#746 = DIRECTION ( 'NONE',  ( 0.0000000000000000000, 1.000000000000000000, -0.0000000000000000000 ) ) ;
#747 = ORIENTED_EDGE ( 'NONE', *, *, #358, .T. ) ;
#748 = ADVANCED_FACE ( 'NONE', ( #840 ), #2880, .F. ) ;
#749 = ORIENTED_EDGE ( 'NONE', *, *, #1674, .T. ) ;
#750 = CARTESIAN_POINT ( 'NONE',  ( -6.420772428101458700, 7.519999999999999600, -3.683935513170497600 ) ) ;
#751 = DIRECTION ( 'NONE',  ( 0.0000000000000000000, 1.000000000000000000, 0.0000000000000000000 ) ) ;
#752 = VECTOR ( 'NONE', #2065, 1000.000000000000000 ) ;
#753 = DIRECTION ( 'NONE',  ( 1.000000000000000000, 0.0000000000000000000, -0.0000000000000000000 ) ) ;
#754 = DIRECTION ( 'NONE',  ( -0.0000000000000000000, 1.000000000000000000, -0.0000000000000000000 ) ) ;
#755 = DIRECTION ( 'NONE',  ( 0.0000000000000000000, 1.000000000000000000, -0.0000000000000000000 ) ) ;
#756 = EDGE_CURVE ( 'NONE', #2940, #3169, #96, .T. ) ;
#757 = ORIENTED_EDGE ( 'NONE', *, *, #175, .T. ) ;
#758 = VECTOR ( 'NONE', #2359, 1000.000000000000000 ) ;
#759 = DIRECTION ( 'NONE',  ( 1.000000000000000000, 0.0000000000000000000, -1.138269997360109700E-016 ) ) ;
#760 = EDGE_CURVE ( 'NONE', #2341, #422, #1441, .T. ) ;
#761 = CARTESIAN_POINT ( 'NONE',  ( -6.819899999999949000, -8.518025612106916000, -1.524000000000000200 ) ) ;
#762 = ORIENTED_EDGE ( 'NONE', *, *, #122, .T. ) ;
#763 = CIRCLE ( 'NONE', #3405, 0.5000000000000000000 ) ;
#764 = CARTESIAN_POINT ( 'NONE',  ( 3.766653535933330900, 7.379788965679303200, -4.547424918045866300 ) ) ;
#765 = DIRECTION ( 'NONE',  ( 0.0000000000000000000, 1.000000000000000000, 0.0000000000000000000 ) ) ;
#766 = VERTEX_POINT ( 'NONE', #265 ) ;
#767 = LINE ( 'NONE', #3615, #1264 ) ;
#768 = SURFACE_SIDE_STYLE ('',( #2877 ) ) ;
#769 = ORIENTED_EDGE ( 'NONE', *, *, #2223, .T. ) ;
#770 = ADVANCED_FACE ( 'NONE', ( #3744 ), #3699, .F. ) ;
#771 = CARTESIAN_POINT ( 'NONE',  ( -9.398000000000001500, 0.6350000000000000100, 5.079999999999997400 ) ) ;
#772 = DIRECTION ( 'NONE',  ( -0.0000000000000000000, -1.000000000000000000, -0.0000000000000000000 ) ) ;
#773 = CIRCLE ( 'NONE', #1351, 0.3175000000000000600 ) ;
#774 = VECTOR ( 'NONE', #950, 1000.000000000000000 ) ;
#775 = DIRECTION ( 'NONE',  ( -0.0000000000000000000, 0.0000000000000000000, -1.000000000000000000 ) ) ;
#776 = EDGE_CURVE ( 'NONE', #2304, #531, #1246, .T. ) ;
#777 = DIRECTION ( 'NONE',  ( 0.0000000000000000000, 0.0000000000000000000, -1.000000000000000000 ) ) ;
#778 = CARTESIAN_POINT ( 'NONE',  ( -9.398000000000001500, 0.6350000000000000100, -5.079999999999998300 ) ) ;
#779 = EDGE_CURVE ( 'NONE', #3379, #670, #281, .T. ) ;
#780 = CARTESIAN_POINT ( 'NONE',  ( 6.240018920922350900, 1.300000000000000000, -7.112000000000000100 ) ) ;
#781 = DIRECTION ( 'NONE',  ( -0.0000000000000000000, -1.000000000000000000, -0.0000000000000000000 ) ) ;
#782 = CARTESIAN_POINT ( 'NONE',  ( 4.629230608050504800, 1.001458032505465200, 3.325618924391641900 ) ) ;
#783 = CARTESIAN_POINT ( 'NONE',  ( 2.427055258741147400, 7.620000000000000100, -5.080000000000001800 ) ) ;
#784 = AXIS2_PLACEMENT_3D ( 'NONE', #586, #3753, #1696 ) ;
#785 = ADVANCED_FACE ( 'NONE', ( #1698 ), #1695, .F. ) ;
#786 = CARTESIAN_POINT ( 'NONE',  ( 8.533084506142513300, 0.0000000000000000000, -2.564084506142514800 ) ) ;
#787 = UNCERTAINTY_MEASURE_WITH_UNIT (LENGTH_MEASURE( 1.000000000000000100E-005 ), #2868, 'distance_accuracy_value', 'NONE');
#788 = DIRECTION ( 'NONE',  ( -0.0000000000000000000, 1.000000000000000000, -0.0000000000000000000 ) ) ;
#789 = EDGE_LOOP ( 'NONE', ( #813, #1542, #3269, #651 ) ) ;
#790 = ORIENTED_EDGE ( 'NONE', *, *, #866, .T. ) ;
#791 = COLOUR_RGB ( '',0.7921568627450980000, 0.8196078431372548800, 0.9333333333333333500 ) ;
#792 = PLANE ( 'NONE',  #516 ) ;
#793 = ORIENTED_EDGE ( 'NONE', *, *, #1077, .T. ) ;
#794 = EDGE_CURVE ( 'NONE', #2094, #2550, #285, .T. ) ;
#795 = VECTOR ( 'NONE', #3133, 1000.000000000000000 ) ;
#796 = CONTEXT_DEPENDENT_SHAPE_REPRESENTATION ( #3471, #638 ) ;
#797 = VECTOR ( 'NONE', #3080, 1000.000000000000000 ) ;
#798 = CARTESIAN_POINT ( 'NONE',  ( 0.9905999999999977000, 7.620000000000000100, -3.810000000000000100 ) ) ;
#799 = VECTOR ( 'NONE', #2837, 1000.000000000000000 ) ;
#800 = ORIENTED_EDGE ( 'NONE', *, *, #3176, .F. ) ;
#801 = ADVANCED_FACE ( 'NONE', ( #2416 ), #926, .F. ) ;
#802 = CIRCLE ( 'NONE', #803, 0.3175000000000000600 ) ;
#803 = AXIS2_PLACEMENT_3D ( 'NONE', #1544, #3543, #402 ) ;
#804 = ORIENTED_EDGE ( 'NONE', *, *, #1292, .T. ) ;
#805 = VECTOR ( 'NONE', #3653, 1000.000000000000000 ) ;
#806 = DIRECTION ( 'NONE',  ( 0.0000000000000000000, 0.0000000000000000000, 1.000000000000000000 ) ) ;
#807 = VERTEX_POINT ( 'NONE', #2598 ) ;
#808 = CARTESIAN_POINT ( 'NONE',  ( 0.9905999999999977000, 6.719999999999996200, 4.127500000000000400 ) ) ;
#809 = CARTESIAN_POINT ( 'NONE',  ( 2.931367621668731900, 7.529568863754092500, -5.080000000000001000 ) ) ;
#810 = AXIS2_PLACEMENT_3D ( 'NONE', #2129, #685, #975 ) ;
#811 = LINE ( 'NONE', #2978, #2808 ) ;
#812 = VERTEX_POINT ( 'NONE', #3492 ) ;
#813 = ORIENTED_EDGE ( 'NONE', *, *, #3048, .F. ) ;
#814 = LINE ( 'NONE', #3353, #210 ) ;
#815 = CARTESIAN_POINT ( 'NONE',  ( 7.999089757983783900, 0.8000000000000003800, 3.244472939652104600 ) ) ;
#816 = CARTESIAN_POINT ( 'NONE',  ( 1.451999999999999100, 0.0000000000000000000, -7.112000000000000100 ) ) ;
#817 = LINE ( 'NONE', #86, #3535 ) ;
#818 = ORIENTED_EDGE ( 'NONE', *, *, #2925, .T. ) ;
#819 = APPLICATION_PROTOCOL_DEFINITION ( 'draft international standard', 'automotive_design', 1998, #3143 ) ;
#820 = EDGE_CURVE ( 'NONE', #3158, #3379, #3275, .T. ) ;
#821 = ADVANCED_FACE ( 'NONE', ( #141 ), #3177, .F. ) ;
#822 = EDGE_CURVE ( 'NONE', #3710, #1152, #1919, .T. ) ;
#823 = EDGE_CURVE ( 'NONE', #3367, #3309, #91, .T. ) ;
#824 = DIRECTION ( 'NONE',  ( 0.0000000000000000000, 0.0000000000000000000, 1.000000000000000000 ) ) ;
#825 = PLANE ( 'NONE',  #1220 ) ;
#826 = MECHANICAL_DESIGN_GEOMETRIC_PRESENTATION_REPRESENTATION (  '', ( #968 ), #3007 ) ;
#827 = CARTESIAN_POINT ( 'NONE',  ( 0.0000000000000000000, 0.0000000000000000000, 0.0000000000000000000 ) ) ;
#828 = EDGE_LOOP ( 'NONE', ( #273, #640, #1712, #2982 ) ) ;
#829 = UNCERTAINTY_MEASURE_WITH_UNIT (LENGTH_MEASURE( 1.000000000000000100E-005 ), #1135, 'distance_accuracy_value', 'NONE');
#830 = VERTEX_POINT ( 'NONE', #3474 ) ;
#831 = FACE_OUTER_BOUND ( 'NONE', #202, .T. ) ;
#832 = CARTESIAN_POINT ( 'NONE',  ( 7.967498412224261800, 0.9749094984059618600, -1.909721318087874700 ) ) ;
#833 = DIRECTION ( 'NONE',  ( -0.0000000000000000000, -1.000000000000000000, -0.0000000000000000000 ) ) ;
#834 = CARTESIAN_POINT ( 'NONE',  ( 2.651999999999998400, 0.0000000000000000000, 5.066989197252515200 ) ) ;
#835 = ORIENTED_EDGE ( 'NONE', *, *, #3288, .T. ) ;
#836 = ORIENTED_EDGE ( 'NONE', *, *, #1814, .T. ) ;
#837 = FACE_OUTER_BOUND ( 'NONE', #306, .T. ) ;
#838 = ADVANCED_FACE ( 'NONE', ( #49 ), #2018, .T. ) ;
#839 = CARTESIAN_POINT ( 'NONE',  ( 2.427055258741147400, 0.0000000000000000000, -3.128951375504188900 ) ) ;
#840 = FACE_OUTER_BOUND ( 'NONE', #1130, .T. ) ;
#841 = DIRECTION ( 'NONE',  ( 1.000000000000000000, -0.0000000000000000000, 0.0000000000000000000 ) ) ;
#842 = LINE ( 'NONE', #1065, #2514 ) ;
#843 = EDGE_CURVE ( 'NONE', #183, #3016, #3377, .T. ) ;
#844 = ORIENTED_EDGE ( 'NONE', *, *, #756, .F. ) ;
#845 = ORIENTED_EDGE ( 'NONE', *, *, #3022, .F. ) ;
#846 = CIRCLE ( 'NONE', #2085, 0.3175000000000000600 ) ;
#847 = CARTESIAN_POINT ( 'NONE',  ( -6.420772428101458700, 7.519999999999999600, -3.683935513170497600 ) ) ;
#848 = EDGE_CURVE ( 'NONE', #390, #3710, #1344, .T. ) ;
#849 = DIRECTION ( 'NONE',  ( 0.0000000000000000000, 0.0000000000000000000, 1.000000000000000000 ) ) ;
#850 = ORIENTED_EDGE ( 'NONE', *, *, #555, .T. ) ;
#851 = MANIFOLD_SOLID_BREP ( 'Boss-Extrude2[4]', #1799 ) ;
#852 = VECTOR ( 'NONE', #1569, 1000.000000000000000 ) ;
#853 = ORIENTED_EDGE ( 'NONE', *, *, #1012, .F. ) ;
#854 = ADVANCED_FACE ( 'NONE', ( #3142 ), #2907, .F. ) ;
#855 = VERTEX_POINT ( 'NONE', #1479 ) ;
#856 = DIRECTION ( 'NONE',  ( 0.0000000000000000000, 1.000000000000000000, 0.0000000000000000000 ) ) ;
#857 = VECTOR ( 'NONE', #3502, 1000.000000000000000 ) ;
#858 = ORIENTED_EDGE ( 'NONE', *, *, #861, .F. ) ;
#859 = DIRECTION ( 'NONE',  ( 0.0000000000000000000, 0.0000000000000000000, -1.000000000000000000 ) ) ;
#860 = VECTOR ( 'NONE', #3292, 1000.000000000000000 ) ;
#861 = EDGE_CURVE ( 'NONE', #3200, #561, #328, .T. ) ;
#862 = DIRECTION ( 'NONE',  ( -0.0000000000000000000, -1.000000000000000000, -0.0000000000000000000 ) ) ;
#863 = VECTOR ( 'NONE', #751, 1000.000000000000000 ) ;
#864 = ORIENTED_EDGE ( 'NONE', *, *, #3417, .T. ) ;
#865 = DIRECTION ( 'NONE',  ( 0.0000000000000000000, 0.0000000000000000000, 1.000000000000000000 ) ) ;
#866 = EDGE_CURVE ( 'NONE', #1627, #2606, #1018, .T. ) ;
#867 = DIRECTION ( 'NONE',  ( -1.000000000000000000, 0.0000000000000000000, -0.0000000000000000000 ) ) ;
#868 = ORIENTED_EDGE ( 'NONE', *, *, #2106, .T. ) ;
#869 = EDGE_CURVE ( 'NONE', #3248, #3318, #2465, .T. ) ;
#870 = DIRECTION ( 'NONE',  ( -0.0000000000000000000, -1.000000000000000000, -0.0000000000000000000 ) ) ;
#871 = DIRECTION ( 'NONE',  ( -0.0000000000000000000, -1.000000000000000000, -0.0000000000000000000 ) ) ;
#872 = CARTESIAN_POINT ( 'NONE',  ( 2.427055258741161600, 7.620000000000000100, -3.128951375504188900 ) ) ;
#873 = PLANE ( 'NONE',  #637 ) ;
#874 = EDGE_CURVE ( 'NONE', #480, #3213, #232, .T. ) ;
#875 = CARTESIAN_POINT ( 'NONE',  ( 0.9905999999999977000, -8.518025612106916000, 3.810000000000000100 ) ) ;
#876 = VERTEX_POINT ( 'NONE', #1145 ) ;
#877 = ORIENTED_EDGE ( 'NONE', *, *, #3707, .F. ) ;
#878 = ORIENTED_EDGE ( 'NONE', *, *, #3618, .F. ) ;
#879 = ORIENTED_EDGE ( 'NONE', *, *, #3260, .F. ) ;
#880 = FILL_AREA_STYLE ('',( #2623 ) ) ;
#881 = ORIENTED_EDGE ( 'NONE', *, *, #848, .T. ) ;
#882 = CIRCLE ( 'NONE', #1847, 0.3175000000000000600 ) ;
#883 = DIRECTION ( 'NONE',  ( -0.0000000000000000000, 1.000000000000000000, -0.0000000000000000000 ) ) ;
#884 = CARTESIAN_POINT ( 'NONE',  ( 1.490599999999996800, 6.120000000000000100, -3.810000000000000100 ) ) ;
#885 = LINE ( 'NONE', #3167, #660 ) ;
#886 = VECTOR ( 'NONE', #951, 1000.000000000000000 ) ;
#887 = CARTESIAN_POINT ( 'NONE',  ( -9.398000000000001500, 7.620000000000000100, -3.580000000000001800 ) ) ;
#888 = CARTESIAN_POINT ( 'NONE',  ( -9.398000000000001500, 7.620000000000000100, -0.9800000000000017600 ) ) ;
#889 = LINE ( 'NONE', #3087, #3106 ) ;
#890 = ORIENTED_EDGE ( 'NONE', *, *, #1164, .T. ) ;
#891 = VERTEX_POINT ( 'NONE', #2033 ) ;
#892 = EDGE_CURVE ( 'NONE', #727, #364, #374, .T. ) ;
#893 = VECTOR ( 'NONE', #1276, 1000.000000000000000 ) ;
#894 = PLANE ( 'NONE',  #1978 ) ;
#895 = VERTEX_POINT ( 'NONE', #1446 ) ;
#896 = ORIENTED_EDGE ( 'NONE', *, *, #2127, .F. ) ;
#897 = EDGE_CURVE ( 'NONE', #3309, #2100, #1909, .T. ) ;
#898 = CARTESIAN_POINT ( 'NONE',  ( -6.819899999999922400, 0.6350000000000000100, -3.556000000000000000 ) ) ;
#899 = EDGE_CURVE ( 'NONE', #1255, #2233, #1241, .T. ) ;
#900 = ORIENTED_EDGE ( 'NONE', *, *, #2860, .F. ) ;
#901 = CYLINDRICAL_SURFACE ( 'NONE', #2049, 0.4999999999999995600 ) ;
#902 = DIRECTION ( 'NONE',  ( -0.0000000000000000000, 1.000000000000000000, -0.0000000000000000000 ) ) ;
#903 = DIRECTION ( 'NONE',  ( -0.0000000000000000000, -0.0000000000000000000, 1.000000000000000000 ) ) ;
#904 = CLOSED_SHELL ( 'NONE', ( #910, #3692, #2224, #1075, #1945, #2404 ) ) ;
#905 = STYLED_ITEM ( 'NONE', ( #2742 ), #3431 ) ;
#906 = AXIS2_PLACEMENT_3D ( 'NONE', #3760, #2009, #1222 ) ;
#907 = LINE ( 'NONE', #3422, #1859 ) ;
#908 = CARTESIAN_POINT ( 'NONE',  ( -9.398000000000001500, 7.620000000000000100, -3.580000000000001800 ) ) ;
#909 = LINE ( 'NONE', #3635, #863 ) ;
#910 = ADVANCED_FACE ( 'NONE', ( #1606 ), #1470, .F. ) ;
#911 = CARTESIAN_POINT ( 'NONE',  ( 2.931367621668747000, 7.529568863754091600, 5.080000000000001000 ) ) ;
#912 = CARTESIAN_POINT ( 'NONE',  ( 0.0000000000000000000, 0.6350000000000000100, 0.0000000000000000000 ) ) ;
#913 = CARTESIAN_POINT ( 'NONE',  ( 0.9905999999999977000, 6.120000000000000100, 3.810000000000000100 ) ) ;
#914 = CARTESIAN_POINT ( 'NONE',  ( -9.398000000000001500, 7.620000000000000100, -5.079999999999998300 ) ) ;
#915 = EDGE_CURVE ( 'NONE', #2930, #1413, #1525, .T. ) ;
#916 = DIRECTION ( 'NONE',  ( -0.0000000000000000000, 3.414809992080329100E-015, 1.000000000000000000 ) ) ;
#917 = VERTEX_POINT ( 'NONE', #1320 ) ;
#918 = ORIENTED_EDGE ( 'NONE', *, *, #1066, .F. ) ;
#919 = LINE ( 'NONE', #189, #325 ) ;
#920 = AXIS2_PLACEMENT_3D ( 'NONE', #118, #2711, #697 ) ;
#921 = PLANE ( 'NONE',  #13 ) ;
#922 = AXIS2_PLACEMENT_3D ( 'NONE', #3650, #164, #1908 ) ;
#923 = DIRECTION ( 'NONE',  ( -0.0000000000000000000, -1.000000000000000000, 0.0000000000000000000 ) ) ;
#924 = ORIENTED_EDGE ( 'NONE', *, *, #3027, .T. ) ;
#925 = ADVANCED_FACE ( 'NONE', ( #3740 ), #413, .F. ) ;
#926 = CYLINDRICAL_SURFACE ( 'NONE', #1128, 0.7007190620334350400 ) ;
#927 = CARTESIAN_POINT ( 'NONE',  ( -0.8980000000000022400, 7.620000000000000100, -5.880000000000002600 ) ) ;
#928 = DIRECTION ( 'NONE',  ( 1.422837496700137000E-016, 0.0000000000000000000, 1.000000000000000000 ) ) ;
#929 = LINE ( 'NONE', #79, #2836 ) ;
#930 = LINE ( 'NONE', #1733, #3746 ) ;
#931 = ORIENTED_EDGE ( 'NONE', *, *, #224, .T. ) ;
#932 = LINE ( 'NONE', #1530, #2292 ) ;
#933 = LINE ( 'NONE', #1177, #3611 ) ;
#934 = ORIENTED_EDGE ( 'NONE', *, *, #1766, .T. ) ;
#935 = B_SPLINE_CURVE_WITH_KNOTS ( 'NONE', 3,
 ( #3637, #2201, #2457, #731, #1356, #2496, #3671, #1651 ),
 .UNSPECIFIED., .F., .F.,
 ( 4, 2, 2, 4 ),
 ( 0.0000000000000000000, 0.0002266794102635217800, 0.0004533588205270437200, 0.0009067176410540878800 ),
 .UNSPECIFIED. ) ;
#936 = PLANE ( 'NONE',  #206 ) ;
#937 = LINE ( 'NONE', #192, #1536 ) ;
#938 = DIRECTION ( 'NONE',  ( -0.0000000000000000000, 1.000000000000000000, 0.0000000000000000000 ) ) ;
#939 = VERTEX_POINT ( 'NONE', #1927 ) ;
#940 = CARTESIAN_POINT ( 'NONE',  ( 2.651999999999998400, 0.0000000000000000000, -7.112000000000000100 ) ) ;
#941 = ORIENTED_EDGE ( 'NONE', *, *, #3, .F. ) ;
#942 = EDGE_CURVE ( 'NONE', #2094, #183, #3371, .T. ) ;
#943 = FACE_OUTER_BOUND ( 'NONE', #568, .T. ) ;
#944 = VERTEX_POINT ( 'NONE', #1059 ) ;
#945 = DIRECTION ( 'NONE',  ( 0.0000000000000000000, 0.0000000000000000000, -1.000000000000000000 ) ) ;
#946 = LINE ( 'NONE', #1317, #73 ) ;
#947 = CARTESIAN_POINT ( 'NONE',  ( -0.2980000000000022600, 7.620000000000000100, -5.880000000000002600 ) ) ;
#948 = CARTESIAN_POINT ( 'NONE',  ( 7.967498412224261800, 6.626511427229699400, -1.909721318087874700 ) ) ;
#949 = ORIENTED_EDGE ( 'NONE', *, *, #3632, .T. ) ;
#950 = DIRECTION ( 'NONE',  ( 0.0000000000000000000, -1.000000000000000000, 0.0000000000000000000 ) ) ;
#951 = DIRECTION ( 'NONE',  ( -0.0000000000000000000, -1.000000000000000000, -0.0000000000000000000 ) ) ;
#952 = CARTESIAN_POINT ( 'NONE',  ( 0.9905999999999977000, -3.810000000000000100, -3.810000000000000100 ) ) ;
#953 = CARTESIAN_POINT ( 'NONE',  ( 8.337611820000359900, 6.560144273724395300, 3.429000000000001200 ) ) ;
#954 = DIRECTION ( 'NONE',  ( 0.0000000000000000000, -8.195543980992787700E-015, -1.000000000000000000 ) ) ;
#955 = EDGE_CURVE ( 'NONE', #645, #2368, #562, .T. ) ;
#956 = ADVANCED_FACE ( 'NONE', ( #837 ), #3316, .F. ) ;
#957 = ORIENTED_EDGE ( 'NONE', *, *, #677, .T. ) ;
#958 = CARTESIAN_POINT ( 'NONE',  ( -0.8980000000000010200, 7.620000000000000100, 4.279999999999998500 ) ) ;
#959 = EDGE_LOOP ( 'NONE', ( #2989, #2508 ) ) ;
#960 = EDGE_CURVE ( 'NONE', #3248, #1545, #185, .T. ) ;
#961 = ORIENTED_EDGE ( 'NONE', *, *, #2036, .T. ) ;
#962 = ORIENTED_EDGE ( 'NONE', *, *, #861, .T. ) ;
#963 = DIRECTION ( 'NONE',  ( -0.0000000000000000000, -1.000000000000000000, -0.0000000000000000000 ) ) ;
#964 = ORIENTED_EDGE ( 'NONE', *, *, #1418, .T. ) ;
#965 = CARTESIAN_POINT ( 'NONE',  ( 8.533084506142513300, 0.0000000000000000000, 3.429000000000000700 ) ) ;
#966 = FACE_OUTER_BOUND ( 'NONE', #2845, .T. ) ;
#967 = CARTESIAN_POINT ( 'NONE',  ( -6.420772428101458700, 7.519999999999999600, -3.683935513170497600 ) ) ;
#968 = STYLED_ITEM ( 'NONE', ( #3579 ), #1756 ) ;
#969 = CARTESIAN_POINT ( 'NONE',  ( 2.427055258741161600, 7.620000000000000100, 5.079999999999997400 ) ) ;
#970 = CARTESIAN_POINT ( 'NONE',  ( 4.305373081227568100, 7.283188080632522900, -3.273030884697923200 ) ) ;
#971 = VECTOR ( 'NONE', #1502, 1000.000000000000000 ) ;
#972 = FACE_OUTER_BOUND ( 'NONE', #246, .T. ) ;
#973 = DIRECTION ( 'NONE',  ( -1.000000000000000000, 0.0000000000000000000, 1.626303258728256100E-015 ) ) ;
#974 = VECTOR ( 'NONE', #456, 1000.000000000000000 ) ;
#975 = DIRECTION ( 'NONE',  ( 1.000000000000000000, 0.0000000000000000000, -0.0000000000000000000 ) ) ;
#976 = CARTESIAN_POINT ( 'NONE',  ( -6.420772428101458700, 7.620000000000000100, -3.683935513170497600 ) ) ;
#977 = DIRECTION ( 'NONE',  ( -0.0000000000000000000, 3.414809992080329100E-015, 1.000000000000000000 ) ) ;
#978 = VERTEX_POINT ( 'NONE', #136 ) ;
#979 = VERTEX_POINT ( 'NONE', #2735 ) ;
#980 = TOROIDAL_SURFACE ( 'NONE', #1127, 0.4999999999999471000, 0.3175000000000001200 ) ;
#981 = ORIENTED_EDGE ( 'NONE', *, *, #225, .T. ) ;
#982 = EDGE_LOOP ( 'NONE', ( #2821, #48, #2002, #2736 ) ) ;
#983 = EDGE_CURVE ( 'NONE', #520, #1255, #571, .T. ) ;
#984 = CARTESIAN_POINT ( 'NONE',  ( 4.338552113011732400, 0.9475839578528448800, -4.625114529555532700 ) ) ;
#985 = EDGE_LOOP ( 'NONE', ( #4, #1798, #2195, #2879 ) ) ;
#986 = DIRECTION ( 'NONE',  ( 0.0000000000000000000, 0.0000000000000000000, 1.000000000000000000 ) ) ;
#987 = ORIENTED_EDGE ( 'NONE', *, *, #2733, .T. ) ;
#988 = DIRECTION ( 'NONE',  ( -1.000000000000000000, 0.0000000000000000000, 1.707404996040165000E-015 ) ) ;
#989 = CARTESIAN_POINT ( 'NONE',  ( 7.999089757983783900, 0.0000000000000000000, -3.128951375504188900 ) ) ;
#990 = ORIENTED_EDGE ( 'NONE', *, *, #2253, .T. ) ;
#991 = LINE ( 'NONE', #1521, #2213 ) ;
#992 = CARTESIAN_POINT ( 'NONE',  ( 4.305373081227568100, 1.300000000000000000, 2.327228692555443500 ) ) ;
#993 = DIRECTION ( 'NONE',  ( 0.0000000000000000000, 0.0000000000000000000, 1.000000000000000000 ) ) ;
#994 = EDGE_LOOP ( 'NONE', ( #58, #2184, #70, #114 ) ) ;
#995 = DIRECTION ( 'NONE',  ( -0.0000000000000000000, 1.000000000000000000, 0.0000000000000000000 ) ) ;
#996 = PLANE ( 'NONE',  #2616 ) ;
#997 = LINE ( 'NONE', #2325, #1138 ) ;
#998 = CARTESIAN_POINT ( 'NONE',  ( 9.640907282258075000, 0.6350000000000000100, -3.479999999999997800 ) ) ;
#999 = AXIS2_PLACEMENT_3D ( 'NONE', #2396, #2694, #3563 ) ;
#1000 = DIRECTION ( 'NONE',  ( 0.0000000000000000000, 0.0000000000000000000, -1.000000000000000000 ) ) ;
#1001 = ORIENTED_EDGE ( 'NONE', *, *, #397, .T. ) ;
#1002 = DIRECTION ( 'NONE',  ( -0.0000000000000000000, 1.000000000000000000, -0.0000000000000000000 ) ) ;
#1003 = AXIS2_PLACEMENT_3D ( 'NONE', #1009, #212, #3246 ) ;
#1004 = CARTESIAN_POINT ( 'NONE',  ( -0.8980000000000009100, 7.620000000000000100, -5.080000000000001800 ) ) ;
#1005 = CARTESIAN_POINT ( 'NONE',  ( 2.651999999999997900, 0.0000000000000000000, 3.479999999999999500 ) ) ;
#1006 = CARTESIAN_POINT ( 'NONE',  ( 0.9905999999999977000, 7.620000000000000100, 3.810000000000000100 ) ) ;
#1007 = DIRECTION ( 'NONE',  ( -1.445602896647339100E-015, 0.0000000000000000000, 1.000000000000000000 ) ) ;
#1008 = MANIFOLD_SOLID_BREP ( 'Sweep1', #673 ) ;
#1009 = CARTESIAN_POINT ( 'NONE',  ( -0.01200000000000159300, 4.191000000000000700, 0.0000000000000000000 ) ) ;
#1010 = DIRECTION ( 'NONE',  ( -1.424885378867911400E-014, 0.0000000000000000000, 1.000000000000000000 ) ) ;
#1011 = ORIENTED_EDGE ( 'NONE', *, *, #3217, .T. ) ;
#1012 = EDGE_CURVE ( 'NONE', #3207, #2291, #453, .T. ) ;
#1013 = ORIENTED_EDGE ( 'NONE', *, *, #3513, .T. ) ;
#1014 = LINE ( 'NONE', #3105, #420 ) ;
#1015 = CARTESIAN_POINT ( 'NONE',  ( 5.664872893755784000, 7.039408388103588300, -3.273030884697922800 ) ) ;
#1016 = CLOSED_SHELL ( 'NONE', ( #3409, #177, #3652, #2543, #505, #1509 ) ) ;
#1017 = EDGE_CURVE ( 'NONE', #2512, #3337, #134, .T. ) ;
#1018 = LINE ( 'NONE', #887, #1741 ) ;
#1019 = ORIENTED_EDGE ( 'NONE', *, *, #99, .F. ) ;
#1020 = DIRECTION ( 'NONE',  ( 1.707404996040165000E-015, 0.0000000000000000000, 1.000000000000000000 ) ) ;
#1021 = CARTESIAN_POINT ( 'NONE',  ( 3.766653535933330900, 7.620000000000000100, -4.547424918045866300 ) ) ;
#1022 = AXIS2_PLACEMENT_3D ( 'NONE', #1543, #1256, #74 ) ;
#1023 = LINE ( 'NONE', #2095, #528 ) ;
#1024 = LINE ( 'NONE', #477, #2469 ) ;
#1025 = AXIS2_PLACEMENT_3D ( 'NONE', #2501, #1348, #3084 ) ;
#1026 = ORIENTED_EDGE ( 'NONE', *, *, #899, .T. ) ;
#1027 = CARTESIAN_POINT ( 'NONE',  ( 0.9905999999999977000, 6.719999999999997100, -3.810000000000000100 ) ) ;
#1028 = CARTESIAN_POINT ( 'NONE',  ( 1.451999999999999300, 0.0000000000000000000, -5.080000000000001800 ) ) ;
#1029 = AXIS2_PLACEMENT_3D ( 'NONE', #514, #1360, #3675 ) ;
#1030 = ORIENTED_EDGE ( 'NONE', *, *, #2975, .F. ) ;
#1031 = DIRECTION ( 'NONE',  ( -0.0000000000000000000, -1.000000000000000000, -0.0000000000000000000 ) ) ;
#1032 = DIRECTION ( 'NONE',  ( 1.000000000000000000, 0.0000000000000000000, 0.0000000000000000000 ) ) ;
#1033 = LINE ( 'NONE', #3034, #1487 ) ;
#1034 = EDGE_LOOP ( 'NONE', ( #2577, #3528, #2352, #1110, #3665, #2927, #1753, #2375, #46, #3595, #1523, #536, #2432, #1948, #3354, #1318, #3723, #1578, #900, #1995, #290, #474, #2547, #1925, #1537, #3387, #89, #2840, #230, #1991, #2780, #2579, #1517, #1938, #1605, #403 ) ) ;
#1035 = ORIENTED_EDGE ( 'NONE', *, *, #2449, .T. ) ;
#1036 = ADVANCED_FACE ( 'NONE', ( #1914 ), #2182, .F. ) ;
#1037 = CARTESIAN_POINT ( 'NONE',  ( 8.533084506142513300, 6.525092947577521200, -3.429000000000000700 ) ) ;
#1038 = DIRECTION ( 'NONE',  ( 0.0000000000000000000, -1.000000000000000000, 0.0000000000000000000 ) ) ;
#1039 = FACE_OUTER_BOUND ( 'NONE', #2034, .T. ) ;
#1040 = CARTESIAN_POINT ( 'NONE',  ( 4.627420288445576600, 7.620000000000000100, -0.1821889403173563300 ) ) ;
#1041 = EDGE_LOOP ( 'NONE', ( #1913, #3021, #2040, #3385 ) ) ;
#1042 = DIRECTION ( 'NONE',  ( 0.0000000000000000000, 0.0000000000000000000, -1.000000000000000000 ) ) ;
#1043 = ORIENTED_EDGE ( 'NONE', *, *, #848, .F. ) ;
#1044 = ORIENTED_EDGE ( 'NONE', *, *, #1553, .F. ) ;
#1045 = EDGE_CURVE ( 'NONE', #3627, #380, #3546, .T. ) ;
#1046 = VECTOR ( 'NONE', #1032, 1000.000000000000000 ) ;
#1047 = ORIENTED_EDGE ( 'NONE', *, *, #820, .F. ) ;
#1048 = PLANE ( 'NONE',  #3183 ) ;
#1049 = EDGE_CURVE ( 'NONE', #3337, #1413, #3734, .T. ) ;
#1050 = CYLINDRICAL_SURFACE ( 'NONE', #1952, 0.8649154938574856700 ) ;
#1051 = CARTESIAN_POINT ( 'NONE',  ( 5.333363953269469000, 7.098853153625150000, 3.389675523941825900 ) ) ;
#1052 = DIRECTION ( 'NONE',  ( 0.0000000000000000000, -1.000000000000000000, 0.0000000000000000000 ) ) ;
#1053 = CARTESIAN_POINT ( 'NONE',  ( -5.798000000000000900, 0.6350000000000000100, 3.479999999999997300 ) ) ;
#1054 = AXIS2_PLACEMENT_3D ( 'NONE', #1699, #269, #3127 ) ;
#1055 = DIRECTION ( 'NONE',  ( 1.000000000000000000, 0.0000000000000000000, -0.0000000000000000000 ) ) ;
#1056 = ADVANCED_FACE ( 'NONE', ( #44 ), #486, .F. ) ;
#1057 = DIRECTION ( 'NONE',  ( 0.0000000000000000000, 0.0000000000000000000, 1.000000000000000000 ) ) ;
#1058 = CARTESIAN_POINT ( 'NONE',  ( 0.0000000000000000000, 0.6350000000000000100, 0.0000000000000000000 ) ) ;
#1059 = CARTESIAN_POINT ( 'NONE',  ( 1.451999999999999100, 0.0000000000000000000, 5.079999999999997400 ) ) ;
#1060 = DIRECTION ( 'NONE',  ( 0.0000000000000000000, 0.0000000000000000000, 1.000000000000000000 ) ) ;
#1061 = DIRECTION ( 'NONE',  ( 0.0000000000000000000, 0.0000000000000000000, -1.000000000000000000 ) ) ;
#1062 = ORIENTED_EDGE ( 'NONE', *, *, #2712, .T. ) ;
#1063 = VECTOR ( 'NONE', #1395, 1000.000000000000000 ) ;
#1064 = EDGE_CURVE ( 'NONE', #1481, #2154, #1153, .T. ) ;
#1065 = CARTESIAN_POINT ( 'NONE',  ( 0.9905999999999977000, 6.120000000000000100, 3.492500000000000200 ) ) ;
#1066 = EDGE_CURVE ( 'NONE', #271, #2120, #919, .T. ) ;
#1067 = ORIENTED_EDGE ( 'NONE', *, *, #1104, .T. ) ;
#1068 = ORIENTED_EDGE ( 'NONE', *, *, #27, .F. ) ;
#1069 = CARTESIAN_POINT ( 'NONE',  ( 8.533084506142513300, 6.525092947577521200, -1.699169012285029600 ) ) ;
#1070 = CARTESIAN_POINT ( 'NONE',  ( -1.998000000000001600, 7.620000000000000100, 5.079999999999998300 ) ) ;
#1071 = EDGE_LOOP ( 'NONE', ( #2934, #3370, #42, #1090 ) ) ;
#1072 = LINE ( 'NONE', #3663, #2021 ) ;
#1073 = CARTESIAN_POINT ( 'NONE',  ( 0.9905999999999977000, -8.518025612106916000, 3.492500000000000200 ) ) ;
#1074 = CIRCLE ( 'NONE', #318, 1.699169012285029600 ) ;
#1075 = ADVANCED_FACE ( 'NONE', ( #831 ), #1371, .F. ) ;
#1076 = CARTESIAN_POINT ( 'NONE',  ( 3.797999999999998300, 0.8473985454915313700, 3.250000000000000000 ) ) ;
#1077 = EDGE_CURVE ( 'NONE', #655, #1332, #2371, .T. ) ;
#1078 = ORIENTED_EDGE ( 'NONE', *, *, #1488, .F. ) ;
#1079 = LINE ( 'NONE', #3265, #1700 ) ;
#1080 = AXIS2_PLACEMENT_3D ( 'NONE', #279, #2317, #2028 ) ;
#1081 = SURFACE_STYLE_FILL_AREA ( #3701 ) ;
#1082 = EDGE_CURVE ( 'NONE', #2512, #2930, #6, .T. ) ;
#1083 = CARTESIAN_POINT ( 'NONE',  ( -6.438899999999975400, -3.810000000000000100, 1.016000000000000000 ) ) ;
#1084 = ORIENTED_EDGE ( 'NONE', *, *, #1597, .T. ) ;
#1085 = LINE ( 'NONE', #3536, #1705 ) ;
#1086 = EDGE_CURVE ( 'NONE', #3657, #1240, #647, .T. ) ;
#1087 = CARTESIAN_POINT ( 'NONE',  ( -9.398000000000001500, 7.620000000000000100, -0.9800000000000017600 ) ) ;
#1088 = AXIS2_PLACEMENT_3D ( 'NONE', #3216, #2629, #294 ) ;
#1089 = DIRECTION ( 'NONE',  ( -1.000000000000000000, 0.0000000000000000000, 0.0000000000000000000 ) ) ;
#1090 = ORIENTED_EDGE ( 'NONE', *, *, #274, .F. ) ;
#1091 = LINE ( 'NONE', #18, #1716 ) ;
#1092 = ORIENTED_EDGE ( 'NONE', *, *, #2221, .F. ) ;
#1093 = CARTESIAN_POINT ( 'NONE',  ( 4.627420288445576600, 1.300000000000000000, -0.1821889403173563300 ) ) ;
#1094 = EDGE_LOOP ( 'NONE', ( #132, #3443, #438, #2561 ) ) ;
#1095 = CARTESIAN_POINT ( 'NONE',  ( 6.240018920922350900, 1.300000000000000000, 2.928249668885095000 ) ) ;
#1096 = LINE ( 'NONE', #2919, #162 ) ;
#1097 = FACE_BOUND ( 'NONE', #196, .T. ) ;
#1098 = CARTESIAN_POINT ( 'NONE',  ( 2.651999999999998400, 0.6350000000000000100, -7.112000000000000100 ) ) ;
#1099 = EDGE_CURVE ( 'NONE', #288, #2437, #3047, .T. ) ;
#1100 = ADVANCED_FACE ( 'NONE', ( #2959 ), #3357, .F. ) ;
#1101 = CARTESIAN_POINT ( 'NONE',  ( 4.305373081227568100, 7.620000000000000100, -2.327228692555443500 ) ) ;
#1102 = VERTEX_POINT ( 'NONE', #435 ) ;
#1103 = CARTESIAN_POINT ( 'NONE',  ( -4.198000000000001300, 0.0000000000000000000, -7.112000000000000100 ) ) ;
#1104 = EDGE_CURVE ( 'NONE', #2216, #3580, #1970, .T. ) ;
#1105 = EDGE_CURVE ( 'NONE', #3333, #561, #3597, .T. ) ;
#1106 = AXIS2_PLACEMENT_3D ( 'NONE', #507, #2529, #2539 ) ;
#1107 = AXIS2_PLACEMENT_3D ( 'NONE', #3638, #3014, #2769 ) ;
#1108 = DIRECTION ( 'NONE',  ( -0.0000000000000000000, 1.000000000000000000, -0.0000000000000000000 ) ) ;
#1109 = DIRECTION ( 'NONE',  ( 1.195183497228115700E-014, -0.0000000000000000000, -1.000000000000000000 ) ) ;
#1110 = ORIENTED_EDGE ( 'NONE', *, *, #151, .F. ) ;
#1111 = ADVANCED_FACE ( 'NONE', ( #1478 ), #2752, .F. ) ;
#1112 = ADVANCED_FACE ( 'NONE', ( #1783 ), #2490, .F. ) ;
#1113 = CARTESIAN_POINT ( 'NONE',  ( -0.8980000000000022400, 0.6350000000000001200, -5.880000000000002600 ) ) ;
#1114 = VERTEX_POINT ( 'NONE', #1291 ) ;
#1115 = LINE ( 'NONE', #783, #1337 ) ;
#1116 = CARTESIAN_POINT ( 'NONE',  ( 7.999089757983783900, 0.0000000000000000000, -1.883696072632924600 ) ) ;
#1117 = VERTEX_POINT ( 'NONE', #2738 ) ;
#1118 = EDGE_CURVE ( 'NONE', #2844, #394, #369, .T. ) ;
#1119 = SURFACE_SIDE_STYLE ('',( #2964 ) ) ;
#1120 = VECTOR ( 'NONE', #348, 1000.000000000000000 ) ;
#1121 = FILL_AREA_STYLE_COLOUR ( '', #3346 ) ;
#1122 = VECTOR ( 'NONE', #833, 1000.000000000000000 ) ;
#1123 = EDGE_LOOP ( 'NONE', ( #1476, #419, #573, #2261 ) ) ;
#1124 = ORIENTED_EDGE ( 'NONE', *, *, #3148, .T. ) ;
#1125 = CARTESIAN_POINT ( 'NONE',  ( 7.999089757983783900, 6.620846602207391700, 3.244472939652105000 ) ) ;
#1126 = VECTOR ( 'NONE', #3315, 1000.000000000000000 ) ;
#1127 = AXIS2_PLACEMENT_3D ( 'NONE', #2360, #1506, #3525 ) ;
#1128 = AXIS2_PLACEMENT_3D ( 'NONE', #847, #3165, #1439 ) ;
#1129 = CLOSED_SHELL ( 'NONE', ( #1036, #2834, #2870, #785, #1692, #3532 ) ) ;
#1130 = EDGE_LOOP ( 'NONE', ( #1026, #203, #835, #2695, #277, #2373 ) ) ;
#1131 = PRODUCT_CONTEXT ( 'NONE', #3732, 'mechanical' ) ;
#1132 = ORIENTED_EDGE ( 'NONE', *, *, #310, .F. ) ;
#1133 = ADVANCED_FACE ( 'NONE', ( #745 ), #2917, .T. ) ;
#1134 = LINE ( 'NONE', #355, #1362 ) ;
#1135 =( LENGTH_UNIT ( ) NAMED_UNIT ( * ) SI_UNIT ( .MILLI., .METRE. ) );
#1136 = UNCERTAINTY_MEASURE_WITH_UNIT (LENGTH_MEASURE( 1.000000000000000100E-005 ), #1, 'distance_accuracy_value', 'NONE');
#1137 = ORIENTED_EDGE ( 'NONE', *, *, #2393, .T. ) ;
#1138 = VECTOR ( 'NONE', #2874, 1000.000000000000000 ) ;
#1139 = PLANE ( 'NONE',  #541 ) ;
#1140 = CARTESIAN_POINT ( 'NONE',  ( -9.398000000000001500, 7.620000000000000100, 0.9800000000000017600 ) ) ;
#1141 = VECTOR ( 'NONE', #421, 1000.000000000000000 ) ;
#1142 = PRODUCT_CONTEXT ( 'NONE', #3143, 'mechanical' ) ;
#1143 = CARTESIAN_POINT ( 'NONE',  ( -9.398000000000001500, 0.6350000000000000100, -0.9800000000000017600 ) ) ;
#1144 = EDGE_CURVE ( 'NONE', #3695, #2753, #2137, .T. ) ;
#1145 = CARTESIAN_POINT ( 'NONE',  ( 1.451999999999999100, 0.6350000000000000100, 5.079999999999997400 ) ) ;
#1146 = AXIS2_PLACEMENT_3D ( 'NONE', #2997, #1280, #1555 ) ;
#1147 = ADVANCED_FACE ( 'NONE', ( #2181 ), #142, .F. ) ;
#1148 = CARTESIAN_POINT ( 'NONE',  ( -6.438899999999922100, -3.810000000000000100, -3.556000000000000000 ) ) ;
#1149 = CARTESIAN_POINT ( 'NONE',  ( -6.438900000000001200, 0.6350000000000000100, 3.556000000000000000 ) ) ;
#1150 = VERTEX_POINT ( 'NONE', #1053 ) ;
#1151 = CARTESIAN_POINT ( 'NONE',  ( 9.640907282258075000, 0.6350000000000000100, -3.479999999999997800 ) ) ;
#1152 = VERTEX_POINT ( 'NONE', #3372 ) ;
#1153 = LINE ( 'NONE', #1073, #1387 ) ;
#1154 = CARTESIAN_POINT ( 'NONE',  ( 3.797999999999996500, 7.620000000000000100, -3.249999999999999600 ) ) ;
#1155 = CARTESIAN_POINT ( 'NONE',  ( -6.819899999999949000, -8.518025612106916000, -1.016000000000000500 ) ) ;
#1156 = DIRECTION ( 'NONE',  ( 0.0000000000000000000, 1.000000000000000000, 6.829619984160658000E-016 ) ) ;
#1157 = ORIENTED_EDGE ( 'NONE', *, *, #2779, .T. ) ;
#1158 = ORIENTED_EDGE ( 'NONE', *, *, #2605, .T. ) ;
#1159 = VECTOR ( 'NONE', #1732, 1000.000000000000000 ) ;
#1160 = DIRECTION ( 'NONE',  ( -0.0000000000000000000, 1.000000000000000000, -0.0000000000000000000 ) ) ;
#1161 =( LENGTH_UNIT ( ) NAMED_UNIT ( * ) SI_UNIT ( .MILLI., .METRE. ) );
#1162 = ORIENTED_EDGE ( 'NONE', *, *, #76, .T. ) ;
#1163 = LINE ( 'NONE', #131, #2513 ) ;
#1164 = EDGE_CURVE ( 'NONE', #2828, #2068, #2183, .T. ) ;
#1165 = VERTEX_POINT ( 'NONE', #1665 ) ;
#1166 = CARTESIAN_POINT ( 'NONE',  ( 0.0000000000000000000, 0.0000000000000000000, 0.0000000000000000000 ) ) ;
#1167 = VECTOR ( 'NONE', #2988, 1000.000000000000000 ) ;
#1168 = CYLINDRICAL_SURFACE ( 'NONE', #1178, 0.3175000000000000600 ) ;
#1169 = CARTESIAN_POINT ( 'NONE',  ( -6.438899999999949700, 0.6350000000000000100, -1.524000000000000200 ) ) ;
#1170 = EDGE_CURVE ( 'NONE', #1740, #418, #228, .T. ) ;
#1171 = ORIENTED_EDGE ( 'NONE', *, *, #291, .F. ) ;
#1172 = CARTESIAN_POINT ( 'NONE',  ( -1.998000000000001600, 7.620000000000000100, -5.079999999999998300 ) ) ;
#1173 = CARTESIAN_POINT ( 'NONE',  ( 5.442769184826167900, 1.152238495340020700, 4.630457957563985300 ) ) ;
#1174 = VERTEX_POINT ( 'NONE', #1987 ) ;
#1175 = FACE_OUTER_BOUND ( 'NONE', #1650, .T. ) ;
#1176 = EDGE_LOOP ( 'NONE', ( #858, #2784, #3029, #1697 ) ) ;
#1177 = CARTESIAN_POINT ( 'NONE',  ( 9.640907282258075000, 0.0000000000000000000, -3.479999999999998200 ) ) ;
#1178 = AXIS2_PLACEMENT_3D ( 'NONE', #425, #3646, #3688 ) ;
#1179 = VECTOR ( 'NONE', #417, 1000.000000000000000 ) ;
#1180 = AXIS2_PLACEMENT_3D ( 'NONE', #1006, #1618, #167 ) ;
#1181 = ORIENTED_EDGE ( 'NONE', *, *, #1942, .T. ) ;
#1182 = LINE ( 'NONE', #3587, #1585 ) ;
#1183 = CARTESIAN_POINT ( 'NONE',  ( -4.198000000000001300, 0.6350000000000000100, 5.079999999999997400 ) ) ;
#1184 = DIRECTION ( 'NONE',  ( -1.000000000000000000, 0.0000000000000000000, 0.0000000000000000000 ) ) ;
#1185 = EDGE_CURVE ( 'NONE', #209, #855, #2235, .T. ) ;
#1186 = DIRECTION ( 'NONE',  ( 0.0000000000000000000, 0.0000000000000000000, -1.000000000000000000 ) ) ;
#1187 = AXIS2_PLACEMENT_3D ( 'NONE', #2807, #3684, #1947 ) ;
#1188 = DIRECTION ( 'NONE',  ( 0.0000000000000000000, 1.000000000000000000, -0.0000000000000000000 ) ) ;
#1189 = EDGE_LOOP ( 'NONE', ( #3186, #3754, #957, #1580 ) ) ;
#1190 = ORIENTED_EDGE ( 'NONE', *, *, #3582, .F. ) ;
#1191 = VECTOR ( 'NONE', #1345, 1000.000000000000000 ) ;
#1192 = EDGE_CURVE ( 'NONE', #3367, #520, #1014, .T. ) ;
#1193 = CARTESIAN_POINT ( 'NONE',  ( 1.451999999999999100, 0.6350000000000000100, -5.080000000000001800 ) ) ;
#1194 = AXIS2_PLACEMENT_3D ( 'NONE', #2887, #3505, #3146 ) ;
#1195 = ORIENTED_EDGE ( 'NONE', *, *, #458, .T. ) ;
#1196 = FACE_OUTER_BOUND ( 'NONE', #994, .T. ) ;
#1197 = FACE_OUTER_BOUND ( 'NONE', #187, .T. ) ;
#1198 = FACE_OUTER_BOUND ( 'NONE', #376, .T. ) ;
#1199 = DIRECTION ( 'NONE',  ( 0.0000000000000000000, 1.000000000000000000, 0.0000000000000000000 ) ) ;
#1200 = CARTESIAN_POINT ( 'NONE',  ( -6.819899999999974800, 0.6350000000000000100, 1.523999999999999800 ) ) ;
#1201 = LINE ( 'NONE', #2232, #2555 ) ;
#1202 = ORIENTED_EDGE ( 'NONE', *, *, #1796, .T. ) ;
#1203 = ORIENTED_EDGE ( 'NONE', *, *, #31, .F. ) ;
#1204 = CARTESIAN_POINT ( 'NONE',  ( 3.797999999999998300, 4.191000000000000700, 1.699169012285029600 ) ) ;
#1205 = EDGE_CURVE ( 'NONE', #3613, #1931, #606, .T. ) ;
#1206 = LINE ( 'NONE', #1495, #1797 ) ;
#1207 = CARTESIAN_POINT ( 'NONE',  ( 0.9905999999999977000, 6.720000000000000600, -3.310000000000000100 ) ) ;
#1208 = ORIENTED_EDGE ( 'NONE', *, *, #2345, .T. ) ;
#1209 = EDGE_CURVE ( 'NONE', #2247, #2216, #3640, .T. ) ;
#1210 = LINE ( 'NONE', #139, #343 ) ;
#1211 = ADVANCED_FACE ( 'NONE', ( #521 ), #467, .F. ) ;
#1212 = AXIS2_PLACEMENT_3D ( 'NONE', #976, #2675, #1549 ) ;
#1213 = ORIENTED_EDGE ( 'NONE', *, *, #1645, .T. ) ;
#1214 = LINE ( 'NONE', #3470, #2527 ) ;
#1215 = CARTESIAN_POINT ( 'NONE',  ( 1.451999999999999100, 0.0000000000000000000, 3.480000000000000400 ) ) ;
#1216 = DIRECTION ( 'NONE',  ( -0.0000000000000000000, -1.000000000000000000, -0.0000000000000000000 ) ) ;
#1217 = DIRECTION ( 'NONE',  ( 0.0000000000000000000, 0.0000000000000000000, -1.000000000000000000 ) ) ;
#1218 = ORIENTED_EDGE ( 'NONE', *, *, #3487, .T. ) ;
#1219 = AXIS2_PLACEMENT_3D ( 'NONE', #1166, #235, #2546 ) ;
#1220 = AXIS2_PLACEMENT_3D ( 'NONE', #3729, #2881, #3174 ) ;
#1221 = FACE_OUTER_BOUND ( 'NONE', #1762, .T. ) ;
#1222 = DIRECTION ( 'NONE',  ( 0.0000000000000000000, 1.000000000000000000, 0.0000000000000000000 ) ) ;
#1223 = ORIENTED_EDGE ( 'NONE', *, *, #1746, .T. ) ;
#1224 = DIRECTION ( 'NONE',  ( 0.0000000000000000000, 0.0000000000000000000, 1.000000000000000000 ) ) ;
#1225 = LINE ( 'NONE', #2716, #1141 ) ;
#1226 = CARTESIAN_POINT ( 'NONE',  ( -6.420772428101458700, 7.620000000000000100, -3.683935513170497600 ) ) ;
#1227 = DIRECTION ( 'NONE',  ( 1.000000000000000000, -0.0000000000000000000, 0.0000000000000000000 ) ) ;
#1228 = EDGE_CURVE ( 'NONE', #2216, #92, #3225, .T. ) ;
#1229 = VERTEX_POINT ( 'NONE', #2511 ) ;
#1230 = ADVANCED_FACE ( 'NONE', ( #1431 ), #792, .F. ) ;
#1231 = DIRECTION ( 'NONE',  ( 0.0000000000000000000, 0.0000000000000000000, 1.000000000000000000 ) ) ;
#1232 = DIRECTION ( 'NONE',  ( -1.000000000000000000, 0.0000000000000000000, 0.0000000000000000000 ) ) ;
#1233 = EDGE_CURVE ( 'NONE', #3379, #2257, #1115, .T. ) ;
#1234 = ORIENTED_EDGE ( 'NONE', *, *, #3676, .T. ) ;
#1235 = LINE ( 'NONE', #3091, #3510 ) ;
#1236 = AXIS2_PLACEMENT_3D ( 'NONE', #2454, #3314, #1315 ) ;
#1237 =( BOUNDED_CURVE ( )  B_SPLINE_CURVE ( 3, ( #3157, #1432, #3457, #2295 ),
 .UNSPECIFIED., .F., .F. ) 
 B_SPLINE_CURVE_WITH_KNOTS ( ( 4, 4 ),
 ( 0.7934870911358334900, 1.750821120089100200 ),
 .UNSPECIFIED. ) 
 CURVE ( )  GEOMETRIC_REPRESENTATION_ITEM ( )  RATIONAL_B_SPLINE_CURVE ( ( 1.000000000000000000, 0.9250731196829714600, 0.9250731196829714600, 1.000000000000000000 ) ) 
 REPRESENTATION_ITEM ( '' )  );
#1238 = DIRECTION ( 'NONE',  ( 6.672013369141570100E-016, 0.0000000000000000000, -1.000000000000000000 ) ) ;
#1239 = VERTEX_POINT ( 'NONE', #1116 ) ;
#1240 = VERTEX_POINT ( 'NONE', #3406 ) ;
#1241 = LINE ( 'NONE', #1711, #3425 ) ;
#1242 = PRODUCT_DEFINITION_SHAPE ( 'NONE', 'NONE',  #2175 ) ;
#1243 = CARTESIAN_POINT ( 'NONE',  ( 7.857132385294463900, 1.162902186882983900, 2.003949992828454500 ) ) ;
#1244 = ORIENTED_EDGE ( 'NONE', *, *, #633, .T. ) ;
#1245 = DIRECTION ( 'NONE',  ( 1.000000000000000000, 0.0000000000000000000, -0.0000000000000000000 ) ) ;
#1246 = LINE ( 'NONE', #1670, #3475 ) ;
#1247 = SURFACE_STYLE_FILL_AREA ( #3767 ) ;
#1248 = ORIENTED_EDGE ( 'NONE', *, *, #843, .F. ) ;
#1249 = DIRECTION ( 'NONE',  ( -1.000000000000000000, -0.0000000000000000000, 0.0000000000000000000 ) ) ;
#1250 = DIRECTION ( 'NONE',  ( -0.0000000000000000000, 1.000000000000000000, -0.0000000000000000000 ) ) ;
#1251 = FACE_OUTER_BOUND ( 'NONE', #1693, .T. ) ;
#1252 = VECTOR ( 'NONE', #3114, 1000.000000000000000 ) ;
#1253 = EDGE_CURVE ( 'NONE', #578, #2094, #1235, .T. ) ;
#1254 = EDGE_LOOP ( 'NONE', ( #1445, #1461, #2673, #140 ) ) ;
#1255 = VERTEX_POINT ( 'NONE', #1949 ) ;
#1256 = DIRECTION ( 'NONE',  ( -0.0000000000000000000, -1.000000000000000000, -0.0000000000000000000 ) ) ;
#1257 = DIRECTION ( 'NONE',  ( -1.000000000000000000, 0.0000000000000000000, 0.0000000000000000000 ) ) ;
#1258 = EDGE_CURVE ( 'NONE', #643, #2252, #1295, .T. ) ;
#1259 = FACE_OUTER_BOUND ( 'NONE', #1851, .T. ) ;
#1260 = ORIENTED_EDGE ( 'NONE', *, *, #2374, .F. ) ;
#1261 = CARTESIAN_POINT ( 'NONE',  ( 3.797999999999998300, 0.8473985454915313700, 3.250000000000000000 ) ) ;
#1262 = ORIENTED_EDGE ( 'NONE', *, *, #1105, .F. ) ;
#1263 = DIRECTION ( 'NONE',  ( -0.0000000000000000000, 1.000000000000000000, -0.0000000000000000000 ) ) ;
#1264 = VECTOR ( 'NONE', #1877, 1000.000000000000000 ) ;
#1265 = ORIENTED_EDGE ( 'NONE', *, *, #2223, .F. ) ;
#1266 = ORIENTED_EDGE ( 'NONE', *, *, #667, .T. ) ;
#1267 = EDGE_CURVE ( 'NONE', #2753, #2926, #2012, .T. ) ;
#1268 = DIRECTION ( 'NONE',  ( 0.0000000000000000000, 1.000000000000000000, 0.0000000000000000000 ) ) ;
#1269 = ORIENTED_EDGE ( 'NONE', *, *, #584, .T. ) ;
#1270 = CYLINDRICAL_SURFACE ( 'NONE', #1003, 1.699169012285029600 ) ;
#1271 = AXIS2_PLACEMENT_3D ( 'NONE', #1004, #1590, #753 ) ;
#1272 = ORIENTED_EDGE ( 'NONE', *, *, #874, .F. ) ;
#1273 = DIRECTION ( 'NONE',  ( 0.0000000000000000000, -1.000000000000000000, 0.0000000000000000000 ) ) ;
#1274 = DIRECTION ( 'NONE',  ( 0.0000000000000000000, 0.0000000000000000000, 1.000000000000000000 ) ) ;
#1275 = LINE ( 'NONE', #603, #2045 ) ;
#1276 = DIRECTION ( 'NONE',  ( 0.0000000000000000000, 0.0000000000000000000, 1.000000000000000000 ) ) ;
#1277 = AXIS2_PLACEMENT_3D ( 'NONE', #2659, #2968, #357 ) ;
#1278 = CARTESIAN_POINT ( 'NONE',  ( -6.438900000000001200, 0.6350000000000000100, 3.556000000000000000 ) ) ;
#1279 = DIRECTION ( 'NONE',  ( -1.000000000000000000, -0.0000000000000000000, -0.0000000000000000000 ) ) ;
#1280 = DIRECTION ( 'NONE',  ( 1.000000000000000000, 0.0000000000000000000, -0.0000000000000000000 ) ) ;
#1281 = CARTESIAN_POINT ( 'NONE',  ( 8.533084506142513300, 7.620000000000000100, 2.564084506142514800 ) ) ;
#1282 = EDGE_LOOP ( 'NONE', ( #7, #3096, #1035, #650, #964, #1162 ) ) ;
#1283 = CARTESIAN_POINT ( 'NONE',  ( 0.9905999999999977000, 6.720000000000000600, -3.310000000000000100 ) ) ;
#1284 = CARTESIAN_POINT ( 'NONE',  ( 8.533084506142513300, 7.620000000000000100, 2.564084506142514800 ) ) ;
#1285 = CARTESIAN_POINT ( 'NONE',  ( -1.998000000000001600, 7.620000000000000100, -7.112000000000000100 ) ) ;
#1286 = EDGE_CURVE ( 'NONE', #2801, #471, #1694, .T. ) ;
#1287 = CARTESIAN_POINT ( 'NONE',  ( -9.398000000000001500, 0.6350000000000000100, 3.580000000000001400 ) ) ;
#1288 = CARTESIAN_POINT ( 'NONE',  ( 2.651999999999998400, 0.6350000000000000100, -7.112000000000000100 ) ) ;
#1289 = CARTESIAN_POINT ( 'NONE',  ( 1.308099999999997800, 7.219999999999999800, 3.309999999999996900 ) ) ;
#1290 = EDGE_CURVE ( 'NONE', #2388, #249, #3270, .T. ) ;
#1291 = CARTESIAN_POINT ( 'NONE',  ( -0.8980000000000022400, 7.620000000000000100, -5.880000000000002600 ) ) ;
#1292 = EDGE_CURVE ( 'NONE', #43, #2705, #2506, .T. ) ;
#1293 = VERTEX_POINT ( 'NONE', #2022 ) ;
#1294 = ORIENTED_EDGE ( 'NONE', *, *, #563, .F. ) ;
#1295 = LINE ( 'NONE', #2830, #2734 ) ;
#1296 = ORIENTED_EDGE ( 'NONE', *, *, #1118, .T. ) ;
#1297 = DIRECTION ( 'NONE',  ( 0.0000000000000000000, 0.0000000000000000000, -1.000000000000000000 ) ) ;
#1298 = CIRCLE ( 'NONE', #3083, 0.4999999999999995600 ) ;
#1299 = CARTESIAN_POINT ( 'NONE',  ( 0.9905999999999977000, 7.620000000000000100, 4.309999999999999600 ) ) ;
#1300 = CARTESIAN_POINT ( 'NONE',  ( 3.797999999999996500, 0.8473985454915313700, -3.249999999999999600 ) ) ;
#1301 = VECTOR ( 'NONE', #3599, 1000.000000000000000 ) ;
#1302 = FILL_AREA_STYLE ('',( #1631 ) ) ;
#1303 = CYLINDRICAL_SURFACE ( 'NONE', #2846, 0.3175000000000000600 ) ;
#1304 = PLANE ( 'NONE',  #2377 ) ;
#1305 = ORIENTED_EDGE ( 'NONE', *, *, #3500, .T. ) ;
#1306 = VERTEX_POINT ( 'NONE', #549 ) ;
#1307 = CARTESIAN_POINT ( 'NONE',  ( -0.8980000000000009100, 7.620000000000000100, -5.080000000000001800 ) ) ;
#1308 = FACE_OUTER_BOUND ( 'NONE', #3581, .T. ) ;
#1309 = VERTEX_POINT ( 'NONE', #1787 ) ;
#1310 = ORIENTED_EDGE ( 'NONE', *, *, #692, .T. ) ;
#1311 = EDGE_CURVE ( 'NONE', #1497, #891, #278, .T. ) ;
#1312 = VECTOR ( 'NONE', #243, 1000.000000000000000 ) ;
#1313 = PLANE ( 'NONE',  #1475 ) ;
#1314 = VERTEX_POINT ( 'NONE', #1717 ) ;
#1315 = DIRECTION ( 'NONE',  ( -0.0000000000000000000, 0.0000000000000000000, -1.000000000000000000 ) ) ;
#1316 = CARTESIAN_POINT ( 'NONE',  ( 4.305373081227568100, 1.300000000000000000, -2.327228692555443500 ) ) ;
#1317 = CARTESIAN_POINT ( 'NONE',  ( 6.240018920922350900, 1.300000000000000000, -7.112000000000000100 ) ) ;
#1318 = ORIENTED_EDGE ( 'NONE', *, *, #27, .T. ) ;
#1319 = VECTOR ( 'NONE', #275, 1000.000000000000000 ) ;
#1320 = CARTESIAN_POINT ( 'NONE',  ( 2.427055258741161100, 0.0000000000000000000, 5.080000000000001000 ) ) ;
#1321 = ORIENTED_EDGE ( 'NONE', *, *, #3081, .F. ) ;
#1322 = CARTESIAN_POINT ( 'NONE',  ( 1.451999999999998400, 0.0000000000000000000, -3.479999999999998200 ) ) ;
#1323 = DIRECTION ( 'NONE',  ( 0.0000000000000000000, -1.000000000000000000, 0.0000000000000000000 ) ) ;
#1324 = CIRCLE ( 'NONE', #412, 0.3175000000000000600 ) ;
#1325 = CARTESIAN_POINT ( 'NONE',  ( 1.490599999999996800, 6.120000000000000100, -3.810000000000000100 ) ) ;
#1326 = AXIS2_PLACEMENT_3D ( 'NONE', #839, #2008, #558 ) ;
#1327 = STYLED_ITEM ( 'NONE', ( #2101 ), #1008 ) ;
#1328 = LINE ( 'NONE', #129, #2663 ) ;
#1329 = ADVANCED_FACE ( 'NONE', ( #2147 ), #825, .T. ) ;
#1330 = PLANE ( 'NONE',  #2619 ) ;
#1331 = DIRECTION ( 'NONE',  ( -0.0000000000000000000, 1.000000000000000000, -0.0000000000000000000 ) ) ;
#1332 = VERTEX_POINT ( 'NONE', #1729 ) ;
#1333 = CARTESIAN_POINT ( 'NONE',  ( -9.398000000000001500, 7.620000000000000100, -3.580000000000001800 ) ) ;
#1334 = DIRECTION ( 'NONE',  ( 0.0000000000000000000, 0.0000000000000000000, 1.000000000000000000 ) ) ;
#1335 = CARTESIAN_POINT ( 'NONE',  ( 1.490599999999997700, 6.120000000000000100, 3.810000000000000100 ) ) ;
#1336 = ORIENTED_EDGE ( 'NONE', *, *, #2374, .T. ) ;
#1337 = VECTOR ( 'NONE', #1373, 1000.000000000000000 ) ;
#1338 = ORIENTED_EDGE ( 'NONE', *, *, #1597, .F. ) ;
#1339 = ADVANCED_FACE ( 'NONE', ( #2473 ), #1450, .F. ) ;
#1340 = CARTESIAN_POINT ( 'NONE',  ( 7.999089757983783900, 6.620846602207391700, -3.244472939652108100 ) ) ;
#1341 = CARTESIAN_POINT ( 'NONE',  ( -9.398000000000001500, 7.620000000000000100, -0.9800000000000017600 ) ) ;
#1342 = EDGE_CURVE ( 'NONE', #1405, #1102, #2696, .T. ) ;
#1343 = VERTEX_POINT ( 'NONE', #262 ) ;
#1344 = LINE ( 'NONE', #2902, #2641 ) ;
#1345 = DIRECTION ( 'NONE',  ( -0.0000000000000000000, -1.000000000000000000, -0.0000000000000000000 ) ) ;
#1346 = AXIS2_PLACEMENT_3D ( 'NONE', #1929, #781, #2806 ) ;
#1347 = ORIENTED_EDGE ( 'NONE', *, *, #2833, .F. ) ;
#1348 = DIRECTION ( 'NONE',  ( 0.0000000000000000000, -1.000000000000000000, 0.0000000000000000000 ) ) ;
#1349 = LINE ( 'NONE', #3415, #1835 ) ;
#1350 = EDGE_LOOP ( 'NONE', ( #2348, #896, #2814, #1501 ) ) ;
#1351 = AXIS2_PLACEMENT_3D ( 'NONE', #1869, #2728, #1297 ) ;
#1352 = VECTOR ( 'NONE', #1785, 1000.000000000000000 ) ;
#1353 = VECTOR ( 'NONE', #1109, 1000.000000000000000 ) ;
#1354 = CARTESIAN_POINT ( 'NONE',  ( 7.967498412224261800, 6.626511427229699400, -1.909721318087874700 ) ) ;
#1355 = VERTEX_POINT ( 'NONE', #559 ) ;
#1356 = CARTESIAN_POINT ( 'NONE',  ( 7.879493190112396100, 1.130640226389344000, -3.358746428286929500 ) ) ;
#1357 = CARTESIAN_POINT ( 'NONE',  ( 1.451999999999998400, 0.6350000000000000100, 3.479999999999997300 ) ) ;
#1358 = LINE ( 'NONE', #741, #1406 ) ;
#1359 = VERTEX_POINT ( 'NONE', #577 ) ;
#1360 = DIRECTION ( 'NONE',  ( 0.0000000000000000000, 1.000000000000000000, 0.0000000000000000000 ) ) ;
#1361 = VERTEX_POINT ( 'NONE', #2592 ) ;
#1362 = VECTOR ( 'NONE', #363, 1000.000000000000000 ) ;
#1363 = ORIENTED_EDGE ( 'NONE', *, *, #2706, .F. ) ;
#1364 = EDGE_CURVE ( 'NONE', #2269, #92, #3325, .T. ) ;
#1365 = ADVANCED_FACE ( 'NONE', ( #3232 ), #3139, .F. ) ;
#1366 = CARTESIAN_POINT ( 'NONE',  ( 7.499089757983783900, 1.300000000000000000, 2.273106199735256600 ) ) ;
#1367 = VECTOR ( 'NONE', #2587, 1000.000000000000000 ) ;
#1368 = CARTESIAN_POINT ( 'NONE',  ( -6.819900000000001400, 0.6350000000000000100, 3.556000000000000000 ) ) ;
#1369 = EDGE_CURVE ( 'NONE', #666, #2545, #3145, .T. ) ;
#1370 = VECTOR ( 'NONE', #547, 1000.000000000000000 ) ;
#1371 = PLANE ( 'NONE',  #3033 ) ;
#1372 =( BOUNDED_CURVE ( )  B_SPLINE_CURVE ( 3, ( #3187, #1511, #54, #639 ),
 .UNSPECIFIED., .F., .T. ) 
 B_SPLINE_CURVE_WITH_KNOTS ( ( 4, 4 ),
 ( 1.570796326794896600, 2.283551404906158900 ),
 .UNSPECIFIED. ) 
 CURVE ( )  GEOMETRIC_REPRESENTATION_ITEM ( )  RATIONAL_B_SPLINE_CURVE ( ( 1.000000000000000000, 0.9581111866813136800, 0.9581111866813136800, 1.000000000000000000 ) ) 
 REPRESENTATION_ITEM ( '' )  );
#1373 = DIRECTION ( 'NONE',  ( -0.0000000000000000000, -1.000000000000000000, -0.0000000000000000000 ) ) ;
#1374 = AXIS2_PLACEMENT_3D ( 'NONE', #1316, #725, #1010 ) ;
#1375 = AXIS2_PLACEMENT_3D ( 'NONE', #1923, #1994, #3383 ) ;
#1376 = DIRECTION ( 'NONE',  ( -0.0000000000000000000, -1.000000000000000000, -0.0000000000000000000 ) ) ;
#1377 = DIRECTION ( 'NONE',  ( -0.0000000000000000000, -0.0000000000000000000, 1.000000000000000000 ) ) ;
#1378 = CARTESIAN_POINT ( 'NONE',  ( 2.651999999999998400, 7.620000000000000100, 5.066989197252515200 ) ) ;
#1379 = CARTESIAN_POINT ( 'NONE',  ( 2.427055258741161600, 7.620000000000000100, -7.112000000000000100 ) ) ;
#1380 = ADVANCED_FACE ( 'NONE', ( #2311 ), #2569, .F. ) ;
#1381 = CARTESIAN_POINT ( 'NONE',  ( 3.766653535933330900, 0.8415888217794342800, -4.547424918045866300 ) ) ;
#1382 = DIRECTION ( 'NONE',  ( 0.0000000000000000000, 0.0000000000000000000, 1.000000000000000000 ) ) ;
#1383 = EDGE_CURVE ( 'NONE', #2896, #1648, #1237, .T. ) ;
#1384 = CARTESIAN_POINT ( 'NONE',  ( 4.305373081227568100, 0.9414345877902154900, -3.273030884697923200 ) ) ;
#1385 = ORIENTED_EDGE ( 'NONE', *, *, #2727, .F. ) ;
#1386 = ORIENTED_EDGE ( 'NONE', *, *, #897, .T. ) ;
#1387 = VECTOR ( 'NONE', #3386, 1000.000000000000000 ) ;
#1388 = CARTESIAN_POINT ( 'NONE',  ( 1.451999999999999100, 0.6350000000000000100, -7.112000000000000100 ) ) ;
#1389 = SURFACE_STYLE_USAGE ( .BOTH. , #2503 ) ;
#1390 = ORIENTED_EDGE ( 'NONE', *, *, #3689, .F. ) ;
#1391 = LINE ( 'NONE', #1721, #795 ) ;
#1392 = DIRECTION ( 'NONE',  ( -0.0000000000000000000, 1.000000000000000000, -0.0000000000000000000 ) ) ;
#1393 = AXIS2_PLACEMENT_3D ( 'NONE', #14, #636, #3220 ) ;
#1394 = VECTOR ( 'NONE', #3035, 1000.000000000000000 ) ;
#1395 = DIRECTION ( 'NONE',  ( 0.0000000000000000000, -1.000000000000000000, 3.414809992080329100E-015 ) ) ;
#1396 = AXIS2_PLACEMENT_3D ( 'NONE', #2267, #222, #2300 ) ;
#1397 = VERTEX_POINT ( 'NONE', #3527 ) ;
#1398 = ADVANCED_FACE ( 'NONE', ( #3628 ), #2082, .F. ) ;
#1399 = VECTOR ( 'NONE', #321, 1000.000000000000000 ) ;
#1400 = CARTESIAN_POINT ( 'NONE',  ( -4.198000000000001300, 0.6350000000000000100, 5.079999999999997400 ) ) ;
#1401 = ORIENTED_EDGE ( 'NONE', *, *, #3433, .F. ) ;
#1402 = AXIS2_PLACEMENT_3D ( 'NONE', #912, #746, #1638 ) ;
#1403 = CARTESIAN_POINT ( 'NONE',  ( 3.797999999999996500, 7.374168051794930200, -3.249999999999999600 ) ) ;
#1404 = CARTESIAN_POINT ( 'NONE',  ( -9.398000000000001500, 7.620000000000000100, 0.9800000000000017600 ) ) ;
#1405 = VERTEX_POINT ( 'NONE', #2369 ) ;
#1406 = VECTOR ( 'NONE', #3050, 1000.000000000000000 ) ;
#1407 = EDGE_LOOP ( 'NONE', ( #2415, #5, #434, #2646, #3731, #3107 ) ) ;
#1408 = ORIENTED_EDGE ( 'NONE', *, *, #677, .F. ) ;
#1409 = CARTESIAN_POINT ( 'NONE',  ( 7.999089757983783900, 0.8769609014664503400, 3.244472939652105500 ) ) ;
#1410 = VECTOR ( 'NONE', #680, 1000.000000000000000 ) ;
#1411 = ORIENTED_EDGE ( 'NONE', *, *, #2443, .F. ) ;
#1412 = LINE ( 'NONE', #1183, #2124 ) ;
#1413 = VERTEX_POINT ( 'NONE', #1204 ) ;
#1414 = CARTESIAN_POINT ( 'NONE',  ( 7.597287828272070200, 1.299999999999999800, -2.204933594468943400 ) ) ;
#1415 = CARTESIAN_POINT ( 'NONE',  ( -6.438899999999948800, -8.518025612106916000, -1.016000000000000500 ) ) ;
#1416 = FACE_OUTER_BOUND ( 'NONE', #3203, .T. ) ;
#1417 = MANIFOLD_SOLID_BREP ( 'Boss-Extrude2[6]', #904 ) ;
#1418 = EDGE_CURVE ( 'NONE', #3284, #978, #2859, .T. ) ;
#1419 = VERTEX_POINT ( 'NONE', #101 ) ;
#1420 = ADVANCED_FACE ( 'NONE', ( #121 ), #2987, .F. ) ;
#1421 = CARTESIAN_POINT ( 'NONE',  ( 0.9905999999999977000, 7.537499999999973000, 3.309999999999994700 ) ) ;
#1422 = DIRECTION ( 'NONE',  ( -0.0000000000000000000, -0.0000000000000000000, 1.000000000000000000 ) ) ;
#1423 = UNCERTAINTY_MEASURE_WITH_UNIT (LENGTH_MEASURE( 1.000000000000000100E-005 ), #1161, 'distance_accuracy_value', 'NONE');
#1424 =( GEOMETRIC_REPRESENTATION_CONTEXT ( 3 ) GLOBAL_UNCERTAINTY_ASSIGNED_CONTEXT ( ( #829 ) ) GLOBAL_UNIT_ASSIGNED_CONTEXT ( ( #1135, #3494, #3179 ) ) REPRESENTATION_CONTEXT ( 'NONE', 'WORKASPACE' ) );
#1425 = ORIENTED_EDGE ( 'NONE', *, *, #2109, .F. ) ;
#1426 = APPLICATION_CONTEXT ( 'automotive_design' ) ;
#1427 = PLANE ( 'NONE',  #784 ) ;
#1428 = ORIENTED_EDGE ( 'NONE', *, *, #442, .T. ) ;
#1429 = CARTESIAN_POINT ( 'NONE',  ( -5.798000000000000900, 0.0000000000000000000, 5.079999999999997400 ) ) ;
#1430 = EDGE_LOOP ( 'NONE', ( #2998, #3404, #1498, #1386 ) ) ;
#1431 = FACE_OUTER_BOUND ( 'NONE', #2418, .T. ) ;
#1432 = CARTESIAN_POINT ( 'NONE',  ( 6.861660264639764900, 6.824805594776207400, 4.363648519500829400 ) ) ;
#1433 = ORIENTED_EDGE ( 'NONE', *, *, #1535, .F. ) ;
#1434 = EDGE_CURVE ( 'NONE', #2944, #2875, #3212, .T. ) ;
#1435 = CLOSED_SHELL ( 'NONE', ( #1804, #838, #260, #1329 ) ) ;
#1436 = VECTOR ( 'NONE', #3340, 1000.000000000000000 ) ;
#1437 = ADVANCED_FACE ( 'NONE', ( #1416 ), #695, .F. ) ;
#1438 = ORIENTED_EDGE ( 'NONE', *, *, #490, .F. ) ;
#1439 = DIRECTION ( 'NONE',  ( 0.0000000000000000000, 0.0000000000000000000, 1.000000000000000000 ) ) ;
#1440 = EDGE_CURVE ( 'NONE', #1627, #1359, #2985, .T. ) ;
#1441 = LINE ( 'NONE', #1388, #3649 ) ;
#1442 = DIRECTION ( 'NONE',  ( 0.0000000000000000000, 1.000000000000000000, 0.0000000000000000000 ) ) ;
#1443 = PLANE ( 'NONE',  #2624 ) ;
#1444 = VERTEX_POINT ( 'NONE', #1261 ) ;
#1445 = ORIENTED_EDGE ( 'NONE', *, *, #2272, .T. ) ;
#1446 = CARTESIAN_POINT ( 'NONE',  ( 6.240018920922350900, 1.300000000000000000, 2.928249668885095000 ) ) ;
#1447 = CARTESIAN_POINT ( 'NONE',  ( 0.9905999999999977000, 0.6350000000000000100, -3.492500000000000200 ) ) ;
#1448 = CIRCLE ( 'NONE', #2281, 1.951048624495812300 ) ;
#1449 = AXIS2_PLACEMENT_3D ( 'NONE', #1563, #3254, #954 ) ;
#1450 = PLANE ( 'NONE',  #1754 ) ;
#1451 = AXIS2_PLACEMENT_3D ( 'NONE', #399, #1870, #681 ) ;
#1452 = VERTEX_POINT ( 'NONE', #116 ) ;
#1453 = CARTESIAN_POINT ( 'NONE',  ( -9.398000000000001500, 0.6350000000000000100, -7.112000000000000100 ) ) ;
#1454 = ORIENTED_EDGE ( 'NONE', *, *, #3557, .T. ) ;
#1455 = LINE ( 'NONE', #2737, #2803 ) ;
#1456 = PRODUCT_DEFINITION_FORMATION_WITH_SPECIFIED_SOURCE ( 'ANY', '', #2782, .NOT_KNOWN. ) ;
#1457 = CARTESIAN_POINT ( 'NONE',  ( -6.438899999999974500, -3.810000000000000100, 1.523999999999999800 ) ) ;
#1458 = PLANE ( 'NONE',  #2747 ) ;
#1459 = ORIENTED_EDGE ( 'NONE', *, *, #2908, .F. ) ;
#1460 = ORIENTED_EDGE ( 'NONE', *, *, #3071, .F. ) ;
#1461 = ORIENTED_EDGE ( 'NONE', *, *, #1205, .T. ) ;
#1462 = CYLINDRICAL_SURFACE ( 'NONE', #1921, 1.699169012285029600 ) ;
#1463 = CARTESIAN_POINT ( 'NONE',  ( -0.2980000000000011500, 0.6350000000000001200, 3.049999999999998900 ) ) ;
#1464 = EDGE_CURVE ( 'NONE', #2305, #1240, #2083, .T. ) ;
#1465 = ORIENTED_EDGE ( 'NONE', *, *, #1836, .T. ) ;
#1466 = VECTOR ( 'NONE', #1840, 1000.000000000000000 ) ;
#1467 = EDGE_CURVE ( 'NONE', #3245, #1969, #452, .T. ) ;
#1468 = DIRECTION ( 'NONE',  ( 0.0000000000000000000, 0.0000000000000000000, 1.000000000000000000 ) ) ;
#1469 = CARTESIAN_POINT ( 'NONE',  ( 9.640907282258075000, 0.0000000000000000000, 3.479999999999999500 ) ) ;
#1470 = PLANE ( 'NONE',  #263 ) ;
#1471 = AXIS2_PLACEMENT_3D ( 'NONE', #2890, #2878, #3768 ) ;
#1472 = PLANE ( 'NONE',  #1393 ) ;
#1473 = EDGE_CURVE ( 'NONE', #722, #3550, #817, .T. ) ;
#1474 = CARTESIAN_POINT ( 'NONE',  ( -5.798000000000000900, 0.0000000000000000000, -3.128951375504188900 ) ) ;
#1475 = AXIS2_PLACEMENT_3D ( 'NONE', #2164, #2225, #3713 ) ;
#1476 = ORIENTED_EDGE ( 'NONE', *, *, #737, .F. ) ;
#1477 = ORIENTED_EDGE ( 'NONE', *, *, #892, .T. ) ;
#1478 = FACE_OUTER_BOUND ( 'NONE', #3110, .T. ) ;
#1479 = CARTESIAN_POINT ( 'NONE',  ( 0.9905999999999977000, 6.120000000000000100, 3.492500000000000200 ) ) ;
#1480 = CARTESIAN_POINT ( 'NONE',  ( 7.499089757983783900, 1.300000000000000000, -1.883696072632924600 ) ) ;
#1481 = VERTEX_POINT ( 'NONE', #2965 ) ;
#1482 = VECTOR ( 'NONE', #1977, 1000.000000000000000 ) ;
#1483 = PRESENTATION_STYLE_ASSIGNMENT (( #3434 ) ) ;
#1484 = EDGE_CURVE ( 'NONE', #2233, #696, #3554, .T. ) ;
#1485 = DIRECTION ( 'NONE',  ( -0.0000000000000000000, 1.000000000000000000, 0.0000000000000000000 ) ) ;
#1486 = VECTOR ( 'NONE', #754, 1000.000000000000000 ) ;
#1487 = VECTOR ( 'NONE', #2772, 1000.000000000000000 ) ;
#1488 = EDGE_CURVE ( 'NONE', #740, #2940, #163, .T. ) ;
#1489 = ORIENTED_EDGE ( 'NONE', *, *, #1739, .F. ) ;
#1490 = CARTESIAN_POINT ( 'NONE',  ( 3.766653535933342000, 7.379788965679301400, 4.547424918045866300 ) ) ;
#1491 = ORIENTED_EDGE ( 'NONE', *, *, #2192, .T. ) ;
#1492 = LINE ( 'NONE', #1480, #3289 ) ;
#1493 = CARTESIAN_POINT ( 'NONE',  ( -6.819899999999949000, 0.6350000000000000100, -1.016000000000000500 ) ) ;
#1494 = EDGE_LOOP ( 'NONE', ( #1208, #351, #1771, #3757 ) ) ;
#1495 = CARTESIAN_POINT ( 'NONE',  ( -0.8980000000000009100, 7.620000000000000100, 5.079999999999998300 ) ) ;
#1496 = FACE_OUTER_BOUND ( 'NONE', #1071, .T. ) ;
#1497 = VERTEX_POINT ( 'NONE', #1278 ) ;
#1498 = ORIENTED_EDGE ( 'NONE', *, *, #823, .T. ) ;
#1499 = DIRECTION ( 'NONE',  ( 0.0000000000000000000, -0.0000000000000000000, -1.000000000000000000 ) ) ;
#1500 = LINE ( 'NONE', #1087, #3075 ) ;
#1501 = ORIENTED_EDGE ( 'NONE', *, *, #2839, .F. ) ;
#1502 = DIRECTION ( 'NONE',  ( -0.0000000000000000000, -0.0000000000000000000, -1.000000000000000000 ) ) ;
#1503 = ORIENTED_EDGE ( 'NONE', *, *, #377, .T. ) ;
#1504 = DIRECTION ( 'NONE',  ( 0.0000000000000000000, 0.0000000000000000000, 1.000000000000000000 ) ) ;
#1505 = VECTOR ( 'NONE', #688, 1000.000000000000000 ) ;
#1506 = DIRECTION ( 'NONE',  ( -1.000000000000000000, -0.0000000000000000000, 0.0000000000000000000 ) ) ;
#1507 = EDGE_CURVE ( 'NONE', #2961, #2702, #3305, .T. ) ;
#1508 = ORIENTED_EDGE ( 'NONE', *, *, #630, .F. ) ;
#1509 = ADVANCED_FACE ( 'NONE', ( #2444 ), #2754, .T. ) ;
#1510 = DIRECTION ( 'NONE',  ( 0.0000000000000000000, -1.000000000000000000, 0.0000000000000000000 ) ) ;
#1511 = CARTESIAN_POINT ( 'NONE',  ( 8.323120586518506100, 6.562742779741104600, -1.699169012285029800 ) ) ;
#1512 = CARTESIAN_POINT ( 'NONE',  ( -6.438899999999975400, -3.810000000000000100, 1.016000000000000000 ) ) ;
#1513 = AXIS2_PLACEMENT_3D ( 'NONE', #2664, #360, #2403 ) ;
#1514 = CARTESIAN_POINT ( 'NONE',  ( 7.499089757983783900, 1.300000000000000000, 3.673155546129225800 ) ) ;
#1515 = ORIENTED_EDGE ( 'NONE', *, *, #1012, .T. ) ;
#1516 = EDGE_LOOP ( 'NONE', ( #384, #2749, #2103, #3730 ) ) ;
#1517 = ORIENTED_EDGE ( 'NONE', *, *, #2409, .F. ) ;
#1518 = ORIENTED_EDGE ( 'NONE', *, *, #2127, .T. ) ;
#1519 = VECTOR ( 'NONE', #3037, 1000.000000000000000 ) ;
#1520 = CARTESIAN_POINT ( 'NONE',  ( -5.798000000000000900, 0.6350000000000000100, -3.479999999999997800 ) ) ;
#1521 = CARTESIAN_POINT ( 'NONE',  ( 1.451999999999999300, 7.620000000000000100, -5.080000000000001800 ) ) ;
#1522 = EDGE_LOOP ( 'NONE', ( #2149, #3418, #3524, #109 ) ) ;
#1523 = ORIENTED_EDGE ( 'NONE', *, *, #760, .T. ) ;
#1524 = ADVANCED_FACE ( 'NONE', ( #676 ), #3311, .F. ) ;
#1525 = CIRCLE ( 'NONE', #463, 1.699169012285029600 ) ;
#1526 = CARTESIAN_POINT ( 'NONE',  ( -0.2980000000000024900, 7.620000000000000100, -7.112000000000000100 ) ) ;
#1527 = CIRCLE ( 'NONE', #1727, 0.4999999999999995600 ) ;
#1528 = CARTESIAN_POINT ( 'NONE',  ( 7.999089757983783900, 7.620000000000000100, 1.883696072632925000 ) ) ;
#1529 =( BOUNDED_CURVE ( )  B_SPLINE_CURVE ( 3, ( #682, #1562, #401, #2703 ),
 .UNSPECIFIED., .F., .T. ) 
 B_SPLINE_CURVE_WITH_KNOTS ( ( 4, 4 ),
 ( 4.370308612098675400, 4.712388980384689700 ),
 .UNSPECIFIED. ) 
 CURVE ( )  GEOMETRIC_REPRESENTATION_ITEM ( )  RATIONAL_B_SPLINE_CURVE ( ( 1.000000000000000000, 0.9902721686343737300, 0.9902721686343737300, 1.000000000000000000 ) ) 
 REPRESENTATION_ITEM ( '' )  );
#1530 = CARTESIAN_POINT ( 'NONE',  ( -4.198000000000001300, 0.6350000000000000100, 5.079999999999997400 ) ) ;
#1531 = ORIENTED_EDGE ( 'NONE', *, *, #1383, .F. ) ;
#1532 = LINE ( 'NONE', #2671, #758 ) ;
#1533 = FILL_AREA_STYLE ('',( #3257 ) ) ;
#1534 = EDGE_LOOP ( 'NONE', ( #1809, #2699, #1795, #2852 ) ) ;
#1535 = EDGE_CURVE ( 'NONE', #1755, #2550, #728, .T. ) ;
#1536 = VECTOR ( 'NONE', #1392, 1000.000000000000000 ) ;
#1537 = ORIENTED_EDGE ( 'NONE', *, *, #3433, .T. ) ;
#1538 = AXIS2_PLACEMENT_3D ( 'NONE', #349, #988, #103 ) ;
#1539 = ORIENTED_EDGE ( 'NONE', *, *, #436, .F. ) ;
#1540 = FACE_OUTER_BOUND ( 'NONE', #2510, .T. ) ;
#1541 = CARTESIAN_POINT ( 'NONE',  ( -6.420772428101458700, 7.519999999999999600, -3.683935513170497600 ) ) ;
#1542 = ORIENTED_EDGE ( 'NONE', *, *, #72, .T. ) ;
#1543 = CARTESIAN_POINT ( 'NONE',  ( 8.533084506142513300, 7.620000000000000100, 2.564084506142514800 ) ) ;
#1544 = CARTESIAN_POINT ( 'NONE',  ( 0.9905999999999977000, 6.719999999999995300, -3.810000000000000100 ) ) ;
#1545 = VERTEX_POINT ( 'NONE', #2163 ) ;
#1546 = FACE_OUTER_BOUND ( 'NONE', #526, .T. ) ;
#1547 = CARTESIAN_POINT ( 'NONE',  ( -6.438899999999949700, -3.810000000000000100, -1.524000000000000200 ) ) ;
#1548 = CARTESIAN_POINT ( 'NONE',  ( -4.198000000000001300, 0.0000000000000000000, -3.128951375504188900 ) ) ;
#1549 = DIRECTION ( 'NONE',  ( 0.0000000000000000000, 0.0000000000000000000, 1.000000000000000000 ) ) ;
#1550 = PLANE ( 'NONE',  #128 ) ;
#1551 = ORIENTED_EDGE ( 'NONE', *, *, #625, .T. ) ;
#1552 = DIRECTION ( 'NONE',  ( -0.0000000000000000000, -1.000000000000000000, -0.0000000000000000000 ) ) ;
#1553 = EDGE_CURVE ( 'NONE', #1102, #2060, #216, .T. ) ;
#1554 = DIRECTION ( 'NONE',  ( 0.0000000000000000000, 0.0000000000000000000, -1.000000000000000000 ) ) ;
#1555 = DIRECTION ( 'NONE',  ( -0.0000000000000000000, 0.0000000000000000000, -1.000000000000000000 ) ) ;
#1556 = CARTESIAN_POINT ( 'NONE',  ( -6.819899999999974800, -8.518025612106916000, 1.523999999999999800 ) ) ;
#1557 = EDGE_CURVE ( 'NONE', #1740, #1397, #1902, .T. ) ;
#1558 = ORIENTED_EDGE ( 'NONE', *, *, #2975, .T. ) ;
#1559 = STYLED_ITEM ( 'NONE', ( #2332 ), #3506 ) ;
#1560 = DIRECTION ( 'NONE',  ( -1.000000000000000000, -0.0000000000000000000, 0.0000000000000000000 ) ) ;
#1561 = DIRECTION ( 'NONE',  ( 0.0000000000000000000, 0.0000000000000000000, 1.000000000000000000 ) ) ;
#1562 = CARTESIAN_POINT ( 'NONE',  ( 5.721084716108139300, 1.203821230097432000, -4.531355560923938000 ) ) ;
#1563 = CARTESIAN_POINT ( 'NONE',  ( 0.9905999999999977000, 6.719999999999995300, -3.810000000000000100 ) ) ;
#1564 = PLANE ( 'NONE',  #3161 ) ;
#1565 = ORIENTED_EDGE ( 'NONE', *, *, #2842, .T. ) ;
#1566 = ORIENTED_EDGE ( 'NONE', *, *, #1233, .T. ) ;
#1567 = CARTESIAN_POINT ( 'NONE',  ( 0.9905999999999977000, 6.120000000000000100, -4.127500000000000400 ) ) ;
#1568 = ORIENTED_EDGE ( 'NONE', *, *, #2908, .T. ) ;
#1569 = DIRECTION ( 'NONE',  ( 1.000000000000000000, 0.0000000000000000000, 0.0000000000000000000 ) ) ;
#1570 = LINE ( 'NONE', #3074, #2287 ) ;
#1571 = LINE ( 'NONE', #1457, #2422 ) ;
#1572 = LINE ( 'NONE', #3293, #3198 ) ;
#1573 = EDGE_CURVE ( 'NONE', #1306, #3150, #1328, .T. ) ;
#1574 = CARTESIAN_POINT ( 'NONE',  ( -1.998000000000001600, 7.620000000000000100, 5.079999999999998300 ) ) ;
#1575 = ORIENTED_EDGE ( 'NONE', *, *, #247, .F. ) ;
#1576 = DIRECTION ( 'NONE',  ( 0.0000000000000000000, 0.0000000000000000000, -1.000000000000000000 ) ) ;
#1577 = VECTOR ( 'NONE', #1188, 1000.000000000000000 ) ;
#1578 = ORIENTED_EDGE ( 'NONE', *, *, #1364, .F. ) ;
#1579 = CARTESIAN_POINT ( 'NONE',  ( 6.240018920922350900, 1.300000000000000000, -7.112000000000000100 ) ) ;
#1580 = ORIENTED_EDGE ( 'NONE', *, *, #3312, .F. ) ;
#1581 = DIRECTION ( 'NONE',  ( 0.0000000000000000000, 0.0000000000000000000, -1.000000000000000000 ) ) ;
#1582 = DIRECTION ( 'NONE',  ( 0.0000000000000000000, 0.0000000000000000000, -1.000000000000000000 ) ) ;
#1583 = DIRECTION ( 'NONE',  ( 0.0000000000000000000, -0.0000000000000000000, -1.000000000000000000 ) ) ;
#1584 = EDGE_LOOP ( 'NONE', ( #629, #3737, #2209, #1675 ) ) ;
#1585 = VECTOR ( 'NONE', #1854, 1000.000000000000000 ) ;
#1586 = STYLED_ITEM ( 'NONE', ( #3645 ), #851 ) ;
#1587 = ORIENTED_EDGE ( 'NONE', *, *, #3393, .F. ) ;
#1588 = CARTESIAN_POINT ( 'NONE',  ( 3.797999999999998300, 0.8473985454915313700, 3.250000000000000000 ) ) ;
#1589 = VECTOR ( 'NONE', #10, 1000.000000000000000 ) ;
#1590 = DIRECTION ( 'NONE',  ( 0.0000000000000000000, 0.0000000000000000000, 1.000000000000000000 ) ) ;
#1591 = CARTESIAN_POINT ( 'NONE',  ( -8.748000000000002900, 7.620000000000000100, 0.9800000000000017600 ) ) ;
#1592 = DIRECTION ( 'NONE',  ( 1.707404996040165000E-015, 0.0000000000000000000, 1.000000000000000000 ) ) ;
#1593 = CARTESIAN_POINT ( 'NONE',  ( -0.2980000000000009900, 7.620000000000000100, 4.279999999999999400 ) ) ;
#1594 = PLANE ( 'NONE',  #1451 ) ;
#1595 = CARTESIAN_POINT ( 'NONE',  ( -6.819899999999922400, -3.810000000000000100, -4.064000000000000100 ) ) ;
#1596 = CARTESIAN_POINT ( 'NONE',  ( 8.533084506142513300, 0.0000000000000000000, -2.564084506142514800 ) ) ;
#1597 = EDGE_CURVE ( 'NONE', #1359, #1361, #3031, .T. ) ;
#1598 = CARTESIAN_POINT ( 'NONE',  ( 7.999089757983783900, 0.7999999999999999300, 1.883696072632924600 ) ) ;
#1599 = AXIS2_PLACEMENT_3D ( 'NONE', #2775, #1052, #3063 ) ;
#1600 = ORIENTED_EDGE ( 'NONE', *, *, #625, .F. ) ;
#1601 = ORIENTED_EDGE ( 'NONE', *, *, #2785, .T. ) ;
#1602 = DIRECTION ( 'NONE',  ( -0.0000000000000000000, -1.000000000000000000, -0.0000000000000000000 ) ) ;
#1603 = ORIENTED_EDGE ( 'NONE', *, *, #151, .T. ) ;
#1604 = AXIS2_PLACEMENT_3D ( 'NONE', #169, #3395, #1684 ) ;
#1605 = ORIENTED_EDGE ( 'NONE', *, *, #3041, .F. ) ;
#1606 = FACE_OUTER_BOUND ( 'NONE', #2650, .T. ) ;
#1607 = EDGE_CURVE ( 'NONE', #1314, #2482, #2763, .T. ) ;
#1608 =( GEOMETRIC_REPRESENTATION_CONTEXT ( 3 ) GLOBAL_UNCERTAINTY_ASSIGNED_CONTEXT ( ( #3660 ) ) GLOBAL_UNIT_ASSIGNED_CONTEXT ( ( #2995, #2976, #674 ) ) REPRESENTATION_CONTEXT ( 'NONE', 'WORKASPACE' ) );
#1609 = PRODUCT_DEFINITION_CONTEXT ( 'detailed design', #2850, 'design' ) ;
#1610 = DIRECTION ( 'NONE',  ( 0.0000000000000000000, 0.0000000000000000000, -1.000000000000000000 ) ) ;
#1611 = CARTESIAN_POINT ( 'NONE',  ( 3.766653535933342000, 7.379788965679301400, 4.547424918045866300 ) ) ;
#1612 = VECTOR ( 'NONE', #659, 1000.000000000000000 ) ;
#1613 = TOROIDAL_SURFACE ( 'NONE', #159, 0.4999999999999995600, 0.3175000000000001200 ) ;
#1614 = CARTESIAN_POINT ( 'NONE',  ( 0.9905999999999977000, 6.720000000000000600, 3.310000000000000100 ) ) ;
#1615 = DIRECTION ( 'NONE',  ( 0.0000000000000000000, -1.000000000000000000, 3.414809992080329100E-015 ) ) ;
#1616 = EDGE_LOOP ( 'NONE', ( #2607, #2119 ) ) ;
#1617 = ORIENTED_EDGE ( 'NONE', *, *, #1364, .T. ) ;
#1618 = DIRECTION ( 'NONE',  ( 0.0000000000000000000, 1.000000000000000000, 0.0000000000000000000 ) ) ;
#1619 = CIRCLE ( 'NONE', #231, 0.3175000000000000600 ) ;
#1620 = CARTESIAN_POINT ( 'NONE',  ( 8.533084506142513300, 7.620000000000000100, -2.564084506142514800 ) ) ;
#1621 = ORIENTED_EDGE ( 'NONE', *, *, #2409, .T. ) ;
#1622 = EDGE_CURVE ( 'NONE', #256, #2279, #1225, .T. ) ;
#1623 = ADVANCED_FACE ( 'NONE', ( #1811 ), #1050, .T. ) ;
#1624 = VECTOR ( 'NONE', #1863, 1000.000000000000000 ) ;
#1625 = ORIENTED_EDGE ( 'NONE', *, *, #427, .F. ) ;
#1626 = CARTESIAN_POINT ( 'NONE',  ( -4.198000000000001300, 0.6350000000000000100, -7.112000000000000100 ) ) ;
#1627 = VERTEX_POINT ( 'NONE', #1333 ) ;
#1628 = EDGE_CURVE ( 'NONE', #1117, #1765, #2491, .T. ) ;
#1629 = FACE_OUTER_BOUND ( 'NONE', #1873, .T. ) ;
#1630 = ORIENTED_EDGE ( 'NONE', *, *, #2443, .T. ) ;
#1631 = FILL_AREA_STYLE_COLOUR ( '', #3191 ) ;
#1632 = ORIENTED_EDGE ( 'NONE', *, *, #322, .F. ) ;
#1633 = CARTESIAN_POINT ( 'NONE',  ( -0.8980000000000009100, 0.6350000000000001200, -5.080000000000001800 ) ) ;
#1634 = VECTOR ( 'NONE', #1554, 1000.000000000000000 ) ;
#1635 = DIRECTION ( 'NONE',  ( 1.000000000000000000, -0.0000000000000000000, -0.0000000000000000000 ) ) ;
#1636 = AXIS2_PLACEMENT_3D ( 'NONE', #160, #2212, #2502 ) ;
#1637 = DIRECTION ( 'NONE',  ( 0.0000000000000000000, 0.0000000000000000000, 1.000000000000000000 ) ) ;
#1638 = DIRECTION ( 'NONE',  ( 0.0000000000000000000, 0.0000000000000000000, 1.000000000000000000 ) ) ;
#1639 = EDGE_LOOP ( 'NONE', ( #107, #2656, #1157, #2381 ) ) ;
#1640 = CARTESIAN_POINT ( 'NONE',  ( 7.967498412224261800, 6.626511427229698500, 1.909721318087875200 ) ) ;
#1641 = ADVANCED_FACE ( 'NONE', ( #264 ), #3053, .F. ) ;
#1642 = CARTESIAN_POINT ( 'NONE',  ( -9.398000000000001500, 7.620000000000000100, 3.580000000000001800 ) ) ;
#1643 = CARTESIAN_POINT ( 'NONE',  ( 2.651999999999998400, 0.6350000000000000100, -5.066989197252514300 ) ) ;
#1644 = EDGE_CURVE ( 'NONE', #1765, #2252, #356, .T. ) ;
#1645 = EDGE_CURVE ( 'NONE', #978, #740, #946, .T. ) ;
#1646 = CARTESIAN_POINT ( 'NONE',  ( 4.627420288445576600, 7.225439952657861700, -4.625114529555532700 ) ) ;
#1647 = DIRECTION ( 'NONE',  ( 0.0000000000000000000, -1.000000000000000000, 0.0000000000000000000 ) ) ;
#1648 = VERTEX_POINT ( 'NONE', #1611 ) ;
#1649 = ORIENTED_EDGE ( 'NONE', *, *, #644, .T. ) ;
#1650 = EDGE_LOOP ( 'NONE', ( #1503, #3160, #868, #2611 ) ) ;
#1651 = CARTESIAN_POINT ( 'NONE',  ( 7.499089757983783900, 1.300000000000000000, -3.673155546129227600 ) ) ;
#1652 = VERTEX_POINT ( 'NONE', #778 ) ;
#1653 = VECTOR ( 'NONE', #583, 1000.000000000000000 ) ;
#1654 = MECHANICAL_DESIGN_GEOMETRIC_PRESENTATION_REPRESENTATION (  '', ( #1586 ), #3407 ) ;
#1655 = EDGE_LOOP ( 'NONE', ( #1459, #1124, #3677, #2778, #2916 ) ) ;
#1656 = VECTOR ( 'NONE', #2013, 1000.000000000000000 ) ;
#1657 = VECTOR ( 'NONE', #525, 1000.000000000000000 ) ;
#1658 = ADVANCED_FACE ( 'NONE', ( #3349 ), #3722, .T. ) ;
#1659 = DIRECTION ( 'NONE',  ( -1.000000000000000000, -0.0000000000000000000, 0.0000000000000000000 ) ) ;
#1660 = AXIS2_PLACEMENT_3D ( 'NONE', #2901, #2351, #601 ) ;
#1661 = EDGE_LOOP ( 'NONE', ( #305, #1786, #2436, #518 ) ) ;
#1662 = ORIENTED_EDGE ( 'NONE', *, *, #2654, .F. ) ;
#1663 = CARTESIAN_POINT ( 'NONE',  ( 7.878284921003418300, 1.131886696661858100, 3.359844533554153600 ) ) ;
#1664 = VECTOR ( 'NONE', #903, 1000.000000000000000 ) ;
#1665 = CARTESIAN_POINT ( 'NONE',  ( 0.9905999999999977000, -3.810000000000000100, -3.492500000000000200 ) ) ;
#1666 = ORIENTED_EDGE ( 'NONE', *, *, #3678, .F. ) ;
#1667 = LINE ( 'NONE', #3703, #805 ) ;
#1668 = ORIENTED_EDGE ( 'NONE', *, *, #2463, .T. ) ;
#1669 = EDGE_CURVE ( 'NONE', #209, #2189, #909, .T. ) ;
#1670 = CARTESIAN_POINT ( 'NONE',  ( -9.398000000000001500, 7.620000000000000100, 5.080000000000001800 ) ) ;
#1671 = LINE ( 'NONE', #3276, #860 ) ;
#1672 =( LENGTH_UNIT ( ) NAMED_UNIT ( * ) SI_UNIT ( .MILLI., .METRE. ) );
#1673 = EDGE_LOOP ( 'NONE', ( #617, #1305 ) ) ;
#1674 = EDGE_CURVE ( 'NONE', #1355, #655, #3078, .T. ) ;
#1675 = ORIENTED_EDGE ( 'NONE', *, *, #175, .F. ) ;
#1676 = LINE ( 'NONE', #2951, #1900 ) ;
#1677 = AXIS2_PLACEMENT_3D ( 'NONE', #2710, #995, #2116 ) ;
#1678 = ADVANCED_FACE ( 'NONE', ( #2398 ), #2762, .T. ) ;
#1679 = DIRECTION ( 'NONE',  ( 0.0000000000000000000, 0.0000000000000000000, -1.000000000000000000 ) ) ;
#1680 = VERTEX_POINT ( 'NONE', #174 ) ;
#1681 = CARTESIAN_POINT ( 'NONE',  ( -0.8980000000000022400, 0.6350000000000001200, -5.880000000000002600 ) ) ;
#1682 = COLOUR_RGB ( '',0.7921568627450980000, 0.8196078431372548800, 0.9333333333333333500 ) ;
#1683 = AXIS2_PLACEMENT_3D ( 'NONE', #65, #2674, #1231 ) ;
#1684 = DIRECTION ( 'NONE',  ( 0.0000000000000000000, 0.0000000000000000000, -1.000000000000000000 ) ) ;
#1685 = DIRECTION ( 'NONE',  ( 0.0000000000000000000, 0.0000000000000000000, 1.000000000000000000 ) ) ;
#1686 = PLANE ( 'NONE',  #2046 ) ;
#1687 = DIRECTION ( 'NONE',  ( 0.0000000000000000000, 0.0000000000000000000, 1.000000000000000000 ) ) ;
#1688 = EDGE_LOOP ( 'NONE', ( #1491, #2595, #3608, #747, #1310, #3297 ) ) ;
#1689 = EDGE_CURVE ( 'NONE', #655, #2247, #814, .T. ) ;
#1690 =( NAMED_UNIT ( * ) PLANE_ANGLE_UNIT ( ) SI_UNIT ( $, .RADIAN. ) );
#1691 = ORIENTED_EDGE ( 'NONE', *, *, #3312, .T. ) ;
#1692 = ADVANCED_FACE ( 'NONE', ( #2081 ), #1048, .F. ) ;
#1693 = EDGE_LOOP ( 'NONE', ( #1944, #2476, #707, #2336 ) ) ;
#1694 = LINE ( 'NONE', #3430, #1063 ) ;
#1695 = PLANE ( 'NONE',  #3523 ) ;
#1696 = DIRECTION ( 'NONE',  ( 0.0000000000000000000, -0.0000000000000000000, -1.000000000000000000 ) ) ;
#1697 = ORIENTED_EDGE ( 'NONE', *, *, #1105, .T. ) ;
#1698 = FACE_OUTER_BOUND ( 'NONE', #2355, .T. ) ;
#1699 = CARTESIAN_POINT ( 'NONE',  ( 0.9905999999999977000, 6.720000000000000600, 3.310000000000000100 ) ) ;
#1700 = VECTOR ( 'NONE', #3562, 1000.000000000000000 ) ;
#1701 = PRESENTATION_LAYER_ASSIGNMENT (  '', '', ( #1327 ) ) ;
#1702 = FACE_OUTER_BOUND ( 'NONE', #1899, .T. ) ;
#1703 = ORIENTED_EDGE ( 'NONE', *, *, #2842, .F. ) ;
#1704 = LINE ( 'NONE', #947, #16 ) ;
#1705 = VECTOR ( 'NONE', #2344, 1000.000000000000000 ) ;
#1706 = CARTESIAN_POINT ( 'NONE',  ( 7.927197793488122800, 1.082834789824041600, -1.944554374026159000 ) ) ;
#1707 = EDGE_LOOP ( 'NONE', ( #1867, #1691, #3373, #3121 ) ) ;
#1708 = CARTESIAN_POINT ( 'NONE',  ( -0.2980000000000022600, 7.620000000000000100, -5.880000000000002600 ) ) ;
#1709 = VERTEX_POINT ( 'NONE', #1966 ) ;
#1710 = VECTOR ( 'NONE', #513, 1000.000000000000000 ) ;
#1711 = CARTESIAN_POINT ( 'NONE',  ( 7.967498412224261800, 7.620000000000000100, 1.909721318087875200 ) ) ;
#1712 = ORIENTED_EDGE ( 'NONE', *, *, #942, .T. ) ;
#1713 = ADVANCED_FACE ( 'NONE', ( #544 ), #483, .F. ) ;
#1714 = ADVANCED_FACE ( 'NONE', ( #2263 ), #524, .F. ) ;
#1715 = DIRECTION ( 'NONE',  ( -0.0000000000000000000, -1.000000000000000000, -0.0000000000000000000 ) ) ;
#1716 = VECTOR ( 'NONE', #1468, 1000.000000000000000 ) ;
#1717 = CARTESIAN_POINT ( 'NONE',  ( -6.438899999999922100, -3.810000000000000100, -3.556000000000000000 ) ) ;
#1718 = ORIENTED_EDGE ( 'NONE', *, *, #2682, .T. ) ;
#1719 = LINE ( 'NONE', #2316, #3620 ) ;
#1720 =( NAMED_UNIT ( * ) SI_UNIT ( $, .STERADIAN. ) SOLID_ANGLE_UNIT ( ) );
#1721 = CARTESIAN_POINT ( 'NONE',  ( 4.305373081227568100, 7.620000000000000100, -3.273030884697923200 ) ) ;
#1722 = CARTESIAN_POINT ( 'NONE',  ( -6.819899999999949000, -3.810000000000000100, -1.524000000000000200 ) ) ;
#1723 = DIRECTION ( 'NONE',  ( 0.0000000000000000000, 1.000000000000000000, 6.829619984160658000E-016 ) ) ;
#1724 = VECTOR ( 'NONE', #3324, 1000.000000000000000 ) ;
#1725 = EDGE_CURVE ( 'NONE', #2257, #615, #3123, .T. ) ;
#1726 = CARTESIAN_POINT ( 'NONE',  ( 2.651999999999998400, 0.6350000000000000100, 5.066989197252514300 ) ) ;
#1727 = AXIS2_PLACEMENT_3D ( 'NONE', #2651, #61, #618 ) ;
#1728 = CARTESIAN_POINT ( 'NONE',  ( -4.198000000000001300, 0.6350000000000000100, -5.079999999999998300 ) ) ;
#1729 = CARTESIAN_POINT ( 'NONE',  ( -0.2980000000000011500, 0.6350000000000001200, 3.049999999999998900 ) ) ;
#1730 = CARTESIAN_POINT ( 'NONE',  ( 7.967498412224261800, 0.9749094984059618600, -1.909721318087874700 ) ) ;
#1731 = DIRECTION ( 'NONE',  ( 0.0000000000000000000, 0.0000000000000000000, 1.000000000000000000 ) ) ;
#1732 = DIRECTION ( 'NONE',  ( 1.000000000000000000, -0.0000000000000000000, -0.0000000000000000000 ) ) ;
#1733 = CARTESIAN_POINT ( 'NONE',  ( -0.8980000000000009100, 0.0000000000000000000, 5.079999999999998300 ) ) ;
#1734 = CARTESIAN_POINT ( 'NONE',  ( 0.9905999999999977000, -8.518025612106916000, 3.810000000000000100 ) ) ;
#1735 = ORIENTED_EDGE ( 'NONE', *, *, #2810, .F. ) ;
#1736 = CARTESIAN_POINT ( 'NONE',  ( 7.980858228639239500, 0.9513794100274490800, 3.262575480398994800 ) ) ;
#1737 = ORIENTED_EDGE ( 'NONE', *, *, #822, .F. ) ;
#1738 = ORIENTED_EDGE ( 'NONE', *, *, #983, .F. ) ;
#1739 = EDGE_CURVE ( 'NONE', #2698, #2875, #2857, .T. ) ;
#1740 = VERTEX_POINT ( 'NONE', #1404 ) ;
#1741 = VECTOR ( 'NONE', #2912, 1000.000000000000000 ) ;
#1742 = DIRECTION ( 'NONE',  ( -0.0000000000000000000, -1.000000000000000000, -0.0000000000000000000 ) ) ;
#1743 =( NAMED_UNIT ( * ) PLANE_ANGLE_UNIT ( ) SI_UNIT ( $, .RADIAN. ) );
#1744 = ORIENTED_EDGE ( 'NONE', *, *, #2010, .T. ) ;
#1745 = DIRECTION ( 'NONE',  ( -0.0000000000000000000, -0.0000000000000000000, -1.000000000000000000 ) ) ;
#1746 = EDGE_CURVE ( 'NONE', #2304, #3598, #1767, .T. ) ;
#1747 = VECTOR ( 'NONE', #1377, 1000.000000000000000 ) ;
#1748 = CARTESIAN_POINT ( 'NONE',  ( -5.798000000000000900, 0.6350000000000000100, 3.479999999999997300 ) ) ;
#1749 = VECTOR ( 'NONE', #97, 1000.000000000000000 ) ;
#1750 = CARTESIAN_POINT ( 'NONE',  ( -6.438899999999922100, -8.518025612106916000, -3.556000000000000000 ) ) ;
#1751 = DIRECTION ( 'NONE',  ( 0.0000000000000000000, -0.0000000000000000000, 1.000000000000000000 ) ) ;
#1752 = CYLINDRICAL_SURFACE ( 'NONE', #2661, 4.807303469872889100 ) ;
#1753 = ORIENTED_EDGE ( 'NONE', *, *, #475, .F. ) ;
#1754 = AXIS2_PLACEMENT_3D ( 'NONE', #272, #37, #50 ) ;
#1755 = VERTEX_POINT ( 'NONE', #834 ) ;
#1756 = MANIFOLD_SOLID_BREP ( 'Boss-Extrude2[3]', #1129 ) ;
#1757 = LINE ( 'NONE', #2329, #1399 ) ;
#1758 = VERTEX_POINT ( 'NONE', #511 ) ;
#1759 = DIRECTION ( 'NONE',  ( -1.626303258728256100E-015, -0.0000000000000000000, -1.000000000000000000 ) ) ;
#1760 = DIRECTION ( 'NONE',  ( -1.000000000000000000, -0.0000000000000000000, -0.0000000000000000000 ) ) ;
#1761 = VERTEX_POINT ( 'NONE', #2227 ) ;
#1762 = EDGE_LOOP ( 'NONE', ( #3659, #604, #153, #157 ) ) ;
#1763 = FACE_OUTER_BOUND ( 'NONE', #985, .T. ) ;
#1764 = CARTESIAN_POINT ( 'NONE',  ( -6.438899999999948800, 0.6350000000000000100, -1.016000000000000500 ) ) ;
#1765 = VERTEX_POINT ( 'NONE', #2518 ) ;
#1766 = EDGE_CURVE ( 'NONE', #2973, #1627, #907, .T. ) ;
#1767 = LINE ( 'NONE', #1958, #2811 ) ;
#1768 = SURFACE_STYLE_FILL_AREA ( #1533 ) ;
#1769 = PLANE ( 'NONE',  #1660 ) ;
#1770 = CARTESIAN_POINT ( 'NONE',  ( -6.819899999999974800, 0.6350000000000000100, 1.016000000000000000 ) ) ;
#1771 = ORIENTED_EDGE ( 'NONE', *, *, #2889, .F. ) ;
#1772 = AXIS2_PLACEMENT_3D ( 'NONE', #3356, #205, #1930 ) ;
#1773 = CARTESIAN_POINT ( 'NONE',  ( -9.398000000000001500, 7.620000000000000100, 5.080000000000001800 ) ) ;
#1774 = AXIS2_PLACEMENT_3D ( 'NONE', #1284, #2984, #2411 ) ;
#1775 = DIRECTION ( 'NONE',  ( -1.000000000000000000, -0.0000000000000000000, 0.0000000000000000000 ) ) ;
#1776 = PLANE ( 'NONE',  #565 ) ;
#1777 = AXIS2_PLACEMENT_3D ( 'NONE', #2314, #2072, #859 ) ;
#1778 = CARTESIAN_POINT ( 'NONE',  ( -0.8980000000000010200, 7.620000000000000100, 4.279999999999998500 ) ) ;
#1779 = ADVANCED_FACE ( 'NONE', ( #3679 ), #2303, .F. ) ;
#1780 = CARTESIAN_POINT ( 'NONE',  ( -4.198000000000001300, 3.616966743611484300E-014, 3.479999999999998600 ) ) ;
#1781 = VERTEX_POINT ( 'NONE', #2534 ) ;
#1782 = EDGE_LOOP ( 'NONE', ( #2958, #1662, #3338, #1508 ) ) ;
#1783 = FACE_OUTER_BOUND ( 'NONE', #597, .T. ) ;
#1784 = DIRECTION ( 'NONE',  ( 0.0000000000000000000, 0.0000000000000000000, 1.000000000000000000 ) ) ;
#1785 = DIRECTION ( 'NONE',  ( 0.0000000000000000000, -0.0000000000000000000, -1.000000000000000000 ) ) ;
#1786 = ORIENTED_EDGE ( 'NONE', *, *, #2627, .T. ) ;
#1787 = CARTESIAN_POINT ( 'NONE',  ( -6.819899999999922400, -3.810000000000000100, -3.556000000000000000 ) ) ;
#1788 = CARTESIAN_POINT ( 'NONE',  ( -6.438899999999922100, 0.6350000000000000100, -3.556000000000000000 ) ) ;
#1789 = LINE ( 'NONE', #3261, #752 ) ;
#1790 = DIRECTION ( 'NONE',  ( 0.0000000000000000000, 1.000000000000000000, 0.0000000000000000000 ) ) ;
#1791 = FACE_OUTER_BOUND ( 'NONE', #2709, .T. ) ;
#1792 = EDGE_CURVE ( 'NONE', #2252, #3598, #997, .T. ) ;
#1793 = ORIENTED_EDGE ( 'NONE', *, *, #274, .T. ) ;
#1794 = DIRECTION ( 'NONE',  ( 0.0000000000000000000, -0.0000000000000000000, -1.000000000000000000 ) ) ;
#1795 = ORIENTED_EDGE ( 'NONE', *, *, #3214, .T. ) ;
#1796 = EDGE_CURVE ( 'NONE', #2026, #497, #1275, .T. ) ;
#1797 = VECTOR ( 'NONE', #2939, 1000.000000000000000 ) ;
#1798 = ORIENTED_EDGE ( 'NONE', *, *, #432, .F. ) ;
#1799 = CLOSED_SHELL ( 'NONE', ( #1437, #540, #770, #352, #2774, #2957 ) ) ;
#1800 = CARTESIAN_POINT ( 'NONE',  ( -6.438899999999949700, -8.518025612106916000, -1.524000000000000200 ) ) ;
#1801 = CARTESIAN_POINT ( 'NONE',  ( -6.438899999999975400, 0.6350000000000000100, 1.016000000000000000 ) ) ;
#1802 = AXIS2_PLACEMENT_3D ( 'NONE', #2025, #1731, #2315 ) ;
#1803 = VECTOR ( 'NONE', #489, 1000.000000000000000 ) ;
#1804 = ADVANCED_FACE ( 'NONE', ( #400 ), #2620, .T. ) ;
#1805 = ORIENTED_EDGE ( 'NONE', *, *, #3738, .F. ) ;
#1806 = ORIENTED_EDGE ( 'NONE', *, *, #1862, .F. ) ;
#1807 = DIRECTION ( 'NONE',  ( -0.0000000000000000000, -1.000000000000000000, -0.0000000000000000000 ) ) ;
#1808 = CIRCLE ( 'NONE', #2157, 0.3175000000000000600 ) ;
#1809 = ORIENTED_EDGE ( 'NONE', *, *, #3742, .F. ) ;
#1810 = VECTOR ( 'NONE', #2275, 1000.000000000000000 ) ;
#1811 = FACE_OUTER_BOUND ( 'NONE', #2652, .T. ) ;
#1812 = PRODUCT ( 'HFBR-2521Z', 'HFBR-2521Z', '', ( #1142 ) ) ;
#1813 = CARTESIAN_POINT ( 'NONE',  ( 7.999089757983783900, 0.8000000000000003800, -1.883696072632925000 ) ) ;
#1814 = EDGE_CURVE ( 'NONE', #718, #3093, #2354, .T. ) ;
#1815 = DIRECTION ( 'NONE',  ( -1.000000000000000000, 0.0000000000000000000, 0.0000000000000000000 ) ) ;
#1816 = CARTESIAN_POINT ( 'NONE',  ( 7.999089757983783900, 7.620000000000000100, 3.244472939652105000 ) ) ;
#1817 = EDGE_CURVE ( 'NONE', #3016, #3627, #2312, .T. ) ;
#1818 = CARTESIAN_POINT ( 'NONE',  ( 0.9905999999999977000, 6.720000000000000600, 3.310000000000000100 ) ) ;
#1819 = DIRECTION ( 'NONE',  ( -1.760068461827120600E-016, -0.0000000000000000000, -1.000000000000000000 ) ) ;
#1820 = AXIS2_PLACEMENT_3D ( 'NONE', #2320, #923, #1217 ) ;
#1821 = CARTESIAN_POINT ( 'NONE',  ( 8.152858947763251200, 6.593273368684727100, 3.365156854496610200 ) ) ;
#1822 = AXIS2_PLACEMENT_3D ( 'NONE', #689, #1850, #1274 ) ;
#1823 = VERTEX_POINT ( 'NONE', #898 ) ;
#1824 = CARTESIAN_POINT ( 'NONE',  ( 7.499089757983783900, 0.7999999999999999300, -7.112000000000000100 ) ) ;
#1825 = EDGE_LOOP ( 'NONE', ( #2051, #3473, #2790, #918 ) ) ;
#1826 = ORIENTED_EDGE ( 'NONE', *, *, #3217, .F. ) ;
#1827 = CARTESIAN_POINT ( 'NONE',  ( -8.748000000000002900, 7.620000000000000100, 0.9800000000000017600 ) ) ;
#1828 = DIRECTION ( 'NONE',  ( 0.0000000000000000000, 0.0000000000000000000, -1.000000000000000000 ) ) ;
#1829 = ORIENTED_EDGE ( 'NONE', *, *, #3500, .F. ) ;
#1830 = ORIENTED_EDGE ( 'NONE', *, *, #2093, .T. ) ;
#1831 = CARTESIAN_POINT ( 'NONE',  ( -9.398000000000001500, 7.620000000000000100, 0.9800000000000017600 ) ) ;
#1832 = ORIENTED_EDGE ( 'NONE', *, *, #3068, .F. ) ;
#1833 = EDGE_CURVE ( 'NONE', #3189, #2120, #724, .T. ) ;
#1834 = CARTESIAN_POINT ( 'NONE',  ( 0.9905999999999977000, 6.719999999999996200, 3.810000000000000100 ) ) ;
#1835 = VECTOR ( 'NONE', #1962, 1000.000000000000000 ) ;
#1836 = EDGE_CURVE ( 'NONE', #276, #422, #2943, .T. ) ;
#1837 = ADVANCED_FACE ( 'NONE', ( #1221 ), #450, .T. ) ;
#1838 = ORIENTED_EDGE ( 'NONE', *, *, #1961, .F. ) ;
#1839 = FACE_OUTER_BOUND ( 'NONE', #3442, .T. ) ;
#1840 = DIRECTION ( 'NONE',  ( -0.0000000000000000000, 1.000000000000000000, -0.0000000000000000000 ) ) ;
#1841 = COLOUR_RGB ( '',0.2509803921568627400, 0.2509803921568627400, 0.2509803921568627400 ) ;
#1842 = DIRECTION ( 'NONE',  ( -0.1822355254921412800, 0.9832549075639557300, 0.0000000000000000000 ) ) ;
#1843 = DIRECTION ( 'NONE',  ( -0.0000000000000000000, 1.000000000000000000, -0.0000000000000000000 ) ) ;
#1844 = ORIENTED_EDGE ( 'NONE', *, *, #2563, .F. ) ;
#1845 = EDGE_LOOP ( 'NONE', ( #1269, #3262, #3545, #1260 ) ) ;
#1846 = LINE ( 'NONE', #317, #2430 ) ;
#1847 = AXIS2_PLACEMENT_3D ( 'NONE', #84, #2123, #1000 ) ;
#1848 = EDGE_LOOP ( 'NONE', ( #2484, #3210, #1806, #941 ) ) ;
#1849 = DIRECTION ( 'NONE',  ( 0.0000000000000000000, 0.0000000000000000000, -1.000000000000000000 ) ) ;
#1850 = DIRECTION ( 'NONE',  ( 0.0000000000000000000, 1.000000000000000000, -0.0000000000000000000 ) ) ;
#1851 = EDGE_LOOP ( 'NONE', ( #137, #2667, #1898, #2731 ) ) ;
#1852 = CARTESIAN_POINT ( 'NONE',  ( -0.8980000000000010200, 0.6350000000000001200, 4.279999999999998500 ) ) ;
#1853 = CARTESIAN_POINT ( 'NONE',  ( 4.305373081227568100, 7.620000000000000100, 2.327228692555443500 ) ) ;
#1854 = DIRECTION ( 'NONE',  ( -0.0000000000000000000, 1.000000000000000000, -0.0000000000000000000 ) ) ;
#1855 = ORIENTED_EDGE ( 'NONE', *, *, #3195, .T. ) ;
#1856 = VERTEX_POINT ( 'NONE', #1143 ) ;
#1857 = DIRECTION ( 'NONE',  ( -0.9832549075639557300, -0.1822355254921412800, 0.0000000000000000000 ) ) ;
#1858 = CARTESIAN_POINT ( 'NONE',  ( -6.438899999999948800, -3.810000000000000100, -1.016000000000000500 ) ) ;
#1859 = VECTOR ( 'NONE', #1940, 1000.000000000000000 ) ;
#1860 = DIRECTION ( 'NONE',  ( -1.000000000000000000, 0.0000000000000000000, -2.276539994720218000E-015 ) ) ;
#1861 = CARTESIAN_POINT ( 'NONE',  ( -9.398000000000001500, 0.0000000000000000000, 5.080000000000001800 ) ) ;
#1862 = EDGE_CURVE ( 'NONE', #582, #1343, #312, .T. ) ;
#1863 = DIRECTION ( 'NONE',  ( -1.000000000000000000, 0.0000000000000000000, 0.0000000000000000000 ) ) ;
#1864 = EDGE_CURVE ( 'NONE', #1545, #1758, #2713, .T. ) ;
#1865 = DIRECTION ( 'NONE',  ( 0.0000000000000000000, 0.0000000000000000000, -1.000000000000000000 ) ) ;
#1866 = CARTESIAN_POINT ( 'NONE',  ( 8.533084506142513300, 7.620000000000000100, 3.429000000000000700 ) ) ;
#1867 = ORIENTED_EDGE ( 'NONE', *, *, #2627, .F. ) ;
#1868 = AXIS2_PLACEMENT_3D ( 'NONE', #827, #2572, #1990 ) ;
#1869 = CARTESIAN_POINT ( 'NONE',  ( 0.9905999999999977000, 6.120000000000000100, -3.810000000000000100 ) ) ;
#1870 = DIRECTION ( 'NONE',  ( 1.000000000000000000, 0.0000000000000000000, 0.0000000000000000000 ) ) ;
#1871 = DIRECTION ( 'NONE',  ( 0.0000000000000000000, 0.0000000000000000000, -1.000000000000000000 ) ) ;
#1872 = ORIENTED_EDGE ( 'NONE', *, *, #3636, .T. ) ;
#1873 = EDGE_LOOP ( 'NONE', ( #845, #1265, #3190, #2578 ) ) ;
#1874 = SHAPE_REPRESENTATION ( 'HFBR-2521Z', ( #1868 ), #3622 ) ;
#1875 = ORIENTED_EDGE ( 'NONE', *, *, #869, .T. ) ;
#1876 = DIRECTION ( 'NONE',  ( 0.0000000000000000000, 1.000000000000000000, 0.0000000000000000000 ) ) ;
#1877 = DIRECTION ( 'NONE',  ( -0.0000000000000000000, -0.0000000000000000000, 1.000000000000000000 ) ) ;
#1878 = SURFACE_STYLE_FILL_AREA ( #2293 ) ;
#1879 = DIRECTION ( 'NONE',  ( 1.000000000000000000, 0.0000000000000000000, 0.0000000000000000000 ) ) ;
#1880 = CARTESIAN_POINT ( 'NONE',  ( 2.427055258741147400, -3.810000000000000100, -3.128951375504188900 ) ) ;
#1881 = VECTOR ( 'NONE', #1216, 1000.000000000000000 ) ;
#1882 = LINE ( 'NONE', #2492, #3327 ) ;
#1883 = EDGE_CURVE ( 'NONE', #3613, #722, #1412, .T. ) ;
#1884 = ORIENTED_EDGE ( 'NONE', *, *, #1817, .T. ) ;
#1885 = CARTESIAN_POINT ( 'NONE',  ( 8.533084506142513300, 0.0000000000000000000, -3.429000000000000700 ) ) ;
#1886 = EDGE_LOOP ( 'NONE', ( #439, #864, #2504, #1895, #2804, #1916 ) ) ;
#1887 = DIRECTION ( 'NONE',  ( 0.0000000000000000000, 1.000000000000000000, 0.0000000000000000000 ) ) ;
#1888 = CYLINDRICAL_SURFACE ( 'NONE', #60, 5.600259577253366300 ) ;
#1889 = CARTESIAN_POINT ( 'NONE',  ( 2.651999999999998400, 0.6350000000000000100, -7.112000000000000100 ) ) ;
#1890 = ORIENTED_EDGE ( 'NONE', *, *, #3214, .F. ) ;
#1891 = CARTESIAN_POINT ( 'NONE',  ( 7.999089757983783900, 0.0000000000000000000, 3.244472939652105900 ) ) ;
#1892 = VECTOR ( 'NONE', #2893, 1000.000000000000000 ) ;
#1893 = ORIENTED_EDGE ( 'NONE', *, *, #1607, .T. ) ;
#1894 = DIRECTION ( 'NONE',  ( -0.0000000000000000000, -1.000000000000000000, -0.0000000000000000000 ) ) ;
#1895 = ORIENTED_EDGE ( 'NONE', *, *, #3236, .F. ) ;
#1896 = AXIS2_PLACEMENT_3D ( 'NONE', #350, #1257, #2134 ) ;
#1897 = LINE ( 'NONE', #1556, #3251 ) ;
#1898 = ORIENTED_EDGE ( 'NONE', *, *, #823, .F. ) ;
#1899 = EDGE_LOOP ( 'NONE', ( #3604, #2888, #1649, #1019 ) ) ;
#1900 = VECTOR ( 'NONE', #3551, 1000.000000000000000 ) ;
#1901 = DIRECTION ( 'NONE',  ( 0.0000000000000000000, -6.938893903907233900E-015, -1.000000000000000000 ) ) ;
#1902 = LINE ( 'NONE', #1831, #29 ) ;
#1903 = ADVANCED_FACE ( 'NONE', ( #3401 ), #1443, .F. ) ;
#1904 = DIRECTION ( 'NONE',  ( 0.0000000000000000000, 0.0000000000000000000, 1.000000000000000000 ) ) ;
#1905 = DIRECTION ( 'NONE',  ( 0.0000000000000000000, 0.0000000000000000000, -1.000000000000000000 ) ) ;
#1906 = CARTESIAN_POINT ( 'NONE',  ( 8.533084506142513300, 6.525092947577521200, -3.429000000000000700 ) ) ;
#1907 = CARTESIAN_POINT ( 'NONE',  ( -0.01200000000000159300, 4.191000000000000700, 1.699169012285029600 ) ) ;
#1908 = DIRECTION ( 'NONE',  ( 0.0000000000000000000, 0.0000000000000000000, -1.000000000000000000 ) ) ;
#1909 =( BOUNDED_CURVE ( )  B_SPLINE_CURVE ( 3, ( #3461, #3192, #2328, #12 ),
 .UNSPECIFIED., .F., .F. ) 
 B_SPLINE_CURVE_WITH_KNOTS ( ( 4, 4 ),
 ( 1.480073791746446400, 1.570796326794896800 ),
 .UNSPECIFIED. ) 
 CURVE ( )  GEOMETRIC_REPRESENTATION_ITEM ( )  RATIONAL_B_SPLINE_CURVE ( ( 1.000000000000000000, 0.9993142360698340500, 0.9993142360698340500, 1.000000000000000000 ) ) 
 REPRESENTATION_ITEM ( '' )  );
#1910 = DIRECTION ( 'NONE',  ( 0.0000000000000000000, 1.000000000000000000, 0.0000000000000000000 ) ) ;
#1911 = DIRECTION ( 'NONE',  ( 0.0000000000000000000, 0.0000000000000000000, 1.000000000000000000 ) ) ;
#1912 = EDGE_CURVE ( 'NONE', #3467, #415, #258, .T. ) ;
#1913 = ORIENTED_EDGE ( 'NONE', *, *, #1862, .T. ) ;
#1914 = FACE_OUTER_BOUND ( 'NONE', #2583, .T. ) ;
#1915 = DIRECTION ( 'NONE',  ( -0.0000000000000000000, -0.0000000000000000000, 1.000000000000000000 ) ) ;
#1916 = ORIENTED_EDGE ( 'NONE', *, *, #2306, .T. ) ;
#1917 = ADVANCED_FACE ( 'NONE', ( #1097, #3719, #592 ), #1458, .F. ) ;
#1918 = VERTEX_POINT ( 'NONE', #3180 ) ;
#1919 = LINE ( 'NONE', #1169, #1159 ) ;
#1920 = CARTESIAN_POINT ( 'NONE',  ( -6.438899999999974500, -3.810000000000000100, 1.523999999999999800 ) ) ;
#1921 = AXIS2_PLACEMENT_3D ( 'NONE', #93, #2176, #1849 ) ;
#1922 = CARTESIAN_POINT ( 'NONE',  ( 1.451999999999999100, 0.6350000000000000100, -7.112000000000000100 ) ) ;
#1923 = CARTESIAN_POINT ( 'NONE',  ( -9.398000000000001500, 7.620000000000000100, -5.079999999999998300 ) ) ;
#1924 = VECTOR ( 'NONE', #3109, 1000.000000000000000 ) ;
#1925 = ORIENTED_EDGE ( 'NONE', *, *, #2039, .T. ) ;
#1926 = LINE ( 'NONE', #1588, #3054 ) ;
#1927 = CARTESIAN_POINT ( 'NONE',  ( 1.308099999999997800, 7.219999999999999800, 3.309999999999996900 ) ) ;
#1928 = FACE_OUTER_BOUND ( 'NONE', #2219, .T. ) ;
#1929 = CARTESIAN_POINT ( 'NONE',  ( 4.627420288445576600, 7.620000000000000100, 0.1821889403173563300 ) ) ;
#1930 = DIRECTION ( 'NONE',  ( 0.0000000000000000000, 1.000000000000000000, -6.829619984160656700E-015 ) ) ;
#1931 = VERTEX_POINT ( 'NONE', #41 ) ;
#1932 = FACE_OUTER_BOUND ( 'NONE', #1845, .T. ) ;
#1933 = VECTOR ( 'NONE', #1031, 1000.000000000000000 ) ;
#1934 = CARTESIAN_POINT ( 'NONE',  ( -6.819899999999922400, -8.518025612106916000, -4.064000000000000100 ) ) ;
#1935 = ORIENTED_EDGE ( 'NONE', *, *, #1144, .T. ) ;
#1936 = EDGE_CURVE ( 'NONE', #1165, #2305, #1324, .T. ) ;
#1937 = VECTOR ( 'NONE', #3136, 1000.000000000000000 ) ;
#1938 = ORIENTED_EDGE ( 'NONE', *, *, #2608, .F. ) ;
#1939 = CARTESIAN_POINT ( 'NONE',  ( 6.240018920922350900, 1.300000000000000000, -7.112000000000000100 ) ) ;
#1940 = DIRECTION ( 'NONE',  ( -0.0000000000000000000, -0.0000000000000000000, 1.000000000000000000 ) ) ;
#1941 = ORIENTED_EDGE ( 'NONE', *, *, #478, .F. ) ;
#1942 = EDGE_CURVE ( 'NONE', #582, #2026, #2761, .T. ) ;
#1943 = ORIENTED_EDGE ( 'NONE', *, *, #2014, .F. ) ;
#1944 = ORIENTED_EDGE ( 'NONE', *, *, #377, .F. ) ;
#1945 = ADVANCED_FACE ( 'NONE', ( #119 ), #2633, .T. ) ;
#1946 = DIRECTION ( 'NONE',  ( 0.0000000000000000000, -1.000000000000000000, 0.0000000000000000000 ) ) ;
#1947 = DIRECTION ( 'NONE',  ( 0.0000000000000000000, 0.0000000000000000000, -1.000000000000000000 ) ) ;
#1948 = ORIENTED_EDGE ( 'NONE', *, *, #737, .T. ) ;
#1949 = CARTESIAN_POINT ( 'NONE',  ( 7.967498412224261800, 6.626511427229698500, 1.909721318087875200 ) ) ;
#1950 = VERTEX_POINT ( 'NONE', #1512 ) ;
#1951 = AXIS2_PLACEMENT_3D ( 'NONE', #3725, #1442, #553 ) ;
#1952 = AXIS2_PLACEMENT_3D ( 'NONE', #1620, #1602, #1042 ) ;
#1953 = PLANE ( 'NONE',  #1106 ) ;
#1954 =( BOUNDED_CURVE ( )  B_SPLINE_CURVE ( 3, ( #1384, #3408, #3449, #2556 ),
 .UNSPECIFIED., .F., .F. ) 
 B_SPLINE_CURVE_WITH_KNOTS ( ( 4, 4 ),
 ( 1.570796326794896800, 1.923521472343002300 ),
 .UNSPECIFIED. ) 
 CURVE ( )  GEOMETRIC_REPRESENTATION_ITEM ( )  RATIONAL_B_SPLINE_CURVE ( ( 1.000000000000000000, 0.9896589265643759300, 0.9896589265643759300, 1.000000000000000000 ) ) 
 REPRESENTATION_ITEM ( '' )  );
#1955 = ORIENTED_EDGE ( 'NONE', *, *, #1099, .T. ) ;
#1956 = DIRECTION ( 'NONE',  ( 1.707404996040165200E-015, 0.0000000000000000000, 1.000000000000000000 ) ) ;
#1957 = CARTESIAN_POINT ( 'NONE',  ( 8.533084506142513300, 7.620000000000000100, 1.699169012285029600 ) ) ;
#1958 = CARTESIAN_POINT ( 'NONE',  ( -9.398000000000001500, 7.620000000000000100, 5.080000000000001800 ) ) ;
#1959 = ORIENTED_EDGE ( 'NONE', *, *, #2589, .F. ) ;
#1960 = DIRECTION ( 'NONE',  ( -0.0000000000000000000, 1.000000000000000000, -0.0000000000000000000 ) ) ;
#1961 = EDGE_CURVE ( 'NONE', #1309, #284, #1676, .T. ) ;
#1962 = DIRECTION ( 'NONE',  ( -1.000000000000000000, -0.0000000000000000000, -0.0000000000000000000 ) ) ;
#1963 = ADVANCED_FACE ( 'NONE', ( #2536 ), #3571, .T. ) ;
#1964 = CARTESIAN_POINT ( 'NONE',  ( -6.420772428101458700, 7.519999999999999600, -4.384654575203931900 ) ) ;
#1965 =( NAMED_UNIT ( * ) PLANE_ANGLE_UNIT ( ) SI_UNIT ( $, .RADIAN. ) );
#1966 = CARTESIAN_POINT ( 'NONE',  ( 0.9905999999999977000, -3.810000000000000100, 4.127500000000000400 ) ) ;
#1967 = ORIENTED_EDGE ( 'NONE', *, *, #3616, .F. ) ;
#1968 = DIRECTION ( 'NONE',  ( -0.0000000000000000000, -0.0000000000000000000, -1.000000000000000000 ) ) ;
#1969 = VERTEX_POINT ( 'NONE', #331 ) ;
#1970 = LINE ( 'NONE', #3331, #1519 ) ;
#1971 = AXIS2_PLACEMENT_3D ( 'NONE', #1341, #1911, #470 ) ;
#1972 = CARTESIAN_POINT ( 'NONE',  ( 7.999089757983783900, 0.0000000000000000000, -3.128951375504188900 ) ) ;
#1973 = ORIENTED_EDGE ( 'NONE', *, *, #2813, .F. ) ;
#1974 = FACE_OUTER_BOUND ( 'NONE', #2135, .T. ) ;
#1975 = DIRECTION ( 'NONE',  ( -1.000000000000000200, -1.517040355697921000E-016, 1.387778780781445700E-017 ) ) ;
#1976 = CARTESIAN_POINT ( 'NONE',  ( 7.999089757983783900, 7.620000000000000100, 3.244472939652104600 ) ) ;
#1977 = DIRECTION ( 'NONE',  ( -0.0000000000000000000, 1.000000000000000000, -0.0000000000000000000 ) ) ;
#1978 = AXIS2_PLACEMENT_3D ( 'NONE', #1453, #1485, #2586 ) ;
#1979 = CYLINDRICAL_SURFACE ( 'NONE', #1346, 4.807303469872889100 ) ;
#1980 = LINE ( 'NONE', #1922, #382 ) ;
#1981 = ORIENTED_EDGE ( 'NONE', *, *, #3610, .F. ) ;
#1982 = VERTEX_POINT ( 'NONE', #2718 ) ;
#1983 = ADVANCED_FACE ( 'NONE', ( #207 ), #1462, .F. ) ;
#1984 = ADVANCED_FACE ( 'NONE', ( #2617 ), #2132, .F. ) ;
#1985 = DIRECTION ( 'NONE',  ( -1.000000000000000000, 0.0000000000000000000, 0.0000000000000000000 ) ) ;
#1986 = LINE ( 'NONE', #2783, #3704 ) ;
#1987 = CARTESIAN_POINT ( 'NONE',  ( -6.420772428101458700, 7.519999999999999600, -2.983216451137062500 ) ) ;
#1988 = EDGE_LOOP ( 'NONE', ( #1266, #1218, #3396, #2594 ) ) ;
#1989 = FACE_OUTER_BOUND ( 'NONE', #959, .T. ) ;
#1990 = DIRECTION ( 'NONE',  ( 1.000000000000000000, 0.0000000000000000000, 0.0000000000000000000 ) ) ;
#1991 = ORIENTED_EDGE ( 'NONE', *, *, #2631, .F. ) ;
#1992 = CARTESIAN_POINT ( 'NONE',  ( -6.438900000000006500, -8.518025612106916000, 4.064000000000000900 ) ) ;
#1993 = FACE_OUTER_BOUND ( 'NONE', #2548, .T. ) ;
#1994 = DIRECTION ( 'NONE',  ( 0.0000000000000000000, 0.0000000000000000000, 1.000000000000000000 ) ) ;
#1995 = ORIENTED_EDGE ( 'NONE', *, *, #579, .F. ) ;
#1996 = EDGE_CURVE ( 'NONE', #693, #2828, #2038, .T. ) ;
#1997 = VECTOR ( 'NONE', #1819, 1000.000000000000000 ) ;
#1998 = CARTESIAN_POINT ( 'NONE',  ( 10.26291549385748400, 6.214907052422479900, 1.699169012285029800 ) ) ;
#1999 = AXIS2_PLACEMENT_3D ( 'NONE', #798, #2825, #1685 ) ;
#2000 = STYLED_ITEM ( 'NONE', ( #3126 ), #1417 ) ;
#2001 =( LENGTH_UNIT ( ) NAMED_UNIT ( * ) SI_UNIT ( .MILLI., .METRE. ) );
#2002 = ORIENTED_EDGE ( 'NONE', *, *, #1644, .F. ) ;
#2003 = ADVANCED_FACE ( 'NONE', ( #2307 ), #3398, .T. ) ;
#2004 = ADVANCED_FACE ( 'NONE', ( #943 ), #3023, .T. ) ;
#2005 = CARTESIAN_POINT ( 'NONE',  ( 7.691883176270496700, 1.271684229236255100, -2.134316654874628800 ) ) ;
#2006 = DIRECTION ( 'NONE',  ( -1.000000000000000000, 0.0000000000000000000, 0.0000000000000000000 ) ) ;
#2007 = DIRECTION ( 'NONE',  ( 0.0000000000000000000, 6.829619984160658000E-016, -1.000000000000000000 ) ) ;
#2008 = DIRECTION ( 'NONE',  ( 0.0000000000000000000, -1.000000000000000000, 0.0000000000000000000 ) ) ;
#2009 = DIRECTION ( 'NONE',  ( 0.0000000000000000000, 0.0000000000000000000, -1.000000000000000000 ) ) ;
#2010 = EDGE_CURVE ( 'NONE', #1306, #891, #2258, .T. ) ;
#2011 = ORIENTED_EDGE ( 'NONE', *, *, #1746, .F. ) ;
#2012 = LINE ( 'NONE', #1681, #3419 ) ;
#2013 = DIRECTION ( 'NONE',  ( -1.000000000000000000, -0.0000000000000000000, -0.0000000000000000000 ) ) ;
#2014 = EDGE_CURVE ( 'NONE', #2279, #447, #773, .T. ) ;
#2015 = DIRECTION ( 'NONE',  ( 1.000000000000000000, -0.0000000000000000000, -0.0000000000000000000 ) ) ;
#2016 = CLOSED_SHELL ( 'NONE', ( #2200, #3218, #1983, #327, #1658, #1623, #3131, #519, #57, #1963, #2680, #3727, #138, #1641, #1420, #2531, #1678, #2942, #3567, #1984, #1111, #1339, #1713, #2353, #3117, #366, #2798, #641, #1380, #197, #854, #1147, #460, #3388, #925, #3751, #1524, #2265, #821, #3711, #1133, #2581, #748, #3095, #2470, #2858, #3238, #2819, #956, #1398, #1917, #2069, #1056, #2266, #218, #2493, #551, #1779, #3360, #1230, #2367, #1365, #1714, #3153, #2758, #2558, #1903, #1100, #3633, #2277, #237, #801, #2174, #2509, #1112, #1211, #3057, #3274 ) ) ;
#2017 = ORIENTED_EDGE ( 'NONE', *, *, #3244, .F. ) ;
#2018 = CYLINDRICAL_SURFACE ( 'NONE', #2150, 0.3175000000000000600 ) ;
#2019 = CARTESIAN_POINT ( 'NONE',  ( 8.533084506142513300, 7.620000000000000100, -2.564084506142514800 ) ) ;
#2020 = EDGE_LOOP ( 'NONE', ( #1855, #3508, #2255, #1872, #619, #1181, #3077, #250, #990, #934, #2535, #1001, #609, #3621, #3113, #757, #3462, #3066, #304, #2111, #749, #2883, #2757, #1067 ) ) ;
#2021 = VECTOR ( 'NONE', #3042, 1000.000000000000000 ) ;
#2022 = CARTESIAN_POINT ( 'NONE',  ( 8.533084506142513300, 0.0000000000000000000, 1.699169012285029600 ) ) ;
#2023 = COLOUR_RGB ( '',0.7921568627450980000, 0.8196078431372548800, 0.9333333333333333500 ) ;
#2024 = ORIENTED_EDGE ( 'NONE', *, *, #3661, .T. ) ;
#2025 = CARTESIAN_POINT ( 'NONE',  ( 0.0000000000000000000, 0.0000000000000000000, 0.0000000000000000000 ) ) ;
#2026 = VERTEX_POINT ( 'NONE', #3623 ) ;
#2027 = VECTOR ( 'NONE', #3412, 1000.000000000000000 ) ;
#2028 = DIRECTION ( 'NONE',  ( -1.000000000000000000, 0.0000000000000000000, -1.043425351453292100E-015 ) ) ;
#2029 = EDGE_LOOP ( 'NONE', ( #1190, #1433, #2326, #2296, #2112 ) ) ;
#2030 = DIRECTION ( 'NONE',  ( 1.000000000000000000, 0.0000000000000000000, 1.043425351453292100E-015 ) ) ;
#2031 = ORIENTED_EDGE ( 'NONE', *, *, #512, .T. ) ;
#2032 = FACE_BOUND ( 'NONE', #3718, .T. ) ;
#2033 = CARTESIAN_POINT ( 'NONE',  ( -6.438900000000006500, 0.6350000000000000100, 4.064000000000000900 ) ) ;
#2034 = EDGE_LOOP ( 'NONE', ( #836, #961, #1844, #1092 ) ) ;
#2035 = CARTESIAN_POINT ( 'NONE',  ( 3.766653535933342000, 0.8415888217794369500, 4.547424918045866300 ) ) ;
#2036 = EDGE_CURVE ( 'NONE', #3093, #1856, #627, .T. ) ;
#2037 = VERTEX_POINT ( 'NONE', #1885 ) ;
#2038 =( BOUNDED_CURVE ( )  B_SPLINE_CURVE ( 3, ( #2464, #984, #2153, #123 ),
 .UNSPECIFIED., .F., .T. ) 
 B_SPLINE_CURVE_WITH_KNOTS ( ( 4, 4 ),
 ( 4.712388980384689700, 4.892413773678895500 ),
 .UNSPECIFIED. ) 
 CURVE ( )  GEOMETRIC_REPRESENTATION_ITEM ( )  RATIONAL_B_SPLINE_CURVE ( ( 1.000000000000000000, 0.9973010791618734900, 0.9973010791618734900, 1.000000000000000000 ) ) 
 REPRESENTATION_ITEM ( '' )  );
#2039 = EDGE_CURVE ( 'NONE', #812, #1150, #3209, .T. ) ;
#2040 = ORIENTED_EDGE ( 'NONE', *, *, #1796, .F. ) ;
#2041 = CIRCLE ( 'NONE', #1777, 0.8649154938574856700 ) ;
#2042 = VERTEX_POINT ( 'NONE', #2700 ) ;
#2043 = CARTESIAN_POINT ( 'NONE',  ( 8.533084506142513300, 7.620000000000000100, -1.699169012285029600 ) ) ;
#2044 = CARTESIAN_POINT ( 'NONE',  ( 6.240018920922350900, 1.300000000000000000, 4.346573837968336700 ) ) ;
#2045 = VECTOR ( 'NONE', #554, 1000.000000000000000 ) ;
#2046 = AXIS2_PLACEMENT_3D ( 'NONE', #3481, #865, #527 ) ;
#2047 =( NAMED_UNIT ( * ) PLANE_ANGLE_UNIT ( ) SI_UNIT ( $, .RADIAN. ) );
#2048 = CARTESIAN_POINT ( 'NONE',  ( 1.308099999999997800, 7.219999999999999800, -3.309999999999996500 ) ) ;
#2049 = AXIS2_PLACEMENT_3D ( 'NONE', #2693, #126, #993 ) ;
#2050 = CARTESIAN_POINT ( 'NONE',  ( 6.240018920922350900, 1.300000000000000000, 4.346573837968336700 ) ) ;
#2051 = ORIENTED_EDGE ( 'NONE', *, *, #2712, .F. ) ;
#2052 = FILL_AREA_STYLE_COLOUR ( '', #791 ) ;
#2053 = PLANE ( 'NONE',  #1538 ) ;
#2054 = CARTESIAN_POINT ( 'NONE',  ( 8.533084506142513300, 6.525092947577521200, -1.699169012285029600 ) ) ;
#2055 = ORIENTED_EDGE ( 'NONE', *, *, #3081, .T. ) ;
#2056 = EDGE_CURVE ( 'NONE', #520, #1444, #2983, .T. ) ;
#2057 = ORIENTED_EDGE ( 'NONE', *, *, #1936, .F. ) ;
#2058 = VECTOR ( 'NONE', #492, 1000.000000000000000 ) ;
#2059 = CARTESIAN_POINT ( 'NONE',  ( -6.438900000000001200, -3.810000000000000100, 3.556000000000000000 ) ) ;
#2060 = VERTEX_POINT ( 'NONE', #965 ) ;
#2061 = EDGE_CURVE ( 'NONE', #2702, #2388, #3764, .T. ) ;
#2062 = LINE ( 'NONE', #3380, #2331 ) ;
#2063 = CARTESIAN_POINT ( 'NONE',  ( -0.8980000000000009100, 7.620000000000000100, 5.079999999999998300 ) ) ;
#2064 = CIRCLE ( 'NONE', #1599, 0.3175000000000000600 ) ;
#2065 = DIRECTION ( 'NONE',  ( -0.0000000000000000000, 1.000000000000000000, -0.0000000000000000000 ) ) ;
#2066 = LINE ( 'NONE', #3609, #3482 ) ;
#2067 = AXIS2_PLACEMENT_3D ( 'NONE', #1934, #1055, #775 ) ;
#2068 = VERTEX_POINT ( 'NONE', #398 ) ;
#2069 = ADVANCED_FACE ( 'NONE', ( #1763 ), #1313, .T. ) ;
#2070 = EDGE_LOOP ( 'NONE', ( #204, #3281, #1013, #1587 ) ) ;
#2071 = CIRCLE ( 'NONE', #1449, 0.3175000000000000600 ) ;
#2072 = DIRECTION ( 'NONE',  ( 0.0000000000000000000, 1.000000000000000000, -0.0000000000000000000 ) ) ;
#2073 = VERTEX_POINT ( 'NONE', #3285 ) ;
#2074 = CARTESIAN_POINT ( 'NONE',  ( 0.9905999999999977000, 0.6350000000000000100, 3.492500000000000200 ) ) ;
#2075 = LINE ( 'NONE', #3181, #1312 ) ;
#2076 = CARTESIAN_POINT ( 'NONE',  ( 0.9905999999999977000, 6.902499999999999900, 3.309999999999999200 ) ) ;
#2077 = VERTEX_POINT ( 'NONE', #2630 ) ;
#2078 = DIRECTION ( 'NONE',  ( 0.0000000000000000000, 0.0000000000000000000, -1.000000000000000000 ) ) ;
#2079 = ORIENTED_EDGE ( 'NONE', *, *, #915, .T. ) ;
#2080 = EDGE_CURVE ( 'NONE', #2844, #2705, #3715, .T. ) ;
#2081 = FACE_OUTER_BOUND ( 'NONE', #2937, .T. ) ;
#2082 = PLANE ( 'NONE',  #3507 ) ;
#2083 = LINE ( 'NONE', #389, #1466 ) ;
#2084 =( BOUNDED_CURVE ( )  B_SPLINE_CURVE ( 3, ( #1095, #2218, #782, #1076 ),
 .UNSPECIFIED., .F., .F. ) 
 B_SPLINE_CURVE_WITH_KNOTS ( ( 4, 4 ),
 ( 4.359663834836584200, 4.803111515433140100 ),
 .UNSPECIFIED. ) 
 CURVE ( )  GEOMETRIC_REPRESENTATION_ITEM ( )  RATIONAL_B_SPLINE_CURVE ( ( 1.000000000000000000, 0.9836798709986172000, 0.9836798709986172000, 1.000000000000000000 ) ) 
 REPRESENTATION_ITEM ( '' )  );
#2085 = AXIS2_PLACEMENT_3D ( 'NONE', #464, #113, #444 ) ;
#2086 = CARTESIAN_POINT ( 'NONE',  ( 2.427055258741147400, 0.0000000000000000000, -3.128951375504188900 ) ) ;
#2087 = CARTESIAN_POINT ( 'NONE',  ( 7.999089757983783900, 0.8000000000000003800, 1.883696072632925000 ) ) ;
#2088 = PRESENTATION_LAYER_ASSIGNMENT (  '', '', ( #1586 ) ) ;
#2089 = CARTESIAN_POINT ( 'NONE',  ( -0.8980000000000009100, 7.620000000000000100, 5.079999999999998300 ) ) ;
#2090 = ORIENTED_EDGE ( 'NONE', *, *, #442, .F. ) ;
#2091 = DIRECTION ( 'NONE',  ( -1.195183497228113600E-014, 0.0000000000000000000, 1.000000000000000000 ) ) ;
#2092 = CARTESIAN_POINT ( 'NONE',  ( 0.9905999999999977000, -3.810000000000000100, 3.810000000000000100 ) ) ;
#2093 = EDGE_CURVE ( 'NONE', #696, #380, #1719, .T. ) ;
#2094 = VERTEX_POINT ( 'NONE', #2931 ) ;
#2095 = CARTESIAN_POINT ( 'NONE',  ( -8.748000000000002900, 7.620000000000000100, -0.9800000000000017600 ) ) ;
#2096 = B_SPLINE_CURVE_WITH_KNOTS ( 'NONE', 3,
 ( #2523, #3103, #3402, #1663, #3428, #1736, #1409, #3455 ),
 .UNSPECIFIED., .F., .F.,
 ( 4, 2, 2, 4 ),
 ( 0.0000000000000000000, 0.0004524393727702828000, 0.0006786590591554258600, 0.0009048787455405688600 ),
 .UNSPECIFIED. ) ;
#2097 = DIRECTION ( 'NONE',  ( -1.000000000000000000, -0.0000000000000000000, -0.0000000000000000000 ) ) ;
#2098 = DIRECTION ( 'NONE',  ( -0.0000000000000000000, -1.000000000000000000, -0.0000000000000000000 ) ) ;
#2099 = EDGE_LOOP ( 'NONE', ( #2557, #1568, #1385, #1600, #3512 ) ) ;
#2100 = VERTEX_POINT ( 'NONE', #3518 ) ;
#2101 = PRESENTATION_STYLE_ASSIGNMENT (( #729 ) ) ;
#2102 = DIRECTION ( 'NONE',  ( 1.000000000000000000, -0.0000000000000000000, 0.0000000000000000000 ) ) ;
#2103 = ORIENTED_EDGE ( 'NONE', *, *, #2039, .F. ) ;
#2104 = PLANE ( 'NONE',  #3128 ) ;
#2105 = VECTOR ( 'NONE', #110, 1000.000000000000000 ) ;
#2106 = EDGE_CURVE ( 'NONE', #56, #1452, #1096, .T. ) ;
#2107 = ORIENTED_EDGE ( 'NONE', *, *, #1086, .T. ) ;
#2108 = EDGE_LOOP ( 'NONE', ( #2530, #3194, #881, #1390 ) ) ;
#2109 = EDGE_CURVE ( 'NONE', #830, #2154, #309, .T. ) ;
#2110 = VECTOR ( 'NONE', #239, 1000.000000000000000 ) ;
#2111 = ORIENTED_EDGE ( 'NONE', *, *, #3763, .T. ) ;
#2112 = ORIENTED_EDGE ( 'NONE', *, *, #508, .F. ) ;
#2113 = LINE ( 'NONE', #3294, #852 ) ;
#2114 = DIRECTION ( 'NONE',  ( 1.626303258728256100E-015, 0.0000000000000000000, 1.000000000000000000 ) ) ;
#2115 = ORIENTED_EDGE ( 'NONE', *, *, #1045, .T. ) ;
#2116 = DIRECTION ( 'NONE',  ( 0.0000000000000000000, 0.0000000000000000000, 1.000000000000000000 ) ) ;
#2117 = CARTESIAN_POINT ( 'NONE',  ( 4.305373081227568100, 7.620000000000000100, 2.327228692555443500 ) ) ;
#2118 = LINE ( 'NONE', #1816, #2389 ) ;
#2119 = ORIENTED_EDGE ( 'NONE', *, *, #3152, .T. ) ;
#2120 = VERTEX_POINT ( 'NONE', #3770 ) ;
#2121 = ADVANCED_FACE ( 'NONE', ( #3299 ), #1769, .F. ) ;
#2122 = LINE ( 'NONE', #2929, #2708 ) ;
#2123 = DIRECTION ( 'NONE',  ( -0.0000000000000000000, -1.000000000000000000, 0.0000000000000000000 ) ) ;
#2124 = VECTOR ( 'NONE', #1760, 1000.000000000000000 ) ;
#2125 = CARTESIAN_POINT ( 'NONE',  ( -0.2980000000000009900, 7.620000000000000100, 4.279999999999999400 ) ) ;
#2126 = DIRECTION ( 'NONE',  ( 0.0000000000000000000, 1.000000000000000000, 0.0000000000000000000 ) ) ;
#2127 = EDGE_CURVE ( 'NONE', #2120, #2482, #2394, .T. ) ;
#2128 = CARTESIAN_POINT ( 'NONE',  ( 7.967498412224261800, 0.9749094984059627500, 1.909721318087875200 ) ) ;
#2129 = CARTESIAN_POINT ( 'NONE',  ( -6.438899999999923000, -8.518025612106916000, -4.064000000000000100 ) ) ;
#2130 = DIRECTION ( 'NONE',  ( 0.0000000000000000000, 0.0000000000000000000, 1.000000000000000000 ) ) ;
#2131 = EDGE_CURVE ( 'NONE', #2215, #3277, #3119, .T. ) ;
#2132 = PLANE ( 'NONE',  #499 ) ;
#2133 = DIRECTION ( 'NONE',  ( 1.355252715606880000E-016, 0.0000000000000000000, 1.000000000000000000 ) ) ;
#2134 = DIRECTION ( 'NONE',  ( 0.0000000000000000000, 0.0000000000000000000, 1.000000000000000000 ) ) ;
#2135 = EDGE_LOOP ( 'NONE', ( #2276, #2057, #2330, #2107 ) ) ;
#2136 = ORIENTED_EDGE ( 'NONE', *, *, #372, .F. ) ;
#2137 = LINE ( 'NONE', #1307, #3463 ) ;
#2138 = ORIENTED_EDGE ( 'NONE', *, *, #2321, .F. ) ;
#2139 = EDGE_CURVE ( 'NONE', #2986, #3207, #1372, .T. ) ;
#2140 = VECTOR ( 'NONE', #3458, 1000.000000000000000 ) ;
#2141 = CARTESIAN_POINT ( 'NONE',  ( 3.766653535933342000, 7.620000000000000100, 4.547424918045866300 ) ) ;
#2142 = FACE_OUTER_BOUND ( 'NONE', #1673, .T. ) ;
#2143 = DIRECTION ( 'NONE',  ( -0.0000000000000000000, -0.0000000000000000000, 1.000000000000000000 ) ) ;
#2144 = CIRCLE ( 'NONE', #1999, 0.5000000000000000000 ) ;
#2145 = CARTESIAN_POINT ( 'NONE',  ( -4.198000000000001300, 0.0000000000000000000, -7.112000000000000100 ) ) ;
#2146 = CARTESIAN_POINT ( 'NONE',  ( -4.198000000000000400, 0.0000000000000000000, -3.479999999999998200 ) ) ;
#2147 = FACE_OUTER_BOUND ( 'NONE', #3432, .T. ) ;
#2148 = FACE_OUTER_BOUND ( 'NONE', #1282, .T. ) ;
#2149 = ORIENTED_EDGE ( 'NONE', *, *, #1064, .F. ) ;
#2150 = AXIS2_PLACEMENT_3D ( 'NONE', #875, #2590, #2342 ) ;
#2151 = EDGE_LOOP ( 'NONE', ( #2259, #2165, #1171, #1489 ) ) ;
#2152 = CYLINDRICAL_SURFACE ( 'NONE', #1187, 1.951048624495812300 ) ;
#2153 = CARTESIAN_POINT ( 'NONE',  ( 4.050853386085111500, 0.8942621505762488000, -4.599147910536478500 ) ) ;
#2154 = VERTEX_POINT ( 'NONE', #2074 ) ;
#2155 = CARTESIAN_POINT ( 'NONE',  ( 4.627420288445576600, 7.620000000000000100, 0.1821889403173563300 ) ) ;
#2156 = ORIENTED_EDGE ( 'NONE', *, *, #2080, .T. ) ;
#2157 = AXIS2_PLACEMENT_3D ( 'NONE', #2092, #2384, #648 ) ;
#2158 = FACE_OUTER_BOUND ( 'NONE', #3329, .T. ) ;
#2159 = CARTESIAN_POINT ( 'NONE',  ( -1.998000000000001100, 7.620000000000000100, 3.049999999999998900 ) ) ;
#2160 = CARTESIAN_POINT ( 'NONE',  ( 4.135958394120748900, 7.313566797828505300, -3.273030884697922400 ) ) ;
#2161 = EDGE_LOOP ( 'NONE', ( #3394, #1465, #3593, #2621 ) ) ;
#2162 = DIRECTION ( 'NONE',  ( 0.0000000000000000000, 1.000000000000000000, 6.829619984160658000E-016 ) ) ;
#2163 = CARTESIAN_POINT ( 'NONE',  ( 1.490599999999996800, 6.120000000000000100, -3.810000000000000100 ) ) ;
#2164 = CARTESIAN_POINT ( 'NONE',  ( 2.427055258741147400, 0.0000000000000000000, -3.128951375504188900 ) ) ;
#2165 = ORIENTED_EDGE ( 'NONE', *, *, #955, .F. ) ;
#2166 = DIRECTION ( 'NONE',  ( 0.0000000000000000000, 0.0000000000000000000, 1.000000000000000000 ) ) ;
#2167 = CARTESIAN_POINT ( 'NONE',  ( 7.499089757983783900, 1.300000000000000000, -3.673155546129227600 ) ) ;
#2168 = DIRECTION ( 'NONE',  ( 0.0000000000000000000, 0.0000000000000000000, 1.000000000000000000 ) ) ;
#2169 = DIRECTION ( 'NONE',  ( 0.0000000000000000000, -0.0000000000000000000, -1.000000000000000000 ) ) ;
#2170 = PLANE ( 'NONE',  #920 ) ;
#2171 = EDGE_CURVE ( 'NONE', #615, #2341, #991, .T. ) ;
#2172 = DIRECTION ( 'NONE',  ( -1.000000000000000000, 0.0000000000000000000, 1.707404996040165000E-015 ) ) ;
#2173 = DIRECTION ( 'NONE',  ( -1.000000000000000000, 0.0000000000000000000, 6.672013369141570100E-016 ) ) ;
#2174 = ADVANCED_FACE ( 'NONE', ( #3575 ), #2948, .T. ) ;
#2175 = PRODUCT_DEFINITION ( 'UNKNOWN', '', #2962, #1609 ) ;
#2176 = DIRECTION ( 'NONE',  ( 1.000000000000000000, -0.0000000000000000000, -0.0000000000000000000 ) ) ;
#2177 = DIRECTION ( 'NONE',  ( 0.0000000000000000000, 0.0000000000000000000, 1.000000000000000000 ) ) ;
#2178 = PLANE ( 'NONE',  #181 ) ;
#2179 = DIRECTION ( 'NONE',  ( 0.0000000000000000000, -1.000000000000000000, 0.0000000000000000000 ) ) ;
#2180 = VERTEX_POINT ( 'NONE', #3227 ) ;
#2181 = FACE_OUTER_BOUND ( 'NONE', #3140, .T. ) ;
#2182 = PLANE ( 'NONE',  #3055 ) ;
#2183 =( BOUNDED_CURVE ( )  B_SPLINE_CURVE ( 3, ( #2231, #179, #2809, #1643 ),
 .UNSPECIFIED., .F., .T. ) 
 B_SPLINE_CURVE_WITH_KNOTS ( ( 4, 4 ),
 ( 3.955580998277589400, 4.596837732845735000 ),
 .UNSPECIFIED. ) 
 CURVE ( )  GEOMETRIC_REPRESENTATION_ITEM ( )  RATIONAL_B_SPLINE_CURVE ( ( 1.000000000000000000, 0.9660250449063069200, 0.9660250449063069200, 1.000000000000000000 ) ) 
 REPRESENTATION_ITEM ( '' )  );
#2184 = ORIENTED_EDGE ( 'NONE', *, *, #599, .T. ) ;
#2185 = PLANE ( 'NONE',  #3641 ) ;
#2186 = ORIENTED_EDGE ( 'NONE', *, *, #942, .F. ) ;
#2187 = VECTOR ( 'NONE', #556, 1000.000000000000000 ) ;
#2188 = CARTESIAN_POINT ( 'NONE',  ( 0.9905999999999977000, 7.219999999999999800, -3.309999999999996500 ) ) ;
#2189 = VERTEX_POINT ( 'NONE', #808 ) ;
#2190 = LINE ( 'NONE', #2781, #3514 ) ;
#2191 = DIRECTION ( 'NONE',  ( -1.000000000000000000, -0.0000000000000000000, 0.0000000000000000000 ) ) ;
#2192 = EDGE_CURVE ( 'NONE', #1255, #1405, #620, .T. ) ;
#2193 = ORIENTED_EDGE ( 'NONE', *, *, #1082, .F. ) ;
#2194 = CARTESIAN_POINT ( 'NONE',  ( -0.2980000000000011500, 7.620000000000000100, 3.049999999999998900 ) ) ;
#2195 = ORIENTED_EDGE ( 'NONE', *, *, #3513, .F. ) ;
#2196 = LINE ( 'NONE', #523, #799 ) ;
#2197 = EDGE_CURVE ( 'NONE', #2291, #3367, #335, .T. ) ;
#2198 = DIRECTION ( 'NONE',  ( 1.000000000000000000, 0.0000000000000000000, 1.195183497228115700E-014 ) ) ;
#2199 = ORIENTED_EDGE ( 'NONE', *, *, #3068, .T. ) ;
#2200 = ADVANCED_FACE ( 'NONE', ( #3171 ), #901, .F. ) ;
#2201 = CARTESIAN_POINT ( 'NONE',  ( 7.999089757983785600, 0.8769042649836015200, -3.244472939652109000 ) ) ;
#2202 = CARTESIAN_POINT ( 'NONE',  ( 0.9905999999999977000, 6.719999999999997100, -3.492500000000000200 ) ) ;
#2203 = FACE_OUTER_BOUND ( 'NONE', #2591, .T. ) ;
#2204 = ORIENTED_EDGE ( 'NONE', *, *, #1045, .F. ) ;
#2205 = DIRECTION ( 'NONE',  ( -1.138269997360109700E-016, 0.0000000000000000000, -1.000000000000000000 ) ) ;
#2206 = VERTEX_POINT ( 'NONE', #715 ) ;
#2207 = AXIS2_PLACEMENT_3D ( 'NONE', #1207, #2372, #1224 ) ;
#2208 = SURFACE_STYLE_FILL_AREA ( #880 ) ;
#2209 = ORIENTED_EDGE ( 'NONE', *, *, #2767, .F. ) ;
#2210 = CARTESIAN_POINT ( 'NONE',  ( 7.999089757983783900, 7.620000000000000100, -3.244472939652108100 ) ) ;
#2211 = ORIENTED_EDGE ( 'NONE', *, *, #3236, .T. ) ;
#2212 = DIRECTION ( 'NONE',  ( 0.0000000000000000000, -6.938893903907233900E-015, -1.000000000000000000 ) ) ;
#2213 = VECTOR ( 'NONE', #2387, 1000.000000000000000 ) ;
#2214 = CARTESIAN_POINT ( 'NONE',  ( 0.9905999999999977000, -8.518025612106916000, -3.810000000000000100 ) ) ;
#2215 = VERTEX_POINT ( 'NONE', #404 ) ;
#2216 = VERTEX_POINT ( 'NONE', #958 ) ;
#2217 = DIRECTION ( 'NONE',  ( 0.0000000000000000000, 0.0000000000000000000, 1.000000000000000000 ) ) ;
#2218 = CARTESIAN_POINT ( 'NONE',  ( 5.456742007818959000, 1.154828205008502100, 3.216589438749371400 ) ) ;
#2219 = EDGE_LOOP ( 'NONE', ( #386, #314, #1955, #2408 ) ) ;
#2220 = DIRECTION ( 'NONE',  ( -0.0000000000000000000, -1.000000000000000000, -0.0000000000000000000 ) ) ;
#2221 = EDGE_CURVE ( 'NONE', #718, #3059, #811, .T. ) ;
#2222 = DIRECTION ( 'NONE',  ( 0.0000000000000000000, 1.000000000000000000, 0.0000000000000000000 ) ) ;
#2223 = EDGE_CURVE ( 'NONE', #3550, #1918, #3674, .T. ) ;
#2224 = ADVANCED_FACE ( 'NONE', ( #588 ), #3577, .F. ) ;
#2225 = DIRECTION ( 'NONE',  ( 0.0000000000000000000, -1.000000000000000000, 0.0000000000000000000 ) ) ;
#2226 = DIRECTION ( 'NONE',  ( 0.0000000000000000000, 0.0000000000000000000, -1.000000000000000000 ) ) ;
#2227 = CARTESIAN_POINT ( 'NONE',  ( 2.651999999999997900, 0.0000000000000000000, -3.479999999999998600 ) ) ;
#2228 = CARTESIAN_POINT ( 'NONE',  ( -0.01200000000000159300, 4.191000000000000700, 1.699169012285029600 ) ) ;
#2229 = CARTESIAN_POINT ( 'NONE',  ( -9.398000000000001500, 0.0000000000000000000, -5.079999999999998300 ) ) ;
#2230 = AXIS2_PLACEMENT_3D ( 'NONE', #3413, #1679, #2497 ) ;
#2231 = CARTESIAN_POINT ( 'NONE',  ( 3.766653535933330900, 0.8415888217794342800, -4.547424918045866300 ) ) ;
#2232 = CARTESIAN_POINT ( 'NONE',  ( -0.8980000000000022400, 7.620000000000000100, -5.880000000000002600 ) ) ;
#2233 = VERTEX_POINT ( 'NONE', #2996 ) ;
#2234 = ORIENTED_EDGE ( 'NONE', *, *, #3345, .F. ) ;
#2235 = CIRCLE ( 'NONE', #1029, 0.3175000000000000600 ) ;
#2236 = CARTESIAN_POINT ( 'NONE',  ( 3.766653535933330900, 7.379788965679303200, -4.547424918045866300 ) ) ;
#2237 =( NAMED_UNIT ( * ) SI_UNIT ( $, .STERADIAN. ) SOLID_ANGLE_UNIT ( ) );
#2238 = ORIENTED_EDGE ( 'NONE', *, *, #672, .T. ) ;
#2239 = LINE ( 'NONE', #1964, #1482 ) ;
#2240 = COLOUR_RGB ( '',0.7921568627450980000, 0.8196078431372548800, 0.9333333333333333500 ) ;
#2241 = ADVANCED_FACE ( 'NONE', ( #71 ), #2350, .T. ) ;
#2242 = CARTESIAN_POINT ( 'NONE',  ( -6.420772428101458700, 7.519999999999999600, -2.983216451137062500 ) ) ;
#2243 = FACE_OUTER_BOUND ( 'NONE', #2108, .T. ) ;
#2244 = DIRECTION ( 'NONE',  ( 0.0000000000000000000, 0.0000000000000000000, 1.000000000000000000 ) ) ;
#2245 = FACE_OUTER_BOUND ( 'NONE', #744, .T. ) ;
#2246 = ORIENTED_EDGE ( 'NONE', *, *, #2463, .F. ) ;
#2247 = VERTEX_POINT ( 'NONE', #1593 ) ;
#2248 = EDGE_CURVE ( 'NONE', #1165, #3657, #1182, .T. ) ;
#2249 = FACE_OUTER_BOUND ( 'NONE', #3668, .T. ) ;
#2250 = CARTESIAN_POINT ( 'NONE',  ( 7.999089757983783900, 0.8608574483807891500, 1.883696072632925000 ) ) ;
#2251 = PLANE ( 'NONE',  #3544 ) ;
#2252 = VERTEX_POINT ( 'NONE', #1287 ) ;
#2253 = EDGE_CURVE ( 'NONE', #1781, #2973, #1671, .T. ) ;
#2254 = FACE_OUTER_BOUND ( 'NONE', #2522, .T. ) ;
#2255 = ORIENTED_EDGE ( 'NONE', *, *, #2450, .T. ) ;
#2256 = EDGE_CURVE ( 'NONE', #3059, #1740, #1500, .T. ) ;
#2257 = VERTEX_POINT ( 'NONE', #2447 ) ;
#2258 = LINE ( 'NONE', #2440, #1410 ) ;
#2259 = ORIENTED_EDGE ( 'NONE', *, *, #2889, .T. ) ;
#2260 = MECHANICAL_DESIGN_GEOMETRIC_PRESENTATION_REPRESENTATION (  '', ( #1559 ), #1424 ) ;
#2261 = ORIENTED_EDGE ( 'NONE', *, *, #1286, .F. ) ;
#2262 = AXIS2_PLACEMENT_3D ( 'NONE', #3348, #3088, #1871 ) ;
#2263 = FACE_OUTER_BOUND ( 'NONE', #2677, .T. ) ;
#2264 = DIRECTION ( 'NONE',  ( 1.387778780781445700E-017, 8.822377483304486700E-017, 1.000000000000000200 ) ) ;
#2265 = ADVANCED_FACE ( 'NONE', ( #2158 ), #1564, .F. ) ;
#2266 = ADVANCED_FACE ( 'NONE', ( #1546 ), #3588, .F. ) ;
#2267 = CARTESIAN_POINT ( 'NONE',  ( -6.438899999999975400, -8.518025612106916000, 1.016000000000000000 ) ) ;
#2268 = CARTESIAN_POINT ( 'NONE',  ( 2.427055258741147400, 7.620000000000000100, -5.080000000000001800 ) ) ;
#2269 = VERTEX_POINT ( 'NONE', #2399 ) ;
#2270 = ORIENTED_EDGE ( 'NONE', *, *, #3048, .T. ) ;
#2271 = DIRECTION ( 'NONE',  ( -1.195183497228113500E-014, 0.0000000000000000000, 1.000000000000000000 ) ) ;
#2272 = EDGE_CURVE ( 'NONE', #531, #3613, #500, .T. ) ;
#2273 = DIRECTION ( 'NONE',  ( -0.0000000000000000000, -1.000000000000000000, -0.0000000000000000000 ) ) ;
#2274 = DIRECTION ( 'NONE',  ( 0.0000000000000000000, 0.0000000000000000000, -1.000000000000000000 ) ) ;
#2275 = DIRECTION ( 'NONE',  ( -1.000000000000000000, -0.0000000000000000000, -0.0000000000000000000 ) ) ;
#2276 = ORIENTED_EDGE ( 'NONE', *, *, #1464, .F. ) ;
#2277 = ADVANCED_FACE ( 'NONE', ( #2899 ), #1270, .F. ) ;
#2278 = DIRECTION ( 'NONE',  ( 0.0000000000000000000, 0.0000000000000000000, -1.000000000000000000 ) ) ;
#2279 = VERTEX_POINT ( 'NONE', #1567 ) ;
#2280 = VECTOR ( 'NONE', #1879, 1000.000000000000000 ) ;
#2281 = AXIS2_PLACEMENT_3D ( 'NONE', #3020, #2456, #3043 ) ;
#2282 = AXIS2_PLACEMENT_3D ( 'NONE', #2159, #2445, #713 ) ;
#2283 = VERTEX_POINT ( 'NONE', #267 ) ;
#2284 = EDGE_LOOP ( 'NONE', ( #1401, #3045, #2489, #2486 ) ) ;
#2285 = APPLICATION_PROTOCOL_DEFINITION ( 'draft international standard', 'automotive_design', 1998, #1426 ) ;
#2286 = DIRECTION ( 'NONE',  ( -1.000000000000000000, 0.0000000000000000000, -2.276539994720218000E-015 ) ) ;
#2287 = VECTOR ( 'NONE', #1956, 1000.000000000000000 ) ;
#2288 = DIRECTION ( 'NONE',  ( -1.000000000000000000, 0.0000000000000000000, -0.0000000000000000000 ) ) ;
#2289 = CARTESIAN_POINT ( 'NONE',  ( 4.599261377195516000, 0.9959035638814686100, 4.698955501535716700 ) ) ;
#2290 = LINE ( 'NONE', #1098, #2645 ) ;
#2291 = VERTEX_POINT ( 'NONE', #970 ) ;
#2292 = VECTOR ( 'NONE', #2097, 1000.000000000000000 ) ;
#2293 = FILL_AREA_STYLE ('',( #2052 ) ) ;
#2294 = FILL_AREA_STYLE_COLOUR ( '', #2478 ) ;
#2295 = CARTESIAN_POINT ( 'NONE',  ( 3.766653535933342000, 7.379788965679301400, 4.547424918045866300 ) ) ;
#2296 = ORIENTED_EDGE ( 'NONE', *, *, #3557, .F. ) ;
#2297 = LINE ( 'NONE', #166, #1803 ) ;
#2298 = CARTESIAN_POINT ( 'NONE',  ( -8.748000000000002900, 0.6350000000000001200, 0.9800000000000017600 ) ) ;
#2299 = ORIENTED_EDGE ( 'NONE', *, *, #220, .F. ) ;
#2300 = DIRECTION ( 'NONE',  ( 1.000000000000000000, 0.0000000000000000000, -0.0000000000000000000 ) ) ;
#2301 = LINE ( 'NONE', #308, #2894 ) ;
#2302 = CARTESIAN_POINT ( 'NONE',  ( -0.01200000000000159300, 4.191000000000000700, 0.0000000000000000000 ) ) ;
#2303 = PLANE ( 'NONE',  #135 ) ;
#2304 = VERTEX_POINT ( 'NONE', #3173 ) ;
#2305 = VERTEX_POINT ( 'NONE', #598 ) ;
#2306 = EDGE_CURVE ( 'NONE', #3158, #917, #2122, .T. ) ;
#2307 = FACE_OUTER_BOUND ( 'NONE', #3706, .T. ) ;
#2308 = EDGE_CURVE ( 'NONE', #2073, #2037, #2041, .T. ) ;
#2309 = SURFACE_STYLE_USAGE ( .BOTH. , #3728 ) ;
#2310 = CARTESIAN_POINT ( 'NONE',  ( -0.2980000000000009900, 0.6350000000000001200, 4.279999999999999400 ) ) ;
#2311 = FACE_OUTER_BOUND ( 'NONE', #2639, .T. ) ;
#2312 =( BOUNDED_CURVE ( )  B_SPLINE_CURVE ( 3, ( #255, #2289, #1173, #2044 ),
 .UNSPECIFIED., .F., .F. ) 
 B_SPLINE_CURVE_WITH_KNOTS ( ( 4, 4 ),
 ( 1.390771533500693200, 1.912876695080911100 ),
 .UNSPECIFIED. ) 
 CURVE ( )  GEOMETRIC_REPRESENTATION_ITEM ( )  RATIONAL_B_SPLINE_CURVE ( ( 1.000000000000000000, 0.9774125631931008800, 0.9774125631931008800, 1.000000000000000000 ) ) 
 REPRESENTATION_ITEM ( '' )  );
#2313 = ORIENTED_EDGE ( 'NONE', *, *, #2520, .F. ) ;
#2314 = CARTESIAN_POINT ( 'NONE',  ( 8.533084506142513300, 0.0000000000000000000, -2.564084506142514800 ) ) ;
#2315 = DIRECTION ( 'NONE',  ( 1.000000000000000000, 0.0000000000000000000, 0.0000000000000000000 ) ) ;
#2316 = CARTESIAN_POINT ( 'NONE',  ( 7.499089757983783900, 1.300000000000000000, 3.244472939652104600 ) ) ;
#2317 = DIRECTION ( 'NONE',  ( 1.043425351453292100E-015, 0.0000000000000000000, -1.000000000000000000 ) ) ;
#2318 = CARTESIAN_POINT ( 'NONE',  ( -4.198000000000001300, 0.0000000000000000000, 5.079999999999997400 ) ) ;
#2319 = ORIENTED_EDGE ( 'NONE', *, *, #1996, .F. ) ;
#2320 = CARTESIAN_POINT ( 'NONE',  ( 0.9905999999999977000, -3.810000000000000100, 3.810000000000000100 ) ) ;
#2321 = EDGE_CURVE ( 'NONE', #2392, #2815, #24, .T. ) ;
#2322 = DIRECTION ( 'NONE',  ( -0.0000000000000000000, -1.000000000000000000, -0.0000000000000000000 ) ) ;
#2323 = EDGE_CURVE ( 'NONE', #979, #2037, #1214, .T. ) ;
#2324 = SURFACE_SIDE_STYLE ('',( #1247 ) ) ;
#2325 = CARTESIAN_POINT ( 'NONE',  ( -9.398000000000001500, 0.6350000000000000100, -7.112000000000000100 ) ) ;
#2326 = ORIENTED_EDGE ( 'NONE', *, *, #3264, .F. ) ;
#2327 = ORIENTED_EDGE ( 'NONE', *, *, #1228, .F. ) ;
#2328 = CARTESIAN_POINT ( 'NONE',  ( 4.135958394120751600, 0.9100354314844646400, -3.273030884697923200 ) ) ;
#2329 = CARTESIAN_POINT ( 'NONE',  ( -6.438899999999949700, -3.810000000000000100, -1.524000000000000200 ) ) ;
#2330 = ORIENTED_EDGE ( 'NONE', *, *, #2248, .T. ) ;
#2331 = VECTOR ( 'NONE', #2516, 1000.000000000000000 ) ;
#2332 = PRESENTATION_STYLE_ASSIGNMENT (( #3188 ) ) ;
#2333 = DIRECTION ( 'NONE',  ( 0.0000000000000000000, -1.000000000000000000, 0.0000000000000000000 ) ) ;
#2334 = VECTOR ( 'NONE', #2130, 1000.000000000000000 ) ;
#2335 = VECTOR ( 'NONE', #2854, 1000.000000000000000 ) ;
#2336 = ORIENTED_EDGE ( 'NONE', *, *, #3477, .F. ) ;
#2337 = DIRECTION ( 'NONE',  ( 0.0000000000000000000, 0.0000000000000000000, 1.000000000000000000 ) ) ;
#2338 = ORIENTED_EDGE ( 'NONE', *, *, #1766, .F. ) ;
#2339 = ADVANCED_BREP_SHAPE_REPRESENTATION ( '', ( #2867, #3506, #3431, #1008, #1756, #851, #2358, #1417, #1868 ), #3622 ) ;
#2340 = VECTOR ( 'NONE', #3555, 1000.000000000000000 ) ;
#2341 = VERTEX_POINT ( 'NONE', #1193 ) ;
#2342 = DIRECTION ( 'NONE',  ( 0.0000000000000000000, 0.0000000000000000000, 1.000000000000000000 ) ) ;
#2343 = ORIENTED_EDGE ( 'NONE', *, *, #2061, .F. ) ;
#2344 = DIRECTION ( 'NONE',  ( -0.0000000000000000000, 1.000000000000000000, -0.0000000000000000000 ) ) ;
#2345 = EDGE_CURVE ( 'NONE', #766, #2545, #668, .T. ) ;
#2346 = CYLINDRICAL_SURFACE ( 'NONE', #2230, 0.5000000000000004400 ) ;
#2347 = ORIENTED_EDGE ( 'NONE', *, *, #2910, .F. ) ;
#2348 = ORIENTED_EDGE ( 'NONE', *, *, #3027, .F. ) ;
#2349 =( NAMED_UNIT ( * ) PLANE_ANGLE_UNIT ( ) SI_UNIT ( $, .RADIAN. ) );
#2350 = TOROIDAL_SURFACE ( 'NONE', #3489, 0.4999999999999471000, 0.3175000000000001200 ) ;
#2351 = DIRECTION ( 'NONE',  ( 0.0000000000000000000, 1.000000000000000000, 0.0000000000000000000 ) ) ;
#2352 = ORIENTED_EDGE ( 'NONE', *, *, #2585, .F. ) ;
#2353 = ADVANCED_FACE ( 'NONE', ( #2755 ), #1776, .F. ) ;
#2354 = LINE ( 'NONE', #3460, #1589 ) ;
#2355 = EDGE_LOOP ( 'NONE', ( #714, #1744, #3531, #3702 ) ) ;
#2356 = AXIS2_PLACEMENT_3D ( 'NONE', #1824, #2672, #387 ) ;
#2357 = AXIS2_PLACEMENT_3D ( 'NONE', #709, #3607, #986 ) ;
#2358 = MANIFOLD_SOLID_BREP ( 'Boss-Extrude2[5]', #1016 ) ;
#2359 = DIRECTION ( 'NONE',  ( 1.000000000000000000, -0.0000000000000000000, -0.0000000000000000000 ) ) ;
#2360 = CARTESIAN_POINT ( 'NONE',  ( 0.9905999999999977000, 6.720000000000000600, 3.310000000000000100 ) ) ;
#2361 = ORIENTED_EDGE ( 'NONE', *, *, #458, .F. ) ;
#2362 = DIRECTION ( 'NONE',  ( 0.0000000000000000000, 1.000000000000000000, -0.0000000000000000000 ) ) ;
#2363 = AXIS2_PLACEMENT_3D ( 'NONE', #3488, #2333, #1499 ) ;
#2364 = CARTESIAN_POINT ( 'NONE',  ( -9.398000000000001500, 0.6350000000000000100, 5.079999999999997400 ) ) ;
#2365 = DIRECTION ( 'NONE',  ( 0.0000000000000000000, -1.000000000000000000, 0.0000000000000000000 ) ) ;
#2366 = CARTESIAN_POINT ( 'NONE',  ( 2.427055258741147400, -3.810000000000000100, -3.128951375504188900 ) ) ;
#2367 = ADVANCED_FACE ( 'NONE', ( #3530 ), #894, .F. ) ;
#2368 = VERTEX_POINT ( 'NONE', #3215 ) ;
#2369 = CARTESIAN_POINT ( 'NONE',  ( 8.533084506142513300, 6.525092947577521200, 1.699169012285029600 ) ) ;
#2370 = ORIENTED_EDGE ( 'NONE', *, *, #667, .F. ) ;
#2371 = LINE ( 'NONE', #3631, #1191 ) ;
#2372 = DIRECTION ( 'NONE',  ( -1.000000000000000000, -0.0000000000000000000, 0.0000000000000000000 ) ) ;
#2373 = ORIENTED_EDGE ( 'NONE', *, *, #983, .T. ) ;
#2374 = EDGE_CURVE ( 'NONE', #670, #2828, #3570, .T. ) ;
#2375 = ORIENTED_EDGE ( 'NONE', *, *, #3268, .F. ) ;
#2377 = AXIS2_PLACEMENT_3D ( 'NONE', #675, #3319, #3614 ) ;
#2376 = SHAPE_DEFINITION_REPRESENTATION ( #77, #1874 ) ;
#2378 = LINE ( 'NONE', #2229, #2468 ) ;
#2379 = CARTESIAN_POINT ( 'NONE',  ( -8.748000000000002900, 7.620000000000000100, -3.580000000000001400 ) ) ;
#2380 = FACE_OUTER_BOUND ( 'NONE', #2791, .T. ) ;
#2381 = ORIENTED_EDGE ( 'NONE', *, *, #170, .T. ) ;
#2382 = ORIENTED_EDGE ( 'NONE', *, *, #1814, .F. ) ;
#2383 = VECTOR ( 'NONE', #2098, 1000.000000000000000 ) ;
#2384 = DIRECTION ( 'NONE',  ( -0.0000000000000000000, -1.000000000000000000, 0.0000000000000000000 ) ) ;
#2385 = ORIENTED_EDGE ( 'NONE', *, *, #3100, .T. ) ;
#2386 = VERTEX_POINT ( 'NONE', #2298 ) ;
#2387 = DIRECTION ( 'NONE',  ( 0.0000000000000000000, 1.000000000000000000, -0.0000000000000000000 ) ) ;
#2388 = VERTEX_POINT ( 'NONE', #2048 ) ;
#2389 = VECTOR ( 'NONE', #1807, 1000.000000000000000 ) ;
#2390 = DIRECTION ( 'NONE',  ( 0.0000000000000000000, 0.0000000000000000000, 1.000000000000000000 ) ) ;
#2391 = VERTEX_POINT ( 'NONE', #2897 ) ;
#2392 = VERTEX_POINT ( 'NONE', #564 ) ;
#2393 = EDGE_CURVE ( 'NONE', #364, #3333, #2301, .T. ) ;
#2394 = LINE ( 'NONE', #567, #1367 ) ;
#2395 = CARTESIAN_POINT ( 'NONE',  ( -8.748000000000002900, 7.620000000000000100, -3.580000000000001400 ) ) ;
#2396 = CARTESIAN_POINT ( 'NONE',  ( 0.9905999999999977000, 6.120000000000000100, -3.810000000000000100 ) ) ;
#2397 = EDGE_CURVE ( 'NONE', #1680, #480, #3205, .T. ) ;
#2398 = FACE_OUTER_BOUND ( 'NONE', #2029, .T. ) ;
#2399 = CARTESIAN_POINT ( 'NONE',  ( -0.2980000000000009900, 0.6350000000000001200, 4.279999999999999400 ) ) ;
#2400 = AXIS2_PLACEMENT_3D ( 'NONE', #1596, #3036, #449 ) ;
#2401 = CARTESIAN_POINT ( 'NONE',  ( -8.748000000000002900, 7.620000000000000100, -0.9800000000000017600 ) ) ;
#2402 = AXIS2_PLACEMENT_3D ( 'NONE', #506, #1960, #1382 ) ;
#2403 = DIRECTION ( 'NONE',  ( 0.0000000000000000000, 0.0000000000000000000, -1.000000000000000000 ) ) ;
#2404 = ADVANCED_FACE ( 'NONE', ( #1993 ), #2909, .T. ) ;
#2405 = CARTESIAN_POINT ( 'NONE',  ( -6.438899999999974500, -8.518025612106916000, 1.523999999999999800 ) ) ;
#2406 = DIRECTION ( 'NONE',  ( -1.138269997360109700E-016, -0.0000000000000000000, -1.000000000000000000 ) ) ;
#2407 = CARTESIAN_POINT ( 'NONE',  ( -6.819900000000001400, 0.6350000000000000100, 3.556000000000000000 ) ) ;
#2408 = ORIENTED_EDGE ( 'NONE', *, *, #2910, .T. ) ;
#2409 = EDGE_CURVE ( 'NONE', #1361, #3093, #1091, .T. ) ;
#2410 = CARTESIAN_POINT ( 'NONE',  ( -9.398000000000001500, 0.6350000000000001200, -0.9800000000000017600 ) ) ;
#2411 = DIRECTION ( 'NONE',  ( 0.0000000000000000000, 0.0000000000000000000, -1.000000000000000000 ) ) ;
#2412 = DIRECTION ( 'NONE',  ( -0.0000000000000000000, -1.000000000000000000, -0.0000000000000000000 ) ) ;
#2413 = EDGE_CURVE ( 'NONE', #1709, #1481, #1808, .T. ) ;
#2414 = ORIENTED_EDGE ( 'NONE', *, *, #776, .F. ) ;
#2415 = ORIENTED_EDGE ( 'NONE', *, *, #3487, .F. ) ;
#2416 = FACE_OUTER_BOUND ( 'NONE', #1639, .T. ) ;
#2417 = DIRECTION ( 'NONE',  ( 0.0000000000000000000, -1.000000000000000000, -0.0000000000000000000 ) ) ;
#2418 = EDGE_LOOP ( 'NONE', ( #2234, #3447, #593, #1011 ) ) ;
#2419 = PLANE ( 'NONE',  #1146 ) ;
#2420 = CARTESIAN_POINT ( 'NONE',  ( -9.398000000000001500, 0.6350000000000000100, -3.580000000000001400 ) ) ;
#2421 = FACE_OUTER_BOUND ( 'NONE', #2477, .T. ) ;
#2422 = VECTOR ( 'NONE', #2006, 1000.000000000000000 ) ;
#2423 = AXIS2_PLACEMENT_3D ( 'NONE', #431, #977, #1615 ) ;
#2424 = CARTESIAN_POINT ( 'NONE',  ( -0.2980000000000009900, 7.620000000000000100, 4.279999999999999400 ) ) ;
#2425 = FACE_OUTER_BOUND ( 'NONE', #1584, .T. ) ;
#2426 = AXIS2_PLACEMENT_3D ( 'NONE', #967, #3005, #2166 ) ;
#2427 = ORIENTED_EDGE ( 'NONE', *, *, #1440, .F. ) ;
#2428 = CARTESIAN_POINT ( 'NONE',  ( -0.2980000000000022600, 0.6350000000000000100, -7.112000000000000100 ) ) ;
#2429 = ORIENTED_EDGE ( 'NONE', *, *, #1342, .F. ) ;
#2430 = VECTOR ( 'NONE', #1775, 1000.000000000000000 ) ;
#2431 = CARTESIAN_POINT ( 'NONE',  ( 7.596902167935588100, 1.300000000000000000, 2.205201333639466000 ) ) ;
#2432 = ORIENTED_EDGE ( 'NONE', *, *, #1253, .T. ) ;
#2433 = CARTESIAN_POINT ( 'NONE',  ( 0.6730999999999977000, 7.219999999999999800, 3.309999999999996900 ) ) ;
#2434 = LINE ( 'NONE', #1463, #1892 ) ;
#2435 = ORIENTED_EDGE ( 'NONE', *, *, #170, .F. ) ;
#2436 = ORIENTED_EDGE ( 'NONE', *, *, #3503, .T. ) ;
#2437 = VERTEX_POINT ( 'NONE', #2059 ) ;
#2438 = VECTOR ( 'NONE', #3335, 1000.000000000000000 ) ;
#2439 = ORIENTED_EDGE ( 'NONE', *, *, #1434, .T. ) ;
#2440 = CARTESIAN_POINT ( 'NONE',  ( -6.438900000000006500, -8.518025612106916000, 4.064000000000000900 ) ) ;
#2441 = PLANE ( 'NONE',  #1822 ) ;
#2442 = DIRECTION ( 'NONE',  ( 0.0000000000000000000, -0.0000000000000000000, 1.000000000000000000 ) ) ;
#2443 = EDGE_CURVE ( 'NONE', #249, #2961, #446, .T. ) ;
#2444 = FACE_OUTER_BOUND ( 'NONE', #1661, .T. ) ;
#2445 = DIRECTION ( 'NONE',  ( 0.0000000000000000000, 0.0000000000000000000, -1.000000000000000000 ) ) ;
#2446 = CARTESIAN_POINT ( 'NONE',  ( 3.966717974736417400, 7.343914266081740500, -3.265348654935874300 ) ) ;
#2447 = CARTESIAN_POINT ( 'NONE',  ( 2.427055258741147400, 0.0000000000000000000, -5.080000000000001800 ) ) ;
#2448 = CARTESIAN_POINT ( 'NONE',  ( 2.427055258741147400, -3.810000000000000100, -3.128951375504188900 ) ) ;
#2449 = EDGE_CURVE ( 'NONE', #807, #3483, #3445, .T. ) ;
#2450 = EDGE_CURVE ( 'NONE', #3379, #3695, #1134, .T. ) ;
#2451 = AXIS2_PLACEMENT_3D ( 'NONE', #311, #2337, #1245 ) ;
#2452 = DIRECTION ( 'NONE',  ( -1.000000000000000000, 0.0000000000000000000, 1.760068461827120900E-016 ) ) ;
#2453 = EDGE_CURVE ( 'NONE', #3169, #3141, #2729, .T. ) ;
#2454 = CARTESIAN_POINT ( 'NONE',  ( -6.819899999999974800, -8.518025612106916000, 1.016000000000000000 ) ) ;
#2455 = AXIS2_PLACEMENT_3D ( 'NONE', #2424, #1007, #3282 ) ;
#2456 = DIRECTION ( 'NONE',  ( 0.0000000000000000000, 1.000000000000000000, 0.0000000000000000000 ) ) ;
#2457 = CARTESIAN_POINT ( 'NONE',  ( 7.980890500700237300, 0.9510232434872267800, -3.262538295565307900 ) ) ;
#2458 = ORIENTED_EDGE ( 'NONE', *, *, #779, .F. ) ;
#2459 = ORIENTED_EDGE ( 'NONE', *, *, #3288, .F. ) ;
#2460 = VECTOR ( 'NONE', #1422, 1000.000000000000000 ) ;
#2461 = CARTESIAN_POINT ( 'NONE',  ( -8.748000000000002900, 7.620000000000000100, -3.580000000000001400 ) ) ;
#2462 = ORIENTED_EDGE ( 'NONE', *, *, #3464, .T. ) ;
#2463 = EDGE_CURVE ( 'NONE', #727, #1419, #253, .T. ) ;
#2464 = CARTESIAN_POINT ( 'NONE',  ( 4.627420288445576600, 1.001122509598866700, -4.625114529555532700 ) ) ;
#2465 = LINE ( 'NONE', #268, #2187 ) ;
#2466 = CARTESIAN_POINT ( 'NONE',  ( 1.490599999999997700, 7.620000000000000100, 3.810000000000000100 ) ) ;
#2467 = CARTESIAN_POINT ( 'NONE',  ( -1.998000000000001100, 7.620000000000000100, 3.049999999999998900 ) ) ;
#2468 = VECTOR ( 'NONE', #3629, 1000.000000000000000 ) ;
#2469 = VECTOR ( 'NONE', #1108, 1000.000000000000000 ) ;
#2470 = ADVANCED_FACE ( 'NONE', ( #154 ), #3166, .F. ) ;
#2471 = CARTESIAN_POINT ( 'NONE',  ( 0.9905999999999977000, 6.719999999999996200, 3.810000000000000100 ) ) ;
#2472 = DIRECTION ( 'NONE',  ( 0.0000000000000000000, 1.000000000000000000, -6.829619984160656700E-015 ) ) ;
#2473 = FACE_OUTER_BOUND ( 'NONE', #466, .T. ) ;
#2474 = VECTOR ( 'NONE', #1985, 1000.000000000000000 ) ;
#2475 = AXIS2_PLACEMENT_3D ( 'NONE', #750, #1002, #1057 ) ;
#2476 = ORIENTED_EDGE ( 'NONE', *, *, #283, .T. ) ;
#2477 = EDGE_LOOP ( 'NONE', ( #3591, #1296, #368, #804 ) ) ;
#2478 = COLOUR_RGB ( '',0.7921568627450980000, 0.8196078431372548800, 0.9333333333333333500 ) ;
#2479 = ORIENTED_EDGE ( 'NONE', *, *, #1233, .F. ) ;
#2480 = DIRECTION ( 'NONE',  ( 0.0000000000000000000, 1.000000000000000000, -0.0000000000000000000 ) ) ;
#2481 = DIRECTION ( 'NONE',  ( -0.0000000000000000000, -1.000000000000000000, -0.0000000000000000000 ) ) ;
#2482 = VERTEX_POINT ( 'NONE', #1788 ) ;
#2483 = FACE_OUTER_BOUND ( 'NONE', #3286, .T. ) ;
#2484 = ORIENTED_EDGE ( 'NONE', *, *, #3678, .T. ) ;
#2485 = CARTESIAN_POINT ( 'NONE',  ( 1.490599999999996800, 6.120000000000000100, -3.810000000000000100 ) ) ;
#2486 = ORIENTED_EDGE ( 'NONE', *, *, #874, .T. ) ;
#2487 = CARTESIAN_POINT ( 'NONE',  ( 8.152858947763251200, 6.593273368684725400, -3.365156854496609700 ) ) ;
#2488 = DIRECTION ( 'NONE',  ( -0.0000000000000000000, 1.000000000000000000, -0.0000000000000000000 ) ) ;
#2489 = ORIENTED_EDGE ( 'NONE', *, *, #2397, .T. ) ;
#2490 = PLANE ( 'NONE',  #234 ) ;
#2491 = LINE ( 'NONE', #3038, #3175 ) ;
#2492 = CARTESIAN_POINT ( 'NONE',  ( -4.198000000000001300, -2.480517978247152500E-015, -3.479999999999998200 ) ) ;
#2493 = ADVANCED_FACE ( 'NONE', ( #3339 ), #2104, .F. ) ;
#2494 = CARTESIAN_POINT ( 'NONE',  ( 10.26291549385748400, 6.214907052422479900, -1.699169012285029800 ) ) ;
#2495 =( NAMED_UNIT ( * ) SI_UNIT ( $, .STERADIAN. ) SOLID_ANGLE_UNIT ( ) );
#2496 = CARTESIAN_POINT ( 'NONE',  ( 7.737453080653634400, 1.257495189410637400, -3.485780776922466500 ) ) ;
#2497 = DIRECTION ( 'NONE',  ( -1.000000000000000000, 0.0000000000000000000, 0.0000000000000000000 ) ) ;
#2498 = EDGE_CURVE ( 'NONE', #56, #3072, #1897, .T. ) ;
#2499 = DIRECTION ( 'NONE',  ( -1.000000000000000000, 0.0000000000000000000, -1.445602896647339100E-015 ) ) ;
#2500 = EDGE_CURVE ( 'NONE', #2896, #2844, #2118, .T. ) ;
#2501 = CARTESIAN_POINT ( 'NONE',  ( 0.9905999999999977000, 0.6350000000000000100, -3.810000000000000100 ) ) ;
#2502 = DIRECTION ( 'NONE',  ( 0.0000000000000000000, 1.000000000000000000, -6.829619984160656700E-015 ) ) ;
#2503 = SURFACE_SIDE_STYLE ('',( #1081 ) ) ;
#2504 = ORIENTED_EDGE ( 'NONE', *, *, #843, .T. ) ;
#2505 = VERTEX_POINT ( 'NONE', #2407 ) ;
#2506 = LINE ( 'NONE', #1972, #3364 ) ;
#2507 = DIRECTION ( 'NONE',  ( 0.0000000000000000000, -0.0000000000000000000, 1.000000000000000000 ) ) ;
#2508 = ORIENTED_EDGE ( 'NONE', *, *, #490, .T. ) ;
#2509 = ADVANCED_FACE ( 'NONE', ( #2483 ), #68, .F. ) ;
#2510 = EDGE_LOOP ( 'NONE', ( #1044, #495, #2920, #2156, #2848 ) ) ;
#2511 = CARTESIAN_POINT ( 'NONE',  ( -1.998000000000001600, 0.6350000000000001200, -5.079999999999998300 ) ) ;
#2512 = VERTEX_POINT ( 'NONE', #2676 ) ;
#2513 = VECTOR ( 'NONE', #3584, 1000.000000000000000 ) ;
#2514 = VECTOR ( 'NONE', #2222, 1000.000000000000000 ) ;
#2515 = EDGE_CURVE ( 'NONE', #1452, #2391, #585, .T. ) ;
#2516 = DIRECTION ( 'NONE',  ( -1.000000000000000000, -0.0000000000000000000, -0.0000000000000000000 ) ) ;
#2517 = LINE ( 'NONE', #1800, #1612 ) ;
#2518 = CARTESIAN_POINT ( 'NONE',  ( -9.398000000000001500, 7.620000000000000100, 3.580000000000001800 ) ) ;
#2519 = LINE ( 'NONE', #3594, #974 ) ;
#2520 = EDGE_CURVE ( 'NONE', #2077, #2257, #3069, .T. ) ;
#2521 = DIRECTION ( 'NONE',  ( -0.0000000000000000000, 1.000000000000000000, 0.0000000000000000000 ) ) ;
#2522 = EDGE_LOOP ( 'NONE', ( #2270, #90, #743, #2313, #3639 ) ) ;
#2523 = CARTESIAN_POINT ( 'NONE',  ( 7.499089757983783900, 1.300000000000000000, 3.673155546129225800 ) ) ;
#2524 = LINE ( 'NONE', #1285, #3111 ) ;
#2525 = DIRECTION ( 'NONE',  ( 0.0000000000000000000, 0.0000000000000000000, -1.000000000000000000 ) ) ;
#2526 = ORIENTED_EDGE ( 'NONE', *, *, #701, .F. ) ;
#2527 = VECTOR ( 'NONE', #1742, 1000.000000000000000 ) ;
#2528 = AXIS2_PLACEMENT_3D ( 'NONE', #1140, #3446, #867 ) ;
#2529 = DIRECTION ( 'NONE',  ( 1.000000000000000000, 0.0000000000000000000, -1.322197771323785600E-016 ) ) ;
#2530 = ORIENTED_EDGE ( 'NONE', *, *, #3503, .F. ) ;
#2531 = ADVANCED_FACE ( 'NONE', ( #1629 ), #3578, .T. ) ;
#2532 = DIRECTION ( 'NONE',  ( -0.0000000000000000000, -0.0000000000000000000, 1.000000000000000000 ) ) ;
#2533 = CARTESIAN_POINT ( 'NONE',  ( -9.398000000000001500, 0.6350000000000001200, -5.079999999999998300 ) ) ;
#2534 = CARTESIAN_POINT ( 'NONE',  ( -1.998000000000001600, 7.620000000000000100, -5.079999999999998300 ) ) ;
#2535 = ORIENTED_EDGE ( 'NONE', *, *, #1440, .T. ) ;
#2536 = FACE_OUTER_BOUND ( 'NONE', #2151, .T. ) ;
#2537 = VECTOR ( 'NONE', #3030, 1000.000000000000000 ) ;
#2538 = EDGE_CURVE ( 'NONE', #2702, #256, #3759, .T. ) ;
#2539 = DIRECTION ( 'NONE',  ( -1.322197771323785600E-016, 0.0000000000000000000, -1.000000000000000000 ) ) ;
#2540 = CARTESIAN_POINT ( 'NONE',  ( 7.499089757983783900, 1.300000000000000000, -2.273106199735256600 ) ) ;
#2541 = DIRECTION ( 'NONE',  ( -0.0000000000000000000, -0.0000000000000000000, 1.000000000000000000 ) ) ;
#2542 =( LENGTH_UNIT ( ) NAMED_UNIT ( * ) SI_UNIT ( .MILLI., .METRE. ) );
#2543 = ADVANCED_FACE ( 'NONE', ( #2612 ), #1550, .F. ) ;
#2544 =( NAMED_UNIT ( * ) PLANE_ANGLE_UNIT ( ) SI_UNIT ( $, .RADIAN. ) );
#2545 = VERTEX_POINT ( 'NONE', #1520 ) ;
#2546 = DIRECTION ( 'NONE',  ( 1.000000000000000000, 0.0000000000000000000, 0.0000000000000000000 ) ) ;
#2547 = ORIENTED_EDGE ( 'NONE', *, *, #3347, .F. ) ;
#2548 = EDGE_LOOP ( 'NONE', ( #3548, #818, #295, #1062 ) ) ;
#2549 = DIRECTION ( 'NONE',  ( -0.0000000000000000000, 1.000000000000000000, -0.0000000000000000000 ) ) ;
#2550 = VERTEX_POINT ( 'NONE', #1005 ) ;
#2551 = VECTOR ( 'NONE', #1160, 1000.000000000000000 ) ;
#2552 = CARTESIAN_POINT ( 'NONE',  ( 0.9905999999999977000, 6.120000000000000100, -3.810000000000000100 ) ) ;
#2553 = VECTOR ( 'NONE', #2685, 1000.000000000000000 ) ;
#2554 = CARTESIAN_POINT ( 'NONE',  ( 10.26291549385748400, 6.214907052422479900, 3.429000000000000300 ) ) ;
#2555 = VECTOR ( 'NONE', #1376, 1000.000000000000000 ) ;
#2556 = CARTESIAN_POINT ( 'NONE',  ( 6.240018920922350900, 1.300000000000000000, -2.928249668885095000 ) ) ;
#2557 = ORIENTED_EDGE ( 'NONE', *, *, #252, .T. ) ;
#2558 = ADVANCED_FACE ( 'NONE', ( #2980 ), #406, .F. ) ;
#2559 = LINE ( 'NONE', #33, #1577 ) ;
#2560 = CARTESIAN_POINT ( 'NONE',  ( 2.427055258741147400, 7.620000000000000100, -5.080000000000001800 ) ) ;
#2561 = ORIENTED_EDGE ( 'NONE', *, *, #1674, .F. ) ;
#2562 = ORIENTED_EDGE ( 'NONE', *, *, #3448, .F. ) ;
#2563 = EDGE_CURVE ( 'NONE', #3059, #1856, #1455, .T. ) ;
#2564 = VECTOR ( 'NONE', #3090, 1000.000000000000000 ) ;
#2565 = AXIS2_PLACEMENT_3D ( 'NONE', #150, #1946, #2169 ) ;
#2566 = ORIENTED_EDGE ( 'NONE', *, *, #1883, .F. ) ;
#2567 = UNCERTAINTY_MEASURE_WITH_UNIT (LENGTH_MEASURE( 1.000000000000000100E-005 ), #2001, 'distance_accuracy_value', 'NONE');
#2568 = PLANE ( 'NONE',  #1326 ) ;
#2569 = PLANE ( 'NONE',  #2528 ) ;
#2570 = ORIENTED_EDGE ( 'NONE', *, *, #869, .F. ) ;
#2571 = AXIS2_PLACEMENT_3D ( 'NONE', #700, #3655, #742 ) ;
#2572 = DIRECTION ( 'NONE',  ( 0.0000000000000000000, 0.0000000000000000000, 1.000000000000000000 ) ) ;
#2573 = DIRECTION ( 'NONE',  ( 0.0000000000000000000, -1.000000000000000000, 3.414809992080329100E-015 ) ) ;
#2574 = DIRECTION ( 'NONE',  ( -0.0000000000000000000, 1.000000000000000000, -0.0000000000000000000 ) ) ;
#2575 = CARTESIAN_POINT ( 'NONE',  ( 2.427055258741147400, 7.620000000000000100, -3.128951375504188900 ) ) ;
#2576 = VECTOR ( 'NONE', #1250, 1000.000000000000000 ) ;
#2577 = ORIENTED_EDGE ( 'NONE', *, *, #1369, .T. ) ;
#2578 = ORIENTED_EDGE ( 'NONE', *, *, #2397, .F. ) ;
#2579 = ORIENTED_EDGE ( 'NONE', *, *, #2036, .F. ) ;
#2580 = CARTESIAN_POINT ( 'NONE',  ( 0.4905999999999968700, 6.120000000000000100, -3.810000000000000100 ) ) ;
#2581 = ADVANCED_FACE ( 'NONE', ( #1540 ), #494, .T. ) ;
#2582 = CARTESIAN_POINT ( 'NONE',  ( -6.819899999999922400, 0.6350000000000000100, -4.064000000000000100 ) ) ;
#2583 = EDGE_LOOP ( 'NONE', ( #2299, #987, #2462, #1363 ) ) ;
#2584 =( BOUNDED_CURVE ( )  B_SPLINE_CURVE ( 3, ( #1906, #2817, #2494, #1069 ),
 .UNSPECIFIED., .F., .F. ) 
 B_SPLINE_CURVE_WITH_KNOTS ( ( 4, 4 ),
 ( 4.712388980384689700, 7.853981633974482800 ),
 .UNSPECIFIED. ) 
 CURVE ( )  GEOMETRIC_REPRESENTATION_ITEM ( )  RATIONAL_B_SPLINE_CURVE ( ( 1.000000000000000000, 0.3333333333333333700, 0.3333333333333333700, 1.000000000000000000 ) ) 
 REPRESENTATION_ITEM ( '' )  );
#2585 = EDGE_CURVE ( 'NONE', #2944, #766, #767, .T. ) ;
#2586 = DIRECTION ( 'NONE',  ( 0.0000000000000000000, -0.0000000000000000000, 1.000000000000000000 ) ) ;
#2587 = DIRECTION ( 'NONE',  ( 1.707404996040165200E-015, 0.0000000000000000000, 1.000000000000000000 ) ) ;
#2588 = CARTESIAN_POINT ( 'NONE',  ( 7.999089757983783900, 0.8000000000000003800, 1.883696072632925000 ) ) ;
#2589 = EDGE_CURVE ( 'NONE', #2815, #3072, #3493, .T. ) ;
#2590 = DIRECTION ( 'NONE',  ( -0.0000000000000000000, 1.000000000000000000, -0.0000000000000000000 ) ) ;
#2591 = EDGE_LOOP ( 'NONE', ( #587, #217, #1347, #233, #3435 ) ) ;
#2592 = CARTESIAN_POINT ( 'NONE',  ( -8.748000000000002900, 0.6350000000000001200, -3.580000000000001400 ) ) ;
#2593 = PRESENTATION_LAYER_ASSIGNMENT (  '', '', ( #2000 ) ) ;
#2594 = ORIENTED_EDGE ( 'NONE', *, *, #2323, .F. ) ;
#2595 = ORIENTED_EDGE ( 'NONE', *, *, #3393, .T. ) ;
#2596 = DIRECTION ( 'NONE',  ( 1.000000000000000000, -0.0000000000000000000, 0.0000000000000000000 ) ) ;
#2597 = ORIENTED_EDGE ( 'NONE', *, *, #2520, .T. ) ;
#2598 = CARTESIAN_POINT ( 'NONE',  ( 7.999089757983783900, 6.620846602207391700, -3.244472939652108100 ) ) ;
#2599 = LINE ( 'NONE', #424, #3552 ) ;
#2600 = VECTOR ( 'NONE', #1759, 1000.000000000000000 ) ;
#2601 = ORIENTED_EDGE ( 'NONE', *, *, #1164, .F. ) ;
#2602 = LINE ( 'NONE', #771, #797 ) ;
#2603 = DIRECTION ( 'NONE',  ( -1.000000000000000000, -0.0000000000000000000, -0.0000000000000000000 ) ) ;
#2604 = LINE ( 'NONE', #1748, #2924 ) ;
#2605 = EDGE_CURVE ( 'NONE', #2915, #939, #393, .T. ) ;
#2606 = VERTEX_POINT ( 'NONE', #2420 ) ;
#2607 = ORIENTED_EDGE ( 'NONE', *, *, #2014, .T. ) ;
#2608 = EDGE_CURVE ( 'NONE', #2606, #1361, #1358, .T. ) ;
#2609 = VECTOR ( 'NONE', #75, 1000.000000000000000 ) ;
#2610 = SURFACE_SIDE_STYLE ('',( #2208 ) ) ;
#2611 = ORIENTED_EDGE ( 'NONE', *, *, #3742, .T. ) ;
#2612 = FACE_OUTER_BOUND ( 'NONE', #1189, .T. ) ;
#2613 = DIRECTION ( 'NONE',  ( -0.0000000000000000000, -1.000000000000000000, -0.0000000000000000000 ) ) ;
#2614 = EDGE_LOOP ( 'NONE', ( #2361, #962, #2861, #2570 ) ) ;
#2615 = ORIENTED_EDGE ( 'NONE', *, *, #3661, .F. ) ;
#2616 = AXIS2_PLACEMENT_3D ( 'NONE', #3308, #1323, #3328 ) ;
#2617 = FACE_OUTER_BOUND ( 'NONE', #1041, .T. ) ;
#2618 = DIRECTION ( 'NONE',  ( -0.0000000000000000000, 0.0000000000000000000, -1.000000000000000000 ) ) ;
#2619 = AXIS2_PLACEMENT_3D ( 'NONE', #186, #2800, #2226 ) ;
#2620 = CYLINDRICAL_SURFACE ( 'NONE', #2689, 0.3175000000000000600 ) ;
#2621 = ORIENTED_EDGE ( 'NONE', *, *, #2171, .F. ) ;
#2622 = ORIENTED_EDGE ( 'NONE', *, *, #960, .F. ) ;
#2623 = FILL_AREA_STYLE_COLOUR ( '', #3667 ) ;
#2624 = AXIS2_PLACEMENT_3D ( 'NONE', #3736, #2007, #1723 ) ;
#2625 = CARTESIAN_POINT ( 'NONE',  ( 5.905428028879516200, 6.996273069998863100, -4.625114529555532700 ) ) ;
#2626 = DIRECTION ( 'NONE',  ( -1.000000000000000000, 0.0000000000000000000, 0.0000000000000000000 ) ) ;
#2627 = EDGE_CURVE ( 'NONE', #1969, #485, #3662, .T. ) ;
#2628 =( NAMED_UNIT ( * ) SI_UNIT ( $, .STERADIAN. ) SOLID_ANGLE_UNIT ( ) );
#2629 = DIRECTION ( 'NONE',  ( 0.0000000000000000000, -1.000000000000000000, 0.0000000000000000000 ) ) ;
#2630 = CARTESIAN_POINT ( 'NONE',  ( 2.651999999999998400, 0.0000000000000000000, -5.066989197252514300 ) ) ;
#2631 = EDGE_CURVE ( 'NONE', #1397, #2386, #2113, .T. ) ;
#2632 = CARTESIAN_POINT ( 'NONE',  ( 3.400002630872319900, 7.445535238005009900, 4.893687929670753600 ) ) ;
#2633 = PLANE ( 'NONE',  #1402 ) ;
#2634 = AXIS2_PLACEMENT_3D ( 'NONE', #2723, #1876, #416 ) ;
#2635 = ORIENTED_EDGE ( 'NONE', *, *, #454, .F. ) ;
#2636 = ORIENTED_EDGE ( 'NONE', *, *, #82, .F. ) ;
#2637 = CARTESIAN_POINT ( 'NONE',  ( 0.9905999999999977000, 7.219999999999999800, 3.309999999999996900 ) ) ;
#2638 = DIRECTION ( 'NONE',  ( 0.0000000000000000000, 0.0000000000000000000, 1.000000000000000000 ) ) ;
#2639 = EDGE_LOOP ( 'NONE', ( #155, #2797, #533, #324 ) ) ;
#2640 = AXIS2_PLACEMENT_3D ( 'NONE', #2900, #1975, #2264 ) ;
#2641 = VECTOR ( 'NONE', #1745, 1000.000000000000000 ) ;
#2642 = ITEM_DEFINED_TRANSFORMATION ( 'NONE', 'NONE', #2640,  #1868 ) ;
#2643 = DIRECTION ( 'NONE',  ( 0.0000000000000000000, 0.0000000000000000000, -1.000000000000000000 ) ) ;
#2644 = LINE ( 'NONE', #669, #1120 ) ;
#2645 = VECTOR ( 'NONE', #1915, 1000.000000000000000 ) ;
#2646 = ORIENTED_EDGE ( 'NONE', *, *, #2453, .T. ) ;
#2647 = ADVANCED_FACE ( 'NONE', ( #537 ), #2170, .T. ) ;
#2648 = ORIENTED_EDGE ( 'NONE', *, *, #3636, .F. ) ;
#2649 = LINE ( 'NONE', #2089, #2340 ) ;
#2650 = EDGE_LOOP ( 'NONE', ( #710, #1893, #924, #3341 ) ) ;
#2651 = CARTESIAN_POINT ( 'NONE',  ( 0.9905999999999977000, 7.620000000000000100, 3.810000000000000100 ) ) ;
#2652 = EDGE_LOOP ( 'NONE', ( #345, #3266, #3739, #3013, #2670 ) ) ;
#2653 = CARTESIAN_POINT ( 'NONE',  ( 7.999089757983783900, 0.0000000000000000000, 1.883696072632925000 ) ) ;
#2654 = EDGE_CURVE ( 'NONE', #2037, #3547, #3247, .T. ) ;
#2655 = FACE_OUTER_BOUND ( 'NONE', #1407, .T. ) ;
#2656 = ORIENTED_EDGE ( 'NONE', *, *, #530, .F. ) ;
#2657 = DIRECTION ( 'NONE',  ( -0.0000000000000000000, -1.000000000000000000, -0.0000000000000000000 ) ) ;
#2658 = VECTOR ( 'NONE', #2657, 1000.000000000000000 ) ;
#2659 = CARTESIAN_POINT ( 'NONE',  ( -6.420772428101458700, 7.519999999999999600, -3.683935513170497600 ) ) ;
#2660 = ORIENTED_EDGE ( 'NONE', *, *, #2956, .T. ) ;
#2661 = AXIS2_PLACEMENT_3D ( 'NONE', #2155, #2481, #1610 ) ;
#2662 = AXIS2_PLACEMENT_3D ( 'NONE', #509, #1659, #1334 ) ;
#2663 = VECTOR ( 'NONE', #1860, 1000.000000000000000 ) ;
#2664 = CARTESIAN_POINT ( 'NONE',  ( 3.797999999999998300, 4.191000000000000700, 0.0000000000000000000 ) ) ;
#2665 = ADVANCED_FACE ( 'NONE', ( #1989 ), #2766, .T. ) ;
#2666 = CARTESIAN_POINT ( 'NONE',  ( 7.987872767906280200, 0.9203468553648106500, -1.892111140045078300 ) ) ;
#2667 = ORIENTED_EDGE ( 'NONE', *, *, #563, .T. ) ;
#2668 = DIRECTION ( 'NONE',  ( 0.0000000000000000000, 0.0000000000000000000, -1.000000000000000000 ) ) ;
#2669 = CARTESIAN_POINT ( 'NONE',  ( 0.9905999999999977000, 6.120000000000000100, -3.492500000000000200 ) ) ;
#2670 = ORIENTED_EDGE ( 'NONE', *, *, #2449, .F. ) ;
#2671 = CARTESIAN_POINT ( 'NONE',  ( -6.438900000000001200, 0.6350000000000000100, 3.556000000000000000 ) ) ;
#2672 = DIRECTION ( 'NONE',  ( 0.0000000000000000000, 0.0000000000000000000, -1.000000000000000000 ) ) ;
#2673 = ORIENTED_EDGE ( 'NONE', *, *, #3094, .F. ) ;
#2674 = DIRECTION ( 'NONE',  ( -0.0000000000000000000, 1.000000000000000000, 0.0000000000000000000 ) ) ;
#2675 = DIRECTION ( 'NONE',  ( 0.0000000000000000000, 1.000000000000000000, 0.0000000000000000000 ) ) ;
#2676 = CARTESIAN_POINT ( 'NONE',  ( -0.01200000000000159300, 4.191000000000000700, -1.699169012285029600 ) ) ;
#2677 = EDGE_LOOP ( 'NONE', ( #1531, #1539, #2429, #3058, #1738, #3001, #3255, #853, #2679, #2370, #576, #1981, #3403, #2458, #1047, #878 ) ) ;
#2678 = EDGE_CURVE ( 'NONE', #939, #2388, #3708, .T. ) ;
#2679 = ORIENTED_EDGE ( 'NONE', *, *, #2139, .F. ) ;
#2680 = ADVANCED_FACE ( 'NONE', ( #2254 ), #996, .T. ) ;
#2682 = EDGE_CURVE ( 'NONE', #2973, #1652, #1210, .T. ) ;
#2681 = VECTOR ( 'NONE', #3680, 1000.000000000000000 ) ;
#2683 = ORIENTED_EDGE ( 'NONE', *, *, #1017, .F. ) ;
#2684 = CIRCLE ( 'NONE', #2891, 0.8649154938574856700 ) ;
#2685 = DIRECTION ( 'NONE',  ( 1.707404996040165000E-015, 0.0000000000000000000, 1.000000000000000000 ) ) ;
#2686 = CARTESIAN_POINT ( 'NONE',  ( 7.967498412224261800, 7.620000000000000100, -1.909721318087874700 ) ) ;
#2687 = PLANE ( 'NONE',  #1896 ) ;
#2688 = ORIENTED_EDGE ( 'NONE', *, *, #30, .T. ) ;
#2689 = AXIS2_PLACEMENT_3D ( 'NONE', #1734, #596, #849 ) ;
#2690 = VECTOR ( 'NONE', #2133, 1000.000000000000000 ) ;
#2691 = CARTESIAN_POINT ( 'NONE',  ( -4.198000000000001300, 7.620000000000000100, -5.079999999999998300 ) ) ;
#2692 = FACE_OUTER_BOUND ( 'NONE', #3644, .T. ) ;
#2693 = CARTESIAN_POINT ( 'NONE',  ( 0.9905999999999977000, 6.120000000000000100, 3.810000000000000100 ) ) ;
#2694 = DIRECTION ( 'NONE',  ( -0.0000000000000000000, 1.000000000000000000, -0.0000000000000000000 ) ) ;
#2695 = ORIENTED_EDGE ( 'NONE', *, *, #2813, .T. ) ;
#2696 =( BOUNDED_CURVE ( )  B_SPLINE_CURVE ( 3, ( #3537, #1998, #2554, #3745 ),
 .UNSPECIFIED., .F., .T. ) 
 B_SPLINE_CURVE_WITH_KNOTS ( ( 4, 4 ),
 ( 4.712388980384689700, 7.853981633974482800 ),
 .UNSPECIFIED. ) 
 CURVE ( )  GEOMETRIC_REPRESENTATION_ITEM ( )  RATIONAL_B_SPLINE_CURVE ( ( 1.000000000000000000, 0.3333333333333333700, 0.3333333333333333700, 1.000000000000000000 ) ) 
 REPRESENTATION_ITEM ( '' )  );
#2697 = FACE_OUTER_BOUND ( 'NONE', #1782, .T. ) ;
#2698 = VERTEX_POINT ( 'NONE', #2146 ) ;
#2699 = ORIENTED_EDGE ( 'NONE', *, *, #2515, .T. ) ;
#2700 = CARTESIAN_POINT ( 'NONE',  ( -6.819900000000007600, 0.6350000000000000100, 4.064000000000000100 ) ) ;
#2701 = DIRECTION ( 'NONE',  ( 0.0000000000000000000, 1.000000000000000000, 0.0000000000000000000 ) ) ;
#2702 = VERTEX_POINT ( 'NONE', #3630 ) ;
#2703 = CARTESIAN_POINT ( 'NONE',  ( 4.627420288445576600, 1.001122509598866700, -4.625114529555532700 ) ) ;
#2704 = DIRECTION ( 'NONE',  ( 0.0000000000000000000, 0.0000000000000000000, 1.000000000000000000 ) ) ;
#2705 = VERTEX_POINT ( 'NONE', #1891 ) ;
#2706 = EDGE_CURVE ( 'NONE', #288, #2505, #3566, .T. ) ;
#2707 = ORIENTED_EDGE ( 'NONE', *, *, #3365, .F. ) ;
#2708 = VECTOR ( 'NONE', #870, 1000.000000000000000 ) ;
#2709 = EDGE_LOOP ( 'NONE', ( #3648, #3062, #337, #1244, #800 ) ) ;
#2710 = CARTESIAN_POINT ( 'NONE',  ( 0.9905999999999977000, 0.6350000000000000100, -3.810000000000000100 ) ) ;
#2711 = DIRECTION ( 'NONE',  ( 0.0000000000000000000, -1.000000000000000000, 0.0000000000000000000 ) ) ;
#2712 = EDGE_CURVE ( 'NONE', #284, #271, #2297, .T. ) ;
#2713 = LINE ( 'NONE', #884, #3304 ) ;
#2714 = DIRECTION ( 'NONE',  ( 0.0000000000000000000, 0.0000000000000000000, 1.000000000000000000 ) ) ;
#2715 = ORIENTED_EDGE ( 'NONE', *, *, #3359, .F. ) ;
#2716 = CARTESIAN_POINT ( 'NONE',  ( 0.9905999999999977000, 6.719999999999997100, -4.127500000000000400 ) ) ;
#2717 = AXIS2_PLACEMENT_3D ( 'NONE', #1070, #3716, #3399 ) ;
#2718 = CARTESIAN_POINT ( 'NONE',  ( -6.819899999999949000, -3.810000000000000100, -1.524000000000000200 ) ) ;
#2719 = AXIS2_PLACEMENT_3D ( 'NONE', #992, #2417, #3009 ) ;
#2720 = CARTESIAN_POINT ( 'NONE',  ( 2.651999999999997900, 0.6350000000000000100, -3.479999999999997800 ) ) ;
#2721 = DIRECTION ( 'NONE',  ( -1.000000000000000000, 0.0000000000000000000, -6.672013369141570100E-016 ) ) ;
#2722 = CARTESIAN_POINT ( 'NONE',  ( 7.927439125202902800, 1.082188502087944700, 1.944345783652504700 ) ) ;
#2723 = CARTESIAN_POINT ( 'NONE',  ( 8.533084506142513300, 0.0000000000000000000, 2.564084506142514800 ) ) ;
#2724 = DIRECTION ( 'NONE',  ( 0.0000000000000000000, -6.938893903907233900E-015, -1.000000000000000000 ) ) ;
#2725 = DIRECTION ( 'NONE',  ( 0.0000000000000000000, 6.829619984160658000E-016, -1.000000000000000000 ) ) ;
#2726 = DIRECTION ( 'NONE',  ( 0.0000000000000000000, -0.0000000000000000000, -1.000000000000000000 ) ) ;
#2727 = EDGE_CURVE ( 'NONE', #2180, #2915, #622, .T. ) ;
#2728 = DIRECTION ( 'NONE',  ( 0.0000000000000000000, -1.000000000000000000, 0.0000000000000000000 ) ) ;
#2729 = B_SPLINE_CURVE_WITH_KNOTS ( 'NONE', 3,
 ( #1730, #2666, #664, #3226 ),
 .UNSPECIFIED., .F., .F.,
 ( 4, 4 ),
 ( 4.336808689942017700E-019, 0.0001799680128683047500 ),
 .UNSPECIFIED. ) ;
#2730 = CARTESIAN_POINT ( 'NONE',  ( 7.999089757983783900, 7.620000000000000100, -1.883696072632925000 ) ) ;
#2731 = ORIENTED_EDGE ( 'NONE', *, *, #1192, .T. ) ;
#2732 = ORIENTED_EDGE ( 'NONE', *, *, #1912, .F. ) ;
#2733 = EDGE_CURVE ( 'NONE', #3150, #2042, #937, .T. ) ;
#2734 = VECTOR ( 'NONE', #3082, 1000.000000000000000 ) ;
#2735 = CARTESIAN_POINT ( 'NONE',  ( 8.533084506142513300, 6.525092947577521200, -3.429000000000000700 ) ) ;
#2736 = ORIENTED_EDGE ( 'NONE', *, *, #1628, .F. ) ;
#2737 = CARTESIAN_POINT ( 'NONE',  ( -9.398000000000001500, 7.620000000000000100, -0.9800000000000017600 ) ) ;
#2738 = CARTESIAN_POINT ( 'NONE',  ( -8.748000000000002900, 7.620000000000000100, 3.580000000000001400 ) ) ;
#2739 = LINE ( 'NONE', #496, #1924 ) ;
#2740 = LINE ( 'NONE', #3253, #2553 ) ;
#2741 = AXIS2_PLACEMENT_3D ( 'NONE', #3687, #3397, #2177 ) ;
#2742 = PRESENTATION_STYLE_ASSIGNMENT (( #1389 ) ) ;
#2743 = CARTESIAN_POINT ( 'NONE',  ( 2.651999999999997900, 0.6350000000000000100, -3.479999999999998200 ) ) ;
#2744 = EDGE_LOOP ( 'NONE', ( #1084, #1621, #2382, #661 ) ) ;
#2745 = CARTESIAN_POINT ( 'NONE',  ( -9.398000000000001500, 7.620000000000000100, 3.580000000000001800 ) ) ;
#2746 = LINE ( 'NONE', #989, #2609 ) ;
#2747 = AXIS2_PLACEMENT_3D ( 'NONE', #2575, #2365, #1794 ) ;
#2748 =( LENGTH_UNIT ( ) NAMED_UNIT ( * ) SI_UNIT ( .MILLI., .METRE. ) );
#2749 = ORIENTED_EDGE ( 'NONE', *, *, #3451, .T. ) ;
#2750 = PLANE ( 'NONE',  #2565 ) ;
#2751 = FACE_OUTER_BOUND ( 'NONE', #81, .T. ) ;
#2752 = PLANE ( 'NONE',  #1107 ) ;
#2753 = VERTEX_POINT ( 'NONE', #1633 ) ;
#2754 = PLANE ( 'NONE',  #2914 ) ;
#2755 = FACE_OUTER_BOUND ( 'NONE', #2963, .T. ) ;
#2756 = UNCERTAINTY_MEASURE_WITH_UNIT (LENGTH_MEASURE( 1.000000000000000100E-005 ), #3515, 'distance_accuracy_value', 'NONE');
#2757 = ORIENTED_EDGE ( 'NONE', *, *, #1209, .T. ) ;
#2758 = ADVANCED_FACE ( 'NONE', ( #2203 ), #2346, .F. ) ;
#2759 = CARTESIAN_POINT ( 'NONE',  ( -0.2980000000000024900, 7.620000000000000100, -7.112000000000000100 ) ) ;
#2760 = CARTESIAN_POINT ( 'NONE',  ( 1.451999999999999100, 0.0000000000000000000, -3.128951375504188900 ) ) ;
#2761 = LINE ( 'NONE', #1526, #1997 ) ;
#2762 = PLANE ( 'NONE',  #3222 ) ;
#2763 = LINE ( 'NONE', #437, #2576 ) ;
#2764 = CARTESIAN_POINT ( 'NONE',  ( 6.938950955503326400, 6.810946158621500300, -2.798726306564962100 ) ) ;
#2765 = CARTESIAN_POINT ( 'NONE',  ( -6.420772428101458700, 7.519999999999999600, -4.384654575203931900 ) ) ;
#2766 = PLANE ( 'NONE',  #462 ) ;
#2767 = EDGE_CURVE ( 'NONE', #1117, #643, #1667, .T. ) ;
#2768 = ORIENTED_EDGE ( 'NONE', *, *, #1792, .T. ) ;
#2769 = DIRECTION ( 'NONE',  ( 1.000000000000000000, 0.0000000000000000000, -0.0000000000000000000 ) ) ;
#2770 = AXIS2_PLACEMENT_3D ( 'NONE', #1614, #488, #1060 ) ;
#2771 = AXIS2_PLACEMENT_3D ( 'NONE', #451, #3310, #2525 ) ;
#2772 = DIRECTION ( 'NONE',  ( 1.707404996040165000E-015, 0.0000000000000000000, 1.000000000000000000 ) ) ;
#2773 = DIRECTION ( 'NONE',  ( 0.0000000000000000000, -0.0000000000000000000, -1.000000000000000000 ) ) ;
#2774 = ADVANCED_FACE ( 'NONE', ( #3441 ), #2185, .T. ) ;
#2775 = CARTESIAN_POINT ( 'NONE',  ( 0.9905999999999977000, 0.6350000000000000100, 3.810000000000000100 ) ) ;
#2776 = ORIENTED_EDGE ( 'NONE', *, *, #1082, .T. ) ;
#2777 = VECTOR ( 'NONE', #504, 1000.000000000000000 ) ;
#2778 = ORIENTED_EDGE ( 'NONE', *, *, #3267, .F. ) ;
#2779 = EDGE_CURVE ( 'NONE', #1174, #3277, #3017, .T. ) ;
#2780 = ORIENTED_EDGE ( 'NONE', *, *, #599, .F. ) ;
#2781 = CARTESIAN_POINT ( 'NONE',  ( -9.398000000000001500, 0.6350000000000000100, -7.112000000000000100 ) ) ;
#2782 = PRODUCT ( 'HFBR-2521Z', 'HFBR-2521Z', '', ( #1131 ) ) ;
#2783 = CARTESIAN_POINT ( 'NONE',  ( 1.451999999999999100, 0.0000000000000000000, 5.079999999999997400 ) ) ;
#2784 = ORIENTED_EDGE ( 'NONE', *, *, #512, .F. ) ;
#2785 = EDGE_CURVE ( 'NONE', #282, #447, #3065, .T. ) ;
#2786 = VECTOR ( 'NONE', #410, 1000.000000000000000 ) ;
#2787 = CARTESIAN_POINT ( 'NONE',  ( 4.305373081227568100, 7.283188080632522900, -3.273030884697923200 ) ) ;
#2788 = VECTOR ( 'NONE', #614, 1000.000000000000000 ) ;
#2789 = CARTESIAN_POINT ( 'NONE',  ( -6.819900000000001400, -3.810000000000000100, 3.556000000000000000 ) ) ;
#2790 = ORIENTED_EDGE ( 'NONE', *, *, #1833, .T. ) ;
#2791 = EDGE_LOOP ( 'NONE', ( #1838, #64, #371, #3170 ) ) ;
#2792 = DIRECTION ( 'NONE',  ( 1.000000000000000000, -0.0000000000000000000, 0.0000000000000000000 ) ) ;
#2793 = LINE ( 'NONE', #2873, #3605 ) ;
#2794 = ORIENTED_EDGE ( 'NONE', *, *, #1434, .F. ) ;
#2795 = AXIS2_PLACEMENT_3D ( 'NONE', #426, #457, #726 ) ;
#2796 = DIRECTION ( 'NONE',  ( -1.000000000000000000, 0.0000000000000000000, 0.0000000000000000000 ) ) ;
#2797 = ORIENTED_EDGE ( 'NONE', *, *, #2631, .T. ) ;
#2798 = ADVANCED_FACE ( 'NONE', ( #1039 ), #3118, .F. ) ;
#2799 = LINE ( 'NONE', #2582, #3617 ) ;
#2800 = DIRECTION ( 'NONE',  ( 1.000000000000000000, 0.0000000000000000000, 0.0000000000000000000 ) ) ;
#2801 = VERTEX_POINT ( 'NONE', #1357 ) ;
#2802 = EDGE_LOOP ( 'NONE', ( #3748, #2688, #1805, #2385 ) ) ;
#2803 = VECTOR ( 'NONE', #3590, 1000.000000000000000 ) ;
#2804 = ORIENTED_EDGE ( 'NONE', *, *, #3618, .T. ) ;
#2805 = ORIENTED_EDGE ( 'NONE', *, *, #1622, .T. ) ;
#2806 = DIRECTION ( 'NONE',  ( 0.0000000000000000000, 0.0000000000000000000, -1.000000000000000000 ) ) ;
#2807 = CARTESIAN_POINT ( 'NONE',  ( 2.427055258741147400, 7.620000000000000100, -3.128951375504188900 ) ) ;
#2808 = VECTOR ( 'NONE', #1279, 1000.000000000000000 ) ;
#2809 = CARTESIAN_POINT ( 'NONE',  ( 3.073519609797256800, 0.7131240418997340000, -5.018064135781917100 ) ) ;
#2810 = EDGE_CURVE ( 'NONE', #1765, #2304, #441, .T. ) ;
#2811 = VECTOR ( 'NONE', #3400, 1000.000000000000000 ) ;
#2812 = DIRECTION ( 'NONE',  ( 0.0000000000000000000, 0.0000000000000000000, 1.000000000000000000 ) ) ;
#2813 = EDGE_CURVE ( 'NONE', #895, #1444, #2084, .T. ) ;
#2814 = ORIENTED_EDGE ( 'NONE', *, *, #1833, .F. ) ;
#2815 = VERTEX_POINT ( 'NONE', #3672 ) ;
#2816 = EDGE_LOOP ( 'NONE', ( #3230, #1617, #2327, #3509 ) ) ;
#2817 = CARTESIAN_POINT ( 'NONE',  ( 10.26291549385748400, 6.214907052422479900, -3.429000000000001200 ) ) ;
#2818 = CARTESIAN_POINT ( 'NONE',  ( -6.438899999999923000, -8.518025612106916000, -4.064000000000000100 ) ) ;
#2819 = ADVANCED_FACE ( 'NONE', ( #2751 ), #2152, .T. ) ;
#2820 = AXIS2_PLACEMENT_3D ( 'NONE', #2117, #2954, #67 ) ;
#2821 = ORIENTED_EDGE ( 'NONE', *, *, #2767, .T. ) ;
#2822 = CARTESIAN_POINT ( 'NONE',  ( 0.9905999999999977000, 6.719999999999996200, 3.492500000000000200 ) ) ;
#2823 = CARTESIAN_POINT ( 'NONE',  ( 6.240018920922350900, 1.300000000000000000, -2.928249668885095000 ) ) ;
#2824 = STYLED_ITEM ( 'NONE', ( #346 ), #2358 ) ;
#2825 = DIRECTION ( 'NONE',  ( 0.0000000000000000000, 1.000000000000000000, 0.0000000000000000000 ) ) ;
#2826 = CARTESIAN_POINT ( 'NONE',  ( -0.8980000000000009100, 0.0000000000000000000, -5.080000000000001800 ) ) ;
#2827 = ORIENTED_EDGE ( 'NONE', *, *, #822, .T. ) ;
#2828 = VERTEX_POINT ( 'NONE', #1381 ) ;
#2829 = VECTOR ( 'NONE', #3120, 1000.000000000000000 ) ;
#2830 = CARTESIAN_POINT ( 'NONE',  ( -8.748000000000002900, 0.6350000000000001200, 3.580000000000001400 ) ) ;
#2831 = ORIENTED_EDGE ( 'NONE', *, *, #1645, .F. ) ;
#2832 = LINE ( 'NONE', #1861, #2786 ) ;
#2833 = EDGE_CURVE ( 'NONE', #380, #2844, #2096, .T. ) ;
#2834 = ADVANCED_FACE ( 'NONE', ( #1496 ), #1686, .F. ) ;
#2835 = CARTESIAN_POINT ( 'NONE',  ( 3.400002630872306600, 7.445535238005013500, -4.893687929670753600 ) ) ;
#2836 = VECTOR ( 'NONE', #2406, 1000.000000000000000 ) ;
#2837 = DIRECTION ( 'NONE',  ( 0.0000000000000000000, -1.000000000000000000, -6.829619984160657100E-016 ) ) ;
#2838 = LINE ( 'NONE', #1155, #3378 ) ;
#2839 = EDGE_CURVE ( 'NONE', #1823, #3189, #2799, .T. ) ;
#2840 = ORIENTED_EDGE ( 'NONE', *, *, #1258, .F. ) ;
#2841 = ORIENTED_EDGE ( 'NONE', *, *, #3134, .F. ) ;
#2842 = EDGE_CURVE ( 'NONE', #1545, #727, #763, .T. ) ;
#2843 = LINE ( 'NONE', #3006, #893 ) ;
#2844 = VERTEX_POINT ( 'NONE', #815 ) ;
#2845 = EDGE_LOOP ( 'NONE', ( #877, #338, #3137, #3028 ) ) ;
#2846 = AXIS2_PLACEMENT_3D ( 'NONE', #2214, #2549, #1637 ) ;
#2847 = LINE ( 'NONE', #1148, #2474 ) ;
#2848 = ORIENTED_EDGE ( 'NONE', *, *, #194, .T. ) ;
#2849 = AXIS2_PLACEMENT_3D ( 'NONE', #780, #2521, #2507 ) ;
#2850 = APPLICATION_CONTEXT ( 'automotive_design' ) ;
#2851 = ORIENTED_EDGE ( 'NONE', *, *, #3766, .F. ) ;
#2852 = ORIENTED_EDGE ( 'NONE', *, *, #283, .F. ) ;
#2853 = VECTOR ( 'NONE', #2322, 1000.000000000000000 ) ;
#2854 = DIRECTION ( 'NONE',  ( -0.0000000000000000000, -0.0000000000000000000, 1.000000000000000000 ) ) ;
#2855 = DIRECTION ( 'NONE',  ( -0.0000000000000000000, -1.000000000000000000, -0.0000000000000000000 ) ) ;
#2856 = ORIENTED_EDGE ( 'NONE', *, *, #1507, .T. ) ;
#2857 = LINE ( 'NONE', #502, #1370 ) ;
#2858 = ADVANCED_FACE ( 'NONE', ( #2655 ), #3755, .T. ) ;
#2859 = CIRCLE ( 'NONE', #1683, 4.807303469872889100 ) ;
#2860 = EDGE_CURVE ( 'NONE', #1332, #2269, #2434, .T. ) ;
#2861 = ORIENTED_EDGE ( 'NONE', *, *, #454, .T. ) ;
#2862 =( NAMED_UNIT ( * ) SI_UNIT ( $, .STERADIAN. ) SOLID_ANGLE_UNIT ( ) );
#2863 = FILL_AREA_STYLE ('',( #1121 ) ) ;
#2864 = FILL_AREA_STYLE ('',( #2294 ) ) ;
#2865 = PRESENTATION_LAYER_ASSIGNMENT (  '', '', ( #3721 ) ) ;
#2866 = AXIS2_PLACEMENT_3D ( 'NONE', #1093, #176, #3683 ) ;
#2867 = MANIFOLD_SOLID_BREP ( 'Boss-Extrude2[1]', #3320 ) ;
#2868 =( LENGTH_UNIT ( ) NAMED_UNIT ( * ) SI_UNIT ( .MILLI., .METRE. ) );
#2869 = ORIENTED_EDGE ( 'NONE', *, *, #2010, .F. ) ;
#2870 = ADVANCED_FACE ( 'NONE', ( #580 ), #1139, .F. ) ;
#2871 = VECTOR ( 'NONE', #2220, 1000.000000000000000 ) ;
#2872 = CARTESIAN_POINT ( 'NONE',  ( 0.4905999999999968700, 6.120000000000000100, -3.810000000000000100 ) ) ;
#2873 = CARTESIAN_POINT ( 'NONE',  ( -6.438899999999974500, -8.518025612106916000, 1.523999999999999800 ) ) ;
#2874 = DIRECTION ( 'NONE',  ( -0.0000000000000000000, -0.0000000000000000000, 1.000000000000000000 ) ) ;
#2875 = VERTEX_POINT ( 'NONE', #3720 ) ;
#2876 = EDGE_LOOP ( 'NONE', ( #3272, #3336, #1551, #981, #1411, #3558 ) ) ;
#2877 = SURFACE_STYLE_FILL_AREA ( #1302 ) ;
#2878 = DIRECTION ( 'NONE',  ( 6.672013369141570100E-016, -0.0000000000000000000, 1.000000000000000000 ) ) ;
#2879 = ORIENTED_EDGE ( 'NONE', *, *, #194, .F. ) ;
#2880 = CYLINDRICAL_SURFACE ( 'NONE', #3002, 5.600259577253367200 ) ;
#2881 = DIRECTION ( 'NONE',  ( 0.0000000000000000000, -1.000000000000000000, 0.0000000000000000000 ) ) ;
#2882 = LINE ( 'NONE', #1770, #971 ) ;
#2883 = ORIENTED_EDGE ( 'NONE', *, *, #1689, .T. ) ;
#2884 = APPLICATION_PROTOCOL_DEFINITION ( 'draft international standard', 'automotive_design', 1998, #3732 ) ;
#2885 = ORIENTED_EDGE ( 'NONE', *, *, #2171, .T. ) ;
#2886 = CARTESIAN_POINT ( 'NONE',  ( -1.998000000000001600, 7.620000000000000100, -7.112000000000000100 ) ) ;
#2887 = CARTESIAN_POINT ( 'NONE',  ( 0.9905999999999977000, 6.120000000000000100, 3.810000000000000100 ) ) ;
#2888 = ORIENTED_EDGE ( 'NONE', *, *, #72, .F. ) ;
#2889 = EDGE_CURVE ( 'NONE', #2698, #2368, #2075, .T. ) ;
#2890 = CARTESIAN_POINT ( 'NONE',  ( -8.748000000000002900, 7.620000000000000100, 3.580000000000001400 ) ) ;
#2891 = AXIS2_PLACEMENT_3D ( 'NONE', #2972, #45, #1784 ) ;
#2892 = ORIENTED_EDGE ( 'NONE', *, *, #225, .F. ) ;
#2893 = DIRECTION ( 'NONE',  ( 1.322197771323785600E-016, 0.0000000000000000000, 1.000000000000000000 ) ) ;
#2894 = VECTOR ( 'NONE', #3184, 1000.000000000000000 ) ;
#2895 = CARTESIAN_POINT ( 'NONE',  ( -5.798000000000000900, 0.6350000000000000100, -7.112000000000000100 ) ) ;
#2896 = VERTEX_POINT ( 'NONE', #1125 ) ;
#2897 = CARTESIAN_POINT ( 'NONE',  ( -6.819899999999974800, 0.6350000000000000100, 1.016000000000000000 ) ) ;
#2898 = PRESENTATION_LAYER_ASSIGNMENT (  '', '', ( #2824 ) ) ;
#2899 = FACE_OUTER_BOUND ( 'NONE', #3478, .T. ) ;
#2900 = CARTESIAN_POINT ( 'NONE',  ( 8.673617379884033500E-016, -1.367260853661657800E-016, -0.9905999999999979300 ) ) ;
#2901 = CARTESIAN_POINT ( 'NONE',  ( 0.9905999999999977000, 6.120000000000000100, 3.810000000000000100 ) ) ;
#2902 = CARTESIAN_POINT ( 'NONE',  ( -6.819899999999949000, 0.6350000000000000100, -1.524000000000000200 ) ) ;
#2903 = ORIENTED_EDGE ( 'NONE', *, *, #2979, .F. ) ;
#2904 = DIRECTION ( 'NONE',  ( -0.0000000000000000000, 1.000000000000000000, -3.414809992080328300E-015 ) ) ;
#2905 = SURFACE_STYLE_FILL_AREA ( #2863 ) ;
#2906 =( BOUNDED_CURVE ( )  B_SPLINE_CURVE ( 3, ( #1490, #2632, #911, #2932 ),
 .UNSPECIFIED., .F., .T. ) 
 B_SPLINE_CURVE_WITH_KNOTS ( ( 4, 4 ),
 ( 0.8139883446877973500, 1.570796326794896300 ),
 .UNSPECIFIED. ) 
 CURVE ( )  GEOMETRIC_REPRESENTATION_ITEM ( )  RATIONAL_B_SPLINE_CURVE ( ( 1.000000000000000000, 0.9528369632967145200, 0.9528369632967145200, 1.000000000000000000 ) ) 
 REPRESENTATION_ITEM ( '' )  );
#2907 = PLANE ( 'NONE',  #1471 ) ;
#2908 = EDGE_CURVE ( 'NONE', #2189, #2915, #248, .T. ) ;
#2909 = PLANE ( 'NONE',  #2363 ) ;
#2910 = EDGE_CURVE ( 'NONE', #2437, #1306, #491, .T. ) ;
#2911 = CARTESIAN_POINT ( 'NONE',  ( -8.748000000000002900, 0.6350000000000001200, 0.9800000000000017600 ) ) ;
#2912 = DIRECTION ( 'NONE',  ( -0.0000000000000000000, -1.000000000000000000, -0.0000000000000000000 ) ) ;
#2913 = ORIENTED_EDGE ( 'NONE', *, *, #2678, .T. ) ;
#2914 = AXIS2_PLACEMENT_3D ( 'NONE', #1880, #409, #2726 ) ;
#2915 = VERTEX_POINT ( 'NONE', #1421 ) ;
#2916 = ORIENTED_EDGE ( 'NONE', *, *, #2605, .F. ) ;
#2917 = CYLINDRICAL_SURFACE ( 'NONE', #3108, 4.807303469872887400 ) ;
#2918 = DIRECTION ( 'NONE',  ( 1.707404996040165200E-015, 0.0000000000000000000, 1.000000000000000000 ) ) ;
#2919 = CARTESIAN_POINT ( 'NONE',  ( -6.819899999999974800, -3.810000000000000100, 1.016000000000000000 ) ) ;
#2920 = ORIENTED_EDGE ( 'NONE', *, *, #2500, .T. ) ;
#2921 = LINE ( 'NONE', #3124, #2140 ) ;
#2922 = CARTESIAN_POINT ( 'NONE',  ( -6.438899999999923000, 0.6350000000000000100, -4.064000000000000100 ) ) ;
#2923 = FACE_OUTER_BOUND ( 'NONE', #1688, .T. ) ;
#2924 = VECTOR ( 'NONE', #2904, 1000.000000000000000 ) ;
#2925 = EDGE_CURVE ( 'NONE', #1314, #1309, #2847, .T. ) ;
#2926 = VERTEX_POINT ( 'NONE', #1113 ) ;
#2927 = ORIENTED_EDGE ( 'NONE', *, *, #672, .F. ) ;
#2928 = CIRCLE ( 'NONE', #1513, 1.699169012285029600 ) ;
#2929 = CARTESIAN_POINT ( 'NONE',  ( 2.427055258741161100, 7.620000000000000100, 5.080000000000001000 ) ) ;
#2930 = VERTEX_POINT ( 'NONE', #548 ) ;
#2931 = CARTESIAN_POINT ( 'NONE',  ( 2.651999999999997900, 0.6350000000000000100, 3.479999999999997300 ) ) ;
#2932 = CARTESIAN_POINT ( 'NONE',  ( 2.427055258741161600, 7.620000000000000100, 5.079999999999997400 ) ) ;
#2933 = EDGE_LOOP ( 'NONE', ( #487, #1428 ) ) ;
#2934 = ORIENTED_EDGE ( 'NONE', *, *, #1099, .F. ) ;
#2935 = ORIENTED_EDGE ( 'NONE', *, *, #3424, .T. ) ;
#2936 = AXIS2_PLACEMENT_3D ( 'NONE', #127, #2724, #2472 ) ;
#2937 = EDGE_LOOP ( 'NONE', ( #3416, #2526, #3391, #1203 ) ) ;
#2938 = VECTOR ( 'NONE', #2918, 1000.000000000000000 ) ;
#2939 = DIRECTION ( 'NONE',  ( -0.0000000000000000000, -1.000000000000000000, -0.0000000000000000000 ) ) ;
#2940 = VERTEX_POINT ( 'NONE', #3172 ) ;
#2941 = ORIENTED_EDGE ( 'NONE', *, *, #1185, .F. ) ;
#2942 = ADVANCED_FACE ( 'NONE', ( #2697 ), #2568, .T. ) ;
#2943 = LINE ( 'NONE', #3495, #3499 ) ;
#2944 = VERTEX_POINT ( 'NONE', #1728 ) ;
#2945 = CARTESIAN_POINT ( 'NONE',  ( -6.819899999999974800, -8.518025612106916000, 1.016000000000000000 ) ) ;
#2946 = VECTOR ( 'NONE', #963, 1000.000000000000000 ) ;
#2947 = EDGE_CURVE ( 'NONE', #615, #276, #340, .T. ) ;
#2948 = PLANE ( 'NONE',  #1277 ) ;
#2949 = DIRECTION ( 'NONE',  ( -1.355252715606880000E-016, 0.0000000000000000000, -1.000000000000000000 ) ) ;
#2950 = DIRECTION ( 'NONE',  ( 0.0000000000000000000, -1.000000000000000000, 3.414809992080329100E-015 ) ) ;
#2951 = CARTESIAN_POINT ( 'NONE',  ( -6.819899999999922400, -3.810000000000000100, -4.064000000000000100 ) ) ;
#2952 = DIRECTION ( 'NONE',  ( 0.0000000000000000000, 1.000000000000000000, 0.0000000000000000000 ) ) ;
#2953 = CARTESIAN_POINT ( 'NONE',  ( -6.819899999999974800, -3.810000000000000100, 1.523999999999999800 ) ) ;
#2954 = DIRECTION ( 'NONE',  ( -0.0000000000000000000, -1.000000000000000000, -0.0000000000000000000 ) ) ;
#2955 = ORIENTED_EDGE ( 'NONE', *, *, #52, .F. ) ;
#2956 = EDGE_CURVE ( 'NONE', #2341, #2753, #1846, .T. ) ;
#2957 = ADVANCED_FACE ( 'NONE', ( #1175 ), #3234, .T. ) ;
#2958 = ORIENTED_EDGE ( 'NONE', *, *, #3100, .F. ) ;
#2959 = FACE_OUTER_BOUND ( 'NONE', #789, .T. ) ;
#2960 = DIRECTION ( 'NONE',  ( -1.000000000000000000, 0.0000000000000000000, 4.688441826964343300E-016 ) ) ;
#2961 = VERTEX_POINT ( 'NONE', #25 ) ;
#2962 = PRODUCT_DEFINITION_FORMATION_WITH_SPECIFIED_SOURCE ( 'ANY', '', #1812, .NOT_KNOWN. ) ;
#2963 = EDGE_LOOP ( 'NONE', ( #1718, #3224, #133, #2338 ) ) ;
#2964 = SURFACE_STYLE_FILL_AREA ( #3185 ) ;
#2965 = CARTESIAN_POINT ( 'NONE',  ( 0.9905999999999977000, -3.810000000000000100, 3.492500000000000200 ) ) ;
#2966 = DIRECTION ( 'NONE',  ( 0.0000000000000000000, 1.000000000000000000, 0.0000000000000000000 ) ) ;
#2967 = CIRCLE ( 'NONE', #2426, 0.7007190620334350400 ) ;
#2968 = DIRECTION ( 'NONE',  ( 0.0000000000000000000, 1.000000000000000000, 0.0000000000000000000 ) ) ;
#2969 = EDGE_LOOP ( 'NONE', ( #1460, #242, #2827, #2955 ) ) ;
#2970 = FACE_OUTER_BOUND ( 'NONE', #2876, .T. ) ;
#2971 = FACE_OUTER_BOUND ( 'NONE', #1254, .T. ) ;
#2972 = CARTESIAN_POINT ( 'NONE',  ( 8.533084506142513300, 0.0000000000000000000, 2.564084506142514800 ) ) ;
#2973 = VERTEX_POINT ( 'NONE', #914 ) ;
#2974 = CARTESIAN_POINT ( 'NONE',  ( 7.999089757983783900, 0.7999999999999999300, -3.244472939652108100 ) ) ;
#2975 = EDGE_CURVE ( 'NONE', #1481, #1709, #3015, .T. ) ;
#2976 =( NAMED_UNIT ( * ) PLANE_ANGLE_UNIT ( ) SI_UNIT ( $, .RADIAN. ) );
#2977 = ORIENTED_EDGE ( 'NONE', *, *, #3122, .T. ) ;
#2978 = CARTESIAN_POINT ( 'NONE',  ( -9.398000000000001500, 7.620000000000000100, -0.9800000000000017600 ) ) ;
#2979 = EDGE_CURVE ( 'NONE', #645, #666, #2559, .T. ) ;
#2980 = FACE_OUTER_BOUND ( 'NONE', #1516, .T. ) ;
#2981 = UNCERTAINTY_MEASURE_WITH_UNIT (LENGTH_MEASURE( 1.000000000000000100E-005 ), #2542, 'distance_accuracy_value', 'NONE');
#2982 = ORIENTED_EDGE ( 'NONE', *, *, #3417, .F. ) ;
#2983 = LINE ( 'NONE', #708, #2438 ) ;
#2984 = DIRECTION ( 'NONE',  ( -0.0000000000000000000, -1.000000000000000000, -0.0000000000000000000 ) ) ;
#2985 = LINE ( 'NONE', #2395, #3259 ) ;
#2986 = VERTEX_POINT ( 'NONE', #2054 ) ;
#2987 = PLANE ( 'NONE',  #591 ) ;
#2988 = DIRECTION ( 'NONE',  ( -0.0000000000000000000, -1.000000000000000000, -0.0000000000000000000 ) ) ;
#2989 = ORIENTED_EDGE ( 'NONE', *, *, #1936, .T. ) ;
#2990 = EDGE_CURVE ( 'NONE', #1309, #1823, #1085, .T. ) ;
#2991 = CARTESIAN_POINT ( 'NONE',  ( -0.2980000000000022600, 7.620000000000000100, -5.880000000000002600 ) ) ;
#2992 = ORIENTED_EDGE ( 'NONE', *, *, #2253, .F. ) ;
#2993 = CARTESIAN_POINT ( 'NONE',  ( -0.8980000000000010200, 0.6350000000000001200, 4.279999999999998500 ) ) ;
#2994 = DIRECTION ( 'NONE',  ( 0.0000000000000000000, -1.000000000000000000, 0.0000000000000000000 ) ) ;
#2995 =( LENGTH_UNIT ( ) NAMED_UNIT ( * ) SI_UNIT ( .MILLI., .METRE. ) );
#2996 = CARTESIAN_POINT ( 'NONE',  ( 7.967498412224261800, 0.9749094984059627500, 1.909721318087875200 ) ) ;
#2997 = CARTESIAN_POINT ( 'NONE',  ( -6.819899999999949000, -8.518025612106916000, -1.524000000000000200 ) ) ;
#2998 = ORIENTED_EDGE ( 'NONE', *, *, #723, .F. ) ;
#2999 = ORIENTED_EDGE ( 'NONE', *, *, #1739, .T. ) ;
#3000 = VECTOR ( 'NONE', #1583, 1000.000000000000000 ) ;
#3001 = ORIENTED_EDGE ( 'NONE', *, *, #1192, .F. ) ;
#3002 = AXIS2_PLACEMENT_3D ( 'NONE', #1101, #2273, #213 ) ;
#3003 = EDGE_LOOP ( 'NONE', ( #3423, #2615 ) ) ;
#3004 = CYLINDRICAL_SURFACE ( 'NONE', #1774, 0.8649154938574854500 ) ;
#3005 = DIRECTION ( 'NONE',  ( 0.0000000000000000000, 1.000000000000000000, 0.0000000000000000000 ) ) ;
#3006 = CARTESIAN_POINT ( 'NONE',  ( -1.998000000000001600, 0.6350000000000001200, -5.079999999999998300 ) ) ;
#3007 =( GEOMETRIC_REPRESENTATION_CONTEXT ( 3 ) GLOBAL_UNCERTAINTY_ASSIGNED_CONTEXT ( ( #2981 ) ) GLOBAL_UNIT_ASSIGNED_CONTEXT ( ( #2542, #201, #2237 ) ) REPRESENTATION_CONTEXT ( 'NONE', 'WORKASPACE' ) );
#3008 = LINE ( 'NONE', #165, #1486 ) ;
#3009 = DIRECTION ( 'NONE',  ( 0.0000000000000000000, 0.0000000000000000000, 1.000000000000000000 ) ) ;
#3010 = LINE ( 'NONE', #2911, #2110 ) ;
#3011 = CARTESIAN_POINT ( 'NONE',  ( 2.651999999999998400, 0.6350000000000000100, 5.066989197252514300 ) ) ;
#3012 = VERTEX_POINT ( 'NONE', #1764 ) ;
#3013 = ORIENTED_EDGE ( 'NONE', *, *, #3738, .T. ) ;
#3014 = DIRECTION ( 'NONE',  ( 0.0000000000000000000, 0.0000000000000000000, 1.000000000000000000 ) ) ;
#3015 = CIRCLE ( 'NONE', #1820, 0.3175000000000000600 ) ;
#3016 = VERTEX_POINT ( 'NONE', #2035 ) ;
#3017 = LINE ( 'NONE', #2242, #3334 ) ;
#3018 = CARTESIAN_POINT ( 'NONE',  ( 9.640907282258075000, 0.6350000000000000100, 3.479999999999997300 ) ) ;
#3019 = PLANE ( 'NONE',  #1236 ) ;
#3020 = CARTESIAN_POINT ( 'NONE',  ( 2.427055258741161100, 0.0000000000000000000, 3.128951375504188900 ) ) ;
#3021 = ORIENTED_EDGE ( 'NONE', *, *, #475, .T. ) ;
#3022 = EDGE_CURVE ( 'NONE', #1918, #1680, #3155, .T. ) ;
#3023 = CYLINDRICAL_SURFACE ( 'NONE', #3351, 0.3175000000000000600 ) ;
#3024 = ORIENTED_EDGE ( 'NONE', *, *, #1064, .T. ) ;
#3025 = PLANE ( 'NONE',  #1677 ) ;
#3026 = EDGE_CURVE ( 'NONE', #3580, #2206, #1206, .T. ) ;
#3027 = EDGE_CURVE ( 'NONE', #2482, #1823, #3390, .T. ) ;
#3028 = ORIENTED_EDGE ( 'NONE', *, *, #252, .F. ) ;
#3029 = ORIENTED_EDGE ( 'NONE', *, *, #372, .T. ) ;
#3030 = DIRECTION ( 'NONE',  ( 0.0000000000000000000, 0.0000000000000000000, -1.000000000000000000 ) ) ;
#3031 = LINE ( 'NONE', #2461, #1505 ) ;
#3032 = DIRECTION ( 'NONE',  ( 1.000000000000000000, 0.0000000000000000000, 0.0000000000000000000 ) ) ;
#3033 = AXIS2_PLACEMENT_3D ( 'NONE', #2818, #2172, #1020 ) ;
#3034 = CARTESIAN_POINT ( 'NONE',  ( -6.438899999999923000, -3.810000000000000100, -4.064000000000000100 ) ) ;
#3035 = DIRECTION ( 'NONE',  ( -0.0000000000000000000, 1.000000000000000000, -0.0000000000000000000 ) ) ;
#3036 = DIRECTION ( 'NONE',  ( 0.0000000000000000000, 1.000000000000000000, -0.0000000000000000000 ) ) ;
#3037 = DIRECTION ( 'NONE',  ( 1.355252715606880000E-016, 0.0000000000000000000, 1.000000000000000000 ) ) ;
#3038 = CARTESIAN_POINT ( 'NONE',  ( -8.748000000000002900, 7.620000000000000100, 3.580000000000001400 ) ) ;
#3039 = ORIENTED_EDGE ( 'NONE', *, *, #3026, .T. ) ;
#3040 = EDGE_LOOP ( 'NONE', ( #1030, #3024, #3521, #1625 ) ) ;
#3041 = EDGE_CURVE ( 'NONE', #1652, #2606, #108, .T. ) ;
#3042 = DIRECTION ( 'NONE',  ( 0.0000000000000000000, 0.0000000000000000000, -1.000000000000000000 ) ) ;
#3043 = DIRECTION ( 'NONE',  ( 0.0000000000000000000, 0.0000000000000000000, 1.000000000000000000 ) ) ;
#3044 = CARTESIAN_POINT ( 'NONE',  ( 2.427055258741147400, 0.0000000000000000000, -3.128951375504188900 ) ) ;
#3045 = ORIENTED_EDGE ( 'NONE', *, *, #3451, .F. ) ;
#3046 = ORIENTED_EDGE ( 'NONE', *, *, #1817, .F. ) ;
#3047 = LINE ( 'NONE', #719, #2280 ) ;
#3048 = EDGE_CURVE ( 'NONE', #1761, #276, #933, .T. ) ;
#3049 = ORIENTED_EDGE ( 'NONE', *, *, #2306, .F. ) ;
#3050 = DIRECTION ( 'NONE',  ( 1.000000000000000000, 0.0000000000000000000, 6.672013369141570100E-016 ) ) ;
#3051 = EDGE_LOOP ( 'NONE', ( #1829, #3619, #2977, #2193 ) ) ;
#3052 = AXIS2_PLACEMENT_3D ( 'NONE', #2019, #1715, #2278 ) ;
#3053 = PLANE ( 'NONE',  #2262 ) ;
#3054 = VECTOR ( 'NONE', #124, 1000.000000000000000 ) ;
#3055 = AXIS2_PLACEMENT_3D ( 'NONE', #3355, #2198, #468 ) ;
#3056 = FACE_OUTER_BOUND ( 'NONE', #1123, .T. ) ;
#3057 = ADVANCED_FACE ( 'NONE', ( #17 ), #1472, .F. ) ;
#3058 = ORIENTED_EDGE ( 'NONE', *, *, #2192, .F. ) ;
#3059 = VERTEX_POINT ( 'NONE', #888 ) ;
#3060 = DIRECTION ( 'NONE',  ( 0.0000000000000000000, 1.000000000000000000, -6.829619984160656700E-015 ) ) ;
#3061 = VECTOR ( 'NONE', #223, 1000.000000000000000 ) ;
#3062 = ORIENTED_EDGE ( 'NONE', *, *, #2061, .T. ) ;
#3063 = DIRECTION ( 'NONE',  ( 0.0000000000000000000, 0.0000000000000000000, -1.000000000000000000 ) ) ;
#3064 = CARTESIAN_POINT ( 'NONE',  ( 0.0000000000000000000, 0.6350000000000000100, 0.0000000000000000000 ) ) ;
#3065 = LINE ( 'NONE', #2202, #1710 ) ;
#3066 = ORIENTED_EDGE ( 'NONE', *, *, #2810, .T. ) ;
#3067 = ORIENTED_EDGE ( 'NONE', *, *, #3766, .T. ) ;
#3068 = EDGE_CURVE ( 'NONE', #3284, #2940, #1492, .T. ) ;
#3069 = CIRCLE ( 'NONE', #3250, 1.951048624495812300 ) ;
#3070 = DIRECTION ( 'NONE',  ( -0.0000000000000000000, 1.000000000000000000, -0.0000000000000000000 ) ) ;
#3071 = EDGE_CURVE ( 'NONE', #1982, #3245, #1757, .T. ) ;
#3072 = VERTEX_POINT ( 'NONE', #1200 ) ;
#3073 = DIRECTION ( 'NONE',  ( 0.0000000000000000000, 1.000000000000000000, 0.0000000000000000000 ) ) ;
#3074 = CARTESIAN_POINT ( 'NONE',  ( -6.438899999999949700, 0.6350000000000000100, -1.524000000000000200 ) ) ;
#3075 = VECTOR ( 'NONE', #2217, 1000.000000000000000 ) ;
#3076 = DIRECTION ( 'NONE',  ( 1.322197771323785600E-016, 0.0000000000000000000, 1.000000000000000000 ) ) ;
#3077 = ORIENTED_EDGE ( 'NONE', *, *, #3134, .T. ) ;
#3078 = LINE ( 'NONE', #2467, #1046 ) ;
#3079 = ADVANCED_FACE ( 'NONE', ( #3242 ), #980, .T. ) ;
#3080 = DIRECTION ( 'NONE',  ( -1.000000000000000000, -0.0000000000000000000, -0.0000000000000000000 ) ) ;
#3081 = EDGE_CURVE ( 'NONE', #282, #256, #2071, .T. ) ;
#3082 = DIRECTION ( 'NONE',  ( -1.000000000000000000, 0.0000000000000000000, 6.672013369141570100E-016 ) ) ;
#3083 = AXIS2_PLACEMENT_3D ( 'NONE', #913, #1199, #1504 ) ;
#3084 = DIRECTION ( 'NONE',  ( 0.0000000000000000000, 0.0000000000000000000, 1.000000000000000000 ) ) ;
#3085 = CARTESIAN_POINT ( 'NONE',  ( 4.627420288445576600, 1.001122509598866700, -4.625114529555532700 ) ) ;
#3086 = AXIS2_PLACEMENT_3D ( 'NONE', #1579, #938, #702 ) ;
#3087 = CARTESIAN_POINT ( 'NONE',  ( -5.798000000000000900, 0.6350000000000000100, -7.112000000000000100 ) ) ;
#3088 = DIRECTION ( 'NONE',  ( 1.000000000000000000, -0.0000000000000000000, 0.0000000000000000000 ) ) ;
#3089 = CARTESIAN_POINT ( 'NONE',  ( 0.9905999999999977000, 6.719999999999998000, -3.492500000000000200 ) ) ;
#3090 = DIRECTION ( 'NONE',  ( 0.0000000000000000000, 0.0000000000000000000, 1.000000000000000000 ) ) ;
#3091 = CARTESIAN_POINT ( 'NONE',  ( 2.651999999999997900, 0.6350000000000000100, 3.479999999999997300 ) ) ;
#3092 = DIRECTION ( 'NONE',  ( 0.0000000000000000000, 1.000000000000000000, 0.0000000000000000000 ) ) ;
#3093 = VERTEX_POINT ( 'NONE', #3769 ) ;
#3094 = EDGE_CURVE ( 'NONE', #1355, #1931, #147, .T. ) ;
#3095 = ADVANCED_FACE ( 'NONE', ( #2032, #1259 ), #2687, .F. ) ;
#3096 = ORIENTED_EDGE ( 'NONE', *, *, #3610, .T. ) ;
#3097 = VECTOR ( 'NONE', #3765, 1000.000000000000000 ) ;
#3098 = DIRECTION ( 'NONE',  ( -0.0000000000000000000, 0.0000000000000000000, -1.000000000000000000 ) ) ;
#3099 = EDGE_LOOP ( 'NONE', ( #1935, #168, #1666, #2648 ) ) ;
#3100 = EDGE_CURVE ( 'NONE', #3547, #1239, #2746, .T. ) ;
#3101 = CIRCLE ( 'NONE', #3642, 0.8649154938574856700 ) ;
#3102 = LINE ( 'NONE', #1722, #572 ) ;
#3103 = CARTESIAN_POINT ( 'NONE',  ( 7.621638366658074500, 1.300000000000000000, 3.581874702276876700 ) ) ;
#3104 = FACE_OUTER_BOUND ( 'NONE', #3003, .T. ) ;
#3105 = CARTESIAN_POINT ( 'NONE',  ( 3.797999999999998300, 7.374168051794930200, 3.250000000000000000 ) ) ;
#3106 = VECTOR ( 'NONE', #200, 1000.000000000000000 ) ;
#3107 = ORIENTED_EDGE ( 'NONE', *, *, #630, .T. ) ;
#3108 = AXIS2_PLACEMENT_3D ( 'NONE', #1040, #3601, #1865 ) ;
#3109 = DIRECTION ( 'NONE',  ( 2.136358960562570700E-016, 0.0000000000000000000, -1.000000000000000000 ) ) ;
#3110 = EDGE_LOOP ( 'NONE', ( #1202, #2238, #2732, #2841 ) ) ;
#3111 = VECTOR ( 'NONE', #690, 1000.000000000000000 ) ;
#3112 = CARTESIAN_POINT ( 'NONE',  ( 7.967498412224261800, 0.9749094984059627500, 1.909721318087875200 ) ) ;
#3113 = ORIENTED_EDGE ( 'NONE', *, *, #1170, .T. ) ;
#3114 = DIRECTION ( 'NONE',  ( 0.0000000000000000000, 1.000000000000000000, 0.0000000000000000000 ) ) ;
#3115 = ORIENTED_EDGE ( 'NONE', *, *, #3122, .F. ) ;
#3116 = EDGE_LOOP ( 'NONE', ( #3321, #2562, #226, #2903 ) ) ;
#3117 = ADVANCED_FACE ( 'NONE', ( #299 ), #936, .F. ) ;
#3118 = PLANE ( 'NONE',  #1971 ) ;
#3119 = CIRCLE ( 'NONE', #292, 0.7007190620334350400 ) ;
#3120 = DIRECTION ( 'NONE',  ( 2.136358960562571000E-016, 0.0000000000000000000, -1.000000000000000000 ) ) ;
#3121 = ORIENTED_EDGE ( 'NONE', *, *, #3480, .F. ) ;
#3122 = EDGE_CURVE ( 'NONE', #1413, #2930, #2928, .T. ) ;
#3123 = LINE ( 'NONE', #2826, #1810 ) ;
#3124 = CARTESIAN_POINT ( 'NONE',  ( -6.438900000000006500, 0.6350000000000000100, 4.064000000000000900 ) ) ;
#3125 = DIRECTION ( 'NONE',  ( 0.0000000000000000000, 0.0000000000000000000, 1.000000000000000000 ) ) ;
#3126 = PRESENTATION_STYLE_ASSIGNMENT (( #3560 ) ) ;
#3127 = DIRECTION ( 'NONE',  ( 0.0000000000000000000, 0.0000000000000000000, 1.000000000000000000 ) ) ;
#3128 = AXIS2_PLACEMENT_3D ( 'NONE', #940, #1232, #3258 ) ;
#3129 = CARTESIAN_POINT ( 'NONE',  ( -0.2980000000000009900, 7.620000000000000100, 4.279999999999999400 ) ) ;
#3130 = FILL_AREA_STYLE_COLOUR ( '', #2240 ) ;
#3131 = ADVANCED_FACE ( 'NONE', ( #2249 ), #1888, .F. ) ;
#3132 = CARTESIAN_POINT ( 'NONE',  ( 8.126349376043684500, 6.598026951718218000, 1.772421577237730100 ) ) ;
#3133 = DIRECTION ( 'NONE',  ( -0.0000000000000000000, -1.000000000000000000, -0.0000000000000000000 ) ) ;
#3134 = EDGE_CURVE ( 'NONE', #2026, #3467, #2524, .T. ) ;
#3135 = ORIENTED_EDGE ( 'NONE', *, *, #723, .T. ) ;
#3136 = DIRECTION ( 'NONE',  ( -1.195183497228113500E-014, 0.0000000000000000000, 1.000000000000000000 ) ) ;
#3137 = ORIENTED_EDGE ( 'NONE', *, *, #1669, .T. ) ;
#3138 = VECTOR ( 'NONE', #1635, 1000.000000000000000 ) ;
#3139 = PLANE ( 'NONE',  #112 ) ;
#3140 = EDGE_LOOP ( 'NONE', ( #665, #2768, #2011, #1735 ) ) ;
#3141 = VERTEX_POINT ( 'NONE', #1813 ) ;
#3142 = FACE_OUTER_BOUND ( 'NONE', #982, .T. ) ;
#3143 = APPLICATION_CONTEXT ( 'automotive_design' ) ;
#3144 = SHAPE_DEFINITION_REPRESENTATION ( #1242, #626 ) ;
#3145 = LINE ( 'NONE', #2895, #2460 ) ;
#3146 = DIRECTION ( 'NONE',  ( 0.0000000000000000000, 0.0000000000000000000, 1.000000000000000000 ) ) ;
#3147 = LINE ( 'NONE', #3504, #2600 ) ;
#3148 = EDGE_CURVE ( 'NONE', #2189, #3693, #712, .T. ) ;
#3149 = ORIENTED_EDGE ( 'NONE', *, *, #2979, .T. ) ;
#3150 = VERTEX_POINT ( 'NONE', #683 ) ;
#3151 = SURFACE_SIDE_STYLE ('',( #1878 ) ) ;
#3152 = EDGE_CURVE ( 'NONE', #447, #2279, #198, .T. ) ;
#3153 = ADVANCED_FACE ( 'NONE', ( #3202 ), #616, .F. ) ;
#3154 = CARTESIAN_POINT ( 'NONE',  ( -6.438900000000001200, -8.518025612106916000, 3.556000000000000000 ) ) ;
#3155 = LINE ( 'NONE', #336, #388 ) ;
#3156 = ORIENTED_EDGE ( 'NONE', *, *, #2450, .F. ) ;
#3157 = CARTESIAN_POINT ( 'NONE',  ( 7.999089757983783900, 6.620846602207391700, 3.244472939652105000 ) ) ;
#3158 = VERTEX_POINT ( 'NONE', #969 ) ;
#3159 = PRESENTATION_LAYER_ASSIGNMENT (  '', '', ( #905 ) ) ;
#3160 = ORIENTED_EDGE ( 'NONE', *, *, #3540, .T. ) ;
#3161 = AXIS2_PLACEMENT_3D ( 'NONE', #1778, #628, #2949 ) ;
#3162 = APPLICATION_PROTOCOL_DEFINITION ( 'draft international standard', 'automotive_design', 1998, #2850 ) ;
#3163 = EDGE_LOOP ( 'NONE', ( #1941, #1408, #1737, #1043 ) ) ;
#3164 = CARTESIAN_POINT ( 'NONE',  ( 8.533084506142513300, 6.525092947577521200, 1.699169012285029600 ) ) ;
#3165 = DIRECTION ( 'NONE',  ( -0.0000000000000000000, 1.000000000000000000, -0.0000000000000000000 ) ) ;
#3166 = CYLINDRICAL_SURFACE ( 'NONE', #2820, 5.600259577253366300 ) ;
#3167 = CARTESIAN_POINT ( 'NONE',  ( -8.748000000000002900, 7.620000000000000100, 0.9800000000000017600 ) ) ;
#3168 = DIRECTION ( 'NONE',  ( 0.0000000000000000000, 0.0000000000000000000, -1.000000000000000000 ) ) ;
#3169 = VERTEX_POINT ( 'NONE', #3263 ) ;
#3170 = ORIENTED_EDGE ( 'NONE', *, *, #3690, .F. ) ;
#3171 = FACE_OUTER_BOUND ( 'NONE', #2614, .T. ) ;
#3172 = CARTESIAN_POINT ( 'NONE',  ( 7.499089757983783900, 1.300000000000000000, -2.273106199735256600 ) ) ;
#3173 = CARTESIAN_POINT ( 'NONE',  ( -9.398000000000001500, 7.620000000000000100, 5.080000000000001800 ) ) ;
#3174 = DIRECTION ( 'NONE',  ( 0.0000000000000000000, -0.0000000000000000000, -1.000000000000000000 ) ) ;
#3175 = VECTOR ( 'NONE', #2173, 1000.000000000000000 ) ;
#3176 = EDGE_CURVE ( 'NONE', #256, #282, #802, .T. ) ;
#3177 = PLANE ( 'NONE',  #1080 ) ;
#3178 = EDGE_CURVE ( 'NONE', #415, #1229, #2843, .T. ) ;
#3179 =( NAMED_UNIT ( * ) SI_UNIT ( $, .STERADIAN. ) SOLID_ANGLE_UNIT ( ) );
#3180 = CARTESIAN_POINT ( 'NONE',  ( -4.198000000000000400, 0.0000000000000000000, 3.479999999999999500 ) ) ;
#3181 = CARTESIAN_POINT ( 'NONE',  ( 9.640907282258075000, 0.0000000000000000000, -3.479999999999998200 ) ) ;
#3182 = STYLED_ITEM ( 'NONE', ( #1483 ), #2339 ) ;
#3183 = AXIS2_PLACEMENT_3D ( 'NONE', #1058, #3362, #3664 ) ;
#3184 = DIRECTION ( 'NONE',  ( 1.422837496700137000E-016, 0.0000000000000000000, 1.000000000000000000 ) ) ;
#3185 = FILL_AREA_STYLE ('',( #3130 ) ) ;
#3186 = ORIENTED_EDGE ( 'NONE', *, *, #1467, .F. ) ;
#3187 = CARTESIAN_POINT ( 'NONE',  ( 8.533084506142513300, 6.525092947577521200, -1.699169012285029600 ) ) ;
#3188 = SURFACE_STYLE_USAGE ( .BOTH. , #2324 ) ;
#3189 = VERTEX_POINT ( 'NONE', #3573 ) ;
#3190 = ORIENTED_EDGE ( 'NONE', *, *, #555, .F. ) ;
#3191 = COLOUR_RGB ( '',0.7921568627450980000, 0.8196078431372548800, 0.9333333333333333500 ) ;
#3192 = CARTESIAN_POINT ( 'NONE',  ( 3.966717974736422300, 0.8786685737919616200, -3.265348654935874800 ) ) ;
#3193 = DIRECTION ( 'NONE',  ( -1.000000000000000000, -0.0000000000000000000, -0.0000000000000000000 ) ) ;
#3194 = ORIENTED_EDGE ( 'NONE', *, *, #3480, .T. ) ;
#3195 = EDGE_CURVE ( 'NONE', #3580, #3158, #2649, .T. ) ;
#3196 = VECTOR ( 'NONE', #3624, 1000.000000000000000 ) ;
#3197 = VECTOR ( 'NONE', #3211, 1000.000000000000000 ) ;
#3198 = VECTOR ( 'NONE', #430, 1000.000000000000000 ) ;
#3199 = FACE_OUTER_BOUND ( 'NONE', #3201, .T. ) ;
#3200 = VERTEX_POINT ( 'NONE', #3287 ) ;
#3201 = EDGE_LOOP ( 'NONE', ( #769, #949, #3596, #245 ) ) ;
#3202 = FACE_OUTER_BOUND ( 'NONE', #199, .T. ) ;
#3203 = EDGE_LOOP ( 'NONE', ( #111, #3497, #3691, #373 ) ) ;
#3204 = CARTESIAN_POINT ( 'NONE',  ( -9.398000000000001500, 0.6350000000000000100, -7.112000000000000100 ) ) ;
#3205 = LINE ( 'NONE', #1474, #857 ) ;
#3206 = ORIENTED_EDGE ( 'NONE', *, *, #2131, .F. ) ;
#3207 = VERTEX_POINT ( 'NONE', #948 ) ;
#3208 =( GEOMETRIC_REPRESENTATION_CONTEXT ( 3 ) GLOBAL_UNCERTAINTY_ASSIGNED_CONTEXT ( ( #2756 ) ) GLOBAL_UNIT_ASSIGNED_CONTEXT ( ( #3515, #2349, #2628 ) ) REPRESENTATION_CONTEXT ( 'NONE', 'WORKASPACE' ) );
#3209 = LINE ( 'NONE', #3018, #3256 ) ;
#3210 = ORIENTED_EDGE ( 'NONE', *, *, #3268, .T. ) ;
#3211 = DIRECTION ( 'NONE',  ( -1.000000000000000000, -0.0000000000000000000, -0.0000000000000000000 ) ) ;
#3212 = LINE ( 'NONE', #2691, #774 ) ;
#3213 = VERTEX_POINT ( 'NONE', #3586 ) ;
#3214 = EDGE_CURVE ( 'NONE', #2391, #2392, #534, .T. ) ;
#3215 = CARTESIAN_POINT ( 'NONE',  ( -5.798000000000000900, 0.0000000000000000000, -3.479999999999998200 ) ) ;
#3216 = CARTESIAN_POINT ( 'NONE',  ( 0.9905999999999977000, 0.6350000000000000100, 3.810000000000000100 ) ) ;
#3217 = EDGE_CURVE ( 'NONE', #944, #876, #1986, .T. ) ;
#3218 = ADVANCED_FACE ( 'NONE', ( #1308 ), #3332, .F. ) ;
#3219 = AXIS2_PLACEMENT_3D ( 'NONE', #2637, #2078, #635 ) ;
#3220 = DIRECTION ( 'NONE',  ( 1.422837496700137000E-016, 0.0000000000000000000, 1.000000000000000000 ) ) ;
#3221 = AXIS2_PLACEMENT_3D ( 'NONE', #3658, #2796, #2812 ) ;
#3222 = AXIS2_PLACEMENT_3D ( 'NONE', #3044, #2179, #2773 ) ;
#3223 = ORIENTED_EDGE ( 'NONE', *, *, #2131, .T. ) ;
#3224 = ORIENTED_EDGE ( 'NONE', *, *, #3041, .T. ) ;
#3225 = LINE ( 'NONE', #208, #2871 ) ;
#3226 = CARTESIAN_POINT ( 'NONE',  ( 7.999089757983783900, 0.8000000000000003800, -1.883696072632925000 ) ) ;
#3227 = CARTESIAN_POINT ( 'NONE',  ( 0.6730999999999977000, 7.219999999999999800, 3.309999999999996900 ) ) ;
#3228 = EDGE_LOOP ( 'NONE', ( #1223, #1632, #1272, #850, #195, #2566, #354, #2414 ) ) ;
#3229 = VECTOR ( 'NONE', #300, 1000.000000000000000 ) ;
#3230 = ORIENTED_EDGE ( 'NONE', *, *, #82, .T. ) ;
#3231 = DIRECTION ( 'NONE',  ( 0.0000000000000000000, 0.0000000000000000000, -1.000000000000000000 ) ) ;
#3232 = FACE_OUTER_BOUND ( 'NONE', #2284, .T. ) ;
#3233 = CARTESIAN_POINT ( 'NONE',  ( 0.4905999999999967600, 7.620000000000000100, -3.810000000000000100 ) ) ;
#3234 = PLANE ( 'NONE',  #3592 ) ;
#3235 = VECTOR ( 'NONE', #3070, 1000.000000000000000 ) ;
#3236 = EDGE_CURVE ( 'NONE', #1648, #3016, #3436, .T. ) ;
#3237 = ORIENTED_EDGE ( 'NONE', *, *, #2860, .T. ) ;
#3238 = ADVANCED_FACE ( 'NONE', ( #2148 ), #1752, .T. ) ;
#3239 = ORIENTED_EDGE ( 'NONE', *, *, #2393, .F. ) ;
#3240 = DIRECTION ( 'NONE',  ( 0.0000000000000000000, 0.0000000000000000000, -1.000000000000000000 ) ) ;
#3241 =( BOUNDED_CURVE ( )  B_SPLINE_CURVE ( 3, ( #319, #2625, #602, #21 ),
 .UNSPECIFIED., .F., .T. ) 
 B_SPLINE_CURVE_WITH_KNOTS ( ( 4, 4 ),
 ( 4.712388980384689700, 5.489698216043752400 ),
 .UNSPECIFIED. ) 
 CURVE ( )  GEOMETRIC_REPRESENTATION_ITEM ( )  RATIONAL_B_SPLINE_CURVE ( ( 1.000000000000000000, 0.9502798142339756700, 0.9502798142339756700, 1.000000000000000000 ) ) 
 REPRESENTATION_ITEM ( '' )  );
#3242 = FACE_OUTER_BOUND ( 'NONE', #1655, .T. ) ;
#3243 = CARTESIAN_POINT ( 'NONE',  ( -6.438899999999949700, -8.518025612106916000, -1.524000000000000200 ) ) ;
#3244 = EDGE_CURVE ( 'NONE', #271, #1314, #1033, .T. ) ;
#3245 = VERTEX_POINT ( 'NONE', #125 ) ;
#3246 = DIRECTION ( 'NONE',  ( 0.0000000000000000000, 0.0000000000000000000, -1.000000000000000000 ) ) ;
#3247 = CIRCLE ( 'NONE', #2400, 0.8649154938574856700 ) ;
#3248 = VERTEX_POINT ( 'NONE', #1335 ) ;
#3249 = ORIENTED_EDGE ( 'NONE', *, *, #2248, .F. ) ;
#3250 = AXIS2_PLACEMENT_3D ( 'NONE', #341, #2362, #2643 ) ;
#3251 = VECTOR ( 'NONE', #1263, 1000.000000000000000 ) ;
#3252 = DIRECTION ( 'NONE',  ( 0.0000000000000000000, -0.0000000000000000000, -1.000000000000000000 ) ) ;
#3253 = CARTESIAN_POINT ( 'NONE',  ( -6.438899999999975400, -3.810000000000000100, 1.016000000000000000 ) ) ;
#3254 = DIRECTION ( 'NONE',  ( 0.0000000000000000000, -1.000000000000000000, 8.673617379884035500E-015 ) ) ;
#3255 = ORIENTED_EDGE ( 'NONE', *, *, #2197, .F. ) ;
#3256 = VECTOR ( 'NONE', #130, 1000.000000000000000 ) ;
#3257 = FILL_AREA_STYLE_COLOUR ( '', #1682 ) ;
#3258 = DIRECTION ( 'NONE',  ( 0.0000000000000000000, 0.0000000000000000000, 1.000000000000000000 ) ) ;
#3259 = VECTOR ( 'NONE', #78, 1000.000000000000000 ) ;
#3260 = EDGE_CURVE ( 'NONE', #855, #209, #846, .T. ) ;
#3261 = CARTESIAN_POINT ( 'NONE',  ( 0.9905999999999977000, -8.518025612106916000, 4.127500000000000400 ) ) ;
#3262 = ORIENTED_EDGE ( 'NONE', *, *, #105, .T. ) ;
#3263 = CARTESIAN_POINT ( 'NONE',  ( 7.967498412224261800, 0.9749094984059618600, -1.909721318087874700 ) ) ;
#3264 = EDGE_CURVE ( 'NONE', #917, #1755, #1448, .T. ) ;
#3265 = CARTESIAN_POINT ( 'NONE',  ( -6.819900000000001400, -3.810000000000000100, 3.556000000000000000 ) ) ;
#3266 = ORIENTED_EDGE ( 'NONE', *, *, #2323, .T. ) ;
#3267 = EDGE_CURVE ( 'NONE', #939, #3643, #1619, .T. ) ;
#3268 = EDGE_CURVE ( 'NONE', #2926, #1343, #2519, .T. ) ;
#3269 = ORIENTED_EDGE ( 'NONE', *, *, #3686, .T. ) ;
#3270 = CIRCLE ( 'NONE', #906, 0.3175000000000000600 ) ;
#3271 = CARTESIAN_POINT ( 'NONE',  ( 0.9905999999999977000, 6.120000000000000100, -3.810000000000000100 ) ) ;
#3272 = ORIENTED_EDGE ( 'NONE', *, *, #2678, .F. ) ;
#3273 = ORIENTED_EDGE ( 'NONE', *, *, #1622, .F. ) ;
#3274 = ADVANCED_FACE ( 'NONE', ( #2245 ), #2178, .T. ) ;
#3275 = LINE ( 'NONE', #872, #1653 ) ;
#3276 = CARTESIAN_POINT ( 'NONE',  ( -9.398000000000001500, 7.620000000000000100, -5.079999999999998300 ) ) ;
#3277 = VERTEX_POINT ( 'NONE', #3352 ) ;
#3278 = PLANE ( 'NONE',  #83 ) ;
#3279 = FACE_OUTER_BOUND ( 'NONE', #2070, .T. ) ;
#3280 = FACE_OUTER_BOUND ( 'NONE', #2969, .T. ) ;
#3281 = ORIENTED_EDGE ( 'NONE', *, *, #1553, .T. ) ;
#3282 = DIRECTION ( 'NONE',  ( 1.000000000000000000, 0.0000000000000000000, 1.445602896647339100E-015 ) ) ;
#3283 = LINE ( 'NONE', #3343, #1394 ) ;
#3284 = VERTEX_POINT ( 'NONE', #2167 ) ;
#3285 = CARTESIAN_POINT ( 'NONE',  ( 8.533084506142513300, 0.0000000000000000000, -1.699169012285029600 ) ) ;
#3286 = EDGE_LOOP ( 'NONE', ( #106, #22, #1703, #557 ) ) ;
#3287 = CARTESIAN_POINT ( 'NONE',  ( 0.9905999999999977000, 6.120000000000000100, 4.309999999999999600 ) ) ;
#3288 = EDGE_CURVE ( 'NONE', #696, #895, #3561, .T. ) ;
#3289 = VECTOR ( 'NONE', #1751, 1000.000000000000000 ) ;
#3290 = CARTESIAN_POINT ( 'NONE',  ( 7.499089757983783900, 1.300000000000000000, 2.273106199735256600 ) ) ;
#3291 = EDGE_LOOP ( 'NONE', ( #2459, #1830, #2204, #2707 ) ) ;
#3292 = DIRECTION ( 'NONE',  ( -1.000000000000000000, -0.0000000000000000000, -0.0000000000000000000 ) ) ;
#3293 = CARTESIAN_POINT ( 'NONE',  ( -9.398000000000001500, 0.6350000000000001200, -5.079999999999998300 ) ) ;
#3294 = CARTESIAN_POINT ( 'NONE',  ( -9.398000000000001500, 0.6350000000000001200, 0.9800000000000017600 ) ) ;
#3295 = EDGE_CURVE ( 'NONE', #3141, #1239, #663, .T. ) ;
#3296 = VECTOR ( 'NONE', #1843, 1000.000000000000000 ) ;
#3297 = ORIENTED_EDGE ( 'NONE', *, *, #899, .F. ) ;
#3298 = ORIENTED_EDGE ( 'NONE', *, *, #897, .F. ) ;
#3299 = FACE_OUTER_BOUND ( 'NONE', #38, .T. ) ;
#3300 = ORIENTED_EDGE ( 'NONE', *, *, #2500, .F. ) ;
#3301 = AXIS2_PLACEMENT_3D ( 'NONE', #631, #916, #2950 ) ;
#3302 = DIRECTION ( 'NONE',  ( 0.0000000000000000000, 0.0000000000000000000, 1.000000000000000000 ) ) ;
#3303 = CARTESIAN_POINT ( 'NONE',  ( -5.798000000000000900, 0.0000000000000000000, 5.079999999999997400 ) ) ;
#3304 = VECTOR ( 'NONE', #3453, 1000.000000000000000 ) ;
#3305 = CIRCLE ( 'NONE', #3572, 0.3175000000000000600 ) ;
#3306 = SURFACE_SIDE_STYLE ('',( #1768 ) ) ;
#3307 = CARTESIAN_POINT ( 'NONE',  ( 0.9905999999999977000, 6.120000000000000100, 4.127500000000000400 ) ) ;
#3308 = CARTESIAN_POINT ( 'NONE',  ( 2.427055258741147400, 0.0000000000000000000, -3.128951375504188900 ) ) ;
#3309 = VERTEX_POINT ( 'NONE', #1300 ) ;
#3310 = DIRECTION ( 'NONE',  ( 1.000000000000000000, 0.0000000000000000000, 0.0000000000000000000 ) ) ;
#3311 = PLANE ( 'NONE',  #2455 ) ;
#3312 = EDGE_CURVE ( 'NONE', #1969, #3012, #2066, .T. ) ;
#3313 = DIRECTION ( 'NONE',  ( 1.760068461827120900E-016, 0.0000000000000000000, 1.000000000000000000 ) ) ;
#3314 = DIRECTION ( 'NONE',  ( 1.000000000000000000, 0.0000000000000000000, -0.0000000000000000000 ) ) ;
#3315 = DIRECTION ( 'NONE',  ( -0.0000000000000000000, -1.000000000000000000, -0.0000000000000000000 ) ) ;
#3316 = PLANE ( 'NONE',  #1271 ) ;
#3317 = CARTESIAN_POINT ( 'NONE',  ( 3.797999999999996500, 7.374168051794930200, -3.249999999999999600 ) ) ;
#3318 = VERTEX_POINT ( 'NONE', #2466 ) ;
#3319 = DIRECTION ( 'NONE',  ( 1.000000000000000000, 0.0000000000000000000, 0.0000000000000000000 ) ) ;
#3320 = CLOSED_SHELL ( 'NONE', ( #3427, #623, #158, #2665 ) ) ;
#3321 = ORIENTED_EDGE ( 'NONE', *, *, #955, .T. ) ;
#3322 = AXIS2_PLACEMENT_3D ( 'NONE', #80, #1510, #3529 ) ;
#3323 = ORIENTED_EDGE ( 'NONE', *, *, #291, .T. ) ;
#3324 = DIRECTION ( 'NONE',  ( -0.0000000000000000000, -1.000000000000000000, -0.0000000000000000000 ) ) ;
#3325 = LINE ( 'NONE', #2310, #3600 ) ;
#3326 = CARTESIAN_POINT ( 'NONE',  ( -5.798000000000000900, 0.0000000000000000000, -3.128951375504188900 ) ) ;
#3327 = VECTOR ( 'NONE', #3358, 1000.000000000000000 ) ;
#3328 = DIRECTION ( 'NONE',  ( 0.0000000000000000000, -0.0000000000000000000, -1.000000000000000000 ) ) ;
#3329 = EDGE_LOOP ( 'NONE', ( #227, #762, #180, #146 ) ) ;
#3330 = ORIENTED_EDGE ( 'NONE', *, *, #3365, .T. ) ;
#3331 = CARTESIAN_POINT ( 'NONE',  ( -0.8980000000000010200, 7.620000000000000100, 4.279999999999998500 ) ) ;
#3332 = CYLINDRICAL_SURFACE ( 'NONE', #2475, 0.7007190620334350400 ) ;
#3333 = VERTEX_POINT ( 'NONE', #3626 ) ;
#3334 = VECTOR ( 'NONE', #178, 1000.000000000000000 ) ;
#3335 = DIRECTION ( 'NONE',  ( -0.0000000000000000000, -1.000000000000000000, -0.0000000000000000000 ) ) ;
#3336 = ORIENTED_EDGE ( 'NONE', *, *, #3267, .T. ) ;
#3337 = VERTEX_POINT ( 'NONE', #1907 ) ;
#3338 = ORIENTED_EDGE ( 'NONE', *, *, #2308, .F. ) ;
#3339 = FACE_OUTER_BOUND ( 'NONE', #828, .T. ) ;
#3340 = DIRECTION ( 'NONE',  ( -1.138269997360109700E-016, -0.0000000000000000000, -1.000000000000000000 ) ) ;
#3341 = ORIENTED_EDGE ( 'NONE', *, *, #2990, .F. ) ;
#3342 = ADVANCED_FACE ( 'NONE', ( #2692 ), #1168, .T. ) ;
#3343 = CARTESIAN_POINT ( 'NONE',  ( -6.438899999999975400, -8.518025612106916000, 1.016000000000000000 ) ) ;
#3344 = CARTESIAN_POINT ( 'NONE',  ( -6.438899999999974500, 0.6350000000000000100, 1.523999999999999800 ) ) ;
#3345 = EDGE_CURVE ( 'NONE', #2801, #876, #1980, .T. ) ;
#3346 = COLOUR_RGB ( '',0.7921568627450980000, 0.8196078431372548800, 0.9333333333333333500 ) ;
#3347 = EDGE_CURVE ( 'NONE', #812, #722, #193, .T. ) ;
#3348 = CARTESIAN_POINT ( 'NONE',  ( 1.451999999999999100, 0.0000000000000000000, -7.112000000000000100 ) ) ;
#3349 = FACE_OUTER_BOUND ( 'NONE', #1988, .T. ) ;
#3350 = CARTESIAN_POINT ( 'NONE',  ( -5.798000000000000900, 0.0000000000000000000, -5.079999999999998300 ) ) ;
#3351 = AXIS2_PLACEMENT_3D ( 'NONE', #1027, #1273, #423 ) ;
#3352 = CARTESIAN_POINT ( 'NONE',  ( -6.420772428101458700, 7.620000000000000100, -2.983216451137062500 ) ) ;
#3353 = CARTESIAN_POINT ( 'NONE',  ( -0.2980000000000011500, 7.620000000000000100, 3.049999999999998900 ) ) ;
#3354 = ORIENTED_EDGE ( 'NONE', *, *, #3345, .T. ) ;
#3355 = CARTESIAN_POINT ( 'NONE',  ( -6.819900000000001400, -8.518025612106916000, 3.556000000000000000 ) ) ;
#3356 = CARTESIAN_POINT ( 'NONE',  ( 0.9905999999999977000, 7.219999999999999800, 3.309999999999996900 ) ) ;
#3357 = PLANE ( 'NONE',  #3376 ) ;
#3358 = DIRECTION ( 'NONE',  ( 0.0000000000000000000, -1.000000000000000000, -6.829619984160658000E-016 ) ) ;
#3359 = EDGE_CURVE ( 'NONE', #1758, #364, #2144, .T. ) ;
#3360 = ADVANCED_FACE ( 'NONE', ( #3199 ), #482, .F. ) ;
#3361 = PRODUCT_DEFINITION_CONTEXT ( 'detailed design', #1426, 'design' ) ;
#3362 = DIRECTION ( 'NONE',  ( 0.0000000000000000000, -1.000000000000000000, 0.0000000000000000000 ) ) ;
#3363 = ORIENTED_EDGE ( 'NONE', *, *, #698, .T. ) ;
#3364 = VECTOR ( 'NONE', #1687, 1000.000000000000000 ) ;
#3365 = EDGE_CURVE ( 'NONE', #895, #3627, #529, .T. ) ;
#3366 = CARTESIAN_POINT ( 'NONE',  ( 3.797999999999998300, 4.191000000000000700, 0.0000000000000000000 ) ) ;
#3367 = VERTEX_POINT ( 'NONE', #1403 ) ;
#3368 = CARTESIAN_POINT ( 'NONE',  ( 0.9905999999999977000, 6.719999999999992600, -4.127500000000000400 ) ) ;
#3369 = DIRECTION ( 'NONE',  ( 0.0000000000000000000, 0.0000000000000000000, 1.000000000000000000 ) ) ;
#3370 = ORIENTED_EDGE ( 'NONE', *, *, #2706, .T. ) ;
#3371 = LINE ( 'NONE', #1889, #3469 ) ;
#3372 = CARTESIAN_POINT ( 'NONE',  ( -6.438899999999949700, 0.6350000000000000100, -1.524000000000000200 ) ) ;
#3373 = ORIENTED_EDGE ( 'NONE', *, *, #478, .T. ) ;
#3374 = PRODUCT_RELATED_PRODUCT_CATEGORY ( 'part', '', ( #1812 ) ) ;
#3375 = CIRCLE ( 'NONE', #2662, 0.1824999999999995000 ) ;
#3376 = AXIS2_PLACEMENT_3D ( 'NONE', #998, #2725, #2162 ) ;
#3377 =( BOUNDED_CURVE ( )  B_SPLINE_CURVE ( 3, ( #1726, #315, #608, #3756 ),
 .UNSPECIFIED., .F., .T. ) 
 B_SPLINE_CURVE_WITH_KNOTS ( ( 4, 4 ),
 ( 1.686347574333843900, 2.327604308901996000 ),
 .UNSPECIFIED. ) 
 CURVE ( )  GEOMETRIC_REPRESENTATION_ITEM ( )  RATIONAL_B_SPLINE_CURVE ( ( 1.000000000000000000, 0.9660250449063061400, 0.9660250449063061400, 1.000000000000000000 ) ) 
 REPRESENTATION_ITEM ( '' )  );
#3378 = VECTOR ( 'NONE', #883, 1000.000000000000000 ) ;
#3379 = VERTEX_POINT ( 'NONE', #2268 ) ;
#3380 = CARTESIAN_POINT ( 'NONE',  ( -4.198000000000001300, 0.6350000000000000100, -7.112000000000000100 ) ) ;
#3381 = LINE ( 'NONE', #3589, #886 ) ;
#3382 = CARTESIAN_POINT ( 'NONE',  ( 0.9905999999999977000, 6.719999999999997100, -3.810000000000000100 ) ) ;
#3383 = DIRECTION ( 'NONE',  ( 1.000000000000000000, 0.0000000000000000000, -0.0000000000000000000 ) ) ;
#3384 = VECTOR ( 'NONE', #535, 1000.000000000000000 ) ;
#3385 = ORIENTED_EDGE ( 'NONE', *, *, #1942, .F. ) ;
#3386 = DIRECTION ( 'NONE',  ( -0.0000000000000000000, 1.000000000000000000, -0.0000000000000000000 ) ) ;
#3387 = ORIENTED_EDGE ( 'NONE', *, *, #322, .T. ) ;
#3388 = ADVANCED_FACE ( 'NONE', ( #2971 ), #501, .F. ) ;
#3389 = CARTESIAN_POINT ( 'NONE',  ( -6.819900000000001400, -8.518025612106916000, 3.556000000000000000 ) ) ;
#3390 = LINE ( 'NONE', #589, #3486 ) ;
#3391 = ORIENTED_EDGE ( 'NONE', *, *, #1311, .F. ) ;
#3392 = ORIENTED_EDGE ( 'NONE', *, *, #2779, .F. ) ;
#3393 = EDGE_CURVE ( 'NONE', #1405, #1293, #575, .T. ) ;
#3394 = ORIENTED_EDGE ( 'NONE', *, *, #2947, .T. ) ;
#3395 = DIRECTION ( 'NONE',  ( -0.0000000000000000000, -1.000000000000000000, -0.0000000000000000000 ) ) ;
#3396 = ORIENTED_EDGE ( 'NONE', *, *, #2308, .T. ) ;
#3397 = DIRECTION ( 'NONE',  ( -0.0000000000000000000, 1.000000000000000000, -0.0000000000000000000 ) ) ;
#3398 = TOROIDAL_SURFACE ( 'NONE', #85, 0.4999999999999995600, 0.3175000000000001200 ) ;
#3399 = DIRECTION ( 'NONE',  ( -2.136358960562571000E-016, 0.0000000000000000000, 1.000000000000000000 ) ) ;
#3400 = DIRECTION ( 'NONE',  ( -0.0000000000000000000, -1.000000000000000000, -0.0000000000000000000 ) ) ;
#3401 = FACE_OUTER_BOUND ( 'NONE', #1494, .T. ) ;
#3402 = CARTESIAN_POINT ( 'NONE',  ( 7.737624024001092900, 1.257003728923534300, 3.485592504363836900 ) ) ;
#3403 = ORIENTED_EDGE ( 'NONE', *, *, #584, .F. ) ;
#3404 = ORIENTED_EDGE ( 'NONE', *, *, #2197, .T. ) ;
#3405 = AXIS2_PLACEMENT_3D ( 'NONE', #2552, #856, #824 ) ;
#3406 = CARTESIAN_POINT ( 'NONE',  ( 0.9905999999999977000, 0.6350000000000000100, -4.127500000000000400 ) ) ;
#3407 =( GEOMETRIC_REPRESENTATION_CONTEXT ( 3 ) GLOBAL_UNCERTAINTY_ASSIGNED_CONTEXT ( ( #1136 ) ) GLOBAL_UNIT_ASSIGNED_CONTEXT ( ( #1, #2047, #286 ) ) REPRESENTATION_CONTEXT ( 'NONE', 'WORKASPACE' ) );
#3408 = CARTESIAN_POINT ( 'NONE',  ( 4.967260420584823400, 1.064108155118959300, -3.273030884697923200 ) ) ;
#3409 = ADVANCED_FACE ( 'NONE', ( #705 ), #2251, .F. ) ;
#3410 = DIRECTION ( 'NONE',  ( -0.0000000000000000000, -0.0000000000000000000, 1.000000000000000000 ) ) ;
#3411 = AXIS2_PLACEMENT_3D ( 'NONE', #3583, #1905, #3073 ) ;
#3412 = DIRECTION ( 'NONE',  ( -0.0000000000000000000, -1.000000000000000000, -0.0000000000000000000 ) ) ;
#3413 = CARTESIAN_POINT ( 'NONE',  ( 7.499089757983783900, 0.7999999999999999300, -7.112000000000000100 ) ) ;
#3414 = ORIENTED_EDGE ( 'NONE', *, *, #1383, .T. ) ;
#3415 = CARTESIAN_POINT ( 'NONE',  ( 9.640907282258075000, 0.6350000000000000100, -3.479999999999997800 ) ) ;
#3416 = ORIENTED_EDGE ( 'NONE', *, *, #3464, .F. ) ;
#3417 = EDGE_CURVE ( 'NONE', #1755, #183, #59, .T. ) ;
#3418 = ORIENTED_EDGE ( 'NONE', *, *, #2413, .F. ) ;
#3419 = VECTOR ( 'NONE', #3705, 1000.000000000000000 ) ;
#3420 = CARTESIAN_POINT ( 'NONE',  ( -8.748000000000002900, 7.620000000000000100, -0.9800000000000017600 ) ) ;
#3421 = DIRECTION ( 'NONE',  ( -1.000000000000000000, 0.0000000000000000000, 0.0000000000000000000 ) ) ;
#3422 = CARTESIAN_POINT ( 'NONE',  ( -9.398000000000001500, 7.620000000000000100, -3.580000000000001800 ) ) ;
#3423 = ORIENTED_EDGE ( 'NONE', *, *, #1086, .F. ) ;
#3424 = EDGE_CURVE ( 'NONE', #666, #1652, #102, .T. ) ;
#3425 = VECTOR ( 'NONE', #3741, 1000.000000000000000 ) ;
#3426 = AXIS2_PLACEMENT_3D ( 'NONE', #2471, #1910, #1904 ) ;
#3427 = ADVANCED_FACE ( 'NONE', ( #3517 ), #1303, .T. ) ;
#3428 = CARTESIAN_POINT ( 'NONE',  ( 7.919860062514826100, 1.079229181717835400, 3.320922286448134500 ) ) ;
#3429 = FACE_OUTER_BOUND ( 'NONE', #2744, .T. ) ;
#3430 = CARTESIAN_POINT ( 'NONE',  ( 1.451999999999999100, 3.616966743611484300E-014, 3.479999999999998600 ) ) ;
#3431 = MANIFOLD_SOLID_BREP ( 'Cut-Extrude5', #2016 ) ;
#3432 = EDGE_LOOP ( 'NONE', ( #149, #1558 ) ) ;
#3433 = EDGE_CURVE ( 'NONE', #1150, #3213, #889, .T. ) ;
#3434 = SURFACE_STYLE_USAGE ( .BOTH. , #1119 ) ;
#3435 = ORIENTED_EDGE ( 'NONE', *, *, #1484, .F. ) ;
#3436 = LINE ( 'NONE', #2141, #1126 ) ;
#3437 = CARTESIAN_POINT ( 'NONE',  ( 3.766653535933330900, 7.379788965679303200, -4.547424918045866300 ) ) ;
#3438 = CARTESIAN_POINT ( 'NONE',  ( -0.2980000000000022600, 7.620000000000000100, -5.880000000000002600 ) ) ;
#3439 = SURFACE_SIDE_STYLE ('',( #2905 ) ) ;
#3440 = ORIENTED_EDGE ( 'NONE', *, *, #1507, .F. ) ;
#3441 = FACE_OUTER_BOUND ( 'NONE', #539, .T. ) ;
#3442 = EDGE_LOOP ( 'NONE', ( #407, #2601, #2319, #66, #1213, #2851, #3298, #1294, #1973, #3330, #3046, #1248, #2186, #3559 ) ) ;
#3443 = ORIENTED_EDGE ( 'NONE', *, *, #579, .T. ) ;
#3444 = CARTESIAN_POINT ( 'NONE',  ( 1.451999999999999100, 0.0000000000000000000, -3.128951375504188900 ) ) ;
#3445 = LINE ( 'NONE', #611, #2658 ) ;
#3446 = DIRECTION ( 'NONE',  ( 0.0000000000000000000, 0.0000000000000000000, -1.000000000000000000 ) ) ;
#3447 = ORIENTED_EDGE ( 'NONE', *, *, #1286, .T. ) ;
#3448 = EDGE_CURVE ( 'NONE', #2545, #2368, #2196, .T. ) ;
#3449 = CARTESIAN_POINT ( 'NONE',  ( 5.618880821568474500, 1.184878857895168100, -3.156902925001159800 ) ) ;
#3450 = ADVANCED_FACE ( 'NONE', ( #15 ), #613, .T. ) ;
#3451 = EDGE_CURVE ( 'NONE', #1680, #1150, #2604, .T. ) ;
#3452 = CARTESIAN_POINT ( 'NONE',  ( 7.999089757983783900, 0.8000000000000003800, -3.244472939652108100 ) ) ;
#3453 = DIRECTION ( 'NONE',  ( -0.0000000000000000000, 1.000000000000000000, -0.0000000000000000000 ) ) ;
#3454 = SURFACE_STYLE_USAGE ( .BOTH. , #3151 ) ;
#3455 = CARTESIAN_POINT ( 'NONE',  ( 7.999089757983783900, 0.8000000000000003800, 3.244472939652104600 ) ) ;
#3456 = AXIS2_PLACEMENT_3D ( 'NONE', #1281, #687, #1582 ) ;
#3457 = CARTESIAN_POINT ( 'NONE',  ( 5.336578577583169100, 7.098276720940448000, 4.833143651172254500 ) ) ;
#3458 = DIRECTION ( 'NONE',  ( -1.000000000000000000, 0.0000000000000000000, -2.276539994720218000E-015 ) ) ;
#3459 = DIRECTION ( 'NONE',  ( -0.0000000000000000000, -1.000000000000000000, -0.0000000000000000000 ) ) ;
#3460 = CARTESIAN_POINT ( 'NONE',  ( -8.748000000000002900, 7.620000000000000100, -0.9800000000000017600 ) ) ;
#3461 = CARTESIAN_POINT ( 'NONE',  ( 3.797999999999996500, 0.8473985454915313700, -3.249999999999999600 ) ) ;
#3462 = ORIENTED_EDGE ( 'NONE', *, *, #1628, .T. ) ;
#3463 = VECTOR ( 'NONE', #1894, 1000.000000000000000 ) ;
#3464 = EDGE_CURVE ( 'NONE', #2042, #2505, #484, .T. ) ;
#3465 = DIRECTION ( 'NONE',  ( -1.000000000000000000, 0.0000000000000000000, -1.445602896647339100E-015 ) ) ;
#3466 = EDGE_CURVE ( 'NONE', #2386, #643, #3010, .T. ) ;
#3467 = VERTEX_POINT ( 'NONE', #2886 ) ;
#3468 = ORIENTED_EDGE ( 'NONE', *, *, #2585, .T. ) ;
#3469 = VECTOR ( 'NONE', #2143, 1000.000000000000000 ) ;
#3470 = CARTESIAN_POINT ( 'NONE',  ( 8.533084506142513300, 7.620000000000000100, -3.429000000000000700 ) ) ;
#3471 =( REPRESENTATION_RELATIONSHIP ('NONE','NONE', #626, #1874 ) REPRESENTATION_RELATIONSHIP_WITH_TRANSFORMATION ( #2642 )SHAPE_REPRESENTATION_RELATIONSHIP( ) );
#3472 = VECTOR ( 'NONE', #3092, 1000.000000000000000 ) ;
#3473 = ORIENTED_EDGE ( 'NONE', *, *, #3690, .T. ) ;
#3474 = CARTESIAN_POINT ( 'NONE',  ( 0.9905999999999977000, 0.6350000000000000100, 4.127500000000000400 ) ) ;
#3475 = VECTOR ( 'NONE', #3714, 1000.000000000000000 ) ;
#3476 = CARTESIAN_POINT ( 'NONE',  ( -1.998000000000001600, 7.620000000000000100, -7.112000000000000100 ) ) ;
#3477 = EDGE_CURVE ( 'NONE', #624, #2815, #2793, .T. ) ;
#3478 = EDGE_LOOP ( 'NONE', ( #342, #2683, #2776, #2079 ) ) ;
#3479 = LINE ( 'NONE', #3585, #1167 ) ;
#3480 = EDGE_CURVE ( 'NONE', #485, #390, #2838, .T. ) ;
#3481 = CARTESIAN_POINT ( 'NONE',  ( -6.438900000000001200, -8.518025612106916000, 3.556000000000000000 ) ) ;
#3482 = VECTOR ( 'NONE', #1331, 1000.000000000000000 ) ;
#3483 = VERTEX_POINT ( 'NONE', #3452 ) ;
#3484 = ORIENTED_EDGE ( 'NONE', *, *, #224, .F. ) ;
#3485 = PRODUCT_RELATED_PRODUCT_CATEGORY ( 'part', '', ( #2782 ) ) ;
#3486 = VECTOR ( 'NONE', #2626, 1000.000000000000000 ) ;
#3487 = EDGE_CURVE ( 'NONE', #2986, #2073, #429, .T. ) ;
#3488 = CARTESIAN_POINT ( 'NONE',  ( 2.427055258741147400, -3.810000000000000100, -3.128951375504188900 ) ) ;
#3489 = AXIS2_PLACEMENT_3D ( 'NONE', #1818, #1249, #2714 ) ;
#3490 = EDGE_LOOP ( 'NONE', ( #2211, #1884, #2115, #3733, #3300, #3414 ) ) ;
#3491 = DIRECTION ( 'NONE',  ( 0.0000000000000000000, -0.0000000000000000000, 1.000000000000000000 ) ) ;
#3492 = CARTESIAN_POINT ( 'NONE',  ( -4.198000000000000400, 0.6350000000000000100, 3.479999999999997300 ) ) ;
#3493 = LINE ( 'NONE', #3344, #1179 ) ;
#3494 =( NAMED_UNIT ( * ) PLANE_ANGLE_UNIT ( ) SI_UNIT ( $, .RADIAN. ) );
#3495 = CARTESIAN_POINT ( 'NONE',  ( 1.451999999999999100, -2.480517978247152500E-015, -3.479999999999998200 ) ) ;
#3496 = ORIENTED_EDGE ( 'NONE', *, *, #649, .F. ) ;
#3497 = ORIENTED_EDGE ( 'NONE', *, *, #3477, .T. ) ;
#3498 = ORIENTED_EDGE ( 'NONE', *, *, #1607, .F. ) ;
#3499 = VECTOR ( 'NONE', #1156, 1000.000000000000000 ) ;
#3500 = EDGE_CURVE ( 'NONE', #3337, #2512, #1074, .T. ) ;
#3501 = ORIENTED_EDGE ( 'NONE', *, *, #1144, .F. ) ;
#3502 = DIRECTION ( 'NONE',  ( 0.0000000000000000000, 0.0000000000000000000, 1.000000000000000000 ) ) ;
#3503 = EDGE_CURVE ( 'NONE', #485, #1982, #3102, .T. ) ;
#3504 = CARTESIAN_POINT ( 'NONE',  ( -0.8980000000000022400, 7.620000000000000100, -5.880000000000002600 ) ) ;
#3505 = DIRECTION ( 'NONE',  ( 0.0000000000000000000, 1.000000000000000000, 0.0000000000000000000 ) ) ;
#3506 = MANIFOLD_SOLID_BREP ( 'Boss-Extrude2[2]', #1435 ) ;
#3507 = AXIS2_PLACEMENT_3D ( 'NONE', #927, #973, #2114 ) ;
#3508 = ORIENTED_EDGE ( 'NONE', *, *, #820, .T. ) ;
#3509 = ORIENTED_EDGE ( 'NONE', *, *, #1209, .F. ) ;
#3510 = VECTOR ( 'NONE', #2244, 1000.000000000000000 ) ;
#3511 = CARTESIAN_POINT ( 'NONE',  ( -1.998000000000001100, 7.620000000000000100, 3.049999999999998900 ) ) ;
#3512 = ORIENTED_EDGE ( 'NONE', *, *, #307, .F. ) ;
#3513 = EDGE_CURVE ( 'NONE', #2060, #1293, #3556, .T. ) ;
#3514 = VECTOR ( 'NONE', #2532, 1000.000000000000000 ) ;
#3515 =( LENGTH_UNIT ( ) NAMED_UNIT ( * ) SI_UNIT ( .MILLI., .METRE. ) );
#3516 = VECTOR ( 'NONE', #2952, 1000.000000000000000 ) ;
#3517 = FACE_OUTER_BOUND ( 'NONE', #69, .T. ) ;
#3518 = CARTESIAN_POINT ( 'NONE',  ( 4.305373081227568100, 0.9414345877902154900, -3.273030884697923200 ) ) ;
#3519 = EDGE_LOOP ( 'NONE', ( #26, #433, #469, #184 ) ) ;
#3520 = VECTOR ( 'NONE', #736, 1000.000000000000000 ) ;
#3521 = ORIENTED_EDGE ( 'NONE', *, *, #247, .T. ) ;
#3522 = DIRECTION ( 'NONE',  ( -4.688441826964343300E-016, 0.0000000000000000000, -1.000000000000000000 ) ) ;
#3523 = AXIS2_PLACEMENT_3D ( 'NONE', #1992, #251, #2286 ) ;
#3524 = ORIENTED_EDGE ( 'NONE', *, *, #427, .T. ) ;
#3525 = DIRECTION ( 'NONE',  ( 0.0000000000000000000, 0.0000000000000000000, 1.000000000000000000 ) ) ;
#3526 = VECTOR ( 'NONE', #732, 1000.000000000000000 ) ;
#3527 = CARTESIAN_POINT ( 'NONE',  ( -9.398000000000001500, 0.6350000000000000100, 0.9800000000000017600 ) ) ;
#3528 = ORIENTED_EDGE ( 'NONE', *, *, #2345, .F. ) ;
#3529 = DIRECTION ( 'NONE',  ( 0.0000000000000000000, -0.0000000000000000000, -1.000000000000000000 ) ) ;
#3530 = FACE_OUTER_BOUND ( 'NONE', #1034, .T. ) ;
#3531 = ORIENTED_EDGE ( 'NONE', *, *, #701, .T. ) ;
#3532 = ADVANCED_FACE ( 'NONE', ( #1928 ), #1427, .T. ) ;
#3533 = CARTESIAN_POINT ( 'NONE',  ( -1.998000000000001600, 0.6350000000000000100, 5.079999999999997400 ) ) ;
#3534 = DIRECTION ( 'NONE',  ( -0.0000000000000000000, -0.0000000000000000000, 1.000000000000000000 ) ) ;
#3535 = VECTOR ( 'NONE', #646, 1000.000000000000000 ) ;
#3536 = CARTESIAN_POINT ( 'NONE',  ( -6.819899999999922400, -8.518025612106916000, -3.556000000000000000 ) ) ;
#3537 = CARTESIAN_POINT ( 'NONE',  ( 8.533084506142513300, 6.525092947577521200, 1.699169012285029600 ) ) ;
#3538 = CARTESIAN_POINT ( 'NONE',  ( 0.9905999999999977000, 7.219999999999999800, -3.309999999999996500 ) ) ;
#3539 = UNCERTAINTY_MEASURE_WITH_UNIT (LENGTH_MEASURE( 1.000000000000000100E-005 ), #2748, 'distance_accuracy_value', 'NONE');
#3540 = EDGE_CURVE ( 'NONE', #624, #56, #1571, .T. ) ;
#3541 = AXIS2_PLACEMENT_3D ( 'NONE', #2145, #716, #405 ) ;
#3542 = CARTESIAN_POINT ( 'NONE',  ( 1.451999999999998400, 0.6350000000000000100, -3.479999999999997800 ) ) ;
#3543 = DIRECTION ( 'NONE',  ( 0.0000000000000000000, -1.000000000000000000, 8.673617379884035500E-015 ) ) ;
#3544 = AXIS2_PLACEMENT_3D ( 'NONE', #1415, #3098, #3421 ) ;
#3545 = ORIENTED_EDGE ( 'NONE', *, *, #1996, .T. ) ;
#3546 = CIRCLE ( 'NONE', #2866, 4.807303469872887400 ) ;
#3547 = VERTEX_POINT ( 'NONE', #266 ) ;
#3548 = ORIENTED_EDGE ( 'NONE', *, *, #3244, .T. ) ;
#3549 = VECTOR ( 'NONE', #2573, 1000.000000000000000 ) ;
#3550 = VERTEX_POINT ( 'NONE', #2318 ) ;
#3551 = DIRECTION ( 'NONE',  ( 0.0000000000000000000, 0.0000000000000000000, -1.000000000000000000 ) ) ;
#3552 = VECTOR ( 'NONE', #3032, 1000.000000000000000 ) ;
#3553 = PLANE ( 'NONE',  #679 ) ;
#3554 = B_SPLINE_CURVE_WITH_KNOTS ( 'NONE', 3,
 ( #2128, #2722, #1243, #662, #2431, #3290 ),
 .UNSPECIFIED., .F., .F.,
 ( 4, 2, 4 ),
 ( 3.909146525865938400E-019, 0.0003526630194879292000, 0.0007053260389758599100 ),
 .UNSPECIFIED. ) ;
#3555 = DIRECTION ( 'NONE',  ( 1.000000000000000000, 0.0000000000000000000, 1.043425351453292100E-015 ) ) ;
#3556 = CIRCLE ( 'NONE', #1951, 0.8649154938574856700 ) ;
#3557 = EDGE_CURVE ( 'NONE', #944, #917, #930, .T. ) ;
#3558 = ORIENTED_EDGE ( 'NONE', *, *, #1290, .F. ) ;
#3559 = ORIENTED_EDGE ( 'NONE', *, *, #1253, .F. ) ;
#3560 = SURFACE_STYLE_USAGE ( .BOTH. , #3306 ) ;
#3561 = CIRCLE ( 'NONE', #1374, 5.600259577253366300 ) ;
#3562 = DIRECTION ( 'NONE',  ( 1.195183497228115700E-014, 0.0000000000000000000, -1.000000000000000000 ) ) ;
#3563 = DIRECTION ( 'NONE',  ( 0.0000000000000000000, 0.0000000000000000000, 1.000000000000000000 ) ) ;
#3564 = EDGE_CURVE ( 'NONE', #418, #2386, #885, .T. ) ;
#3565 = ORIENTED_EDGE ( 'NONE', *, *, #1725, .T. ) ;
#3566 = LINE ( 'NONE', #3389, #20 ) ;
#3567 = ADVANCED_FACE ( 'NONE', ( #379 ), #873, .F. ) ;
#3568 = ORIENTED_EDGE ( 'NONE', *, *, #1418, .F. ) ;
#3569 = PRODUCT_DEFINITION ( 'UNKNOWN', '', #1456, #3361 ) ;
#3570 = LINE ( 'NONE', #1021, #2853 ) ;
#3571 = PLANE ( 'NONE',  #161 ) ;
#3572 = AXIS2_PLACEMENT_3D ( 'NONE', #2188, #733, #1268 ) ;
#3573 = CARTESIAN_POINT ( 'NONE',  ( -6.819899999999922400, 0.6350000000000000100, -4.064000000000000100 ) ) ;
#3574 = ORIENTED_EDGE ( 'NONE', *, *, #99, .T. ) ;
#3575 = FACE_OUTER_BOUND ( 'NONE', #2933, .T. ) ;
#3576 = DIRECTION ( 'NONE',  ( 1.707404996040165000E-015, 0.0000000000000000000, 1.000000000000000000 ) ) ;
#3577 = PLANE ( 'NONE',  #810 ) ;
#3578 = PLANE ( 'NONE',  #3322 ) ;
#3579 = PRESENTATION_STYLE_ASSIGNMENT (( #3717 ) ) ;
#3580 = VERTEX_POINT ( 'NONE', #2063 ) ;
#3581 = EDGE_LOOP ( 'NONE', ( #2090, #3363, #3223, #3392 ) ) ;
#3582 = EDGE_CURVE ( 'NONE', #2550, #471, #144, .T. ) ;
#3583 = CARTESIAN_POINT ( 'NONE',  ( 0.9905999999999977000, 7.219999999999999800, -3.309999999999996500 ) ) ;
#3584 = DIRECTION ( 'NONE',  ( -1.000000000000000000, 0.0000000000000000000, 0.0000000000000000000 ) ) ;
#3585 = CARTESIAN_POINT ( 'NONE',  ( 2.651999999999998400, 7.620000000000000100, -5.066989197252514300 ) ) ;
#3586 = CARTESIAN_POINT ( 'NONE',  ( -5.798000000000000900, 0.6350000000000000100, 5.079999999999997400 ) ) ;
#3587 = CARTESIAN_POINT ( 'NONE',  ( 0.9905999999999977000, -8.518025612106916000, -3.492500000000000200 ) ) ;
#3588 = PLANE ( 'NONE',  #3086 ) ;
#3589 = CARTESIAN_POINT ( 'NONE',  ( 4.627420288445576600, 7.620000000000000100, -4.625114529555532700 ) ) ;
#3590 = DIRECTION ( 'NONE',  ( -0.0000000000000000000, -1.000000000000000000, -0.0000000000000000000 ) ) ;
#3591 = ORIENTED_EDGE ( 'NONE', *, *, #2080, .F. ) ;
#3592 = AXIS2_PLACEMENT_3D ( 'NONE', #2366, #302, #621 ) ;
#3593 = ORIENTED_EDGE ( 'NONE', *, *, #760, .F. ) ;
#3594 = CARTESIAN_POINT ( 'NONE',  ( -0.2980000000000022600, 0.6350000000000001200, -5.880000000000002600 ) ) ;
#3595 = ORIENTED_EDGE ( 'NONE', *, *, #2956, .F. ) ;
#3596 = ORIENTED_EDGE ( 'NONE', *, *, #3347, .T. ) ;
#3597 = CIRCLE ( 'NONE', #1180, 0.4999999999999995600 ) ;
#3598 = VERTEX_POINT ( 'NONE', #2364 ) ;
#3599 = DIRECTION ( 'NONE',  ( 0.0000000000000000000, 0.0000000000000000000, -1.000000000000000000 ) ) ;
#3600 = VECTOR ( 'NONE', #3465, 1000.000000000000000 ) ;
#3601 = DIRECTION ( 'NONE',  ( -0.0000000000000000000, -1.000000000000000000, -0.0000000000000000000 ) ) ;
#3602 = CARTESIAN_POINT ( 'NONE',  ( 2.651999999999998400, 0.0000000000000000000, -3.128951375504188900 ) ) ;
#3603 = CIRCLE ( 'NONE', #2770, 0.1824999999999470400 ) ;
#3604 = ORIENTED_EDGE ( 'NONE', *, *, #3673, .T. ) ;
#3605 = VECTOR ( 'NONE', #2574, 1000.000000000000000 ) ;
#3606 = ORIENTED_EDGE ( 'NONE', *, *, #1689, .F. ) ;
#3607 = DIRECTION ( 'NONE',  ( 0.0000000000000000000, 1.000000000000000000, 0.0000000000000000000 ) ) ;
#3608 = ORIENTED_EDGE ( 'NONE', *, *, #432, .T. ) ;
#3609 = CARTESIAN_POINT ( 'NONE',  ( -6.438899999999948800, -8.518025612106916000, -1.016000000000000500 ) ) ;
#3610 = EDGE_CURVE ( 'NONE', #2283, #807, #3241, .T. ) ;
#3611 = VECTOR ( 'NONE', #2603, 1000.000000000000000 ) ;
#3612 = CARTESIAN_POINT ( 'NONE',  ( 3.797999999999998300, 7.374168051794930200, 3.250000000000000000 ) ) ;
#3613 = VERTEX_POINT ( 'NONE', #3533 ) ;
#3614 = DIRECTION ( 'NONE',  ( 0.0000000000000000000, 0.0000000000000000000, -1.000000000000000000 ) ) ;
#3615 = CARTESIAN_POINT ( 'NONE',  ( -4.198000000000001300, 0.6350000000000000100, -7.112000000000000100 ) ) ;
#3616 = EDGE_CURVE ( 'NONE', #3072, #2391, #2882, .T. ) ;
#3617 = VECTOR ( 'NONE', #1968, 1000.000000000000000 ) ;
#3618 = EDGE_CURVE ( 'NONE', #1648, #3158, #2906, .T. ) ;
#3619 = ORIENTED_EDGE ( 'NONE', *, *, #1049, .T. ) ;
#3620 = VECTOR ( 'NONE', #3491, 1000.000000000000000 ) ;
#3621 = ORIENTED_EDGE ( 'NONE', *, *, #2256, .T. ) ;
#3622 =( GEOMETRIC_REPRESENTATION_CONTEXT ( 3 ) GLOBAL_UNCERTAINTY_ASSIGNED_CONTEXT ( ( #787 ) ) GLOBAL_UNIT_ASSIGNED_CONTEXT ( ( #2868, #219, #1720 ) ) REPRESENTATION_CONTEXT ( 'NONE', 'WORKASPACE' ) );
#3623 = CARTESIAN_POINT ( 'NONE',  ( -0.2980000000000024900, 7.620000000000000100, -7.112000000000000100 ) ) ;
#3624 = DIRECTION ( 'NONE',  ( -1.760068461827120900E-016, 0.0000000000000000000, -1.000000000000000000 ) ) ;
#3625 = AXIS2_PLACEMENT_3D ( 'NONE', #1379, #3726, #215 ) ;
#3626 = CARTESIAN_POINT ( 'NONE',  ( 0.4905999999999978200, 7.620000000000000100, 3.810000000000000100 ) ) ;
#3627 = VERTEX_POINT ( 'NONE', #2050 ) ;
#3628 = FACE_OUTER_BOUND ( 'NONE', #3099, .T. ) ;
#3629 = DIRECTION ( 'NONE',  ( -1.000000000000000000, -0.0000000000000000000, -0.0000000000000000000 ) ) ;
#3630 = CARTESIAN_POINT ( 'NONE',  ( 0.9905999999999977000, 7.537499999999999600, -3.309999999999996500 ) ) ;
#3631 = CARTESIAN_POINT ( 'NONE',  ( -0.2980000000000011500, 7.620000000000000100, 3.049999999999998900 ) ) ;
#3632 = EDGE_CURVE ( 'NONE', #1918, #812, #3651, .T. ) ;
#3633 = ADVANCED_FACE ( 'NONE', ( #3056 ), #329, .F. ) ;
#3634 = CARTESIAN_POINT ( 'NONE',  ( -8.748000000000002900, 0.6350000000000001200, 3.580000000000001400 ) ) ;
#3635 = CARTESIAN_POINT ( 'NONE',  ( 0.9905999999999977000, 6.120000000000000100, 4.127500000000000400 ) ) ;
#3636 = EDGE_CURVE ( 'NONE', #3695, #1114, #3147, .T. ) ;
#3637 = CARTESIAN_POINT ( 'NONE',  ( 7.999089757983783900, 0.8000000000000003800, -3.244472939652108100 ) ) ;
#3638 = CARTESIAN_POINT ( 'NONE',  ( -1.998000000000001600, 7.620000000000000100, -7.112000000000000100 ) ) ;
#3639 = ORIENTED_EDGE ( 'NONE', *, *, #644, .F. ) ;
#3640 = LINE ( 'NONE', #3129, #694 ) ;
#3641 = AXIS2_PLACEMENT_3D ( 'NONE', #3064, #755, #3369 ) ;
#3642 = AXIS2_PLACEMENT_3D ( 'NONE', #786, #2480, #777 ) ;
#3643 = VERTEX_POINT ( 'NONE', #2076 ) ;
#3644 = EDGE_LOOP ( 'NONE', ( #23, #1158, #2913, #2343, #3440, #2892 ) ) ;
#3645 = PRESENTATION_STYLE_ASSIGNMENT (( #3454 ) ) ;
#3646 = DIRECTION ( 'NONE',  ( 0.0000000000000000000, 0.0000000000000000000, -1.000000000000000000 ) ) ;
#3647 = LINE ( 'NONE', #2210, #3472 ) ;
#3648 = ORIENTED_EDGE ( 'NONE', *, *, #2538, .F. ) ;
#3649 = VECTOR ( 'NONE', #3410, 1000.000000000000000 ) ;
#3650 = CARTESIAN_POINT ( 'NONE',  ( -0.01200000000000159300, 4.191000000000000700, 0.0000000000000000000 ) ) ;
#3651 = LINE ( 'NONE', #1780, #2788 ) ;
#3652 = ADVANCED_FACE ( 'NONE', ( #3280 ), #9, .F. ) ;
#3653 = DIRECTION ( 'NONE',  ( -0.0000000000000000000, -1.000000000000000000, -0.0000000000000000000 ) ) ;
#3654 = LINE ( 'NONE', #2974, #1352 ) ;
#3655 = DIRECTION ( 'NONE',  ( 0.0000000000000000000, -1.000000000000000000, 0.0000000000000000000 ) ) ;
#3656 = EDGE_CURVE ( 'NONE', #1781, #1229, #190, .T. ) ;
#3657 = VERTEX_POINT ( 'NONE', #1447 ) ;
#3658 = CARTESIAN_POINT ( 'NONE',  ( 2.651999999999998400, 0.0000000000000000000, -7.112000000000000100 ) ) ;
#3659 = ORIENTED_EDGE ( 'NONE', *, *, #1185, .T. ) ;
#3660 = UNCERTAINTY_MEASURE_WITH_UNIT (LENGTH_MEASURE( 1.000000000000000100E-005 ), #2995, 'distance_accuracy_value', 'NONE');
#3661 = EDGE_CURVE ( 'NONE', #1240, #3657, #98, .T. ) ;
#3662 = LINE ( 'NONE', #1858, #1624 ) ;
#3663 = CARTESIAN_POINT ( 'NONE',  ( 2.651999999999998400, 0.0000000000000000000, -3.128951375504188900 ) ) ;
#3664 = DIRECTION ( 'NONE',  ( 0.0000000000000000000, -0.0000000000000000000, -1.000000000000000000 ) ) ;
#3665 = ORIENTED_EDGE ( 'NONE', *, *, #3178, .F. ) ;
#3666 = ORIENTED_EDGE ( 'NONE', *, *, #2682, .F. ) ;
#3667 = COLOUR_RGB ( '',0.7921568627450980000, 0.8196078431372548800, 0.9333333333333333500 ) ;
#3668 = EDGE_LOOP ( 'NONE', ( #1515, #3135, #3067, #3761, #678, #605 ) ) ;
#3669 = DIRECTION ( 'NONE',  ( 0.0000000000000000000, 0.0000000000000000000, -1.000000000000000000 ) ) ;
#3670 = EDGE_LOOP ( 'NONE', ( #1137, #2136, #2246, #1477 ) ) ;
#3671 = CARTESIAN_POINT ( 'NONE',  ( 7.621566534007635100, 1.300000000000000300, -3.581928207127071100 ) ) ;
#3672 = CARTESIAN_POINT ( 'NONE',  ( -6.438899999999974500, 0.6350000000000000100, 1.523999999999999800 ) ) ;
#3673 = EDGE_CURVE ( 'NONE', #2068, #578, #2290, .T. ) ;
#3674 = LINE ( 'NONE', #1548, #1634 ) ;
#3675 = DIRECTION ( 'NONE',  ( 0.0000000000000000000, 0.0000000000000000000, 1.000000000000000000 ) ) ;
#3676 = EDGE_CURVE ( 'NONE', #766, #2698, #1882, .T. ) ;
#3677 = ORIENTED_EDGE ( 'NONE', *, *, #307, .T. ) ;
#3678 = EDGE_CURVE ( 'NONE', #1114, #2926, #1201, .T. ) ;
#3679 = FACE_OUTER_BOUND ( 'NONE', #2802, .T. ) ;
#3680 = DIRECTION ( 'NONE',  ( 1.000000000000000000, 0.0000000000000000000, 0.0000000000000000000 ) ) ;
#3681 = ADVANCED_FACE ( 'NONE', ( #1791 ), #1613, .T. ) ;
#3682 = CARTESIAN_POINT ( 'NONE',  ( 4.050853386085110600, 7.328827463920851500, -4.599147910536476800 ) ) ;
#3683 = DIRECTION ( 'NONE',  ( 0.0000000000000000000, 0.0000000000000000000, 1.000000000000000000 ) ) ;
#3684 = DIRECTION ( 'NONE',  ( -0.0000000000000000000, -1.000000000000000000, -0.0000000000000000000 ) ) ;
#3685 = CARTESIAN_POINT ( 'NONE',  ( 0.9905999999999977000, 6.720000000000000600, -3.310000000000000100 ) ) ;
#3686 = EDGE_CURVE ( 'NONE', #578, #422, #1349, .T. ) ;
#3687 = CARTESIAN_POINT ( 'NONE',  ( 0.9905999999999977000, -8.518025612106916000, -3.810000000000000100 ) ) ;
#3688 = DIRECTION ( 'NONE',  ( -1.000000000000000000, 0.0000000000000000000, 0.0000000000000000000 ) ) ;
#3689 = EDGE_CURVE ( 'NONE', #1982, #3710, #240, .T. ) ;
#3690 = EDGE_CURVE ( 'NONE', #284, #3189, #1024, .T. ) ;
#3691 = ORIENTED_EDGE ( 'NONE', *, *, #2589, .T. ) ;
#3692 = ADVANCED_FACE ( 'NONE', ( #2380 ), #211, .F. ) ;
#3693 = VERTEX_POINT ( 'NONE', #2822 ) ;
#3694 = CARTESIAN_POINT ( 'NONE',  ( -9.398000000000001500, 7.620000000000000100, 0.9800000000000017600 ) ) ;
#3695 = VERTEX_POINT ( 'NONE', #517 ) ;
#3696 = PRESENTATION_LAYER_ASSIGNMENT (  '', '', ( #3182 ) ) ;
#3697 = LINE ( 'NONE', #658, #3196 ) ;
#3698 = MECHANICAL_DESIGN_GEOMETRIC_PRESENTATION_REPRESENTATION (  '', ( #2000 ), #1608 ) ;
#3699 = PLANE ( 'NONE',  #1396 ) ;
#3700 = LINE ( 'NONE', #1528, #3516 ) ;
#3701 = FILL_AREA_STYLE ('',( #173 ) ) ;
#3702 = ORIENTED_EDGE ( 'NONE', *, *, #2733, .F. ) ;
#3703 = CARTESIAN_POINT ( 'NONE',  ( -8.748000000000002900, 7.620000000000000100, 3.580000000000001400 ) ) ;
#3704 = VECTOR ( 'NONE', #1887, 1000.000000000000000 ) ;
#3705 = DIRECTION ( 'NONE',  ( -1.626303258728256100E-015, 0.0000000000000000000, -1.000000000000000000 ) ) ;
#3706 = EDGE_LOOP ( 'NONE', ( #2856, #560, #1321, #594, #1630 ) ) ;
#3707 = EDGE_CURVE ( 'NONE', #855, #3693, #842, .T. ) ;
#3708 = LINE ( 'NONE', #1289, #3526 ) ;
#3709 = CARTESIAN_POINT ( 'NONE',  ( -6.819899999999949000, 0.6350000000000000100, -1.524000000000000200 ) ) ;
#3710 = VERTEX_POINT ( 'NONE', #3709 ) ;
#3711 = ADVANCED_FACE ( 'NONE', ( #55 ), #236, .T. ) ;
#3712 = CARTESIAN_POINT ( 'NONE',  ( 7.967498412224261800, 6.626511427229698500, 1.909721318087875200 ) ) ;
#3713 = DIRECTION ( 'NONE',  ( 0.0000000000000000000, -0.0000000000000000000, -1.000000000000000000 ) ) ;
#3714 = DIRECTION ( 'NONE',  ( 1.000000000000000000, 0.0000000000000000000, -4.688441826964343300E-016 ) ) ;
#3715 = LINE ( 'NONE', #1976, #396 ) ;
#3716 = DIRECTION ( 'NONE',  ( -1.000000000000000000, 0.0000000000000000000, -2.136358960562571000E-016 ) ) ;
#3717 = SURFACE_STYLE_USAGE ( .BOTH. , #3439 ) ;
#3718 = EDGE_LOOP ( 'NONE', ( #301, #3115 ) ) ;
#3719 = FACE_BOUND ( 'NONE', #344, .T. ) ;
#3720 = CARTESIAN_POINT ( 'NONE',  ( -4.198000000000001300, 0.0000000000000000000, -5.079999999999998300 ) ) ;
#3721 = STYLED_ITEM ( 'NONE', ( #152 ), #2867 ) ;
#3722 = CYLINDRICAL_SURFACE ( 'NONE', #2795, 0.8649154938574856700 ) ;
#3723 = ORIENTED_EDGE ( 'NONE', *, *, #122, .F. ) ;
#3724 = MECHANICAL_DESIGN_GEOMETRIC_PRESENTATION_REPRESENTATION (  '', ( #2824 ), #3208 ) ;
#3725 = CARTESIAN_POINT ( 'NONE',  ( 8.533084506142513300, 0.0000000000000000000, 2.564084506142514800 ) ) ;
#3726 = DIRECTION ( 'NONE',  ( -0.1765005633326422500, -0.9843005390343235700, 0.0000000000000000000 ) ) ;
#3727 = ADVANCED_FACE ( 'NONE', ( #1702 ), #182, .F. ) ;
#3728 = SURFACE_SIDE_STYLE ('',( #717 ) ) ;
#3729 = CARTESIAN_POINT ( 'NONE',  ( 2.427055258741147400, -3.810000000000000100, -3.128951375504188900 ) ) ;
#3730 = ORIENTED_EDGE ( 'NONE', *, *, #3632, .F. ) ;
#3731 = ORIENTED_EDGE ( 'NONE', *, *, #3295, .T. ) ;
#3732 = APPLICATION_CONTEXT ( 'automotive_design' ) ;
#3733 = ORIENTED_EDGE ( 'NONE', *, *, #2833, .T. ) ;
#3734 = LINE ( 'NONE', #2228, #2777 ) ;
#3735 = FILL_AREA_STYLE_COLOUR ( '', #2023 ) ;
#3736 = CARTESIAN_POINT ( 'NONE',  ( 9.640907282258075000, 0.6350000000000000100, -3.479999999999997800 ) ) ;
#3737 = ORIENTED_EDGE ( 'NONE', *, *, #3466, .T. ) ;
#3738 = EDGE_CURVE ( 'NONE', #3547, #3483, #3647, .T. ) ;
#3739 = ORIENTED_EDGE ( 'NONE', *, *, #2654, .T. ) ;
#3740 = FACE_OUTER_BOUND ( 'NONE', #1094, .T. ) ;
#3741 = DIRECTION ( 'NONE',  ( -0.0000000000000000000, -1.000000000000000000, -0.0000000000000000000 ) ) ;
#3742 = EDGE_CURVE ( 'NONE', #1452, #1950, #566, .T. ) ;
#3743 =( NAMED_UNIT ( * ) SI_UNIT ( $, .STERADIAN. ) SOLID_ANGLE_UNIT ( ) );
#3744 = FACE_OUTER_BOUND ( 'NONE', #1534, .T. ) ;
#3745 = CARTESIAN_POINT ( 'NONE',  ( 8.533084506142513300, 6.525092947577521200, 3.429000000000000700 ) ) ;
#3746 = VECTOR ( 'NONE', #2030, 1000.000000000000000 ) ;
#3747 = PRESENTATION_LAYER_ASSIGNMENT (  '', '', ( #1559 ) ) ;
#3748 = ORIENTED_EDGE ( 'NONE', *, *, #3295, .F. ) ;
#3749 = AXIS2_PLACEMENT_3D ( 'NONE', #3538, #1828, #2966 ) ;
#3750 = VECTOR ( 'NONE', #2091, 1000.000000000000000 ) ;
#3751 = ADVANCED_FACE ( 'NONE', ( #1197 ), #1953, .F. ) ;
#3752 = CARTESIAN_POINT ( 'NONE',  ( 9.640907282258075000, 0.6350000000000000100, 3.479999999999997300 ) ) ;
#3753 = DIRECTION ( 'NONE',  ( 0.0000000000000000000, -1.000000000000000000, 0.0000000000000000000 ) ) ;
#3754 = ORIENTED_EDGE ( 'NONE', *, *, #52, .T. ) ;
#3755 = CYLINDRICAL_SURFACE ( 'NONE', #3052, 0.8649154938574856700 ) ;
#3756 = CARTESIAN_POINT ( 'NONE',  ( 3.766653535933342000, 0.8415888217794369500, 4.547424918045866300 ) ) ;
#3757 = ORIENTED_EDGE ( 'NONE', *, *, #3676, .F. ) ;
#3758 = DIRECTION ( 'NONE',  ( -1.000000000000000000, 0.0000000000000000000, -1.195183497228113500E-014 ) ) ;
#3759 = CIRCLE ( 'NONE', #2207, 0.8174999999999996700 ) ;
#3760 = CARTESIAN_POINT ( 'NONE',  ( 0.9905999999999977000, 7.219999999999999800, -3.309999999999996500 ) ) ;
#3761 = ORIENTED_EDGE ( 'NONE', *, *, #1488, .T. ) ;
#3762 = EDGE_LOOP ( 'NONE', ( #550, #2055, #2805, #63 ) ) ;
#3763 = EDGE_CURVE ( 'NONE', #531, #1355, #2739, .T. ) ;
#3764 = CIRCLE ( 'NONE', #3411, 0.3175000000000000600 ) ;
#3765 = DIRECTION ( 'NONE',  ( -0.0000000000000000000, -1.000000000000000000, -0.0000000000000000000 ) ) ;
#3766 = EDGE_CURVE ( 'NONE', #2100, #740, #1954, .T. ) ;
#3767 = FILL_AREA_STYLE ('',( #3735 ) ) ;
#3768 = DIRECTION ( 'NONE',  ( 1.000000000000000000, 0.0000000000000000000, -6.672013369141570100E-016 ) ) ;
#3769 = CARTESIAN_POINT ( 'NONE',  ( -8.748000000000002900, 0.6350000000000001200, -0.9800000000000017600 ) ) ;
#3770 = CARTESIAN_POINT ( 'NONE',  ( -6.438899999999923000, 0.6350000000000000100, -4.064000000000000100 ) ) ;
#3771 = NEXT_ASSEMBLY_USAGE_OCCURRENCE ( 'NAUO1', ' ', ' ', #2175, #3569, $ ) ;
ENDSEC;
END-ISO-10303-21;
