ISO-10303-21;
HEADER;
FILE_DESCRIPTION (( 'STEP AP214' ),
    '1' );
FILE_NAME ('HFBR-1521Z.STEP',
    '2021-08-04T13:31:38',
    ( '' ),
    ( '' ),
    'SwSTEP 2.0',
    'SolidWorks 2018',
    '' );
FILE_SCHEMA (( 'AUTOMOTIVE_DESIGN' ));
ENDSEC;

DATA;
#1 = FILL_AREA_STYLE ('',( #5288 ) ) ;
#2 = EDGE_CURVE ( 'NONE', #2653, #1449, #4774, .T. ) ;
#3 = ORIENTED_EDGE ( 'NONE', *, *, #6815, .F. ) ;
#4 = ORIENTED_EDGE ( 'NONE', *, *, #4108, .T. ) ;
#5 = AXIS2_PLACEMENT_3D ( 'NONE', #895, #4621, #1447 ) ;
#6 =( NAMED_UNIT ( * ) PLANE_ANGLE_UNIT ( ) SI_UNIT ( $, .RADIAN. ) );
#7 = AXIS2_PLACEMENT_3D ( 'NONE', #1695, #5405, #2238 ) ;
#8 = MECHANICAL_DESIGN_GEOMETRIC_PRESENTATION_REPRESENTATION (  '', ( #5836 ), #362 ) ;
#9 = DIRECTION ( 'NONE',  ( -0.0000000000000000000, -0.0000000000000000000, 1.000000000000000000 ) ) ;
#10 = PRESENTATION_STYLE_ASSIGNMENT (( #4588 ) ) ;
#11 =( NAMED_UNIT ( * ) SI_UNIT ( $, .STERADIAN. ) SOLID_ANGLE_UNIT ( ) );
#12 = CARTESIAN_POINT ( 'NONE',  ( -4.129435102211766129, 4.967732065676335296, 14.99907378821410653 ) ) ;
#13 = DIRECTION ( 'NONE',  ( -0.0000000000000000000, -1.000000000000000000, -0.0000000000000000000 ) ) ;
#14 = CARTESIAN_POINT ( 'NONE',  ( 3.741771281970234231, 4.637754242817334394, 15.00007378821410597 ) ) ;
#15 = DIRECTION ( 'NONE',  ( -0.0000000000000000000, -0.0000000000000000000, 1.000000000000000000 ) ) ;
#16 = UNCERTAINTY_MEASURE_WITH_UNIT (LENGTH_MEASURE( 1.000000000000000082E-05 ), #5509, 'distance_accuracy_value', 'NONE');
#17 = EDGE_LOOP ( 'NONE', ( #4295, #3016, #2125, #2673 ) ) ;
#18 = CARTESIAN_POINT ( 'NONE',  ( 4.598034606640233335, 4.367732065676334763, 15.00007378821410597 ) ) ;
#19 = AXIS2_PLACEMENT_3D ( 'NONE', #4159, #945, #4681 ) ;
#20 = MECHANICAL_DESIGN_GEOMETRIC_PRESENTATION_REPRESENTATION (  '', ( #6211 ), #380 ) ;
#21 = ORIENTED_EDGE ( 'NONE', *, *, #3038, .T. ) ;
#22 = AXIS2_PLACEMENT_3D ( 'NONE', #3803, #595, #4337 ) ;
#23 = DIRECTION ( 'NONE',  ( -0.0000000000000000000, -1.000000000000000000, -0.0000000000000000000 ) ) ;
#24 = EDGE_LOOP ( 'NONE', ( #337, #4934, #682, #3563 ) ) ;
#25 = ORIENTED_EDGE ( 'NONE', *, *, #4380, .F. ) ;
#26 =( LENGTH_UNIT ( ) NAMED_UNIT ( * ) SI_UNIT ( .MILLI., .METRE. ) );
#27 = DIRECTION ( 'NONE',  ( -1.000000000000000000, 0.0000000000000000000, 0.0000000000000000000 ) ) ;
#28 = VERTEX_POINT ( 'NONE', #4859 ) ;
#29 = CARTESIAN_POINT ( 'NONE',  ( 11.27177128198023404, 10.38492283122933557, 15.00007378822410686 ) ) ;
#30 = CARTESIAN_POINT ( 'NONE',  ( -2.829435102211765862, 3.367732065676335207, 14.36007378821410363 ) ) ;
#31 = VECTOR ( 'NONE', #4237, 1000.000000000000000 ) ;
#32 = CARTESIAN_POINT ( 'NONE',  ( 11.27177128197023137, 12.36773206567633565, 15.00007378820410153 ) ) ;
#33 = EDGE_LOOP ( 'NONE', ( #2485, #5459, #6032, #1893, #3048, #3, #6265, #4258 ) ) ;
#34 = ORIENTED_EDGE ( 'NONE', *, *, #5829, .T. ) ;
#35 =( GEOMETRIC_REPRESENTATION_CONTEXT ( 3 ) GLOBAL_UNCERTAINTY_ASSIGNED_CONTEXT ( ( #1723 ) ) GLOBAL_UNIT_ASSIGNED_CONTEXT ( ( #3013, #6706, #3546 ) ) REPRESENTATION_CONTEXT ( 'NONE', 'WORKASPACE' ) );
#36 = EDGE_CURVE ( 'NONE', #6744, #361, #522, .T. ) ;
#37 = ORIENTED_EDGE ( 'NONE', *, *, #4254, .F. ) ;
#38 = EDGE_CURVE ( 'NONE', #4346, #1248, #6192, .T. ) ;
#39 = UNCERTAINTY_MEASURE_WITH_UNIT (LENGTH_MEASURE( 1.000000000000000082E-05 ), #3962, 'distance_accuracy_value', 'NONE');
#40 =( NAMED_UNIT ( * ) SI_UNIT ( $, .STERADIAN. ) SOLID_ANGLE_UNIT ( ) );
#41 = ORIENTED_EDGE ( 'NONE', *, *, #2239, .T. ) ;
#42 = ORIENTED_EDGE ( 'NONE', *, *, #699, .F. ) ;
#43 = VERTEX_POINT ( 'NONE', #3297 ) ;
#44 = PRESENTATION_LAYER_ASSIGNMENT (  '', '', ( #6581 ) ) ;
#45 = CARTESIAN_POINT ( 'NONE',  ( -3.303228718029766142, 4.382754242817334500, 15.00007378821410597 ) ) ;
#46 = STYLED_ITEM ( 'NONE', ( #6869 ), #2363 ) ;
#47 = STYLED_ITEM ( 'NONE', ( #222 ), #5790 ) ;
#48 = VECTOR ( 'NONE', #4421, 1000.000000000000000 ) ;
#49 = FILL_AREA_STYLE ('',( #6409 ) ) ;
#50 =( NAMED_UNIT ( * ) PLANE_ANGLE_UNIT ( ) SI_UNIT ( $, .RADIAN. ) );
#51 = CARTESIAN_POINT ( 'NONE',  ( -3.303228718029766142, 12.00275424281733549, 11.44007378821410725 ) ) ;
#52 = EDGE_CURVE ( 'NONE', #934, #3948, #5265, .T. ) ;
#53 = ORIENTED_EDGE ( 'NONE', *, *, #2057, .T. ) ;
#54 =( NAMED_UNIT ( * ) SI_UNIT ( $, .STERADIAN. ) SOLID_ANGLE_UNIT ( ) );
#55 = ORIENTED_EDGE ( 'NONE', *, *, #746, .T. ) ;
#56 = VERTEX_POINT ( 'NONE', #95 ) ;
#57 = LINE ( 'NONE', #6248, #6797 ) ;
#58 = SURFACE_STYLE_USAGE ( .BOTH. , #3249 ) ;
#59 = LINE ( 'NONE', #557, #4154 ) ;
#60 = VECTOR ( 'NONE', #1396, 1000.000000000000000 ) ;
#61 = DIRECTION ( 'NONE',  ( -0.0000000000000000000, -0.0000000000000000000, 1.000000000000000000 ) ) ;
#62 = FACE_OUTER_BOUND ( 'NONE', #137, .T. ) ;
#63 = LINE ( 'NONE', #6061, #2909 ) ;
#64 = UNCERTAINTY_MEASURE_WITH_UNIT (LENGTH_MEASURE( 1.000000000000000082E-05 ), #3202, 'distance_accuracy_value', 'NONE');
#65 = AXIS2_PLACEMENT_3D ( 'NONE', #5651, #2477, #6182 ) ;
#66 = EDGE_CURVE ( 'NONE', #4093, #3957, #5662, .T. ) ;
#67 =( GEOMETRIC_REPRESENTATION_CONTEXT ( 3 ) GLOBAL_UNCERTAINTY_ASSIGNED_CONTEXT ( ( #3411 ) ) GLOBAL_UNIT_ASSIGNED_CONTEXT ( ( #5669, #2489, #6197 ) ) REPRESENTATION_CONTEXT ( 'NONE', 'WORKASPACE' ) );
#68 = DIRECTION ( 'NONE',  ( 0.9999999317964582968, 0.0003693332892958155569, 0.0000000000000000000 ) ) ;
#69 = CARTESIAN_POINT ( 'NONE',  ( 6.497712774945702208, 3.487224145395158459, 15.46777060919752245 ) ) ;
#70 = CARTESIAN_POINT ( 'NONE',  ( -4.929435102211766839, 9.217732065676335296, 14.99907378821410653 ) ) ;
#71 = CARTESIAN_POINT ( 'NONE',  ( 4.190552912677234509, 4.947754242807335778, 20.62007378821410697 ) ) ;
#72 = PRESENTATION_STYLE_ASSIGNMENT (( #3290 ) ) ;
#73 = CARTESIAN_POINT ( 'NONE',  ( 3.961478271157233166, 11.94775424282733489, 22.42007378821410413 ) ) ;
#74 = PRESENTATION_LAYER_ASSIGNMENT (  '', '', ( #6266 ) ) ;
#75 = DIRECTION ( 'NONE',  ( -0.0000000000000000000, 1.000000000000000000, -0.0000000000000000000 ) ) ;
#76 = SURFACE_STYLE_FILL_AREA ( #381 ) ;
#77 =( LENGTH_UNIT ( ) NAMED_UNIT ( * ) SI_UNIT ( .MILLI., .METRE. ) );
#78 = FILL_AREA_STYLE ('',( #592 ) ) ;
#79 = MECHANICAL_DESIGN_GEOMETRIC_PRESENTATION_REPRESENTATION (  '', ( #5909 ), #430 ) ;
#80 = PLANE ( 'NONE',  #5986 ) ;
#81 = STYLED_ITEM ( 'NONE', ( #1048 ), #1877 ) ;
#82 = EDGE_LOOP ( 'NONE', ( #3215, #4540, #5752, #434 ) ) ;
#83 = AXIS2_PLACEMENT_3D ( 'NONE', #3822, #622, #4355 ) ;
#84 = DIRECTION ( 'NONE',  ( 0.0000000000000000000, -1.000000000000000000, 0.0000000000000000000 ) ) ;
#85 = DIRECTION ( 'NONE',  ( 0.0000000000000000000, 0.0000000000000000000, -1.000000000000000000 ) ) ;
#86 = EDGE_CURVE ( 'NONE', #564, #2680, #1587, .T. ) ;
#87 = ORIENTED_EDGE ( 'NONE', *, *, #768, .F. ) ;
#88 = VECTOR ( 'NONE', #1294, 1000.000000000000000 ) ;
#89 = CARTESIAN_POINT ( 'NONE',  ( -4.129435102211766129, 3.367732065676335207, 14.99907378821410653 ) ) ;
#90 =( LENGTH_UNIT ( ) NAMED_UNIT ( * ) SI_UNIT ( .MILLI., .METRE. ) );
#91 = DIRECTION ( 'NONE',  ( -0.0000000000000000000, -1.000000000000000000, -0.0000000000000000000 ) ) ;
#92 = PRESENTATION_STYLE_ASSIGNMENT (( #2791 ) ) ;
#93 =( LENGTH_UNIT ( ) NAMED_UNIT ( * ) SI_UNIT ( .MILLI., .METRE. ) );
#94 = ORIENTED_EDGE ( 'NONE', *, *, #3753, .T. ) ;
#95 = CARTESIAN_POINT ( 'NONE',  ( -4.761238551708778743, 12.25775424281733450, 22.62007378821410697 ) ) ;
#96 = PLANE ( 'NONE',  #83 ) ;
#97 = VERTEX_POINT ( 'NONE', #2797 ) ;
#98 = EDGE_CURVE ( 'NONE', #5624, #2815, #6904, .T. ) ;
#99 = LINE ( 'NONE', #6303, #4191 ) ;
#100 = ORIENTED_EDGE ( 'NONE', *, *, #1673, .T. ) ;
#101 = VERTEX_POINT ( 'NONE', #650 ) ;
#102 = DIRECTION ( 'NONE',  ( -0.0000000000000000000, -0.0000000000000000000, 1.000000000000000000 ) ) ;
#103 = FILL_AREA_STYLE ('',( #5401 ) ) ;
#104 = ORIENTED_EDGE ( 'NONE', *, *, #5673, .F. ) ;
#105 = UNCERTAINTY_MEASURE_WITH_UNIT (LENGTH_MEASURE( 1.000000000000000082E-05 ), #3193, 'distance_accuracy_value', 'NONE');
#106 = FACE_OUTER_BOUND ( 'NONE', #1158, .T. ) ;
#107 = SURFACE_SIDE_STYLE ('',( #1060 ) ) ;
#108 = SURFACE_SIDE_STYLE ('',( #1840 ) ) ;
#109 = CARTESIAN_POINT ( 'NONE',  ( 11.17810654744323351, 3.367732065666334318, 5.373930527561106452 ) ) ;
#110 = MECHANICAL_DESIGN_GEOMETRIC_PRESENTATION_REPRESENTATION (  '', ( #5937 ), #462 ) ;
#111 = DIRECTION ( 'NONE',  ( -0.0000000000000000000, -0.0000000000000000000, 1.000000000000000000 ) ) ;
#112 = EDGE_CURVE ( 'NONE', #2260, #4714, #1418, .T. ) ;
#113 = ORIENTED_EDGE ( 'NONE', *, *, #5008, .F. ) ;
#114 = DIRECTION ( 'NONE',  ( -0.0000000000000000000, -0.0000000000000000000, 1.000000000000000000 ) ) ;
#115 = CARTESIAN_POINT ( 'NONE',  ( 4.970552912677232094, 8.697754244012937619, 17.04621897092425087 ) ) ;
#116 =( NAMED_UNIT ( * ) SI_UNIT ( $, .STERADIAN. ) SOLID_ANGLE_UNIT ( ) );
#117 = VERTEX_POINT ( 'NONE', #1735 ) ;
#118 = FILL_AREA_STYLE_COLOUR ( '', #3587 ) ;
#119 = FACE_OUTER_BOUND ( 'NONE', #1109, .T. ) ;
#120 = CARTESIAN_POINT ( 'NONE',  ( -2.829435102211765862, 3.367732065676335207, 14.36007378821410363 ) ) ;
#121 = DIRECTION ( 'NONE',  ( -0.0000000000000000000, -1.000000000000000000, -0.0000000000000000000 ) ) ;
#122 =( NAMED_UNIT ( * ) SI_UNIT ( $, .STERADIAN. ) SOLID_ANGLE_UNIT ( ) );
#123 = STYLED_ITEM ( 'NONE', ( #1608 ), #3529 ) ;
#124 = ORIENTED_EDGE ( 'NONE', *, *, #526, .F. ) ;
#125 = FACE_OUTER_BOUND ( 'NONE', #3725, .T. ) ;
#126 = EDGE_CURVE ( 'NONE', #1641, #3099, #161, .T. ) ;
#127 = LINE ( 'NONE', #4534, #2812 ) ;
#128 = CARTESIAN_POINT ( 'NONE',  ( 3.961478271157234055, 4.947754242807335778, 22.42007378821410413 ) ) ;
#129 = CARTESIAN_POINT ( 'NONE',  ( -2.829435102211765862, 12.52777641995833413, 14.36007378821410541 ) ) ;
#130 = ORIENTED_EDGE ( 'NONE', *, *, #3169, .T. ) ;
#131 = STYLED_ITEM ( 'NONE', ( #6629 ), #802 ) ;
#132 = CARTESIAN_POINT ( 'NONE',  ( 6.970552912677235646, 8.447754242828334981, 20.59155738821409543 ) ) ;
#133 = DIRECTION ( 'NONE',  ( 1.000000000000000000, 0.0000000000000000000, 0.0000000000000000000 ) ) ;
#134 = VERTEX_POINT ( 'NONE', #2821 ) ;
#135 =( GEOMETRIC_REPRESENTATION_CONTEXT ( 3 ) GLOBAL_UNCERTAINTY_ASSIGNED_CONTEXT ( ( #6363 ) ) GLOBAL_UNIT_ASSIGNED_CONTEXT ( ( #2267, #5974, #2818 ) ) REPRESENTATION_CONTEXT ( 'NONE', 'WORKASPACE' ) );
#136 = AXIS2_PLACEMENT_3D ( 'NONE', #5577, #236, #1354 ) ;
#137 = EDGE_LOOP ( 'NONE', ( #3047, #1565, #1685, #6111 ) ) ;
#138 = DIRECTION ( 'NONE',  ( -0.0000000000000000000, -0.0000000000000000000, 1.000000000000000000 ) ) ;
#139 = VECTOR ( 'NONE', #4690, 1000.000000000000000 ) ;
#140 = SURFACE_STYLE_FILL_AREA ( #4051 ) ;
#141 = PRESENTATION_STYLE_ASSIGNMENT (( #2539 ) ) ;
#142 = FILL_AREA_STYLE ('',( #5410 ) ) ;
#143 = DIRECTION ( 'NONE',  ( 0.0000000000000000000, 0.0000000000000000000, 1.000000000000000000 ) ) ;
#144 = CARTESIAN_POINT ( 'NONE',  ( 5.970552912677237423, 8.447754242828334981, 18.81007378821410470 ) ) ;
#145 = VERTEX_POINT ( 'NONE', #5975 ) ;
#146 = ORIENTED_EDGE ( 'NONE', *, *, #6467, .F. ) ;
#147 = CARTESIAN_POINT ( 'NONE',  ( -4.929435102211766839, 11.96773206567633530, 14.99907378821410653 ) ) ;
#148 =( LENGTH_UNIT ( ) NAMED_UNIT ( * ) SI_UNIT ( .MILLI., .METRE. ) );
#149 = SURFACE_STYLE_USAGE ( .BOTH. , #3355 ) ;
#150 = CYLINDRICAL_SURFACE ( 'NONE', #136, 1.781483599999990952 ) ;
#151 = CYLINDRICAL_SURFACE ( 'NONE', #1546, 0.6792775000100133020 ) ;
#152 = SURFACE_STYLE_FILL_AREA ( #4759 ) ;
#153 =( GEOMETRIC_REPRESENTATION_CONTEXT ( 3 ) GLOBAL_UNCERTAINTY_ASSIGNED_CONTEXT ( ( #4701 ) ) GLOBAL_UNIT_ASSIGNED_CONTEXT ( ( #2768, #6466, #3294 ) ) REPRESENTATION_CONTEXT ( 'NONE', 'WORKASPACE' ) );
#154 = DIRECTION ( 'NONE',  ( -0.0000000000000000000, -1.000000000000000000, -0.0000000000000000000 ) ) ;
#155 =( GEOMETRIC_REPRESENTATION_CONTEXT ( 3 ) GLOBAL_UNCERTAINTY_ASSIGNED_CONTEXT ( ( #105 ) ) GLOBAL_UNIT_ASSIGNED_CONTEXT ( ( #3193, #6900, #3719 ) ) REPRESENTATION_CONTEXT ( 'NONE', 'WORKASPACE' ) );
#156 = VECTOR ( 'NONE', #5948, 1000.000000000000000 ) ;
#157 = UNCERTAINTY_MEASURE_WITH_UNIT (LENGTH_MEASURE( 1.000000000000000082E-05 ), #4304, 'distance_accuracy_value', 'NONE');
#158 = LINE ( 'NONE', #4879, #4248 ) ;
#159 = UNCERTAINTY_MEASURE_WITH_UNIT (LENGTH_MEASURE( 1.000000000000000082E-05 ), #307, 'distance_accuracy_value', 'NONE');
#160 = CIRCLE ( 'NONE', #1636, 1.781483591558604473 ) ;
#161 = LINE ( 'NONE', #3847, #6734 ) ;
#162 = CARTESIAN_POINT ( 'NONE',  ( 1.470564897788234404, 4.397732065676335900, 22.62007378821410697 ) ) ;
#163 = CARTESIAN_POINT ( 'NONE',  ( 7.330155585511092475, 3.972746706317069165, 15.81893541543934134 ) ) ;
#164 = DIRECTION ( 'NONE',  ( -8.911545280577499568E-13, -1.000000000000000000, 9.063971913804630326E-13 ) ) ;
#165 = VERTEX_POINT ( 'NONE', #5437 ) ;
#166 = DIRECTION ( 'NONE',  ( -1.000000000000000000, 0.0000000000000000000, -0.0000000000000000000 ) ) ;
#167 = VERTEX_POINT ( 'NONE', #4907 ) ;
#168 = DIRECTION ( 'NONE',  ( 1.000000000000000000, 0.0000000000000000000, -0.0000000000000000000 ) ) ;
#169 =( GEOMETRIC_REPRESENTATION_CONTEXT ( 3 ) GLOBAL_UNCERTAINTY_ASSIGNED_CONTEXT ( ( #5414 ) ) GLOBAL_UNIT_ASSIGNED_CONTEXT ( ( #6056, #2889, #6588 ) ) REPRESENTATION_CONTEXT ( 'NONE', 'WORKASPACE' ) );
#170 = CARTESIAN_POINT ( 'NONE',  ( -3.813228718029765929, 4.892754242817335175, 11.44007378821410725 ) ) ;
#171 =( NAMED_UNIT ( * ) PLANE_ANGLE_UNIT ( ) SI_UNIT ( $, .RADIAN. ) );
#172 = EDGE_CURVE ( 'NONE', #1987, #4058, #4090, .T. ) ;
#173 = CARTESIAN_POINT ( 'NONE',  ( -3.813228718029765929, 4.382754242817334500, 11.44007378821410725 ) ) ;
#174 = EDGE_CURVE ( 'NONE', #1951, #4111, #5312, .T. ) ;
#175 =( GEOMETRIC_REPRESENTATION_CONTEXT ( 3 ) GLOBAL_UNCERTAINTY_ASSIGNED_CONTEXT ( ( #5088 ) ) GLOBAL_UNIT_ASSIGNED_CONTEXT ( ( #187, #3911, #708 ) ) REPRESENTATION_CONTEXT ( 'NONE', 'WORKASPACE' ) );
#176 = VECTOR ( 'NONE', #5086, 1000.000000000000000 ) ;
#177 = DIRECTION ( 'NONE',  ( -1.000000000000000000, -0.0000000000000000000, -0.0000000000000000000 ) ) ;
#178 = CARTESIAN_POINT ( 'NONE',  ( 8.188054480012022296, 11.32842255598450443, 16.08890297444490258 ) ) ;
#179 = AXIS2_PLACEMENT_3D ( 'NONE', #2221, #5925, #2769 ) ;
#180 = ADVANCED_BREP_SHAPE_REPRESENTATION ( 'HFBR-1521Z', ( #3806, #4521 ), #1322 ) ;
#181 = STYLED_ITEM ( 'NONE', ( #4877 ), #5690 ) ;
#182 = SURFACE_SIDE_STYLE ('',( #6636 ) ) ;
#183 = CARTESIAN_POINT ( 'NONE',  ( 11.67177128197023350, 5.817765331388334182, 15.00007378820410153 ) ) ;
#184 = ORIENTED_EDGE ( 'NONE', *, *, #3753, .F. ) ;
#185 = SURFACE_SIDE_STYLE ('',( #2914 ) ) ;
#186 = VECTOR ( 'NONE', #9, 1000.000000000000000 ) ;
#187 =( LENGTH_UNIT ( ) NAMED_UNIT ( * ) SI_UNIT ( .MILLI., .METRE. ) );
#188 = EDGE_CURVE ( 'NONE', #3939, #4146, #3910, .T. ) ;
#189 = FACE_OUTER_BOUND ( 'NONE', #309, .T. ) ;
#190 = CARTESIAN_POINT ( 'NONE',  ( 10.75338240024722047, 4.724320464136535058, 16.49421650057706046 ) ) ;
#191 = CARTESIAN_POINT ( 'NONE',  ( -3.303228718029766142, 7.432754242817335211, 11.44007378821410725 ) ) ;
#192 = DIRECTION ( 'NONE',  ( 0.0000000000000000000, 0.0000000000000000000, 1.000000000000000000 ) ) ;
#193 =( LENGTH_UNIT ( ) NAMED_UNIT ( * ) SI_UNIT ( .MILLI., .METRE. ) );
#194 = FILL_AREA_STYLE ('',( #3389 ) ) ;
#195 = EDGE_LOOP ( 'NONE', ( #697, #2728, #1867, #3382 ) ) ;
#196 = DIRECTION ( 'NONE',  ( 6.195440985613754018E-17, -1.000000000000000000, 0.0000000000000000000 ) ) ;
#197 = ORIENTED_EDGE ( 'NONE', *, *, #1474, .T. ) ;
#198 = PRESENTATION_LAYER_ASSIGNMENT (  '', '', ( #534 ) ) ;
#199 = ORIENTED_EDGE ( 'NONE', *, *, #4500, .T. ) ;
#200 = EDGE_CURVE ( 'NONE', #224, #3720, #1241, .T. ) ;
#201 = CARTESIAN_POINT ( 'NONE',  ( 0.6705648977882341377, 5.397732065676335900, 22.62007378821410697 ) ) ;
#202 = UNCERTAINTY_MEASURE_WITH_UNIT (LENGTH_MEASURE( 1.000000000000000082E-05 ), #6761, 'distance_accuracy_value', 'NONE');
#203 = VECTOR ( 'NONE', #6320, 1000.000000000000000 ) ;
#204 = FILL_AREA_STYLE_COLOUR ( '', #6078 ) ;
#205 = EDGE_LOOP ( 'NONE', ( #3450, #4884, #1093, #1480 ) ) ;
#206 = ORIENTED_EDGE ( 'NONE', *, *, #966, .T. ) ;
#207 = DIRECTION ( 'NONE',  ( -1.239088197122750557E-16, 1.000000000000000000, 0.0000000000000000000 ) ) ;
#208 = DIRECTION ( 'NONE',  ( -0.0000000000000000000, -1.000000000000000000, 1.110223024624999754E-16 ) ) ;
#209 = COLOUR_RGB ( '',1.000000000000000000, 1.000000000000000000, 1.000000000000000000 ) ;
#210 = CARTESIAN_POINT ( 'NONE',  ( -4.129435102211766129, 10.46773206567633707, 14.99907378821410653 ) ) ;
#211 = ORIENTED_EDGE ( 'NONE', *, *, #6429, .T. ) ;
#212 = SURFACE_SIDE_STYLE ('',( #4803 ) ) ;
#213 = ORIENTED_EDGE ( 'NONE', *, *, #4122, .F. ) ;
#214 = CARTESIAN_POINT ( 'NONE',  ( -6.329420576603766335, 7.447754242817334891, 14.99907378821410653 ) ) ;
#215 = CARTESIAN_POINT ( 'NONE',  ( -4.929435102211766839, 7.717732065676334408, 14.99907378821410653 ) ) ;
#216 = PRESENTATION_LAYER_ASSIGNMENT (  '', '', ( #6399 ) ) ;
#217 =( NAMED_UNIT ( * ) SI_UNIT ( $, .STERADIAN. ) SOLID_ANGLE_UNIT ( ) );
#218 = DIRECTION ( 'NONE',  ( 0.0000000000000000000, 1.000000000000000000, 0.0000000000000000000 ) ) ;
#219 = CARTESIAN_POINT ( 'NONE',  ( -4.129435102211766129, 7.717732065676334408, 14.99907378821410653 ) ) ;
#220 = STYLED_ITEM ( 'NONE', ( #1744 ), #302 ) ;
#221 = SURFACE_STYLE_USAGE ( .BOTH. , #3425 ) ;
#222 = PRESENTATION_STYLE_ASSIGNMENT (( #5321 ) ) ;
#223 = VERTEX_POINT ( 'NONE', #5691 ) ;
#224 = VERTEX_POINT ( 'NONE', #4185 ) ;
#225 = EDGE_CURVE ( 'NONE', #3643, #6533, #6394, .T. ) ;
#226 = EDGE_LOOP ( 'NONE', ( #4630, #3020, #1552, #764 ) ) ;
#227 = CARTESIAN_POINT ( 'NONE',  ( -4.929435102211766839, 10.46773206567633707, 14.99907378821410653 ) ) ;
#228 = CARTESIAN_POINT ( 'NONE',  ( -3.303228718029766142, 7.432754242817335211, 15.00007378821410597 ) ) ;
#229 = ADVANCED_FACE ( 'NONE', ( #5141 ), #4635, .F. ) ;
#230 = VECTOR ( 'NONE', #327, 1000.000000000000000 ) ;
#231 = CARTESIAN_POINT ( 'NONE',  ( -4.129435102211766129, 10.46773206567633707, 15.00007378821410597 ) ) ;
#232 = FACE_OUTER_BOUND ( 'NONE', #1705, .T. ) ;
#233 = CARTESIAN_POINT ( 'NONE',  ( 5.994816981389164745, 10.69775424281733756, 22.55597350106810595 ) ) ;
#234 = VECTOR ( 'NONE', #5631, 1000.000000000000000 ) ;
#235 = CARTESIAN_POINT ( 'NONE',  ( -4.129435102211766129, 9.217732065676335296, 15.00007378821410597 ) ) ;
#236 = DIRECTION ( 'NONE',  ( 1.000000000000000000, -0.0000000000000000000, -0.0000000000000000000 ) ) ;
#237 = COLOUR_RGB ( '',0.2509803921568627416, 0.2509803921568627416, 0.2509803921568627416 ) ;
#238 = PRESENTATION_STYLE_ASSIGNMENT (( #5461 ) ) ;
#239 = FILL_AREA_STYLE ('',( #4465 ) ) ;
#240 = CARTESIAN_POINT ( 'NONE',  ( -3.813228718029765929, 9.462754242817334571, 11.44007378821410725 ) ) ;
#241 = PRESENTATION_STYLE_ASSIGNMENT (( #1758 ) ) ;
#242 = SURFACE_STYLE_USAGE ( .BOTH. , #3441 ) ;
#243 = PRESENTATION_STYLE_ASSIGNMENT (( #2677 ) ) ;
#244 = CARTESIAN_POINT ( 'NONE',  ( 0.0000000000000000000, 0.0000000000000000000, 0.0000000000000000000 ) ) ;
#245 = CARTESIAN_POINT ( 'NONE',  ( 11.08444181289723574, 6.411647514223335342, 16.50007378821410597 ) ) ;
#246 = MECHANICAL_DESIGN_GEOMETRIC_PRESENTATION_REPRESENTATION (  '', ( #6074 ), #576 ) ;
#247 = PRESENTATION_STYLE_ASSIGNMENT (( #3833 ) ) ;
#248 =( GEOMETRIC_REPRESENTATION_CONTEXT ( 3 ) GLOBAL_UNCERTAINTY_ASSIGNED_CONTEXT ( ( #4200 ) ) GLOBAL_UNIT_ASSIGNED_CONTEXT ( ( #3516, #314, #4038 ) ) REPRESENTATION_CONTEXT ( 'NONE', 'WORKASPACE' ) );
#249 = VECTOR ( 'NONE', #6753, 1000.000000000000000 ) ;
#250 = PLANE ( 'NONE',  #3387 ) ;
#251 = MECHANICAL_DESIGN_GEOMETRIC_PRESENTATION_REPRESENTATION (  '', ( #6080 ), #580 ) ;
#252 = EDGE_CURVE ( 'NONE', #6094, #3229, #4483, .T. ) ;
#253 = SURFACE_STYLE_FILL_AREA ( #6281 ) ;
#254 = SURFACE_STYLE_USAGE ( .BOTH. , #3455 ) ;
#255 = CARTESIAN_POINT ( 'NONE',  ( 5.870552912677234225, 10.39775424281733329, 22.57604839096599036 ) ) ;
#256 = VERTEX_POINT ( 'NONE', #4661 ) ;
#257 = SURFACE_STYLE_FILL_AREA ( #1602 ) ;
#258 = FILL_AREA_STYLE_COLOUR ( '', #3733 ) ;
#259 =( LENGTH_UNIT ( ) NAMED_UNIT ( * ) SI_UNIT ( .MILLI., .METRE. ) );
#260 = PLANE ( 'NONE',  #2635 ) ;
#261 = ORIENTED_EDGE ( 'NONE', *, *, #6096, .T. ) ;
#262 = DIRECTION ( 'NONE',  ( 1.000000000000000000, 0.0000000000000000000, -0.0000000000000000000 ) ) ;
#263 =( GEOMETRIC_REPRESENTATION_CONTEXT ( 3 ) GLOBAL_UNCERTAINTY_ASSIGNED_CONTEXT ( ( #2457 ) ) GLOBAL_UNIT_ASSIGNED_CONTEXT ( ( #5454, #2288, #5996 ) ) REPRESENTATION_CONTEXT ( 'NONE', 'WORKASPACE' ) );
#264 = DIRECTION ( 'NONE',  ( -0.0000000000000000000, -1.000000000000000000, -0.0000000000000000000 ) ) ;
#265 = ADVANCED_FACE ( 'NONE', ( #3089 ), #6642, .F. ) ;
#266 = EDGE_CURVE ( 'NONE', #2715, #609, #5394, .T. ) ;
#267 = EDGE_CURVE ( 'NONE', #438, #5293, #4000, .T. ) ;
#268 = CARTESIAN_POINT ( 'NONE',  ( 4.970552912677236534, 10.17620879488533525, 19.06007378821410470 ) ) ;
#269 = LINE ( 'NONE', #2217, #4340 ) ;
#270 = SURFACE_SIDE_STYLE ('',( #3744 ) ) ;
#271 = SURFACE_STYLE_FILL_AREA ( #2163 ) ;
#272 = UNCERTAINTY_MEASURE_WITH_UNIT (LENGTH_MEASURE( 1.000000000000000082E-05 ), #3774, 'distance_accuracy_value', 'NONE');
#273 = SURFACE_STYLE_USAGE ( .BOTH. , #3468 ) ;
#274 =( GEOMETRIC_REPRESENTATION_CONTEXT ( 3 ) GLOBAL_UNCERTAINTY_ASSIGNED_CONTEXT ( ( #3182 ) ) GLOBAL_UNIT_ASSIGNED_CONTEXT ( ( #2725, #6415, #3248 ) ) REPRESENTATION_CONTEXT ( 'NONE', 'WORKASPACE' ) );
#275 = STYLED_ITEM ( 'NONE', ( #5892 ), #6120 ) ;
#276 = ORIENTED_EDGE ( 'NONE', *, *, #526, .T. ) ;
#277 = ORIENTED_EDGE ( 'NONE', *, *, #984, .T. ) ;
#278 = EDGE_LOOP ( 'NONE', ( #524, #4030, #2979, #4600, #997, #4206 ) ) ;
#279 =( NAMED_UNIT ( * ) SI_UNIT ( $, .STERADIAN. ) SOLID_ANGLE_UNIT ( ) );
#280 = PLANE ( 'NONE',  #3177 ) ;
#281 = ORIENTED_EDGE ( 'NONE', *, *, #4122, .T. ) ;
#282 = CARTESIAN_POINT ( 'NONE',  ( -0.8294351022117658623, 12.52777641995833413, 14.36007378821410541 ) ) ;
#283 = EDGE_CURVE ( 'NONE', #5984, #1573, #1146, .T. ) ;
#284 = SURFACE_STYLE_FILL_AREA ( #4064 ) ;
#285 =( LENGTH_UNIT ( ) NAMED_UNIT ( * ) SI_UNIT ( .MILLI., .METRE. ) );
#286 = ADVANCED_FACE ( 'NONE', ( #2412 ), #3651, .F. ) ;
#287 = CARTESIAN_POINT ( 'NONE',  ( 11.27177128197023137, 10.38492283121933468, 21.70348027693310655 ) ) ;
#288 = CARTESIAN_POINT ( 'NONE',  ( -4.129435102211766129, 6.467732065676334408, 15.00007378821410597 ) ) ;
#289 = COLOUR_RGB ( '',0.2509803921568627416, 0.2509803921568627416, 0.2509803921568627416 ) ;
#290 = EDGE_LOOP ( 'NONE', ( #4544, #4068, #6830, #1701 ) ) ;
#291 = AXIS2_PLACEMENT_3D ( 'NONE', #4719, #1538, #5242 ) ;
#292 = EDGE_CURVE ( 'NONE', #2100, #6451, #5969, .T. ) ;
#293 = PLANE ( 'NONE',  #5273 ) ;
#294 = EDGE_LOOP ( 'NONE', ( #5467, #5938, #3692, #5191 ) ) ;
#295 =( GEOMETRIC_REPRESENTATION_CONTEXT ( 3 ) GLOBAL_UNCERTAINTY_ASSIGNED_CONTEXT ( ( #5344 ) ) GLOBAL_UNIT_ASSIGNED_CONTEXT ( ( #3146, #6851, #3673 ) ) REPRESENTATION_CONTEXT ( 'NONE', 'WORKASPACE' ) );
#296 = MECHANICAL_DESIGN_GEOMETRIC_PRESENTATION_REPRESENTATION (  '', ( #6481 ), #631 ) ;
#297 = DIRECTION ( 'NONE',  ( 0.0000000000000000000, 1.000000000000000000, 0.0000000000000000000 ) ) ;
#298 = ORIENTED_EDGE ( 'NONE', *, *, #2431, .T. ) ;
#299 =( NAMED_UNIT ( * ) SI_UNIT ( $, .STERADIAN. ) SOLID_ANGLE_UNIT ( ) );
#300 = VERTEX_POINT ( 'NONE', #5800 ) ;
#301 = LINE ( 'NONE', #2652, #2974 ) ;
#302 = ADVANCED_FACE ( 'NONE', ( #4558 ), #6827, .F. ) ;
#303 = VECTOR ( 'NONE', #4511, 1000.000000000000000 ) ;
#304 = CARTESIAN_POINT ( 'NONE',  ( -4.129435102211766129, 7.717732065676334408, 14.99907378821410653 ) ) ;
#305 = ORIENTED_EDGE ( 'NONE', *, *, #2181, .T. ) ;
#306 = CARTESIAN_POINT ( 'NONE',  ( 6.723752724426747207, 11.32940383488747038, 22.43821375817277897 ) ) ;
#307 =( LENGTH_UNIT ( ) NAMED_UNIT ( * ) SI_UNIT ( .MILLI., .METRE. ) );
#308 = MECHANICAL_DESIGN_GEOMETRIC_PRESENTATION_REPRESENTATION (  '', ( #6489 ), #645 ) ;
#309 = EDGE_LOOP ( 'NONE', ( #1223, #5404, #2961, #1622 ) ) ;
#310 = SURFACE_SIDE_STYLE ('',( #1576 ) ) ;
#311 = PRESENTATION_LAYER_ASSIGNMENT (  '', '', ( #651 ) ) ;
#312 = VERTEX_POINT ( 'NONE', #1032 ) ;
#313 = DIRECTION ( 'NONE',  ( -0.0000000000000000000, 1.000000000000000000, 0.0000000000000000000 ) ) ;
#314 =( NAMED_UNIT ( * ) PLANE_ANGLE_UNIT ( ) SI_UNIT ( $, .RADIAN. ) );
#315 = VECTOR ( 'NONE', #4640, 1000.000000000000000 ) ;
#316 = UNCERTAINTY_MEASURE_WITH_UNIT (LENGTH_MEASURE( 1.000000000000000082E-05 ), #4509, 'distance_accuracy_value', 'NONE');
#317 = VECTOR ( 'NONE', #2452, 1000.000000000000000 ) ;
#318 = CARTESIAN_POINT ( 'NONE',  ( -3.303228718029766142, 9.972754242817334358, 11.44007378821410725 ) ) ;
#319 = DIRECTION ( 'NONE',  ( -1.000000000000000000, 0.0000000000000000000, 0.0000000000000000000 ) ) ;
#320 = EDGE_LOOP ( 'NONE', ( #3631, #4198, #4287, #1561 ) ) ;
#321 = ORIENTED_EDGE ( 'NONE', *, *, #4799, .F. ) ;
#322 = FACE_OUTER_BOUND ( 'NONE', #5778, .T. ) ;
#323 = ADVANCED_FACE ( 'NONE', ( #4082 ), #1007, .F. ) ;
#324 = FACE_OUTER_BOUND ( 'NONE', #3039, .T. ) ;
#325 = FILL_AREA_STYLE_COLOUR ( '', #6805 ) ;
#326 = PLANE ( 'NONE',  #1871 ) ;
#327 = DIRECTION ( 'NONE',  ( -1.000000000000000000, -0.0000000000000000000, -0.0000000000000000000 ) ) ;
#328 = SURFACE_STYLE_USAGE ( .BOTH. , #3533 ) ;
#329 = FACE_OUTER_BOUND ( 'NONE', #2656, .T. ) ;
#330 = FILL_AREA_STYLE ('',( #6165 ) ) ;
#331 = PLANE ( 'NONE',  #4072 ) ;
#332 = CARTESIAN_POINT ( 'NONE',  ( 6.970552912677233870, 12.84774289831133309, 15.67423777296410670 ) ) ;
#333 = VECTOR ( 'NONE', #2854, 1000.000000000000000 ) ;
#334 = EDGE_CURVE ( 'NONE', #858, #2950, #2159, .T. ) ;
#335 = ADVANCED_FACE ( 'NONE', ( #6389, #3584 ), #96, .F. ) ;
#336 = FILL_AREA_STYLE_COLOUR ( '', #5771 ) ;
#337 = ORIENTED_EDGE ( 'NONE', *, *, #6906, .F. ) ;
#338 = ORIENTED_EDGE ( 'NONE', *, *, #2344, .F. ) ;
#339 = PRESENTATION_STYLE_ASSIGNMENT (( #5911 ) ) ;
#340 = FILL_AREA_STYLE ('',( #2466 ) ) ;
#341 = VERTEX_POINT ( 'NONE', #1711 ) ;
#342 = DIRECTION ( 'NONE',  ( -0.0000000000000000000, -0.0000000000000000000, 1.000000000000000000 ) ) ;
#343 = CIRCLE ( 'NONE', #6896, 0.07092535847949685279 ) ;
#344 = CARTESIAN_POINT ( 'NONE',  ( 11.27177128197023137, 12.36773206567633565, 15.00007378820410153 ) ) ;
#345 =( NAMED_UNIT ( * ) PLANE_ANGLE_UNIT ( ) SI_UNIT ( $, .RADIAN. ) );
#346 = STYLED_ITEM ( 'NONE', ( #10 ), #3963 ) ;
#347 = CARTESIAN_POINT ( 'NONE',  ( 6.970552912687234759, 11.34774289832133576, 21.14727454486182268 ) ) ;
#348 = DIRECTION ( 'NONE',  ( 0.0000000000000000000, 0.0000000000000000000, -1.000000000000000000 ) ) ;
#349 = CARTESIAN_POINT ( 'NONE',  ( -4.129435102211766129, 11.96773206567633530, 14.99907378821410653 ) ) ;
#350 = FACE_OUTER_BOUND ( 'NONE', #2648, .T. ) ;
#351 = FILL_AREA_STYLE ('',( #5128 ) ) ;
#352 = VERTEX_POINT ( 'NONE', #5417 ) ;
#353 = ADVANCED_FACE ( 'NONE', ( #4314 ), #1163, .F. ) ;
#354 = DIRECTION ( 'NONE',  ( -0.0000000000000000000, 1.000000000000000000, 0.0000000000000000000 ) ) ;
#355 = EDGE_CURVE ( 'NONE', #6366, #612, #3809, .T. ) ;
#356 = EDGE_CURVE ( 'NONE', #4210, #2063, #5217, .T. ) ;
#357 = PRESENTATION_LAYER_ASSIGNMENT (  '', '', ( #6540 ) ) ;
#358 = PRESENTATION_STYLE_ASSIGNMENT (( #6236 ) ) ;
#359 = ORIENTED_EDGE ( 'NONE', *, *, #6906, .T. ) ;
#360 = AXIS2_PLACEMENT_3D ( 'NONE', #6069, #5536, #3285 ) ;
#361 = VERTEX_POINT ( 'NONE', #3868 ) ;
#362 =( GEOMETRIC_REPRESENTATION_CONTEXT ( 3 ) GLOBAL_UNCERTAINTY_ASSIGNED_CONTEXT ( ( #3107 ) ) GLOBAL_UNIT_ASSIGNED_CONTEXT ( ( #1476, #5175, #2013 ) ) REPRESENTATION_CONTEXT ( 'NONE', 'WORKASPACE' ) );
#363 = VERTEX_POINT ( 'NONE', #147 ) ;
#364 = DIRECTION ( 'NONE',  ( 0.0000000000000000000, 0.0000000000000000000, -1.000000000000000000 ) ) ;
#365 = CARTESIAN_POINT ( 'NONE',  ( -3.303228718029766142, 12.00275424281733549, 11.44007378821410725 ) ) ;
#366 = CARTESIAN_POINT ( 'NONE',  ( 2.171771281970234391, 14.55775424281733521, 15.00007378821410597 ) ) ;
#367 =( LENGTH_UNIT ( ) NAMED_UNIT ( * ) SI_UNIT ( .MILLI., .METRE. ) );
#368 = PLANE ( 'NONE',  #2691 ) ;
#369 = SURFACE_STYLE_USAGE ( .BOTH. , #3573 ) ;
#370 = ORIENTED_EDGE ( 'NONE', *, *, #5955, .T. ) ;
#371 = ORIENTED_EDGE ( 'NONE', *, *, #5301, .T. ) ;
#372 = COLOUR_RGB ( '',0.2509803921568627416, 0.2509803921568627416, 0.2509803921568627416 ) ;
#373 = UNCERTAINTY_MEASURE_WITH_UNIT (LENGTH_MEASURE( 1.000000000000000082E-05 ), #285, 'distance_accuracy_value', 'NONE');
#374 = VERTEX_POINT ( 'NONE', #2269 ) ;
#375 = ORIENTED_EDGE ( 'NONE', *, *, #4109, .F. ) ;
#376 = FACE_OUTER_BOUND ( 'NONE', #1018, .T. ) ;
#377 = VERTEX_POINT ( 'NONE', #3349 ) ;
#378 = PRESENTATION_LAYER_ASSIGNMENT (  '', '', ( #6563 ) ) ;
#379 =( NAMED_UNIT ( * ) SI_UNIT ( $, .STERADIAN. ) SOLID_ANGLE_UNIT ( ) );
#380 =( GEOMETRIC_REPRESENTATION_CONTEXT ( 3 ) GLOBAL_UNCERTAINTY_ASSIGNED_CONTEXT ( ( #985 ) ) GLOBAL_UNIT_ASSIGNED_CONTEXT ( ( #193, #3919, #714 ) ) REPRESENTATION_CONTEXT ( 'NONE', 'WORKASPACE' ) );
#381 = FILL_AREA_STYLE ('',( #6751 ) ) ;
#382 = STYLED_ITEM ( 'NONE', ( #1077 ), #6767 ) ;
#383 = ADVANCED_FACE ( 'NONE', ( #2405 ), #672, .F. ) ;
#384 = DIRECTION ( 'NONE',  ( -1.000000000000000000, 0.0000000000000000000, 0.0000000000000000000 ) ) ;
#385 =( NAMED_UNIT ( * ) SI_UNIT ( $, .STERADIAN. ) SOLID_ANGLE_UNIT ( ) );
#386 = FACE_OUTER_BOUND ( 'NONE', #278, .T. ) ;
#387 = VECTOR ( 'NONE', #4717, 1000.000000000000000 ) ;
#388 = EDGE_LOOP ( 'NONE', ( #2534, #5439, #6605, #3925 ) ) ;
#389 = CARTESIAN_POINT ( 'NONE',  ( -3.813228718029765929, 7.432754242817335211, 11.44007378821410725 ) ) ;
#390 = ORIENTED_EDGE ( 'NONE', *, *, #5463, .F. ) ;
#391 = ORIENTED_EDGE ( 'NONE', *, *, #1474, .F. ) ;
#392 = FILL_AREA_STYLE_COLOUR ( '', #538 ) ;
#393 =( NAMED_UNIT ( * ) SI_UNIT ( $, .STERADIAN. ) SOLID_ANGLE_UNIT ( ) );
#394 = DIRECTION ( 'NONE',  ( 0.0000000000000000000, 0.0000000000000000000, -1.000000000000000000 ) ) ;
#395 = EDGE_CURVE ( 'NONE', #6772, #5159, #2167, .T. ) ;
#396 = EDGE_CURVE ( 'NONE', #3639, #5985, #6233, .T. ) ;
#397 = MECHANICAL_DESIGN_GEOMETRIC_PRESENTATION_REPRESENTATION (  '', ( #6581 ), #748 ) ;
#398 = SURFACE_STYLE_FILL_AREA ( #351 ) ;
#399 = PRESENTATION_LAYER_ASSIGNMENT (  '', '', ( #46 ) ) ;
#400 = CYLINDRICAL_SURFACE ( 'NONE', #1732, 0.2709253584795000003 ) ;
#401 = PRESENTATION_LAYER_ASSIGNMENT (  '', '', ( #47 ) ) ;
#402 = COLOUR_RGB ( '',0.2509803921568627416, 0.2509803921568627416, 0.2509803921568627416 ) ;
#403 = CARTESIAN_POINT ( 'NONE',  ( 3.741771281970234231, 12.25775424281733450, 11.44007378821410725 ) ) ;
#404 = CARTESIAN_POINT ( 'NONE',  ( 6.970552912677233870, 4.047765587323334913, 15.67423777296410670 ) ) ;
#405 = COLOUR_RGB ( '',0.2509803921568627416, 0.2509803921568627416, 0.2509803921568627416 ) ;
#406 = DIRECTION ( 'NONE',  ( 0.0000000000000000000, -0.0000000000000000000, 1.000000000000000000 ) ) ;
#407 = PRESENTATION_STYLE_ASSIGNMENT (( #5069 ) ) ;
#408 = CARTESIAN_POINT ( 'NONE',  ( -4.129435102211766129, 6.467732065676334408, 14.99907378821410653 ) ) ;
#409 = VECTOR ( 'NONE', #5187, 1000.000000000000000 ) ;
#410 = EDGE_CURVE ( 'NONE', #4668, #3017, #736, .T. ) ;
#411 = DIRECTION ( 'NONE',  ( -0.0000000000000000000, -1.000000000000000000, -0.0000000000000000000 ) ) ;
#412 = CARTESIAN_POINT ( 'NONE',  ( 6.170552912677234936, 6.497754242817333825, 21.62007378821410342 ) ) ;
#413 = CARTESIAN_POINT ( 'NONE',  ( 2.171771281970234391, 14.55775424281733521, 15.00007378821410597 ) ) ;
#414 =( NAMED_UNIT ( * ) SI_UNIT ( $, .STERADIAN. ) SOLID_ANGLE_UNIT ( ) );
#415 = FILL_AREA_STYLE ('',( #6813 ) ) ;
#416 = LINE ( 'NONE', #2904, #3093 ) ;
#417 = LINE ( 'NONE', #6212, #249 ) ;
#418 = CARTESIAN_POINT ( 'NONE',  ( 4.970552912677236534, 6.719299690771334710, 19.06007378821410470 ) ) ;
#419 = ADVANCED_FACE ( 'NONE', ( #4817 ), #4446, .F. ) ;
#420 = ORIENTED_EDGE ( 'NONE', *, *, #2180, .T. ) ;
#421 = ORIENTED_EDGE ( 'NONE', *, *, #174, .F. ) ;
#422 = CARTESIAN_POINT ( 'NONE',  ( 0.6705648977882341377, 3.367732065676335207, 22.62007378821410697 ) ) ;
#423 =( NAMED_UNIT ( * ) SI_UNIT ( $, .STERADIAN. ) SOLID_ANGLE_UNIT ( ) );
#424 = PLANE ( 'NONE',  #6682 ) ;
#425 = VECTOR ( 'NONE', #5903, 1000.000000000000000 ) ;
#426 = MECHANICAL_DESIGN_GEOMETRIC_PRESENTATION_REPRESENTATION (  '', ( #6266 ), #781 ) ;
#427 = LINE ( 'NONE', #5077, #3270 ) ;
#428 = CARTESIAN_POINT ( 'NONE',  ( -4.129435102211766129, 9.217732065676335296, 14.99907378821410653 ) ) ;
#429 = PLANE ( 'NONE',  #6586 ) ;
#430 =( GEOMETRIC_REPRESENTATION_CONTEXT ( 3 ) GLOBAL_UNCERTAINTY_ASSIGNED_CONTEXT ( ( #4988 ) ) GLOBAL_UNIT_ASSIGNED_CONTEXT ( ( #6373, #3205, #11 ) ) REPRESENTATION_CONTEXT ( 'NONE', 'WORKASPACE' ) );
#431 = ORIENTED_EDGE ( 'NONE', *, *, #6534, .F. ) ;
#432 = DIRECTION ( 'NONE',  ( 0.9474213742338585265, 0.3199886554939523897, 0.0000000000000000000 ) ) ;
#433 = CARTESIAN_POINT ( 'NONE',  ( 3.190552912677234954, 4.947754242807335778, 20.62007378821410697 ) ) ;
#434 = ORIENTED_EDGE ( 'NONE', *, *, #3703, .F. ) ;
#435 = ORIENTED_EDGE ( 'NONE', *, *, #2995, .F. ) ;
#436 =( NAMED_UNIT ( * ) PLANE_ANGLE_UNIT ( ) SI_UNIT ( $, .RADIAN. ) );
#437 = PRESENTATION_LAYER_ASSIGNMENT (  '', '', ( #81 ) ) ;
#438 = VERTEX_POINT ( 'NONE', #5136 ) ;
#439 = PRESENTATION_LAYER_ASSIGNMENT (  '', '', ( #6632 ) ) ;
#440 = EDGE_CURVE ( 'NONE', #5844, #3643, #1507, .T. ) ;
#441 =( LENGTH_UNIT ( ) NAMED_UNIT ( * ) SI_UNIT ( .MILLI., .METRE. ) );
#442 =( NAMED_UNIT ( * ) PLANE_ANGLE_UNIT ( ) SI_UNIT ( $, .RADIAN. ) );
#443 =( LENGTH_UNIT ( ) NAMED_UNIT ( * ) SI_UNIT ( .MILLI., .METRE. ) );
#444 = COLOUR_RGB ( '',0.2509803921568627416, 0.2509803921568627416, 0.2509803921568627416 ) ;
#445 = LINE ( 'NONE', #5867, #4524 ) ;
#446 = ORIENTED_EDGE ( 'NONE', *, *, #6719, .T. ) ;
#447 = ADVANCED_FACE ( 'NONE', ( #5568 ), #6317, .F. ) ;
#448 = DIRECTION ( 'NONE',  ( 0.0000000000000000000, -0.0000000000000000000, 1.000000000000000000 ) ) ;
#449 = FILL_AREA_STYLE_COLOUR ( '', #3428 ) ;
#450 = VERTEX_POINT ( 'NONE', #6237 ) ;
#451 = FILL_AREA_STYLE ('',( #6832 ) ) ;
#452 = CARTESIAN_POINT ( 'NONE',  ( -3.303228718029766142, 6.922754242817335424, 11.44007378821410725 ) ) ;
#453 = DIRECTION ( 'NONE',  ( 0.0000000000000000000, -1.000000000000000000, 0.0000000000000000000 ) ) ;
#454 = ORIENTED_EDGE ( 'NONE', *, *, #2848, .T. ) ;
#455 =( NAMED_UNIT ( * ) SI_UNIT ( $, .STERADIAN. ) SOLID_ANGLE_UNIT ( ) );
#456 = EDGE_CURVE ( 'NONE', #5505, #5922, #2246, .T. ) ;
#457 = EDGE_LOOP ( 'NONE', ( #1429, #1462, #3383, #2555 ) ) ;
#458 = LINE ( 'NONE', #6092, #4537 ) ;
#459 = VERTEX_POINT ( 'NONE', #403 ) ;
#460 = SURFACE_STYLE_FILL_AREA ( #1417 ) ;
#461 = ORIENTED_EDGE ( 'NONE', *, *, #4062, .T. ) ;
#462 =( GEOMETRIC_REPRESENTATION_CONTEXT ( 3 ) GLOBAL_UNCERTAINTY_ASSIGNED_CONTEXT ( ( #6898 ) ) GLOBAL_UNIT_ASSIGNED_CONTEXT ( ( #1181, #4901, #1727 ) ) REPRESENTATION_CONTEXT ( 'NONE', 'WORKASPACE' ) );
#463 = DIRECTION ( 'NONE',  ( -0.0000000000000000000, -0.0000000000000000000, 1.000000000000000000 ) ) ;
#464 = EDGE_CURVE ( 'NONE', #3027, #6689, #3664, .T. ) ;
#465 =( LENGTH_UNIT ( ) NAMED_UNIT ( * ) SI_UNIT ( .MILLI., .METRE. ) );
#466 = DIRECTION ( 'NONE',  ( 0.0000000000000000000, -1.000000000000000000, -0.0000000000000000000 ) ) ;
#467 = LINE ( 'NONE', #810, #5957 ) ;
#468 = AXIS2_PLACEMENT_3D ( 'NONE', #2275, #5981, #2828 ) ;
#469 = DIRECTION ( 'NONE',  ( 1.000000000000000000, 0.0000000000000000000, 0.0000000000000000000 ) ) ;
#470 = SURFACE_STYLE_FILL_AREA ( #5744 ) ;
#471 =( BOUNDED_CURVE ( )  B_SPLINE_CURVE ( 3, ( #4286, #4814, #6411, #3246 ),
 .UNSPECIFIED., .F., .F. ) 
 B_SPLINE_CURVE_WITH_KNOTS ( ( 4, 4 ),
 ( 4.506722754092782779, 5.408832937839579635 ),
 .UNSPECIFIED. ) 
 CURVE ( )  GEOMETRIC_REPRESENTATION_ITEM ( )  RATIONAL_B_SPLINE_CURVE ( ( 1.000000000000000000, 0.9333251150935153451, 0.9333251150935153451, 1.000000000000000000 ) ) 
 REPRESENTATION_ITEM ( '' )  );
#472 = CARTESIAN_POINT ( 'NONE',  ( 4.598034606640233335, 12.52777641995833413, 15.00007378821410597 ) ) ;
#473 = VERTEX_POINT ( 'NONE', #4139 ) ;
#474 = LINE ( 'NONE', #231, #3326 ) ;
#475 = FACE_OUTER_BOUND ( 'NONE', #1930, .T. ) ;
#476 = LINE ( 'NONE', #3339, #5964 ) ;
#477 = FILL_AREA_STYLE ('',( #2616 ) ) ;
#478 = AXIS2_PLACEMENT_3D ( 'NONE', #5560, #2381, #6090 ) ;
#479 = PRESENTATION_STYLE_ASSIGNMENT (( #4985 ) ) ;
#480 = CARTESIAN_POINT ( 'NONE',  ( 6.525788753667246311, 13.39582673982434358, 15.48123221594619636 ) ) ;
#481 = ADVANCED_FACE ( 'NONE', ( #821 ), #5731, .F. ) ;
#482 = PRESENTATION_STYLE_ASSIGNMENT (( #3717 ) ) ;
#483 = PRESENTATION_LAYER_ASSIGNMENT (  '', '', ( #131 ) ) ;
#484 = LINE ( 'NONE', #6463, #1748 ) ;
#485 = MECHANICAL_DESIGN_GEOMETRIC_PRESENTATION_REPRESENTATION (  '', ( #6685 ), #841 ) ;
#486 = DIRECTION ( 'NONE',  ( -0.0000000000000000000, 0.0000000000000000000, -1.000000000000000000 ) ) ;
#487 = LINE ( 'NONE', #6569, #333 ) ;
#488 = CARTESIAN_POINT ( 'NONE',  ( -3.303228718029766142, 4.382754242817334500, 15.00007378821410597 ) ) ;
#489 = PRESENTATION_STYLE_ASSIGNMENT (( #3646 ) ) ;
#490 = CARTESIAN_POINT ( 'NONE',  ( 1.471771281970234213, 13.52856633055133528, 22.62007378821410697 ) ) ;
#491 = CARTESIAN_POINT ( 'NONE',  ( -4.929435102211766839, 10.46773206567633707, 15.00007378821410597 ) ) ;
#492 = LINE ( 'NONE', #365, #4743 ) ;
#493 =( NAMED_UNIT ( * ) SI_UNIT ( $, .STERADIAN. ) SOLID_ANGLE_UNIT ( ) );
#494 = DIRECTION ( 'NONE',  ( -0.0000000000000000000, 1.000000000000000000, -0.0000000000000000000 ) ) ;
#495 = ORIENTED_EDGE ( 'NONE', *, *, #927, .F. ) ;
#496 = ORIENTED_EDGE ( 'NONE', *, *, #1829, .F. ) ;
#497 = LINE ( 'NONE', #2729, #3347 ) ;
#498 = CARTESIAN_POINT ( 'NONE',  ( -6.329420576603766335, 9.447739717209742594, 15.00007378821410597 ) ) ;
#499 = CARTESIAN_POINT ( 'NONE',  ( -4.929435102211766839, 10.46773206567633707, 14.99907378821410653 ) ) ;
#500 = ORIENTED_EDGE ( 'NONE', *, *, #2683, .T. ) ;
#501 = LINE ( 'NONE', #6657, #3185 ) ;
#502 = STYLED_ITEM ( 'NONE', ( #3694 ), #5048 ) ;
#503 = CIRCLE ( 'NONE', #4881, 0.2000000000000022593 ) ;
#504 = DIRECTION ( 'NONE',  ( -1.000000000000000000, 0.0000000000000000000, 0.0000000000000000000 ) ) ;
#505 = VERTEX_POINT ( 'NONE', #5181 ) ;
#506 =( LENGTH_UNIT ( ) NAMED_UNIT ( * ) SI_UNIT ( .MILLI., .METRE. ) );
#507 = ORIENTED_EDGE ( 'NONE', *, *, #3899, .F. ) ;
#508 = DIRECTION ( 'NONE',  ( -1.000000000000000000, 0.0000000000000000000, 0.0000000000000000000 ) ) ;
#509 =( LENGTH_UNIT ( ) NAMED_UNIT ( * ) SI_UNIT ( .MILLI., .METRE. ) );
#510 = ADVANCED_FACE ( 'NONE', ( #1664 ), #2038, .F. ) ;
#511 = CARTESIAN_POINT ( 'NONE',  ( -3.303228718029766142, 4.892754242817335175, 11.44007378821410725 ) ) ;
#512 = ORIENTED_EDGE ( 'NONE', *, *, #6113, .T. ) ;
#513 = EDGE_CURVE ( 'NONE', #6357, #539, #1156, .T. ) ;
#514 = EDGE_CURVE ( 'NONE', #2100, #1106, #2598, .T. ) ;
#515 = PRESENTATION_LAYER_ASSIGNMENT (  '', '', ( #874 ) ) ;
#516 = ORIENTED_EDGE ( 'NONE', *, *, #2410, .F. ) ;
#517 = SURFACE_STYLE_USAGE ( .BOTH. , #3722 ) ;
#518 = ORIENTED_EDGE ( 'NONE', *, *, #2738, .F. ) ;
#519 = PRESENTATION_LAYER_ASSIGNMENT (  '', '', ( #6724 ) ) ;
#520 = AXIS2_PLACEMENT_3D ( 'NONE', #4597, #1422, #5123 ) ;
#521 = VERTEX_POINT ( 'NONE', #6306 ) ;
#522 = LINE ( 'NONE', #3798, #6024 ) ;
#523 = CARTESIAN_POINT ( 'NONE',  ( 10.41223610897681340, 6.067920691232724373, 16.48994867943428844 ) ) ;
#524 = ORIENTED_EDGE ( 'NONE', *, *, #3157, .F. ) ;
#525 = ORIENTED_EDGE ( 'NONE', *, *, #6635, .F. ) ;
#526 = EDGE_CURVE ( 'NONE', #1530, #2568, #6653, .T. ) ;
#527 = SURFACE_SIDE_STYLE ('',( #1494 ) ) ;
#528 = ORIENTED_EDGE ( 'NONE', *, *, #2195, .F. ) ;
#529 = DIRECTION ( 'NONE',  ( -1.000000000000000000, -0.0000000000000000000, -0.0000000000000000000 ) ) ;
#530 = DIRECTION ( 'NONE',  ( -0.0000000000000000000, -0.0000000000000000000, -1.000000000000000000 ) ) ;
#531 = LINE ( 'NONE', #2022, #6037 ) ;
#532 = SURFACE_STYLE_USAGE ( .BOTH. , #3739 ) ;
#533 = EDGE_LOOP ( 'NONE', ( #2360, #961, #6564, #1810 ) ) ;
#534 = STYLED_ITEM ( 'NONE', ( #2233 ), #4565 ) ;
#535 = EDGE_CURVE ( 'NONE', #1449, #3373, #5233, .T. ) ;
#536 = CARTESIAN_POINT ( 'NONE',  ( 6.467431981590165080, 13.52775424283096406, 22.47962243522438897 ) ) ;
#537 = VERTEX_POINT ( 'NONE', #2626 ) ;
#538 = COLOUR_RGB ( '',0.2509803921568627416, 0.2509803921568627416, 0.2509803921568627416 ) ;
#539 = VERTEX_POINT ( 'NONE', #3162 ) ;
#540 = CARTESIAN_POINT ( 'NONE',  ( 6.723752724424892691, 5.566104650747201177, 22.43821375816129304 ) ) ;
#541 = PRESENTATION_STYLE_ASSIGNMENT (( #2958 ) ) ;
#542 =( NAMED_UNIT ( * ) SI_UNIT ( $, .STERADIAN. ) SOLID_ANGLE_UNIT ( ) );
#543 = COLOUR_RGB ( '',0.2509803921568627416, 0.2509803921568627416, 0.2509803921568627416 ) ;
#544 = CARTESIAN_POINT ( 'NONE',  ( -4.129435102211766129, 10.46773206567633707, 15.00007378821410597 ) ) ;
#545 = DIRECTION ( 'NONE',  ( -1.000000000000000000, -0.0000000000000000000, -0.0000000000000000000 ) ) ;
#546 = DIRECTION ( 'NONE',  ( -0.0000000000000000000, -0.0000000000000000000, 1.000000000000000000 ) ) ;
#547 = MECHANICAL_DESIGN_GEOMETRIC_PRESENTATION_REPRESENTATION (  '', ( #6399 ), #918 ) ;
#548 = CARTESIAN_POINT ( 'NONE',  ( 6.620552912677234225, 10.57349017410540348, 22.45488571232946384 ) ) ;
#549 = FILL_AREA_STYLE ('',( #4756 ) ) ;
#550 = PLANE ( 'NONE',  #3121 ) ;
#551 = VECTOR ( 'NONE', #738, 1000.000000000000000 ) ;
#552 = UNCERTAINTY_MEASURE_WITH_UNIT (LENGTH_MEASURE( 1.000000000000000082E-05 ), #465, 'distance_accuracy_value', 'NONE');
#553 = SURFACE_STYLE_FILL_AREA ( #49 ) ;
#554 = FACE_OUTER_BOUND ( 'NONE', #2851, .T. ) ;
#555 = UNCERTAINTY_MEASURE_WITH_UNIT (LENGTH_MEASURE( 1.000000000000000082E-05 ), #3073, 'distance_accuracy_value', 'NONE');
#556 = AXIS2_PLACEMENT_3D ( 'NONE', #3672, #466, #4207 ) ;
#557 = CARTESIAN_POINT ( 'NONE',  ( -3.813228718029765929, 6.922754242817335424, 15.00007378821410597 ) ) ;
#558 = VECTOR ( 'NONE', #3393, 1000.000000000000000 ) ;
#559 = SURFACE_STYLE_FILL_AREA ( #2073 ) ;
#560 = EDGE_CURVE ( 'NONE', #4210, #944, #2252, .T. ) ;
#561 = CARTESIAN_POINT ( 'NONE',  ( -6.329435102211765418, 13.52775424281733585, 15.00007378821410597 ) ) ;
#562 = CYLINDRICAL_SURFACE ( 'NONE', #2530, 0.6792775000100133020 ) ;
#563 = SURFACE_STYLE_USAGE ( .BOTH. , #3764 ) ;
#564 = VERTEX_POINT ( 'NONE', #3686 ) ;
#565 = DIRECTION ( 'NONE',  ( 0.0000000000000000000, 0.0000000000000000000, 1.000000000000000000 ) ) ;
#566 = DIRECTION ( 'NONE',  ( -0.0000000000000000000, -0.0000000000000000000, -1.000000000000000000 ) ) ;
#567 = DIRECTION ( 'NONE',  ( 0.9822114961333708871, 2.084754578747585709E-17, 0.1877779988801808464 ) ) ;
#568 =( NAMED_UNIT ( * ) PLANE_ANGLE_UNIT ( ) SI_UNIT ( $, .RADIAN. ) );
#569 = ORIENTED_EDGE ( 'NONE', *, *, #3066, .T. ) ;
#570 = VECTOR ( 'NONE', #2900, 1000.000000000000000 ) ;
#571 = SURFACE_STYLE_FILL_AREA ( #4452 ) ;
#572 = SURFACE_SIDE_STYLE ('',( #3844 ) ) ;
#573 = LINE ( 'NONE', #29, #2024 ) ;
#574 = DIRECTION ( 'NONE',  ( 0.0000000000000000000, 0.0000000000000000000, -1.000000000000000000 ) ) ;
#575 = DIRECTION ( 'NONE',  ( -1.000000000000000000, 0.0000000000000000000, 0.0000000000000000000 ) ) ;
#576 =( GEOMETRIC_REPRESENTATION_CONTEXT ( 3 ) GLOBAL_UNCERTAINTY_ASSIGNED_CONTEXT ( ( #1401 ) ) GLOBAL_UNIT_ASSIGNED_CONTEXT ( ( #26, #3750, #542 ) ) REPRESENTATION_CONTEXT ( 'NONE', 'WORKASPACE' ) );
#577 = VERTEX_POINT ( 'NONE', #488 ) ;
#578 = PRESENTATION_STYLE_ASSIGNMENT (( #3644 ) ) ;
#579 = ORIENTED_EDGE ( 'NONE', *, *, #188, .F. ) ;
#580 =( GEOMETRIC_REPRESENTATION_CONTEXT ( 3 ) GLOBAL_UNCERTAINTY_ASSIGNED_CONTEXT ( ( #2668 ) ) GLOBAL_UNIT_ASSIGNED_CONTEXT ( ( #3940, #747, #4475 ) ) REPRESENTATION_CONTEXT ( 'NONE', 'WORKASPACE' ) );
#581 = CARTESIAN_POINT ( 'NONE',  ( 6.559401157310450259, 3.523571878543565461, 15.49639909166409524 ) ) ;
#582 = ORIENTED_EDGE ( 'NONE', *, *, #1094, .F. ) ;
#583 = EDGE_CURVE ( 'NONE', #117, #3362, #3829, .T. ) ;
#584 = CARTESIAN_POINT ( 'NONE',  ( 6.970552912677235646, 8.447754242828334981, 18.81007378821410470 ) ) ;
#585 = CARTESIAN_POINT ( 'NONE',  ( -6.329435102211765418, 4.618273884862334810, 22.62007378821410697 ) ) ;
#586 = VERTEX_POINT ( 'NONE', #1575 ) ;
#587 = STYLED_ITEM ( 'NONE', ( #5759 ), #3578 ) ;
#588 = SURFACE_SIDE_STYLE ('',( #5970 ) ) ;
#589 = SURFACE_SIDE_STYLE ('',( #2062 ) ) ;
#590 =( NAMED_UNIT ( * ) SI_UNIT ( $, .STERADIAN. ) SOLID_ANGLE_UNIT ( ) );
#591 = CARTESIAN_POINT ( 'NONE',  ( 4.061771281970234071, 4.637754242817334394, 11.44007378821410725 ) ) ;
#592 = FILL_AREA_STYLE_COLOUR ( '', #1650 ) ;
#593 = SURFACE_SIDE_STYLE ('',( #4896 ) ) ;
#594 = EDGE_CURVE ( 'NONE', #6703, #3204, #4902, .T. ) ;
#595 = DIRECTION ( 'NONE',  ( 0.0000000000000000000, 1.000000000000000000, 0.0000000000000000000 ) ) ;
#596 = LINE ( 'NONE', #1472, #3461 ) ;
#597 = EDGE_CURVE ( 'NONE', #2653, #1197, #994, .T. ) ;
#598 = LINE ( 'NONE', #6379, #5931 ) ;
#599 = ORIENTED_EDGE ( 'NONE', *, *, #514, .T. ) ;
#600 = UNCERTAINTY_MEASURE_WITH_UNIT (LENGTH_MEASURE( 1.000000000000000082E-05 ), #3174, 'distance_accuracy_value', 'NONE');
#601 = ORIENTED_EDGE ( 'NONE', *, *, #112, .T. ) ;
#602 = SURFACE_STYLE_FILL_AREA ( #3845 ) ;
#603 = AXIS2_PLACEMENT_3D ( 'NONE', #4204, #1002, #4729 ) ;
#604 = PLANE ( 'NONE',  #2512 ) ;
#605 = DIRECTION ( 'NONE',  ( -1.000000000000000000, -0.0000000000000000000, -0.0000000000000000000 ) ) ;
#606 = AXIS2_PLACEMENT_3D ( 'NONE', #191, #3914, #711 ) ;
#607 = VERTEX_POINT ( 'NONE', #4075 ) ;
#608 = CARTESIAN_POINT ( 'NONE',  ( 5.598034606640234223, 13.52777641995833413, 14.36007378821410541 ) ) ;
#609 = VERTEX_POINT ( 'NONE', #5816 ) ;
#610 = LINE ( 'NONE', #6066, #4863 ) ;
#611 =( NAMED_UNIT ( * ) SI_UNIT ( $, .STERADIAN. ) SOLID_ANGLE_UNIT ( ) );
#612 = VERTEX_POINT ( 'NONE', #6866 ) ;
#613 = CARTESIAN_POINT ( 'NONE',  ( 6.723752724426747207, 11.32940383488747038, 22.43821375817277897 ) ) ;
#614 = CARTESIAN_POINT ( 'NONE',  ( 2.171771281970234391, 0.0000000000000000000, 0.0000000000000000000 ) ) ;
#615 = EDGE_CURVE ( 'NONE', #5523, #3830, #3341, .T. ) ;
#616 = CARTESIAN_POINT ( 'NONE',  ( 4.381771281970234355, 12.25775424281733450, 11.44007378821410725 ) ) ;
#617 =( NAMED_UNIT ( * ) SI_UNIT ( $, .STERADIAN. ) SOLID_ANGLE_UNIT ( ) );
#618 = ORIENTED_EDGE ( 'NONE', *, *, #1539, .F. ) ;
#619 = VECTOR ( 'NONE', #4835, 1000.000000000000000 ) ;
#620 = DIRECTION ( 'NONE',  ( 0.0000000000000000000, 0.0000000000000000000, -1.000000000000000000 ) ) ;
#621 = VERTEX_POINT ( 'NONE', #2490 ) ;
#622 = DIRECTION ( 'NONE',  ( -0.1594825167900040253, -1.096013005972020170E-16, -0.9872007530580222401 ) ) ;
#623 = PRESENTATION_STYLE_ASSIGNMENT (( #2567 ) ) ;
#624 = CARTESIAN_POINT ( 'NONE',  ( -0.8294351022117658623, 12.52777641995833235, 15.00007378821410597 ) ) ;
#625 = SURFACE_STYLE_USAGE ( .BOTH. , #3828 ) ;
#626 = PRESENTATION_LAYER_ASSIGNMENT (  '', '', ( #6839 ) ) ;
#627 = VECTOR ( 'NONE', #1869, 1000.000000000000000 ) ;
#628 = EDGE_CURVE ( 'NONE', #4778, #2549, #6325, .T. ) ;
#629 = STYLED_ITEM ( 'NONE', ( #1541 ), #1315 ) ;
#630 =( LENGTH_UNIT ( ) NAMED_UNIT ( * ) SI_UNIT ( .MILLI., .METRE. ) );
#631 =( GEOMETRIC_REPRESENTATION_CONTEXT ( 3 ) GLOBAL_UNCERTAINTY_ASSIGNED_CONTEXT ( ( #3815 ) ) GLOBAL_UNIT_ASSIGNED_CONTEXT ( ( #6268, #3100, #6809 ) ) REPRESENTATION_CONTEXT ( 'NONE', 'WORKASPACE' ) );
#632 =( LENGTH_UNIT ( ) NAMED_UNIT ( * ) SI_UNIT ( .MILLI., .METRE. ) );
#633 = FACE_OUTER_BOUND ( 'NONE', #4773, .T. ) ;
#634 = DIRECTION ( 'NONE',  ( 0.008418138569223193243, 8.988523626397964544E-13, 0.9999645668437604495 ) ) ;
#635 = ORIENTED_EDGE ( 'NONE', *, *, #6054, .T. ) ;
#636 = SURFACE_STYLE_FILL_AREA ( #1814 ) ;
#637 = LINE ( 'NONE', #4366, #3328 ) ;
#638 = CARTESIAN_POINT ( 'NONE',  ( 5.970552912677237423, 8.197754242828334981, 17.04621897928210217 ) ) ;
#639 = SURFACE_STYLE_FILL_AREA ( #4466 ) ;
#640 = SURFACE_SIDE_STYLE ('',( #818 ) ) ;
#641 = CARTESIAN_POINT ( 'NONE',  ( 5.870552912677234225, 10.39775424281733329, 22.57604839096599036 ) ) ;
#642 = COLOUR_RGB ( '',0.2509803921568627416, 0.2509803921568627416, 0.2509803921568627416 ) ;
#643 = CARTESIAN_POINT ( 'NONE',  ( 6.970552912677233870, 13.52775424281733585, 15.00007378821410597 ) ) ;
#644 = DIRECTION ( 'NONE',  ( 0.0000000000000000000, 0.0000000000000000000, -1.000000000000000000 ) ) ;
#645 =( GEOMETRIC_REPRESENTATION_CONTEXT ( 3 ) GLOBAL_UNCERTAINTY_ASSIGNED_CONTEXT ( ( #3966 ) ) GLOBAL_UNIT_ASSIGNED_CONTEXT ( ( #630, #4362, #1170 ) ) REPRESENTATION_CONTEXT ( 'NONE', 'WORKASPACE' ) );
#646 = DIRECTION ( 'NONE',  ( 0.0000000000000000000, -1.000000000000000000, 1.110223024624999878E-16 ) ) ;
#647 = COLOUR_RGB ( '',1.000000000000000000, 1.000000000000000000, 1.000000000000000000 ) ;
#648 = COLOUR_RGB ( '',0.2509803921568627416, 0.2509803921568627416, 0.2509803921568627416 ) ;
#649 = CARTESIAN_POINT ( 'NONE',  ( 3.690552912677234954, 4.947754242807335778, 20.62007378821410697 ) ) ;
#650 = CARTESIAN_POINT ( 'NONE',  ( -3.303228718029766142, 9.972754242817334358, 15.00007378821410597 ) ) ;
#651 = STYLED_ITEM ( 'NONE', ( #1826 ), #4230 ) ;
#652 = LINE ( 'NONE', #71, #4564 ) ;
#653 = SURFACE_STYLE_FILL_AREA ( #5824 ) ;
#654 = FACE_OUTER_BOUND ( 'NONE', #5258, .T. ) ;
#655 = CARTESIAN_POINT ( 'NONE',  ( 6.620552912677234225, 10.39775424281733507, 21.62007378821410342 ) ) ;
#656 = STYLED_ITEM ( 'NONE', ( #2981 ), #1952 ) ;
#657 = LINE ( 'NONE', #887, #4569 ) ;
#658 = STYLED_ITEM ( 'NONE', ( #3897 ), #5614 ) ;
#659 = VERTEX_POINT ( 'NONE', #3565 ) ;
#660 = EDGE_LOOP ( 'NONE', ( #6729, #6040, #4757, #2289 ) ) ;
#661 = SURFACE_SIDE_STYLE ('',( #4479 ) ) ;
#662 = PLANE ( 'NONE',  #1278 ) ;
#663 = ORIENTED_EDGE ( 'NONE', *, *, #4300, .T. ) ;
#664 = DIRECTION ( 'NONE',  ( -0.0000000000000000000, -0.0000000000000000000, 1.000000000000000000 ) ) ;
#665 = DIRECTION ( 'NONE',  ( -0.0000000000000000000, -0.0000000000000000000, 1.000000000000000000 ) ) ;
#666 = DIRECTION ( 'NONE',  ( -0.0000000000000000000, -0.0000000000000000000, -1.000000000000000000 ) ) ;
#667 = DIRECTION ( 'NONE',  ( 0.0000000000000000000, 0.0000000000000000000, -1.000000000000000000 ) ) ;
#668 = FILL_AREA_STYLE_COLOUR ( '', #1651 ) ;
#669 = PLANE ( 'NONE',  #4453 ) ;
#670 = DIRECTION ( 'NONE',  ( 0.0000000000000000000, 0.0000000000000000000, 1.000000000000000000 ) ) ;
#671 = CARTESIAN_POINT ( 'NONE',  ( -3.303228718029766142, 6.922754242817335424, 15.00007378821410597 ) ) ;
#672 = PLANE ( 'NONE',  #6232 ) ;
#673 = UNCERTAINTY_MEASURE_WITH_UNIT (LENGTH_MEASURE( 1.000000000000000082E-05 ), #6271, 'distance_accuracy_value', 'NONE');
#674 = ORIENTED_EDGE ( 'NONE', *, *, #4951, .F. ) ;
#675 = EDGE_CURVE ( 'NONE', #5719, #5505, #492, .T. ) ;
#676 = ORIENTED_EDGE ( 'NONE', *, *, #2370, .F. ) ;
#677 =( NAMED_UNIT ( * ) SI_UNIT ( $, .STERADIAN. ) SOLID_ANGLE_UNIT ( ) );
#678 =( NAMED_UNIT ( * ) PLANE_ANGLE_UNIT ( ) SI_UNIT ( $, .RADIAN. ) );
#679 = UNCERTAINTY_MEASURE_WITH_UNIT (LENGTH_MEASURE( 1.000000000000000082E-05 ), #2752, 'distance_accuracy_value', 'NONE');
#680 = CARTESIAN_POINT ( 'NONE',  ( 5.598034606640234223, 12.52777641995833413, 14.36007378821410541 ) ) ;
#681 = DIRECTION ( 'NONE',  ( 0.0000000000000000000, 1.000000000000000000, 0.0000000000000000000 ) ) ;
#682 = ORIENTED_EDGE ( 'NONE', *, *, #5166, .T. ) ;
#683 = UNCERTAINTY_MEASURE_WITH_UNIT (LENGTH_MEASURE( 1.000000000000000082E-05 ), #93, 'distance_accuracy_value', 'NONE');
#684 = DIRECTION ( 'NONE',  ( -0.0000000000000000000, 0.0000000000000000000, -1.000000000000000000 ) ) ;
#685 = SURFACE_STYLE_FILL_AREA ( #477 ) ;
#686 = ORIENTED_EDGE ( 'NONE', *, *, #1969, .F. ) ;
#687 = CARTESIAN_POINT ( 'NONE',  ( 8.225226285006669968, 3.942062890567812783, 16.10029504692021263 ) ) ;
#688 = PRESENTATION_LAYER_ASSIGNMENT (  '', '', ( #346 ) ) ;
#689 = ORIENTED_EDGE ( 'NONE', *, *, #2074, .T. ) ;
#690 = CARTESIAN_POINT ( 'NONE',  ( -3.813228718029765929, 12.51275424281733528, 11.44007378821410725 ) ) ;
#691 = EDGE_LOOP ( 'NONE', ( #4745, #1605, #2795, #34 ) ) ;
#692 = FILL_AREA_STYLE_COLOUR ( '', #2581 ) ;
#693 = DIRECTION ( 'NONE',  ( 0.0000000000000000000, 0.0000000000000000000, -1.000000000000000000 ) ) ;
#694 = DIRECTION ( 'NONE',  ( 0.0000000000000000000, -0.0000000000000000000, 1.000000000000000000 ) ) ;
#695 = AXIS2_PLACEMENT_3D ( 'NONE', #591, #4311, #1682 ) ;
#696 = EDGE_LOOP ( 'NONE', ( #6509, #1111 ) ) ;
#697 = ORIENTED_EDGE ( 'NONE', *, *, #2085, .T. ) ;
#698 = CARTESIAN_POINT ( 'NONE',  ( 8.619044656375004720, 11.27473366909231878, 16.19918726515802376 ) ) ;
#699 = EDGE_CURVE ( 'NONE', #5504, #3105, #657, .T. ) ;
#700 = UNCERTAINTY_MEASURE_WITH_UNIT (LENGTH_MEASURE( 1.000000000000000082E-05 ), #1349, 'distance_accuracy_value', 'NONE');
#701 = MECHANICAL_DESIGN_GEOMETRIC_PRESENTATION_REPRESENTATION (  '', ( #6540 ), #906 ) ;
#702 =( LENGTH_UNIT ( ) NAMED_UNIT ( * ) SI_UNIT ( .MILLI., .METRE. ) );
#703 = DIRECTION ( 'NONE',  ( 0.0000000000000000000, -1.000000000000000000, 0.0000000000000000000 ) ) ;
#705 = FACE_OUTER_BOUND ( 'NONE', #2465, .T. ) ;
#704 = PRESENTATION_LAYER_ASSIGNMENT (  '', '', ( #6543 ) ) ;
#706 = VERTEX_POINT ( 'NONE', #6735 ) ;
#707 =( LENGTH_UNIT ( ) NAMED_UNIT ( * ) SI_UNIT ( .MILLI., .METRE. ) );
#708 =( NAMED_UNIT ( * ) SI_UNIT ( $, .STERADIAN. ) SOLID_ANGLE_UNIT ( ) );
#709 = ORIENTED_EDGE ( 'NONE', *, *, #3447, .T. ) ;
#710 = CARTESIAN_POINT ( 'NONE',  ( 3.419627554198234165, 4.947754242807335778, 20.62007378821410697 ) ) ;
#711 = DIRECTION ( 'NONE',  ( 0.0000000000000000000, 0.0000000000000000000, -1.000000000000000000 ) ) ;
#712 = ORIENTED_EDGE ( 'NONE', *, *, #1717, .T. ) ;
#713 = DIRECTION ( 'NONE',  ( -1.239088197122750557E-16, -1.000000000000000000, 0.0000000000000000000 ) ) ;
#714 =( NAMED_UNIT ( * ) SI_UNIT ( $, .STERADIAN. ) SOLID_ANGLE_UNIT ( ) );
#715 = SURFACE_STYLE_USAGE ( .BOTH. , #3920 ) ;
#716 = SURFACE_STYLE_FILL_AREA ( #1 ) ;
#717 = FILL_AREA_STYLE_COLOUR ( '', #3706 ) ;
#718 = COLOUR_RGB ( '',0.2509803921568627416, 0.2509803921568627416, 0.2509803921568627416 ) ;
#719 = LINE ( 'NONE', #6638, #3577 ) ;
#720 = FACE_OUTER_BOUND ( 'NONE', #290, .T. ) ;
#721 = PRESENTATION_STYLE_ASSIGNMENT (( #5660 ) ) ;
#722 = CYLINDRICAL_SURFACE ( 'NONE', #6077, 5.085906699999998004 ) ;
#723 = DIRECTION ( 'NONE',  ( 0.0000000000000000000, -0.0000000000000000000, 1.000000000000000000 ) ) ;
#724 = CARTESIAN_POINT ( 'NONE',  ( 11.27177128197023137, 11.77056347727433483, 14.36007378820410452 ) ) ;
#725 = MECHANICAL_DESIGN_GEOMETRIC_PRESENTATION_REPRESENTATION (  '', ( #6563 ), #1080 ) ;
#726 = SURFACE_STYLE_FILL_AREA ( #3988 ) ;
#727 = COLOUR_RGB ( '',0.2509803921568627416, 0.2509803921568627416, 0.2509803921568627416 ) ;
#728 = FILL_AREA_STYLE_COLOUR ( '', #1910 ) ;
#729 = PRESENTATION_LAYER_ASSIGNMENT (  '', '', ( #382 ) ) ;
#730 =( BOUNDED_CURVE ( )  B_SPLINE_CURVE ( 3, ( #5714, #2005, #5165, #6243 ),
 .UNSPECIFIED., .F., .F. ) 
 B_SPLINE_CURVE_WITH_KNOTS ( ( 4, 4 ),
 ( 0.3256941079363669944, 1.570796326803068244 ),
 .UNSPECIFIED. ) 
 CURVE ( )  GEOMETRIC_REPRESENTATION_ITEM ( )  RATIONAL_B_SPLINE_CURVE ( ( 1.000000000000000000, 0.8749290170448654758, 0.8749290170448654758, 1.000000000000000000 ) ) 
 REPRESENTATION_ITEM ( '' )  );
#731 = PLANE ( 'NONE',  #5791 ) ;
#732 = ORIENTED_EDGE ( 'NONE', *, *, #4674, .F. ) ;
#733 = LINE ( 'NONE', #5051, #6060 ) ;
#734 = SURFACE_STYLE_FILL_AREA ( #5279 ) ;
#735 =( LENGTH_UNIT ( ) NAMED_UNIT ( * ) SI_UNIT ( .MILLI., .METRE. ) );
#736 = LINE ( 'NONE', #1783, #558 ) ;
#737 = DIRECTION ( 'NONE',  ( -1.000000000000000000, -0.0000000000000000000, -0.0000000000000000000 ) ) ;
#738 = DIRECTION ( 'NONE',  ( -0.0000000000000000000, -1.000000000000000000, -0.0000000000000000000 ) ) ;
#739 = DIRECTION ( 'NONE',  ( 1.000000000000000000, 0.0000000000000000000, 0.0000000000000000000 ) ) ;
#740 = PLANE ( 'NONE',  #3604 ) ;
#741 = AXIS2_PLACEMENT_3D ( 'NONE', #5341, #2173, #5881 ) ;
#742 = CARTESIAN_POINT ( 'NONE',  ( 2.170564897788234138, 5.397732065676335900, 22.62007378821410697 ) ) ;
#743 = CARTESIAN_POINT ( 'NONE',  ( 11.08444181289723574, 11.91985983030433616, 16.50007378821410597 ) ) ;
#744 = ADVANCED_FACE ( 'NONE', ( #3176 ), #1419, .F. ) ;
#745 = EDGE_CURVE ( 'NONE', #4408, #934, #730, .T. ) ;
#746 = EDGE_CURVE ( 'NONE', #5518, #4606, #5481, .T. ) ;
#747 =( NAMED_UNIT ( * ) PLANE_ANGLE_UNIT ( ) SI_UNIT ( $, .RADIAN. ) );
#748 =( GEOMETRIC_REPRESENTATION_CONTEXT ( 3 ) GLOBAL_UNCERTAINTY_ASSIGNED_CONTEXT ( ( #16 ) ) GLOBAL_UNIT_ASSIGNED_CONTEXT ( ( #5509, #2342, #6051 ) ) REPRESENTATION_CONTEXT ( 'NONE', 'WORKASPACE' ) );
#749 = CARTESIAN_POINT ( 'NONE',  ( -5.328228808214765522, 13.52775424281733585, 14.36007378820410452 ) ) ;
#750 = MECHANICAL_DESIGN_GEOMETRIC_PRESENTATION_REPRESENTATION (  '', ( #46 ), #1101 ) ;
#751 = MECHANICAL_DESIGN_GEOMETRIC_PRESENTATION_REPRESENTATION (  '', ( #47 ), #1102 ) ;
#752 = ORIENTED_EDGE ( 'NONE', *, *, #1601, .T. ) ;
#753 = FACE_OUTER_BOUND ( 'NONE', #1712, .T. ) ;
#754 = DIRECTION ( 'NONE',  ( 0.0000000000000000000, 0.0000000000000000000, 1.000000000000000000 ) ) ;
#755 = CARTESIAN_POINT ( 'NONE',  ( -4.129435102211766129, 6.467732065676334408, 14.99907378821410653 ) ) ;
#756 = UNCERTAINTY_MEASURE_WITH_UNIT (LENGTH_MEASURE( 1.000000000000000082E-05 ), #6177, 'distance_accuracy_value', 'NONE');
#757 = FILL_AREA_STYLE_COLOUR ( '', #4157 ) ;
#758 = VECTOR ( 'NONE', #5120, 1000.000000000000000 ) ;
#759 = EDGE_CURVE ( 'NONE', #341, #4683, #1245, .T. ) ;
#760 = CARTESIAN_POINT ( 'NONE',  ( 5.598034606640234223, 3.367732065676334319, 15.00007378821410597 ) ) ;
#761 = SURFACE_STYLE_USAGE ( .BOTH. , #3958 ) ;
#762 = CARTESIAN_POINT ( 'NONE',  ( 0.6705648977882341377, 3.367732065676335207, 22.62007378821410697 ) ) ;
#763 = SURFACE_STYLE_FILL_AREA ( #3111 ) ;
#764 = ORIENTED_EDGE ( 'NONE', *, *, #5396, .F. ) ;
#765 = ORIENTED_EDGE ( 'NONE', *, *, #4039, .F. ) ;
#766 =( NAMED_UNIT ( * ) PLANE_ANGLE_UNIT ( ) SI_UNIT ( $, .RADIAN. ) );
#767 = EDGE_LOOP ( 'NONE', ( #3572, #500, #6444, #1973 ) ) ;
#768 = EDGE_CURVE ( 'NONE', #1106, #3796, #2678, .T. ) ;
#769 = DIRECTION ( 'NONE',  ( -1.000000000000000000, 0.0000000000000000000, 0.0000000000000000000 ) ) ;
#770 = STYLED_ITEM ( 'NONE', ( #3878 ), #969 ) ;
#771 = VECTOR ( 'NONE', #6654, 1000.000000000000000 ) ;
#772 = DIRECTION ( 'NONE',  ( 0.0000000000000000000, 1.000000000000000000, 0.0000000000000000000 ) ) ;
#773 = SURFACE_SIDE_STYLE ('',( #2836 ) ) ;
#774 = DIRECTION ( 'NONE',  ( -0.0000000000000000000, -0.0000000000000000000, 1.000000000000000000 ) ) ;
#775 = ADVANCED_FACE ( 'NONE', ( #3913 ), #424, .F. ) ;
#776 = VECTOR ( 'NONE', #5821, 1000.000000000000000 ) ;
#777 = ORIENTED_EDGE ( 'NONE', *, *, #3965, .T. ) ;
#778 =( NAMED_UNIT ( * ) PLANE_ANGLE_UNIT ( ) SI_UNIT ( $, .RADIAN. ) );
#779 = FILL_AREA_STYLE_COLOUR ( '', #5039 ) ;
#780 = ORIENTED_EDGE ( 'NONE', *, *, #890, .T. ) ;
#781 =( GEOMETRIC_REPRESENTATION_CONTEXT ( 3 ) GLOBAL_UNCERTAINTY_ASSIGNED_CONTEXT ( ( #756 ) ) GLOBAL_UNIT_ASSIGNED_CONTEXT ( ( #6177, #3014, #6707 ) ) REPRESENTATION_CONTEXT ( 'NONE', 'WORKASPACE' ) );
#782 = VECTOR ( 'NONE', #6492, 1000.000000000000000 ) ;
#783 = SURFACE_SIDE_STYLE ('',( #726 ) ) ;
#784 =( NAMED_UNIT ( * ) SI_UNIT ( $, .STERADIAN. ) SOLID_ANGLE_UNIT ( ) );
#785 = ORIENTED_EDGE ( 'NONE', *, *, #6649, .T. ) ;
#786 = SURFACE_STYLE_USAGE ( .BOTH. , #3992 ) ;
#787 = FILL_AREA_STYLE ('',( #4491 ) ) ;
#788 = ORIENTED_EDGE ( 'NONE', *, *, #3268, .F. ) ;
#789 = COLOUR_RGB ( '',0.2509803921568627416, 0.2509803921568627416, 0.2509803921568627416 ) ;
#790 = CIRCLE ( 'NONE', #6234, 0.4999999999999995559 ) ;
#791 = MECHANICAL_DESIGN_GEOMETRIC_PRESENTATION_REPRESENTATION (  '', ( #81 ), #1145 ) ;
#792 = EDGE_LOOP ( 'NONE', ( #6844, #2964, #3072, #4436 ) ) ;
#793 = DIRECTION ( 'NONE',  ( -0.0000000000000000000, -0.0000000000000000000, 1.000000000000000000 ) ) ;
#794 = MECHANICAL_DESIGN_GEOMETRIC_PRESENTATION_REPRESENTATION (  '', ( #6632 ), #1147 ) ;
#795 =( LENGTH_UNIT ( ) NAMED_UNIT ( * ) SI_UNIT ( .MILLI., .METRE. ) );
#796 =( NAMED_UNIT ( * ) PLANE_ANGLE_UNIT ( ) SI_UNIT ( $, .RADIAN. ) );
#797 = ORIENTED_EDGE ( 'NONE', *, *, #4538, .F. ) ;
#798 = ORIENTED_EDGE ( 'NONE', *, *, #6297, .T. ) ;
#799 = ORIENTED_EDGE ( 'NONE', *, *, #1433, .F. ) ;
#800 = EDGE_CURVE ( 'NONE', #1197, #3373, #2008, .T. ) ;
#801 = COLOUR_RGB ( '',0.2509803921568627416, 0.2509803921568627416, 0.2509803921568627416 ) ;
#802 = ADVANCED_FACE ( 'NONE', ( #3211 ), #4721, .T. ) ;
#803 = CARTESIAN_POINT ( 'NONE',  ( 2.171771281970234391, 15.55775424281733521, 15.00007378821410597 ) ) ;
#804 = DIRECTION ( 'NONE',  ( 1.000000000000000000, 0.0000000000000000000, 0.0000000000000000000 ) ) ;
#805 = LINE ( 'NONE', #6783, #2069 ) ;
#806 = VECTOR ( 'NONE', #3570, 1000.000000000000000 ) ;
#807 = SURFACE_STYLE_FILL_AREA ( #3954 ) ;
#808 = SURFACE_SIDE_STYLE ('',( #6720 ) ) ;
#809 = LINE ( 'NONE', #4364, #6301 ) ;
#810 = CARTESIAN_POINT ( 'NONE',  ( 5.970552912677237423, 8.697754242828334981, 18.56007378821410825 ) ) ;
#811 = DIRECTION ( 'NONE',  ( 0.0000000000000000000, 0.0000000000000000000, 1.000000000000000000 ) ) ;
#812 =( NAMED_UNIT ( * ) SI_UNIT ( $, .STERADIAN. ) SOLID_ANGLE_UNIT ( ) );
#813 = LINE ( 'NONE', #608, #2078 ) ;
#814 = CARTESIAN_POINT ( 'NONE',  ( -6.329420576603766335, 7.447754242817334891, 14.99907378821410653 ) ) ;
#815 = CARTESIAN_POINT ( 'NONE',  ( -5.329435102211766306, 4.618273884862334810, 22.62007378821410697 ) ) ;
#816 = EDGE_CURVE ( 'NONE', #1640, #3536, #3938, .T. ) ;
#817 = ADVANCED_FACE ( 'NONE', ( #3492 ), #4571, .F. ) ;
#818 = SURFACE_STYLE_FILL_AREA ( #3840 ) ;
#819 = LINE ( 'NONE', #5091, #2084 ) ;
#820 = SURFACE_SIDE_STYLE ('',( #6594 ) ) ;
#821 = FACE_OUTER_BOUND ( 'NONE', #660, .T. ) ;
#822 = CARTESIAN_POINT ( 'NONE',  ( 4.970552912677236534, 8.197754242818334092, 19.06007378821410470 ) ) ;
#823 = PRESENTATION_LAYER_ASSIGNMENT (  '', '', ( #1174 ) ) ;
#824 = FACE_BOUND ( 'NONE', #4434, .T. ) ;
#825 = CARTESIAN_POINT ( 'NONE',  ( -5.329435102211766306, 13.52775424281733585, 22.62007378821410697 ) ) ;
#826 = EDGE_CURVE ( 'NONE', #3229, #6457, #2826, .T. ) ;
#827 = PLANE ( 'NONE',  #6617 ) ;
#828 = VECTOR ( 'NONE', #3140, 1000.000000000000000 ) ;
#829 = AXIS2_PLACEMENT_3D ( 'NONE', #5423, #2251, #5956 ) ;
#830 = DIRECTION ( 'NONE',  ( 1.000000000000000000, -0.0000000000000000000, -0.0000000000000000000 ) ) ;
#831 = ORIENTED_EDGE ( 'NONE', *, *, #6679, .T. ) ;
#832 =( NAMED_UNIT ( * ) SI_UNIT ( $, .STERADIAN. ) SOLID_ANGLE_UNIT ( ) );
#833 = VERTEX_POINT ( 'NONE', #4598 ) ;
#834 =( LENGTH_UNIT ( ) NAMED_UNIT ( * ) SI_UNIT ( .MILLI., .METRE. ) );
#835 = ADVANCED_FACE ( 'NONE', ( #6883 ), #5675, .F. ) ;
#836 = ORIENTED_EDGE ( 'NONE', *, *, #3157, .T. ) ;
#837 = PRESENTATION_LAYER_ASSIGNMENT (  '', '', ( #123 ) ) ;
#838 = ORIENTED_EDGE ( 'NONE', *, *, #1603, .T. ) ;
#839 = MECHANICAL_DESIGN_GEOMETRIC_PRESENTATION_REPRESENTATION (  '', ( #131 ), #1198 ) ;
#840 = STYLED_ITEM ( 'NONE', ( #2806 ), #2524 ) ;
#841 =( GEOMETRIC_REPRESENTATION_CONTEXT ( 3 ) GLOBAL_UNCERTAINTY_ASSIGNED_CONTEXT ( ( #6041 ) ) GLOBAL_UNIT_ASSIGNED_CONTEXT ( ( #834, #4554, #1376 ) ) REPRESENTATION_CONTEXT ( 'NONE', 'WORKASPACE' ) );
#842 = ORIENTED_EDGE ( 'NONE', *, *, #5166, .F. ) ;
#843 = PRESENTATION_STYLE_ASSIGNMENT (( #3711 ) ) ;
#844 = CARTESIAN_POINT ( 'NONE',  ( -3.402683551688752139, 12.25775424281733450, 22.42007378821411478 ) ) ;
#845 = ORIENTED_EDGE ( 'NONE', *, *, #98, .F. ) ;
#846 = FILL_AREA_STYLE_COLOUR ( '', #1328 ) ;
#847 = ADVANCED_FACE ( 'NONE', ( #6375 ), #1989, .F. ) ;
#848 = FILL_AREA_STYLE ('',( #3597 ) ) ;
#849 =( NAMED_UNIT ( * ) PLANE_ANGLE_UNIT ( ) SI_UNIT ( $, .RADIAN. ) );
#850 = SURFACE_STYLE_USAGE ( .BOTH. , #4052 ) ;
#851 = VECTOR ( 'NONE', #5133, 1000.000000000000000 ) ;
#852 = CARTESIAN_POINT ( 'NONE',  ( -3.813228718029765929, 9.972754242817334358, 11.44007378821410725 ) ) ;
#853 = EDGE_LOOP ( 'NONE', ( #4531, #6257, #2377, #1051 ) ) ;
#854 = ORIENTED_EDGE ( 'NONE', *, *, #6449, .F. ) ;
#855 = AXIS2_PLACEMENT_3D ( 'NONE', #2486, #6190, #3024 ) ;
#856 = SURFACE_SIDE_STYLE ('',( #284 ) ) ;
#857 = ORIENTED_EDGE ( 'NONE', *, *, #5940, .T. ) ;
#858 = VERTEX_POINT ( 'NONE', #5720 ) ;
#859 = VECTOR ( 'NONE', #196, 1000.000000000000000 ) ;
#860 = AXIS2_PLACEMENT_3D ( 'NONE', #3842, #644, #4374 ) ;
#861 = STYLED_ITEM ( 'NONE', ( #1514 ), #6694 ) ;
#862 = SURFACE_SIDE_STYLE ('',( #5670 ) ) ;
#863 = ADVANCED_FACE ( 'NONE', ( #386 ), #3968, .T. ) ;
#864 = CARTESIAN_POINT ( 'NONE',  ( 0.6717712819702342797, 15.55775425740435125, 15.00007378821410597 ) ) ;
#865 = CARTESIAN_POINT ( 'NONE',  ( 1.470564897788234404, 4.397732065676335900, 15.00007378821410597 ) ) ;
#866 = DIRECTION ( 'NONE',  ( 0.0000000000000000000, -1.000000000000000000, 0.0000000000000000000 ) ) ;
#867 = VERTEX_POINT ( 'NONE', #5287 ) ;
#868 = DIRECTION ( 'NONE',  ( 0.0000000000000000000, -1.000000000000000000, 1.110223024624999878E-16 ) ) ;
#869 = FILL_AREA_STYLE_COLOUR ( '', #1394 ) ;
#870 = FILL_AREA_STYLE_COLOUR ( '', #2543 ) ;
#871 = STYLED_ITEM ( 'NONE', ( #6722 ), #3119 ) ;
#872 = EDGE_CURVE ( 'NONE', #2884, #6867, #5364, .T. ) ;
#873 = EDGE_CURVE ( 'NONE', #459, #4795, #6789, .T. ) ;
#874 = STYLED_ITEM ( 'NONE', ( #6052 ), #4530 ) ;
#875 = ORIENTED_EDGE ( 'NONE', *, *, #267, .T. ) ;
#876 = UNCERTAINTY_MEASURE_WITH_UNIT (LENGTH_MEASURE( 1.000000000000000082E-05 ), #2153, 'distance_accuracy_value', 'NONE');
#877 = UNCERTAINTY_MEASURE_WITH_UNIT (LENGTH_MEASURE( 1.000000000000000082E-05 ), #6834, 'distance_accuracy_value', 'NONE');
#878 = CARTESIAN_POINT ( 'NONE',  ( 4.970552912677232094, 8.697754244012937619, 20.57392860550395852 ) ) ;
#879 = FACE_OUTER_BOUND ( 'NONE', #922, .T. ) ;
#880 = COLOUR_RGB ( '',0.2509803921568627416, 0.2509803921568627416, 0.2509803921568627416 ) ;
#881 = VECTOR ( 'NONE', #3630, 1000.000000000000000 ) ;
#882 = MECHANICAL_DESIGN_GEOMETRIC_PRESENTATION_REPRESENTATION (  '', ( #6724 ), #1244 ) ;
#883 = PRESENTATION_LAYER_ASSIGNMENT (  '', '', ( #181 ) ) ;
#884 = ORIENTED_EDGE ( 'NONE', *, *, #1788, .F. ) ;
#885 = CARTESIAN_POINT ( 'NONE',  ( 5.870552912677235113, 6.497754242817333825, 21.62007378821410342 ) ) ;
#886 = CARTESIAN_POINT ( 'NONE',  ( 6.023124048472234371, 3.367732065676335207, 22.55140048763810512 ) ) ;
#887 = CARTESIAN_POINT ( 'NONE',  ( -4.129435102211766129, 4.967732065676335296, 14.99907378821410653 ) ) ;
#888 = DIRECTION ( 'NONE',  ( -0.0000000000000000000, -0.0000000000000000000, 1.000000000000000000 ) ) ;
#889 =( NAMED_UNIT ( * ) SI_UNIT ( $, .STERADIAN. ) SOLID_ANGLE_UNIT ( ) );
#890 = EDGE_CURVE ( 'NONE', #4714, #3939, #1303, .T. ) ;
#891 = COLOUR_RGB ( '',1.000000000000000000, 1.000000000000000000, 1.000000000000000000 ) ;
#892 = FILL_AREA_STYLE ('',( #2492 ) ) ;
#893 = PRESENTATION_STYLE_ASSIGNMENT (( #4507 ) ) ;
#894 =( NAMED_UNIT ( * ) PLANE_ANGLE_UNIT ( ) SI_UNIT ( $, .RADIAN. ) );
#895 = CARTESIAN_POINT ( 'NONE',  ( 4.970552912677236534, 8.197754242828334981, 17.04621897928210572 ) ) ;
#896 = FACE_OUTER_BOUND ( 'NONE', #6119, .T. ) ;
#897 = PLANE ( 'NONE',  #2926 ) ;
#898 = SURFACE_STYLE_FILL_AREA ( #1186 ) ;
#899 = CARTESIAN_POINT ( 'NONE',  ( -4.129435102211766129, 7.717732065676334408, 14.99907378821410653 ) ) ;
#900 = ORIENTED_EDGE ( 'NONE', *, *, #36, .F. ) ;
#901 = ADVANCED_FACE ( 'NONE', ( #6618 ), #1607, .F. ) ;
#902 = AXIS2_PLACEMENT_3D ( 'NONE', #2896, #4485, #3985 ) ;
#903 = EDGE_CURVE ( 'NONE', #5367, #1641, #1895, .T. ) ;
#904 = SURFACE_STYLE_FILL_AREA ( #1463 ) ;
#905 = VECTOR ( 'NONE', #4226, 1000.000000000000000 ) ;
#906 =( GEOMETRIC_REPRESENTATION_CONTEXT ( 3 ) GLOBAL_UNCERTAINTY_ASSIGNED_CONTEXT ( ( #202 ) ) GLOBAL_UNIT_ASSIGNED_CONTEXT ( ( #6761, #3599, #393 ) ) REPRESENTATION_CONTEXT ( 'NONE', 'WORKASPACE' ) );
#907 = DIRECTION ( 'NONE',  ( -1.000000000000000000, 0.0000000000000000000, 0.0000000000000000000 ) ) ;
#908 = LINE ( 'NONE', #219, #6401 ) ;
#909 = SURFACE_STYLE_USAGE ( .BOTH. , #4114 ) ;
#910 = SURFACE_SIDE_STYLE ('',( #1661 ) ) ;
#911 = FILL_AREA_STYLE_COLOUR ( '', #3593 ) ;
#912 = PLANE ( 'NONE',  #3282 ) ;
#913 = CARTESIAN_POINT ( 'NONE',  ( 6.170552912677234936, 6.197754242817334003, 21.62007378821410342 ) ) ;
#914 = AXIS2_PLACEMENT_3D ( 'NONE', #183, #3905, #703 ) ;
#915 =( BOUNDED_CURVE ( )  B_SPLINE_CURVE ( 3, ( #1492, #4662, #5735, #2560 ),
 .UNSPECIFIED., .F., .F. ) 
 B_SPLINE_CURVE_WITH_KNOTS ( ( 4, 4 ),
 ( 0.8743523693375224726, 1.776462553087587493 ),
 .UNSPECIFIED. ) 
 CURVE ( )  GEOMETRIC_REPRESENTATION_ITEM ( )  RATIONAL_B_SPLINE_CURVE ( ( 1.000000000000000000, 0.9333251150930405027, 0.9333251150930405027, 1.000000000000000000 ) ) 
 REPRESENTATION_ITEM ( '' )  );
#916 = CARTESIAN_POINT ( 'NONE',  ( -5.329435102211766306, 4.618273884862334810, 14.99907378821410653 ) ) ;
#917 = DIRECTION ( 'NONE',  ( 0.0000000000000000000, 1.000000000000000000, 0.0000000000000000000 ) ) ;
#918 =( GEOMETRIC_REPRESENTATION_CONTEXT ( 3 ) GLOBAL_UNCERTAINTY_ASSIGNED_CONTEXT ( ( #1817 ) ) GLOBAL_UNIT_ASSIGNED_CONTEXT ( ( #443, #4181, #978 ) ) REPRESENTATION_CONTEXT ( 'NONE', 'WORKASPACE' ) );
#919 = SURFACE_SIDE_STYLE ('',( #3400 ) ) ;
#920 = CARTESIAN_POINT ( 'NONE',  ( 4.598034606640233335, 13.52777641995833413, 14.36007378821410541 ) ) ;
#921 = CARTESIAN_POINT ( 'NONE',  ( 11.27177128197023137, 6.510585654415335100, 14.36007378820410452 ) ) ;
#922 = EDGE_LOOP ( 'NONE', ( #5421, #4377 ) ) ;
#923 = SURFACE_SIDE_STYLE ('',( #2577 ) ) ;
#924 = PRESENTATION_LAYER_ASSIGNMENT (  '', '', ( #220 ) ) ;
#925 = VECTOR ( 'NONE', #1941, 1000.000000000000000 ) ;
#926 = PRESENTATION_STYLE_ASSIGNMENT (( #5603 ) ) ;
#927 = EDGE_CURVE ( 'NONE', #3105, #4386, #6126, .T. ) ;
#928 = DIRECTION ( 'NONE',  ( 0.0000000000000000000, -1.000000000000000000, -0.0000000000000000000 ) ) ;
#929 = FILL_AREA_STYLE ('',( #4655 ) ) ;
#930 = EDGE_LOOP ( 'NONE', ( #1044, #2446, #1374, #3704 ) ) ;
#931 = ORIENTED_EDGE ( 'NONE', *, *, #3268, .T. ) ;
#932 = ADVANCED_FACE ( 'NONE', ( #3308 ), #4591, .F. ) ;
#933 = FILL_AREA_STYLE_COLOUR ( '', #5895 ) ;
#934 = VERTEX_POINT ( 'NONE', #886 ) ;
#935 = DIRECTION ( 'NONE',  ( 0.0000000000000000000, 0.0000000000000000000, 1.000000000000000000 ) ) ;
#936 = CARTESIAN_POINT ( 'NONE',  ( -6.329435102211765418, 13.52775424281733585, 15.00007378821410597 ) ) ;
#937 = LINE ( 'NONE', #2386, #6423 ) ;
#938 = CARTESIAN_POINT ( 'NONE',  ( 5.598034606650234224, 6.407739522834335233, 15.00007378822410686 ) ) ;
#939 = SURFACE_SIDE_STYLE ('',( #1878 ) ) ;
#940 = FILL_AREA_STYLE_COLOUR ( '', #2075 ) ;
#941 = LINE ( 'NONE', #4184, #6430 ) ;
#942 = ORIENTED_EDGE ( 'NONE', *, *, #1337, .T. ) ;
#943 = VERTEX_POINT ( 'NONE', #6174 ) ;
#944 = VERTEX_POINT ( 'NONE', #1440 ) ;
#945 = DIRECTION ( 'NONE',  ( -0.0000000000000000000, 0.0000000000000000000, 1.000000000000000000 ) ) ;
#946 = VERTEX_POINT ( 'NONE', #5140 ) ;
#947 = STYLED_ITEM ( 'NONE', ( #721 ), #1543 ) ;
#948 = CARTESIAN_POINT ( 'NONE',  ( -3.303228718029766142, 12.51275424281733528, 11.44007378821410725 ) ) ;
#949 = EDGE_CURVE ( 'NONE', #1763, #5620, #6700, .T. ) ;
#950 = VERTEX_POINT ( 'NONE', #864 ) ;
#951 = DIRECTION ( 'NONE',  ( 0.0000000000000000000, 0.0000000000000000000, 1.000000000000000000 ) ) ;
#952 = SURFACE_STYLE_FILL_AREA ( #3188 ) ;
#953 = LINE ( 'NONE', #2883, #6285 ) ;
#954 = DIRECTION ( 'NONE',  ( 1.000000000000000000, 0.0000000000000000000, 0.0000000000000000000 ) ) ;
#955 = AXIS2_PLACEMENT_3D ( 'NONE', #3515, #313, #4037 ) ;
#956 = EDGE_LOOP ( 'NONE', ( #2802, #1456, #1390, #2942 ) ) ;
#957 = SURFACE_SIDE_STYLE ('',( #6738 ) ) ;
#958 = VERTEX_POINT ( 'NONE', #3054 ) ;
#959 = DIRECTION ( 'NONE',  ( 0.0000000000000000000, 0.0000000000000000000, 1.000000000000000000 ) ) ;
#960 = ORIENTED_EDGE ( 'NONE', *, *, #1118, .F. ) ;
#961 = ORIENTED_EDGE ( 'NONE', *, *, #4180, .F. ) ;
#962 = FILL_AREA_STYLE ('',( #1497 ) ) ;
#963 = DIRECTION ( 'NONE',  ( -0.0000000000000000000, -0.0000000000000000000, 1.000000000000000000 ) ) ;
#964 = STYLED_ITEM ( 'NONE', ( #5997 ), #3470 ) ;
#965 = LINE ( 'NONE', #2538, #4876 ) ;
#966 = EDGE_CURVE ( 'NONE', #165, #6357, #2641, .T. ) ;
#967 = EDGE_CURVE ( 'NONE', #2063, #1951, #1211, .T. ) ;
#968 = VECTOR ( 'NONE', #1961, 1000.000000000000000 ) ;
#969 = ADVANCED_FACE ( 'NONE', ( #1041 ), #912, .F. ) ;
#970 = LINE ( 'NONE', #2351, #6464 ) ;
#971 = AXIS2_PLACEMENT_3D ( 'NONE', #4704, #1527, #5228 ) ;
#972 = STYLED_ITEM ( 'NONE', ( #5863 ), #2462 ) ;
#973 = COLOUR_RGB ( '',0.2509803921568627416, 0.2509803921568627416, 0.2509803921568627416 ) ;
#974 = PRESENTATION_LAYER_ASSIGNMENT (  '', '', ( #275 ) ) ;
#975 = VECTOR ( 'NONE', #4885, 1000.000000000000000 ) ;
#976 =( NAMED_UNIT ( * ) SI_UNIT ( $, .STERADIAN. ) SOLID_ANGLE_UNIT ( ) );
#977 = VECTOR ( 'NONE', #6408, 1000.000000000000000 ) ;
#978 =( NAMED_UNIT ( * ) SI_UNIT ( $, .STERADIAN. ) SOLID_ANGLE_UNIT ( ) );
#979 = CARTESIAN_POINT ( 'NONE',  ( 4.970552912677232094, 8.447754242828334981, 18.81007378821410470 ) ) ;
#980 = FILL_AREA_STYLE_COLOUR ( '', #209 ) ;
#981 = COLOUR_RGB ( '',1.000000000000000000, 1.000000000000000000, 1.000000000000000000 ) ;
#982 = CARTESIAN_POINT ( 'NONE',  ( 4.061771281970234071, 4.637754242817334394, 11.44007378821410725 ) ) ;
#983 = VECTOR ( 'NONE', #3225, 1000.000000000000000 ) ;
#984 = EDGE_CURVE ( 'NONE', #6335, #4408, #915, .T. ) ;
#985 = UNCERTAINTY_MEASURE_WITH_UNIT (LENGTH_MEASURE( 1.000000000000000082E-05 ), #193, 'distance_accuracy_value', 'NONE');
#986 = SURFACE_STYLE_USAGE ( .BOTH. , #4186 ) ;
#987 = CARTESIAN_POINT ( 'NONE',  ( 8.549353853147234616, 3.367732065666334318, 22.14328746100210665 ) ) ;
#988 = FILL_AREA_STYLE ('',( #6147 ) ) ;
#989 = CARTESIAN_POINT ( 'NONE',  ( -4.129435102211766129, 13.52856633055133528, 15.00007378821410597 ) ) ;
#990 = PRESENTATION_STYLE_ASSIGNMENT (( #5990 ) ) ;
#991 = FACE_BOUND ( 'NONE', #205, .T. ) ;
#992 = COLOUR_RGB ( '',0.2509803921568627416, 0.2509803921568627416, 0.2509803921568627416 ) ;
#993 = CARTESIAN_POINT ( 'NONE',  ( 6.320552912677235291, 6.497754242817333825, 21.62007378821410342 ) ) ;
#994 = LINE ( 'NONE', #6557, #5064 ) ;
#995 = MECHANICAL_DESIGN_GEOMETRIC_PRESENTATION_REPRESENTATION (  '', ( #6839 ), #1360 ) ;
#996 = EDGE_CURVE ( 'NONE', #2178, #1344, #531, .T. ) ;
#997 = ORIENTED_EDGE ( 'NONE', *, *, #3281, .T. ) ;
#998 = AXIS2_PLACEMENT_3D ( 'NONE', #5236, #4208, #1008 ) ;
#999 = CYLINDRICAL_SURFACE ( 'NONE', #3377, 0.2999999999999990452 ) ;
#1000 = FILL_AREA_STYLE_COLOUR ( '', #2784 ) ;
#1001 = ORIENTED_EDGE ( 'NONE', *, *, #5206, .F. ) ;
#1002 = DIRECTION ( 'NONE',  ( 0.0000000000000000000, 0.0000000000000000000, 1.000000000000000000 ) ) ;
#1003 = COLOUR_RGB ( '',0.7921568627450980005, 0.8196078431372548767, 0.9333333333333333481 ) ;
#1004 =( NAMED_UNIT ( * ) SI_UNIT ( $, .STERADIAN. ) SOLID_ANGLE_UNIT ( ) );
#1005 = SURFACE_SIDE_STYLE ('',( #2975 ) ) ;
#1006 = ADVANCED_FACE ( 'NONE', ( #4622 ), #5164, .F. ) ;
#1007 = PLANE ( 'NONE',  #4844 ) ;
#1008 = DIRECTION ( 'NONE',  ( -1.000000000000000000, 0.0000000000000000000, 0.0000000000000000000 ) ) ;
#1009 = CARTESIAN_POINT ( 'NONE',  ( 11.87177130871520347, 12.11697362750311413, 21.60655012971256284 ) ) ;
#1010 = COLOUR_RGB ( '',0.2509803921568627416, 0.2509803921568627416, 0.2509803921568627416 ) ;
#1011 = PRESENTATION_LAYER_ASSIGNMENT (  '', '', ( #1375 ) ) ;
#1012 = COLOUR_RGB ( '',0.2509803921568627416, 0.2509803921568627416, 0.2509803921568627416 ) ;
#1013 = PLANE ( 'NONE',  #5988 ) ;
#1014 = ORIENTED_EDGE ( 'NONE', *, *, #6881, .F. ) ;
#1015 = AXIS2_PLACEMENT_3D ( 'NONE', #6863, #1025, #504 ) ;
#1016 = ORIENTED_EDGE ( 'NONE', *, *, #5360, .T. ) ;
#1017 = SURFACE_STYLE_USAGE ( .BOTH. , #4213 ) ;
#1018 = EDGE_LOOP ( 'NONE', ( #1307, #338, #1438, #6035 ) ) ;
#1019 = ORIENTED_EDGE ( 'NONE', *, *, #3547, .F. ) ;
#1020 = CARTESIAN_POINT ( 'NONE',  ( 6.256325798811790406, 13.50537317256454806, 15.35134413676123799 ) ) ;
#1021 = AXIS2_PLACEMENT_3D ( 'NONE', #3657, #453, #4189 ) ;
#1022 = EDGE_LOOP ( 'NONE', ( #4867, #1572, #4327, #4696 ) ) ;
#1023 = AXIS2_PLACEMENT_3D ( 'NONE', #5024, #1866, #5574 ) ;
#1024 = FACE_OUTER_BOUND ( 'NONE', #3712, .T. ) ;
#1025 = DIRECTION ( 'NONE',  ( 0.0000000000000000000, 1.110223024624999878E-16, 1.000000000000000000 ) ) ;
#1026 = ORIENTED_EDGE ( 'NONE', *, *, #440, .T. ) ;
#1027 = DIRECTION ( 'NONE',  ( -0.0000000000000000000, 1.000000000000000000, -0.0000000000000000000 ) ) ;
#1028 = PLANE ( 'NONE',  #6270 ) ;
#1029 = UNCERTAINTY_MEASURE_WITH_UNIT (LENGTH_MEASURE( 1.000000000000000082E-05 ), #3875, 'distance_accuracy_value', 'NONE');
#1030 = CARTESIAN_POINT ( 'NONE',  ( 4.061771281970234071, 4.637754242817334394, 15.00007378821410597 ) ) ;
#1031 = EDGE_LOOP ( 'NONE', ( #3306, #5910, #579, #3501, #6589 ) ) ;
#1032 = CARTESIAN_POINT ( 'NONE',  ( -4.129435102211766129, 11.96773206567633352, 15.00007378821410597 ) ) ;
#1033 = ORIENTED_EDGE ( 'NONE', *, *, #4846, .F. ) ;
#1034 = LINE ( 'NONE', #4528, #3709 ) ;
#1035 = EDGE_CURVE ( 'NONE', #3552, #2139, #4448, .T. ) ;
#1036 = ORIENTED_EDGE ( 'NONE', *, *, #5301, .F. ) ;
#1037 = PRESENTATION_STYLE_ASSIGNMENT (( #5886 ) ) ;
#1038 = CARTESIAN_POINT ( 'NONE',  ( 11.67177128197023350, 11.07774315424633471, 15.00007378821410597 ) ) ;
#1039 = PLANE ( 'NONE',  #5046 ) ;
#1040 = ADVANCED_FACE ( 'NONE', ( #3051 ), #2546, .T. ) ;
#1041 = FACE_OUTER_BOUND ( 'NONE', #4627, .T. ) ;
#1042 = FILL_AREA_STYLE_COLOUR ( '', #402 ) ;
#1043 =( NAMED_UNIT ( * ) SI_UNIT ( $, .STERADIAN. ) SOLID_ANGLE_UNIT ( ) );
#1044 = ORIENTED_EDGE ( 'NONE', *, *, #3356, .T. ) ;
#1045 = FILL_AREA_STYLE_COLOUR ( '', #4319 ) ;
#1046 = LINE ( 'NONE', #938, #1726 ) ;
#1047 =( NAMED_UNIT ( * ) SI_UNIT ( $, .STERADIAN. ) SOLID_ANGLE_UNIT ( ) );
#1048 = PRESENTATION_STYLE_ASSIGNMENT (( #369 ) ) ;
#1049 = MECHANICAL_DESIGN_GEOMETRIC_PRESENTATION_REPRESENTATION (  '', ( #346 ), #1424 ) ;
#1050 = DIRECTION ( 'NONE',  ( 1.000000000000000000, -0.0000000000000000000, -0.0000000000000000000 ) ) ;
#1051 = ORIENTED_EDGE ( 'NONE', *, *, #3314, .F. ) ;
#1052 = DIRECTION ( 'NONE',  ( 0.0000000000000000000, -0.0000000000000000000, 1.000000000000000000 ) ) ;
#1053 = VERTEX_POINT ( 'NONE', #5264 ) ;
#1054 = CARTESIAN_POINT ( 'NONE',  ( 10.75976398527708433, 12.16634335642295639, 16.49568643255089739 ) ) ;
#1055 = STYLED_ITEM ( 'NONE', ( #1068 ), #229 ) ;
#1056 =( NAMED_UNIT ( * ) PLANE_ANGLE_UNIT ( ) SI_UNIT ( $, .RADIAN. ) );
#1057 = FACE_OUTER_BOUND ( 'NONE', #2869, .T. ) ;
#1058 = EDGE_CURVE ( 'NONE', #5254, #4135, #3776, .T. ) ;
#1059 = VECTOR ( 'NONE', #5500, 1000.000000000000000 ) ;
#1060 = SURFACE_STYLE_FILL_AREA ( #3309 ) ;
#1061 = PRESENTATION_STYLE_ASSIGNMENT (( #2642 ) ) ;
#1062 = DIRECTION ( 'NONE',  ( -1.000000000000000000, 0.0000000000000000000, 0.0000000000000000000 ) ) ;
#1063 = MECHANICAL_DESIGN_GEOMETRIC_PRESENTATION_REPRESENTATION (  '', ( #6543 ), #1436 ) ;
#1064 = VERTEX_POINT ( 'NONE', #2099 ) ;
#1065 = COLOUR_RGB ( '',1.000000000000000000, 1.000000000000000000, 1.000000000000000000 ) ;
#1066 = AXIS2_PLACEMENT_3D ( 'NONE', #4673, #1502, #5199 ) ;
#1067 = CARTESIAN_POINT ( 'NONE',  ( 9.712535805183138748, 5.830608500427346463, 16.41606645710187706 ) ) ;
#1068 = PRESENTATION_STYLE_ASSIGNMENT (( #2001 ) ) ;
#1069 = DIRECTION ( 'NONE',  ( 0.0000000000000000000, -1.000000000000000000, -0.0000000000000000000 ) ) ;
#1070 =( LENGTH_UNIT ( ) NAMED_UNIT ( * ) SI_UNIT ( .MILLI., .METRE. ) );
#1071 = DIRECTION ( 'NONE',  ( -0.0000000000000000000, -1.000000000000000000, 1.110223024624999878E-16 ) ) ;
#1072 = COLOUR_RGB ( '',0.2509803921568627416, 0.2509803921568627416, 0.2509803921568627416 ) ;
#1073 = DIRECTION ( 'NONE',  ( 0.0000000000000000000, 0.0000000000000000000, 1.000000000000000000 ) ) ;
#1074 = ORIENTED_EDGE ( 'NONE', *, *, #6748, .T. ) ;
#1075 = ORIENTED_EDGE ( 'NONE', *, *, #5745, .F. ) ;
#1076 = VECTOR ( 'NONE', #1285, 1000.000000000000000 ) ;
#1077 = PRESENTATION_STYLE_ASSIGNMENT (( #4889 ) ) ;
#1078 =( NAMED_UNIT ( * ) PLANE_ANGLE_UNIT ( ) SI_UNIT ( $, .RADIAN. ) );
#1079 = CARTESIAN_POINT ( 'NONE',  ( 6.970552912677233870, 12.84774289831133309, 22.39834312896510582 ) ) ;
#1080 =( GEOMETRIC_REPRESENTATION_CONTEXT ( 3 ) GLOBAL_UNCERTAINTY_ASSIGNED_CONTEXT ( ( #4990 ) ) GLOBAL_UNIT_ASSIGNED_CONTEXT ( ( #441, #4175, #976 ) ) REPRESENTATION_CONTEXT ( 'NONE', 'WORKASPACE' ) );
#1081 = VERTEX_POINT ( 'NONE', #1560 ) ;
#1082 = STYLED_ITEM ( 'NONE', ( #479 ), #1439 ) ;
#1083 = PRESENTATION_STYLE_ASSIGNMENT (( #149 ) ) ;
#1084 = MECHANICAL_DESIGN_GEOMETRIC_PRESENTATION_REPRESENTATION (  '', ( #382 ), #1460 ) ;
#1085 = CARTESIAN_POINT ( 'NONE',  ( -0.8294351022117658623, 13.52777641995833413, 14.36007378821410541 ) ) ;
#1086 = DIRECTION ( 'NONE',  ( -0.0000000000000000000, -0.0000000000000000000, -1.000000000000000000 ) ) ;
#1087 = PLANE ( 'NONE',  #3656 ) ;
#1088 = VECTOR ( 'NONE', #2924, 1000.000000000000000 ) ;
#1089 = PLANE ( 'NONE',  #1342 ) ;
#1090 = CARTESIAN_POINT ( 'NONE',  ( 6.620552912677234225, 10.39775424281733507, 22.45488571232946740 ) ) ;
#1091 = AXIS2_PLACEMENT_3D ( 'NONE', #4076, #866, #4593 ) ;
#1092 = VERTEX_POINT ( 'NONE', #3164 ) ;
#1093 = ORIENTED_EDGE ( 'NONE', *, *, #2146, .F. ) ;
#1094 = EDGE_CURVE ( 'NONE', #6097, #4234, #941, .T. ) ;
#1095 = SURFACE_STYLE_USAGE ( .BOTH. , #4291 ) ;
#1096 = EDGE_CURVE ( 'NONE', #6854, #134, #1105, .T. ) ;
#1097 = DIRECTION ( 'NONE',  ( -0.0000000000000000000, 0.0000000000000000000, -1.000000000000000000 ) ) ;
#1098 = ORIENTED_EDGE ( 'NONE', *, *, #1717, .F. ) ;
#1099 = VECTOR ( 'NONE', #769, 1000.000000000000000 ) ;
#1100 = DIRECTION ( 'NONE',  ( -0.0000000000000000000, -0.0000000000000000000, 1.000000000000000000 ) ) ;
#1101 =( GEOMETRIC_REPRESENTATION_CONTEXT ( 3 ) GLOBAL_UNCERTAINTY_ASSIGNED_CONTEXT ( ( #6879 ) ) GLOBAL_UNIT_ASSIGNED_CONTEXT ( ( #1557, #5260, #2096 ) ) REPRESENTATION_CONTEXT ( 'NONE', 'WORKASPACE' ) );
#1102 =( GEOMETRIC_REPRESENTATION_CONTEXT ( 3 ) GLOBAL_UNCERTAINTY_ASSIGNED_CONTEXT ( ( #876 ) ) GLOBAL_UNIT_ASSIGNED_CONTEXT ( ( #2153, #5859, #2698 ) ) REPRESENTATION_CONTEXT ( 'NONE', 'WORKASPACE' ) );
#1103 = DIRECTION ( 'NONE',  ( 1.000000000000000000, 0.0000000000000000000, -0.0000000000000000000 ) ) ;
#1104 = PRESENTATION_STYLE_ASSIGNMENT (( #1990 ) ) ;
#1105 = LINE ( 'NONE', #6873, #6601 ) ;
#1106 = VERTEX_POINT ( 'NONE', #5281 ) ;
#1107 =( NAMED_UNIT ( * ) PLANE_ANGLE_UNIT ( ) SI_UNIT ( $, .RADIAN. ) );
#1108 = DIRECTION ( 'NONE',  ( -0.0000000000000000000, 1.110223024624999878E-16, 1.000000000000000000 ) ) ;
#1109 = EDGE_LOOP ( 'NONE', ( #1265, #6742, #6208, #2332 ) ) ;
#1110 = CARTESIAN_POINT ( 'NONE',  ( 3.370579423396234287, 13.52775424281733585, 22.62007378821410697 ) ) ;
#1111 = ORIENTED_EDGE ( 'NONE', *, *, #2431, .F. ) ;
#1112 = PLANE ( 'NONE',  #5782 ) ;
#1113 = EDGE_CURVE ( 'NONE', #3057, #4998, #2202, .T. ) ;
#1114 = CARTESIAN_POINT ( 'NONE',  ( 12.47177128197023421, 6.197754242817334003, 21.50961999111510892 ) ) ;
#1115 = ORIENTED_EDGE ( 'NONE', *, *, #5246, .T. ) ;
#1116 =( LENGTH_UNIT ( ) NAMED_UNIT ( * ) SI_UNIT ( .MILLI., .METRE. ) );
#1117 = PRESENTATION_LAYER_ASSIGNMENT (  '', '', ( #6603 ) ) ;
#1118 = EDGE_CURVE ( 'NONE', #2523, #101, #3623, .T. ) ;
#1119 = SURFACE_STYLE_FILL_AREA ( #5313 ) ;
#1120 = AXIS2_PLACEMENT_3D ( 'NONE', #6733, #3564, #364 ) ;
#1121 = CARTESIAN_POINT ( 'NONE',  ( -3.813228718029765929, 12.00275424281733549, 15.00007378821410597 ) ) ;
#1122 = SURFACE_STYLE_FILL_AREA ( #5880 ) ;
#1123 = ORIENTED_EDGE ( 'NONE', *, *, #4260, .T. ) ;
#1124 = VERTEX_POINT ( 'NONE', #3718 ) ;
#1125 = SURFACE_SIDE_STYLE ('',( #5724 ) ) ;
#1126 = EDGE_LOOP ( 'NONE', ( #4224, #4344, #5934, #1812 ) ) ;
#1127 = CARTESIAN_POINT ( 'NONE',  ( 6.581541392309286920, 3.538155081563048032, 15.50651414277483475 ) ) ;
#1128 = LINE ( 'NONE', #916, #5037 ) ;
#1129 = DIRECTION ( 'NONE',  ( 0.0000000000000000000, 0.0000000000000000000, -1.000000000000000000 ) ) ;
#1130 = DIRECTION ( 'NONE',  ( -0.0000000000000000000, -0.0000000000000000000, -1.000000000000000000 ) ) ;
#1131 = VECTOR ( 'NONE', #605, 1000.000000000000000 ) ;
#1132 = CARTESIAN_POINT ( 'NONE',  ( 6.320552912677234403, 6.197754242817334003, 22.50335078378407871 ) ) ;
#1133 = DIRECTION ( 'NONE',  ( -0.0000000000000000000, -0.0000000000000000000, 1.000000000000000000 ) ) ;
#1134 =( LENGTH_UNIT ( ) NAMED_UNIT ( * ) SI_UNIT ( .MILLI., .METRE. ) );
#1135 =( LENGTH_UNIT ( ) NAMED_UNIT ( * ) SI_UNIT ( .MILLI., .METRE. ) );
#1136 = VECTOR ( 'NONE', #6766, 1000.000000000000000 ) ;
#1137 = CARTESIAN_POINT ( 'NONE',  ( -3.303228718029766142, 4.382754242817334500, 11.44007378821410725 ) ) ;
#1138 = DIRECTION ( 'NONE',  ( -0.0000000000000000000, -0.0000000000000000000, 1.000000000000000000 ) ) ;
#1139 = STYLED_ITEM ( 'NONE', ( #2242 ), #4132 ) ;
#1140 = FACE_BOUND ( 'NONE', #3448, .T. ) ;
#1141 =( LENGTH_UNIT ( ) NAMED_UNIT ( * ) SI_UNIT ( .MILLI., .METRE. ) );
#1142 = VECTOR ( 'NONE', #23, 1000.000000000000000 ) ;
#1143 = SURFACE_STYLE_FILL_AREA ( #2861 ) ;
#1144 = FILL_AREA_STYLE_COLOUR ( '', #2682 ) ;
#1145 =( GEOMETRIC_REPRESENTATION_CONTEXT ( 3 ) GLOBAL_UNCERTAINTY_ASSIGNED_CONTEXT ( ( #3171 ) ) GLOBAL_UNIT_ASSIGNED_CONTEXT ( ( #4104, #894, #4620 ) ) REPRESENTATION_CONTEXT ( 'NONE', 'WORKASPACE' ) );
#1146 = CIRCLE ( 'NONE', #4974, 1.781483599999990952 ) ;
#1147 =( GEOMETRIC_REPRESENTATION_CONTEXT ( 3 ) GLOBAL_UNCERTAINTY_ASSIGNED_CONTEXT ( ( #2499 ) ) GLOBAL_UNIT_ASSIGNED_CONTEXT ( ( #6493, #3325, #122 ) ) REPRESENTATION_CONTEXT ( 'NONE', 'WORKASPACE' ) );
#1148 = PLANE ( 'NONE',  #3534 ) ;
#1149 = DIRECTION ( 'NONE',  ( -1.000000000000000000, 0.0000000000000000000, 0.0000000000000000000 ) ) ;
#1150 = EDGE_CURVE ( 'NONE', #5773, #4111, #3462, .T. ) ;
#1151 = LINE ( 'NONE', #5936, #5227 ) ;
#1152 = LINE ( 'NONE', #6774, #2423 ) ;
#1153 = CARTESIAN_POINT ( 'NONE',  ( -6.328228718029764721, 13.52775424281733585, 14.99907378821410653 ) ) ;
#1154 = COLOUR_RGB ( '',0.2509803921568627416, 0.2509803921568627416, 0.2509803921568627416 ) ;
#1155 = CARTESIAN_POINT ( 'NONE',  ( -4.129435102211766129, 10.46773206567633707, 14.99907378821410653 ) ) ;
#1156 = LINE ( 'NONE', #2067, #4007 ) ;
#1157 = CARTESIAN_POINT ( 'NONE',  ( -3.303228718029766142, 12.00275424281733372, 15.00007378821410597 ) ) ;
#1158 = EDGE_LOOP ( 'NONE', ( #4176, #5764, #3159, #765 ) ) ;
#1159 = DIRECTION ( 'NONE',  ( -0.0000000000000000000, 0.0000000000000000000, 1.000000000000000000 ) ) ;
#1160 = CARTESIAN_POINT ( 'NONE',  ( 1.470564897788234404, 4.397732065676335900, 22.62007378821410697 ) ) ;
#1161 = CARTESIAN_POINT ( 'NONE',  ( 6.170552912677236712, 10.69775424281733400, 21.62007378821410342 ) ) ;
#1162 = DIRECTION ( 'NONE',  ( 1.000000000000000000, -0.0000000000000000000, -0.0000000000000000000 ) ) ;
#1163 = PLANE ( 'NONE',  #2235 ) ;
#1164 = ORIENTED_EDGE ( 'NONE', *, *, #1495, .T. ) ;
#1165 = EDGE_CURVE ( 'NONE', #5589, #5356, #4849, .T. ) ;
#1166 = SURFACE_STYLE_FILL_AREA ( #6100 ) ;
#1167 = SURFACE_SIDE_STYLE ('',( #4097 ) ) ;
#1168 =( NAMED_UNIT ( * ) PLANE_ANGLE_UNIT ( ) SI_UNIT ( $, .RADIAN. ) );
#1169 = VECTOR ( 'NONE', #5891, 1000.000000000000000 ) ;
#1170 =( NAMED_UNIT ( * ) SI_UNIT ( $, .STERADIAN. ) SOLID_ANGLE_UNIT ( ) );
#1171 =( NAMED_UNIT ( * ) SI_UNIT ( $, .STERADIAN. ) SOLID_ANGLE_UNIT ( ) );
#1172 = ORIENTED_EDGE ( 'NONE', *, *, #4538, .T. ) ;
#1173 = DIRECTION ( 'NONE',  ( -0.0000000000000000000, -0.0000000000000000000, 1.000000000000000000 ) ) ;
#1174 = STYLED_ITEM ( 'NONE', ( #893 ), #5521 ) ;
#1175 = VERTEX_POINT ( 'NONE', #2136 ) ;
#1176 = AXIS2_PLACEMENT_3D ( 'NONE', #4033, #830, #4552 ) ;
#1177 = ORIENTED_EDGE ( 'NONE', *, *, #200, .T. ) ;
#1178 = CARTESIAN_POINT ( 'NONE',  ( 3.370579423396234287, 13.52775424281733585, 15.00007378821410420 ) ) ;
#1179 = EDGE_LOOP ( 'NONE', ( #41, #6790, #1115, #281 ) ) ;
#1180 = EDGE_CURVE ( 'NONE', #5844, #352, #4695, .T. ) ;
#1181 =( LENGTH_UNIT ( ) NAMED_UNIT ( * ) SI_UNIT ( .MILLI., .METRE. ) );
#1182 = CARTESIAN_POINT ( 'NONE',  ( 6.170552912677234936, 6.197754242817334003, 22.52758331951138260 ) ) ;
#1183 = VERTEX_POINT ( 'NONE', #6897 ) ;
#1184 = STYLED_ITEM ( 'NONE', ( #1083 ), #3670 ) ;
#1185 = DIRECTION ( 'NONE',  ( 1.000000000000000000, 0.0000000000000000000, 0.0000000000000000000 ) ) ;
#1186 = FILL_AREA_STYLE ('',( #118 ) ) ;
#1187 = EDGE_LOOP ( 'NONE', ( #5347, #3280, #2132, #3481 ) ) ;
#1188 = DIRECTION ( 'NONE',  ( 1.000000000000000000, 0.0000000000000000000, 0.0000000000000000000 ) ) ;
#1189 = DIRECTION ( 'NONE',  ( -0.0000000000000000000, -0.0000000000000000000, 1.000000000000000000 ) ) ;
#1190 = DIRECTION ( 'NONE',  ( -1.000000000000000000, 0.0000000000000000000, 0.0000000000000000000 ) ) ;
#1191 =( BOUNDED_CURVE ( )  B_SPLINE_CURVE ( 3, ( #1301, #4484, #1846, #5555 ),
 .UNSPECIFIED., .F., .F. ) 
 B_SPLINE_CURVE_WITH_KNOTS ( ( 4, 4 ),
 ( 1.481165612337167037, 2.069943628666371271 ),
 .UNSPECIFIED. ) 
 CURVE ( )  GEOMETRIC_REPRESENTATION_ITEM ( )  RATIONAL_B_SPLINE_CURVE ( ( 1.000000000000000000, 0.9713197355948161027, 0.9713197355948161027, 1.000000000000000000 ) ) 
 REPRESENTATION_ITEM ( '' )  );
#1192 = MECHANICAL_DESIGN_GEOMETRIC_PRESENTATION_REPRESENTATION (  '', ( #123 ), #1567 ) ;
#1193 = DIRECTION ( 'NONE',  ( -0.0000000000000000000, -0.0000000000000000000, 1.000000000000000000 ) ) ;
#1194 = COLOUR_RGB ( '',1.000000000000000000, 1.000000000000000000, 1.000000000000000000 ) ;
#1195 = FILL_AREA_STYLE_COLOUR ( '', #2694 ) ;
#1196 = VERTEX_POINT ( 'NONE', #3208 ) ;
#1197 = VERTEX_POINT ( 'NONE', #14 ) ;
#1198 =( GEOMETRIC_REPRESENTATION_CONTEXT ( 3 ) GLOBAL_UNCERTAINTY_ASSIGNED_CONTEXT ( ( #5162 ) ) GLOBAL_UNIT_ASSIGNED_CONTEXT ( ( #6316, #3148, #6852 ) ) REPRESENTATION_CONTEXT ( 'NONE', 'WORKASPACE' ) );
#1199 =( LENGTH_UNIT ( ) NAMED_UNIT ( * ) SI_UNIT ( .MILLI., .METRE. ) );
#1200 = CARTESIAN_POINT ( 'NONE',  ( 3.741771281970234231, 4.637754242817334394, 11.44007378821410725 ) ) ;
#1201 = UNCERTAINTY_MEASURE_WITH_UNIT (LENGTH_MEASURE( 1.000000000000000082E-05 ), #5484, 'distance_accuracy_value', 'NONE');
#1202 = AXIS2_PLACEMENT_3D ( 'NONE', #144, #3866, #670 ) ;
#1203 = UNCERTAINTY_MEASURE_WITH_UNIT (LENGTH_MEASURE( 1.000000000000000082E-05 ), #4442, 'distance_accuracy_value', 'NONE');
#1204 = FILL_AREA_STYLE_COLOUR ( '', #1740 ) ;
#1205 = ORIENTED_EDGE ( 'NONE', *, *, #126, .T. ) ;
#1206 = CARTESIAN_POINT ( 'NONE',  ( -4.929435102211766839, 10.46773206567633707, 14.99907378821410653 ) ) ;
#1207 = CARTESIAN_POINT ( 'NONE',  ( 3.419627554198234165, 4.947754242807335778, 22.62007378821410697 ) ) ;
#1208 = ORIENTED_EDGE ( 'NONE', *, *, #4404, .T. ) ;
#1209 = FILL_AREA_STYLE ('',( #6510 ) ) ;
#1210 = PLANE ( 'NONE',  #5854 ) ;
#1211 = LINE ( 'NONE', #4121, #6875 ) ;
#1212 = PLANE ( 'NONE',  #3360 ) ;
#1213 = ORIENTED_EDGE ( 'NONE', *, *, #2575, .T. ) ;
#1214 = EDGE_LOOP ( 'NONE', ( #53, #3784, #4350, #4450 ) ) ;
#1215 = CARTESIAN_POINT ( 'NONE',  ( 4.598034606640233335, 4.367732065676334763, 14.36007378821410541 ) ) ;
#1216 = PRESENTATION_LAYER_ASSIGNMENT (  '', '', ( #502 ) ) ;
#1217 = COLOUR_RGB ( '',0.2509803921568627416, 0.2509803921568627416, 0.2509803921568627416 ) ;
#1218 = ORIENTED_EDGE ( 'NONE', *, *, #4596, .F. ) ;
#1219 = UNCERTAINTY_MEASURE_WITH_UNIT (LENGTH_MEASURE( 1.000000000000000082E-05 ), #90, 'distance_accuracy_value', 'NONE');
#1220 = AXIS2_PLACEMENT_3D ( 'NONE', #614, #4351, #1159 ) ;
#1221 = AXIS2_PLACEMENT_3D ( 'NONE', #4259, #1052, #4775 ) ;
#1222 = PRESENTATION_STYLE_ASSIGNMENT (( #6340 ) ) ;
#1223 = ORIENTED_EDGE ( 'NONE', *, *, #996, .T. ) ;
#1224 = ORIENTED_EDGE ( 'NONE', *, *, #2683, .F. ) ;
#1225 = LINE ( 'NONE', #2400, #4070 ) ;
#1226 = COLOUR_RGB ( '',0.2509803921568627416, 0.2509803921568627416, 0.2509803921568627416 ) ;
#1227 = LINE ( 'NONE', #4416, #4073 ) ;
#1228 = CARTESIAN_POINT ( 'NONE',  ( 8.661985274918738043, 3.981891541354669162, 16.21083068465481247 ) ) ;
#1229 = ORIENTED_EDGE ( 'NONE', *, *, #966, .F. ) ;
#1230 = CARTESIAN_POINT ( 'NONE',  ( 3.761478271157230768, 4.947754242807335778, 22.62007378821410697 ) ) ;
#1231 = LINE ( 'NONE', #214, #3902 ) ;
#1232 = AXIS2_PLACEMENT_3D ( 'NONE', #227, #3945, #754 ) ;
#1233 = CARTESIAN_POINT ( 'NONE',  ( -2.829435102211765862, 4.367732065676334763, 15.00007378821410597 ) ) ;
#1234 = CARTESIAN_POINT ( 'NONE',  ( -2.829435102211765862, 12.52777641995833413, 14.36007378821410541 ) ) ;
#1235 = EDGE_CURVE ( 'NONE', #1451, #2705, #6106, .T. ) ;
#1236 = EDGE_CURVE ( 'NONE', #6417, #3705, #598, .T. ) ;
#1237 = ORIENTED_EDGE ( 'NONE', *, *, #6679, .F. ) ;
#1238 = AXIS2_PLACEMENT_3D ( 'NONE', #5479, #664, #1254 ) ;
#1239 = VECTOR ( 'NONE', #666, 1000.000000000000000 ) ;
#1240 = VECTOR ( 'NONE', #1298, 1000.000000000000000 ) ;
#1241 = LINE ( 'NONE', #6196, #3743 ) ;
#1242 = CARTESIAN_POINT ( 'NONE',  ( 2.170564897788234138, 4.397732065676335900, 15.00007378821410597 ) ) ;
#1243 = CARTESIAN_POINT ( 'NONE',  ( 8.875839494626152515, 11.23186320476096256, 16.25663047660985683 ) ) ;
#1244 =( GEOMETRIC_REPRESENTATION_CONTEXT ( 3 ) GLOBAL_UNCERTAINTY_ASSIGNED_CONTEXT ( ( #3682 ) ) GLOBAL_UNIT_ASSIGNED_CONTEXT ( ( #5950, #2794, #6490 ) ) REPRESENTATION_CONTEXT ( 'NONE', 'WORKASPACE' ) );
#1245 = LINE ( 'NONE', #936, #5315 ) ;
#1246 = MECHANICAL_DESIGN_GEOMETRIC_PRESENTATION_REPRESENTATION (  '', ( #181 ), #1609 ) ;
#1247 = ORIENTED_EDGE ( 'NONE', *, *, #1362, .T. ) ;
#1248 = VERTEX_POINT ( 'NONE', #5325 ) ;
#1249 =( NAMED_UNIT ( * ) SI_UNIT ( $, .STERADIAN. ) SOLID_ANGLE_UNIT ( ) );
#1250 = CIRCLE ( 'NONE', #6568, 0.2999999999999999334 ) ;
#1251 = DIRECTION ( 'NONE',  ( -1.000000000000000000, -0.0000000000000000000, -0.0000000000000000000 ) ) ;
#1252 = UNCERTAINTY_MEASURE_WITH_UNIT (LENGTH_MEASURE( 1.000000000000000082E-05 ), #2294, 'distance_accuracy_value', 'NONE');
#1253 =( NAMED_UNIT ( * ) SI_UNIT ( $, .STERADIAN. ) SOLID_ANGLE_UNIT ( ) );
#1254 = DIRECTION ( 'NONE',  ( 1.000000000000000000, 0.0000000000000000000, 0.0000000000000000000 ) ) ;
#1255 = EDGE_CURVE ( 'NONE', #3433, #43, #3132, .T. ) ;
#1256 = CARTESIAN_POINT ( 'NONE',  ( -5.329435102211766306, 12.27856632156533401, 14.99907378821410653 ) ) ;
#1257 = CARTESIAN_POINT ( 'NONE',  ( -4.929435102211766839, 9.217732065676335296, 15.00007378821410597 ) ) ;
#1258 = CARTESIAN_POINT ( 'NONE',  ( 0.6717712819702342797, 13.52856633055133528, 22.62007378821410697 ) ) ;
#1259 = COLOUR_RGB ( '',1.000000000000000000, 1.000000000000000000, 1.000000000000000000 ) ;
#1260 = CARTESIAN_POINT ( 'NONE',  ( -2.829435102211765862, 13.52777641995833413, 14.36007378821410541 ) ) ;
#1261 =( NAMED_UNIT ( * ) PLANE_ANGLE_UNIT ( ) SI_UNIT ( $, .RADIAN. ) );
#1262 = VECTOR ( 'NONE', #3851, 1000.000000000000000 ) ;
#1263 = FILL_AREA_STYLE ('',( #717 ) ) ;
#1264 = FILL_AREA_STYLE ('',( #4423 ) ) ;
#1265 = ORIENTED_EDGE ( 'NONE', *, *, #5376, .T. ) ;
#1266 = MECHANICAL_DESIGN_GEOMETRIC_PRESENTATION_REPRESENTATION (  '', ( #534 ), #1626 ) ;
#1267 = EDGE_CURVE ( 'NONE', #2815, #858, #445, .T. ) ;
#1268 = DIRECTION ( 'NONE',  ( 0.0000000000000000000, 0.0000000000000000000, 1.000000000000000000 ) ) ;
#1269 = SURFACE_SIDE_STYLE ('',( #571 ) ) ;
#1270 = PRESENTATION_STYLE_ASSIGNMENT (( #6258 ) ) ;
#1271 = ORIENTED_EDGE ( 'NONE', *, *, #1627, .F. ) ;
#1272 = ORIENTED_EDGE ( 'NONE', *, *, #2738, .T. ) ;
#1273 = CARTESIAN_POINT ( 'NONE',  ( -5.329435102211766306, 7.447754242817334891, 14.99907378821410653 ) ) ;
#1274 = UNCERTAINTY_MEASURE_WITH_UNIT (LENGTH_MEASURE( 1.000000000000000082E-05 ), #5506, 'distance_accuracy_value', 'NONE');
#1275 = SURFACE_SIDE_STYLE ('',( #3808 ) ) ;
#1276 = ORIENTED_EDGE ( 'NONE', *, *, #2085, .F. ) ;
#1277 =( NAMED_UNIT ( * ) SI_UNIT ( $, .STERADIAN. ) SOLID_ANGLE_UNIT ( ) );
#1278 = AXIS2_PLACEMENT_3D ( 'NONE', #3880, #681, #4411 ) ;
#1279 = CIRCLE ( 'NONE', #2082, 0.2000000000000022593 ) ;
#1280 = CARTESIAN_POINT ( 'NONE',  ( 6.023131538454234324, 13.52775424282733496, 15.00007378822410686 ) ) ;
#1281 = DIRECTION ( 'NONE',  ( 6.393486552188609876E-30, -1.110223024624885986E-16, -1.000000000000000000 ) ) ;
#1282 = ORIENTED_EDGE ( 'NONE', *, *, #3869, .T. ) ;
#1283 = FILL_AREA_STYLE_COLOUR ( '', #3760 ) ;
#1284 = SURFACE_SIDE_STYLE ('',( #639 ) ) ;
#1285 = DIRECTION ( 'NONE',  ( 0.0000000000000000000, 1.000000000000000000, 0.0000000000000000000 ) ) ;
#1286 = ORIENTED_EDGE ( 'NONE', *, *, #1982, .F. ) ;
#1287 = VECTOR ( 'NONE', #4084, 1000.000000000000000 ) ;
#1288 = ORIENTED_EDGE ( 'NONE', *, *, #5928, .T. ) ;
#1289 = ORIENTED_EDGE ( 'NONE', *, *, #3677, .F. ) ;
#1290 = CARTESIAN_POINT ( 'NONE',  ( 9.915604364633974654, 12.58771939444580568, 16.42725379516257433 ) ) ;
#1291 = MECHANICAL_DESIGN_GEOMETRIC_PRESENTATION_REPRESENTATION (  '', ( #220 ), #1647 ) ;
#1292 = ORIENTED_EDGE ( 'NONE', *, *, #3884, .T. ) ;
#1293 = FACE_OUTER_BOUND ( 'NONE', #3715, .T. ) ;
#1294 = DIRECTION ( 'NONE',  ( 0.0000000000000000000, 1.000000000000000000, 0.0000000000000000000 ) ) ;
#1295 = EDGE_CURVE ( 'NONE', #4135, #3701, #4137, .T. ) ;
#1296 = ORIENTED_EDGE ( 'NONE', *, *, #2636, .T. ) ;
#1297 = CARTESIAN_POINT ( 'NONE',  ( 5.598034606640234223, 3.367732065676334319, 14.36007378821410541 ) ) ;
#1298 = DIRECTION ( 'NONE',  ( 1.000000000000000000, -0.0000000000000000000, -0.0000000000000000000 ) ) ;
#1299 = UNCERTAINTY_MEASURE_WITH_UNIT (LENGTH_MEASURE( 1.000000000000000082E-05 ), #6346, 'distance_accuracy_value', 'NONE');
#1300 = DIRECTION ( 'NONE',  ( 1.000000000000000000, -0.0000000000000000000, -0.0000000000000000000 ) ) ;
#1301 = CARTESIAN_POINT ( 'NONE',  ( 6.723752724424892691, 5.566104650747201177, 22.43821375816129304 ) ) ;
#1302 = CARTESIAN_POINT ( 'NONE',  ( -4.081961051698764997, 12.25775424281733450, 22.62007378821410697 ) ) ;
#1303 = LINE ( 'NONE', #3721, #5201 ) ;
#1304 = ORIENTED_EDGE ( 'NONE', *, *, #5463, .T. ) ;
#1305 = ORIENTED_EDGE ( 'NONE', *, *, #4929, .T. ) ;
#1306 = SURFACE_STYLE_FILL_AREA ( #2175 ) ;
#1307 = ORIENTED_EDGE ( 'NONE', *, *, #6406, .T. ) ;
#1308 = CARTESIAN_POINT ( 'NONE',  ( -3.813228718029765929, 9.462754242817334571, 11.44007378821410725 ) ) ;
#1309 = ORIENTED_EDGE ( 'NONE', *, *, #5656, .F. ) ;
#1310 = CARTESIAN_POINT ( 'NONE',  ( -5.329435102211766306, 4.618273884862334810, 14.99907378821410653 ) ) ;
#1311 = SURFACE_STYLE_FILL_AREA ( #2027 ) ;
#1312 =( NAMED_UNIT ( * ) PLANE_ANGLE_UNIT ( ) SI_UNIT ( $, .RADIAN. ) );
#1313 = DIRECTION ( 'NONE',  ( 0.0000000000000000000, 0.0000000000000000000, 1.000000000000000000 ) ) ;
#1314 = VECTOR ( 'NONE', #5354, 1000.000000000000000 ) ;
#1315 = ADVANCED_FACE ( 'NONE', ( #2960, #5772 ), #2727, .T. ) ;
#1316 = VECTOR ( 'NONE', #1391, 1000.000000000000000 ) ;
#1317 = PRESENTATION_STYLE_ASSIGNMENT (( #6085 ) ) ;
#1318 = CARTESIAN_POINT ( 'NONE',  ( 5.970552912677237423, 8.697754242828334981, 19.06007378821410470 ) ) ;
#1319 = STYLED_ITEM ( 'NONE', ( #6059 ), #5222 ) ;
#1320 = AXIS2_PLACEMENT_3D ( 'NONE', #4557, #1379, #5078 ) ;
#1321 =( LENGTH_UNIT ( ) NAMED_UNIT ( * ) SI_UNIT ( .MILLI., .METRE. ) );
#1322 =( GEOMETRIC_REPRESENTATION_CONTEXT ( 3 ) GLOBAL_UNCERTAINTY_ASSIGNED_CONTEXT ( ( #1423 ) ) GLOBAL_UNIT_ASSIGNED_CONTEXT ( ( #5014, #1858, #5567 ) ) REPRESENTATION_CONTEXT ( 'NONE', 'WORKASPACE' ) );
#1323 = EDGE_CURVE ( 'NONE', #4094, #4778, #3511, .T. ) ;
#1324 = CARTESIAN_POINT ( 'NONE',  ( 3.690552912677733666, 11.94775424282733489, 20.62007378821410697 ) ) ;
#1325 = COLOUR_RGB ( '',0.2509803921568627416, 0.2509803921568627416, 0.2509803921568627416 ) ;
#1326 = LINE ( 'NONE', #3787, #6819 ) ;
#1327 = PRESENTATION_LAYER_ASSIGNMENT (  '', '', ( #587 ) ) ;
#1328 = COLOUR_RGB ( '',0.2509803921568627416, 0.2509803921568627416, 0.2509803921568627416 ) ;
#1329 = COLOUR_RGB ( '',0.2509803921568627416, 0.2509803921568627416, 0.2509803921568627416 ) ;
#1330 =( LENGTH_UNIT ( ) NAMED_UNIT ( * ) SI_UNIT ( .MILLI., .METRE. ) );
#1331 = CARTESIAN_POINT ( 'NONE',  ( -5.329435102211766306, 4.618273884862334810, 22.62007378821410697 ) ) ;
#1332 = ADVANCED_FACE ( 'NONE', ( #5271 ), #80, .F. ) ;
#1333 =( NAMED_UNIT ( * ) PLANE_ANGLE_UNIT ( ) SI_UNIT ( $, .RADIAN. ) );
#1334 = SURFACE_STYLE_USAGE ( .BOTH. , #4510 ) ;
#1335 = AXIS2_PLACEMENT_3D ( 'NONE', #6531, #3364, #166 ) ;
#1336 = LINE ( 'NONE', #2850, #4171 ) ;
#1337 = EDGE_CURVE ( 'NONE', #521, #6772, #5653, .T. ) ;
#1338 = EDGE_CURVE ( 'NONE', #3105, #3906, #3004, .T. ) ;
#1339 = EDGE_LOOP ( 'NONE', ( #277, #4553, #1016, #5433, #857 ) ) ;
#1340 =( NAMED_UNIT ( * ) SI_UNIT ( $, .STERADIAN. ) SOLID_ANGLE_UNIT ( ) );
#1341 = STYLED_ITEM ( 'NONE', ( #5982 ), #744 ) ;
#1342 = AXIS2_PLACEMENT_3D ( 'NONE', #3772, #567, #4310 ) ;
#1343 = MECHANICAL_DESIGN_GEOMETRIC_PRESENTATION_REPRESENTATION (  '', ( #275 ), #1698 ) ;
#1344 = VERTEX_POINT ( 'NONE', #4329 ) ;
#1345 = LINE ( 'NONE', #749, #6836 ) ;
#1346 = DIRECTION ( 'NONE',  ( -0.0000000000000000000, 1.000000000000000000, -0.0000000000000000000 ) ) ;
#1347 = CARTESIAN_POINT ( 'NONE',  ( -0.8294351022117658623, 12.52777641995833413, 14.36007378821410541 ) ) ;
#1348 = ADVANCED_FACE ( 'NONE', ( #6899 ), #5395, .F. ) ;
#1349 =( LENGTH_UNIT ( ) NAMED_UNIT ( * ) SI_UNIT ( .MILLI., .METRE. ) );
#1350 = UNCERTAINTY_MEASURE_WITH_UNIT (LENGTH_MEASURE( 1.000000000000000082E-05 ), #2103, 'distance_accuracy_value', 'NONE');
#1351 = CARTESIAN_POINT ( 'NONE',  ( -5.328228808214765522, 13.52856633055133528, 15.00007378821410597 ) ) ;
#1352 = EDGE_CURVE ( 'NONE', #3539, #3433, #6391, .T. ) ;
#1353 = ORIENTED_EDGE ( 'NONE', *, *, #2639, .F. ) ;
#1354 = DIRECTION ( 'NONE',  ( 0.0000000000000000000, 0.0000000000000000000, -1.000000000000000000 ) ) ;
#1355 = ORIENTED_EDGE ( 'NONE', *, *, #5769, .T. ) ;
#1356 = DIRECTION ( 'NONE',  ( 0.0000000000000000000, 0.0000000000000000000, 1.000000000000000000 ) ) ;
#1357 = FACE_OUTER_BOUND ( 'NONE', #82, .T. ) ;
#1358 = VERTEX_POINT ( 'NONE', #2792 ) ;
#1359 = ORIENTED_EDGE ( 'NONE', *, *, #2122, .F. ) ;
#1360 =( GEOMETRIC_REPRESENTATION_CONTEXT ( 3 ) GLOBAL_UNCERTAINTY_ASSIGNED_CONTEXT ( ( #5512 ) ) GLOBAL_UNIT_ASSIGNED_CONTEXT ( ( #4735, #1566, #5268 ) ) REPRESENTATION_CONTEXT ( 'NONE', 'WORKASPACE' ) );
#1361 = ORIENTED_EDGE ( 'NONE', *, *, #2248, .F. ) ;
#1362 = EDGE_CURVE ( 'NONE', #2030, #459, #2330, .T. ) ;
#1363 =( LENGTH_UNIT ( ) NAMED_UNIT ( * ) SI_UNIT ( .MILLI., .METRE. ) );
#1364 = STYLED_ITEM ( 'NONE', ( #6882 ), #6641 ) ;
#1365 = CARTESIAN_POINT ( 'NONE',  ( -3.303228718029766142, 9.462754242817334571, 11.44007378821410725 ) ) ;
#1366 = ADVANCED_FACE ( 'NONE', ( #4968 ), #4854, .F. ) ;
#1367 = DIRECTION ( 'NONE',  ( -0.0000000000000000000, 0.0000000000000000000, -1.000000000000000000 ) ) ;
#1368 = SURFACE_SIDE_STYLE ('',( #4649 ) ) ;
#1369 = VECTOR ( 'NONE', #963, 1000.000000000000000 ) ;
#1370 = EDGE_LOOP ( 'NONE', ( #3614, #2565, #5588, #6565 ) ) ;
#1371 = SURFACE_SIDE_STYLE ('',( #6214 ) ) ;
#1372 = CARTESIAN_POINT ( 'NONE',  ( -0.8294351022117658623, 4.367732065676334763, 15.00007378821410597 ) ) ;
#1373 = CARTESIAN_POINT ( 'NONE',  ( 4.061771281970234071, 4.637754242817334394, 11.44007378821410725 ) ) ;
#1374 = ORIENTED_EDGE ( 'NONE', *, *, #6579, .F. ) ;
#1375 = STYLED_ITEM ( 'NONE', ( #3082 ), #3019 ) ;
#1376 =( NAMED_UNIT ( * ) SI_UNIT ( $, .STERADIAN. ) SOLID_ANGLE_UNIT ( ) );
#1377 = MECHANICAL_DESIGN_GEOMETRIC_PRESENTATION_REPRESENTATION (  '', ( #651 ), #1739 ) ;
#1378 = CARTESIAN_POINT ( 'NONE',  ( 11.27177128198023404, 11.77056347728433394, 15.00007378822410686 ) ) ;
#1379 = DIRECTION ( 'NONE',  ( 1.000000000000000000, -0.0000000000000000000, 0.0000000000000000000 ) ) ;
#1380 = VERTEX_POINT ( 'NONE', #1706 ) ;
#1381 = ADVANCED_FACE ( 'NONE', ( #4480 ), #1210, .F. ) ;
#1382 = FACE_OUTER_BOUND ( 'NONE', #3350, .T. ) ;
#1383 = PRESENTATION_LAYER_ASSIGNMENT (  '', '', ( #656 ) ) ;
#1384 = PRESENTATION_LAYER_ASSIGNMENT (  '', '', ( #658 ) ) ;
#1385 = ORIENTED_EDGE ( 'NONE', *, *, #1855, .T. ) ;
#1386 = CARTESIAN_POINT ( 'NONE',  ( 5.598034606640234223, 13.52777641995833413, 14.36007378821410541 ) ) ;
#1387 = CARTESIAN_POINT ( 'NONE',  ( 0.6717712819702342797, 13.52856633055133528, 15.00007378821410597 ) ) ;
#1388 = EDGE_LOOP ( 'NONE', ( #4938, #371, #3767, #1205, #6433, #3755, #6764, #6795, #5483 ) ) ;
#1389 = SURFACE_STYLE_FILL_AREA ( #1708 ) ;
#1390 = ORIENTED_EDGE ( 'NONE', *, *, #172, .F. ) ;
#1391 = DIRECTION ( 'NONE',  ( 0.0000000000000000000, -1.000000000000000000, 0.0000000000000000000 ) ) ;
#1392 = DIRECTION ( 'NONE',  ( -0.0000000000000000000, -0.0000000000000000000, 1.000000000000000000 ) ) ;
#1393 = VECTOR ( 'NONE', #5760, 1000.000000000000000 ) ;
#1394 = COLOUR_RGB ( '',0.2509803921568627416, 0.2509803921568627416, 0.2509803921568627416 ) ;
#1395 = EDGE_CURVE ( 'NONE', #1530, #2139, #5889, .T. ) ;
#1396 = DIRECTION ( 'NONE',  ( -1.000000000000000000, -0.0000000000000000000, -0.0000000000000000000 ) ) ;
#1397 = FILL_AREA_STYLE ('',( #2650 ) ) ;
#1398 =( NAMED_UNIT ( * ) PLANE_ANGLE_UNIT ( ) SI_UNIT ( $, .RADIAN. ) );
#1399 = COLOUR_RGB ( '',0.2509803921568627416, 0.2509803921568627416, 0.2509803921568627416 ) ;
#1400 = ORIENTED_EDGE ( 'NONE', *, *, #3615, .F. ) ;
#1401 = UNCERTAINTY_MEASURE_WITH_UNIT (LENGTH_MEASURE( 1.000000000000000082E-05 ), #26, 'distance_accuracy_value', 'NONE');
#1402 = ORIENTED_EDGE ( 'NONE', *, *, #5871, .F. ) ;
#1403 = B_SPLINE_CURVE_WITH_KNOTS ( 'NONE', 3,
 ( #6528, #163, #3886, #687, #4417, #1228, #4944, #1774, #5480, #2310, #6019, #2858, #6549, #3384, #190, #3912 ),
 .UNSPECIFIED., .F., .F.,
 ( 4, 2, 2, 1, 1, 2, 2, 2, 4 ),
 ( 0.0000000000000000000, 0.2500000000000089928, 0.3750000000000134892, 0.4375000000000148215, 0.4687500000000149325, 0.4843750000000146549, 0.5000000000000143219, 0.7500000000000072164, 1.000000000000000000 ),
 .UNSPECIFIED. ) ;
#1404 = SURFACE_SIDE_STYLE ('',( #3731 ) ) ;
#1405 = VECTOR ( 'NONE', #5549, 1000.000000000000000 ) ;
#1406 = ADVANCED_FACE ( 'NONE', ( #3995 ), #1777, .F. ) ;
#1407 = UNCERTAINTY_MEASURE_WITH_UNIT (LENGTH_MEASURE( 1.000000000000000082E-05 ), #6110, 'distance_accuracy_value', 'NONE');
#1408 = PLANE ( 'NONE',  #3472 ) ;
#1409 = EDGE_CURVE ( 'NONE', #5589, #706, #6148, .T. ) ;
#1410 = VECTOR ( 'NONE', #5561, 1000.000000000000000 ) ;
#1411 = VECTOR ( 'NONE', #3860, 1000.000000000000000 ) ;
#1412 =( LENGTH_UNIT ( ) NAMED_UNIT ( * ) SI_UNIT ( .MILLI., .METRE. ) );
#1413 = COLOUR_RGB ( '',0.2509803921568627416, 0.2509803921568627416, 0.2509803921568627416 ) ;
#1414 =( LENGTH_UNIT ( ) NAMED_UNIT ( * ) SI_UNIT ( .MILLI., .METRE. ) );
#1415 = LINE ( 'NONE', #2789, #6901 ) ;
#1416 = VECTOR ( 'NONE', #1816, 1000.000000000000000 ) ;
#1417 = FILL_AREA_STYLE ('',( #2468 ) ) ;
#1418 = LINE ( 'NONE', #4883, #2676 ) ;
#1419 = PLANE ( 'NONE',  #3498 ) ;
#1420 = PRESENTATION_STYLE_ASSIGNMENT (( #3669 ) ) ;
#1421 = CARTESIAN_POINT ( 'NONE',  ( 1.470564897788234404, 4.397732065676335900, 22.62007378821410697 ) ) ;
#1422 = DIRECTION ( 'NONE',  ( 1.000000000000000000, 0.0000000000000000000, 0.0000000000000000000 ) ) ;
#1423 = UNCERTAINTY_MEASURE_WITH_UNIT (LENGTH_MEASURE( 1.000000000000000082E-05 ), #5014, 'distance_accuracy_value', 'NONE');
#1424 =( GEOMETRIC_REPRESENTATION_CONTEXT ( 3 ) GLOBAL_UNCERTAINTY_ASSIGNED_CONTEXT ( ( #4240 ) ) GLOBAL_UNIT_ASSIGNED_CONTEXT ( ( #1414, #5112, #1957 ) ) REPRESENTATION_CONTEXT ( 'NONE', 'WORKASPACE' ) );
#1425 = DIRECTION ( 'NONE',  ( -3.197956538439649992E-31, -1.000000000000000000, 1.110223024624623936E-16 ) ) ;
#1426 = CARTESIAN_POINT ( 'NONE',  ( 5.970552912677237423, 8.197754242818334092, 18.56007378821410825 ) ) ;
#1427 = ORIENTED_EDGE ( 'NONE', *, *, #456, .T. ) ;
#1428 = CARTESIAN_POINT ( 'NONE',  ( 11.27177128197023137, 6.510585654415335100, 21.70348027693310655 ) ) ;
#1429 = ORIENTED_EDGE ( 'NONE', *, *, #5681, .F. ) ;
#1430 = DIRECTION ( 'NONE',  ( -0.0000000000000000000, 1.000000000000000000, -0.0000000000000000000 ) ) ;
#1431 = FILL_AREA_STYLE_COLOUR ( '', #2911 ) ;
#1432 = PRESENTATION_LAYER_ASSIGNMENT (  '', '', ( #1055 ) ) ;
#1433 = EDGE_CURVE ( 'NONE', #6854, #5589, #3505, .T. ) ;
#1434 = DIRECTION ( 'NONE',  ( -1.239088197122750557E-16, 1.000000000000000000, 0.0000000000000000000 ) ) ;
#1435 = DIRECTION ( 'NONE',  ( -0.0000000000000000000, -0.0000000000000000000, 1.000000000000000000 ) ) ;
#1436 =( GEOMETRIC_REPRESENTATION_CONTEXT ( 3 ) GLOBAL_UNCERTAINTY_ASSIGNED_CONTEXT ( ( #5711 ) ) GLOBAL_UNIT_ASSIGNED_CONTEXT ( ( #632, #4363, #1171 ) ) REPRESENTATION_CONTEXT ( 'NONE', 'WORKASPACE' ) );
#1437 = AXIS2_PLACEMENT_3D ( 'NONE', #2544, #6253, #3087 ) ;
#1438 = ORIENTED_EDGE ( 'NONE', *, *, #6362, .F. ) ;
#1439 = ADVANCED_FACE ( 'NONE', ( #4730 ), #740, .T. ) ;
#1440 = CARTESIAN_POINT ( 'NONE',  ( -3.813228718029765929, 7.432754242817335211, 15.00007378821410597 ) ) ;
#1441 = FILL_AREA_STYLE_COLOUR ( '', #1753 ) ;
#1442 = CARTESIAN_POINT ( 'NONE',  ( -6.329435102211765418, 3.367732065676335207, 15.00007378821410597 ) ) ;
#1443 = CARTESIAN_POINT ( 'NONE',  ( -6.328228718029764721, 0.0000000000000000000, 0.0000000000000000000 ) ) ;
#1444 = UNCERTAINTY_MEASURE_WITH_UNIT (LENGTH_MEASURE( 1.000000000000000082E-05 ), #3034, 'distance_accuracy_value', 'NONE');
#1445 = CARTESIAN_POINT ( 'NONE',  ( -3.813228718029765929, 9.972754242817334358, 11.44007378821410725 ) ) ;
#1446 = SURFACE_STYLE_USAGE ( .BOTH. , #4618 ) ;
#1447 = DIRECTION ( 'NONE',  ( 0.0000000000000000000, 0.0000000000000000000, 1.000000000000000000 ) ) ;
#1448 = FILL_AREA_STYLE ('',( #870 ) ) ;
#1449 = VERTEX_POINT ( 'NONE', #4946 ) ;
#1450 = VERTEX_POINT ( 'NONE', #3959 ) ;
#1451 = VERTEX_POINT ( 'NONE', #762 ) ;
#1452 = DIRECTION ( 'NONE',  ( 0.0000000000000000000, 0.0000000000000000000, -1.000000000000000000 ) ) ;
#1453 = ORIENTED_EDGE ( 'NONE', *, *, #3964, .T. ) ;
#1454 = CARTESIAN_POINT ( 'NONE',  ( 8.009193664060235918, 7.869020970381335189, 16.50007378822410686 ) ) ;
#1455 = LINE ( 'NONE', #6365, #4277 ) ;
#1456 = ORIENTED_EDGE ( 'NONE', *, *, #5570, .F. ) ;
#1457 = EDGE_LOOP ( 'NONE', ( #1596, #3476, #3213, #2448 ) ) ;
#1458 = AXIS2_PLACEMENT_3D ( 'NONE', #1260, #4966, #1803 ) ;
#1459 =( NAMED_UNIT ( * ) PLANE_ANGLE_UNIT ( ) SI_UNIT ( $, .RADIAN. ) );
#1460 =( GEOMETRIC_REPRESENTATION_CONTEXT ( 3 ) GLOBAL_UNCERTAINTY_ASSIGNED_CONTEXT ( ( #6354 ) ) GLOBAL_UNIT_ASSIGNED_CONTEXT ( ( #1716, #5422, #2250 ) ) REPRESENTATION_CONTEXT ( 'NONE', 'WORKASPACE' ) );
#1461 =( LENGTH_UNIT ( ) NAMED_UNIT ( * ) SI_UNIT ( .MILLI., .METRE. ) );
#1462 = ORIENTED_EDGE ( 'NONE', *, *, #4158, .F. ) ;
#1463 = FILL_AREA_STYLE ('',( #911 ) ) ;
#1464 = FILL_AREA_STYLE_COLOUR ( '', #2478 ) ;
#1465 = VERTEX_POINT ( 'NONE', #240 ) ;
#1466 = DIRECTION ( 'NONE',  ( 0.0000000000000000000, -0.0000000000000000000, -1.000000000000000000 ) ) ;
#1467 = ORIENTED_EDGE ( 'NONE', *, *, #5396, .T. ) ;
#1468 = DIRECTION ( 'NONE',  ( -0.0000000000000000000, 1.000000000000000000, -0.0000000000000000000 ) ) ;
#1469 = DIRECTION ( 'NONE',  ( -0.0000000000000000000, -0.0000000000000000000, 1.000000000000000000 ) ) ;
#1470 =( LENGTH_UNIT ( ) NAMED_UNIT ( * ) SI_UNIT ( .MILLI., .METRE. ) );
#1471 = DIRECTION ( 'NONE',  ( 0.0000000000000000000, 0.0000000000000000000, -1.000000000000000000 ) ) ;
#1472 = CARTESIAN_POINT ( 'NONE',  ( 0.6705648977882341377, 5.397732065676335900, 22.62007378821410697 ) ) ;
#1473 = STYLED_ITEM ( 'NONE', ( #92 ), #3417 ) ;
#1474 = EDGE_CURVE ( 'NONE', #1800, #1525, #4238, .T. ) ;
#1475 = COLOUR_RGB ( '',0.2509803921568627416, 0.2509803921568627416, 0.2509803921568627416 ) ;
#1476 =( LENGTH_UNIT ( ) NAMED_UNIT ( * ) SI_UNIT ( .MILLI., .METRE. ) );
#1477 = EDGE_CURVE ( 'NONE', #1450, #4668, #4077, .T. ) ;
#1478 = ADVANCED_FACE ( 'NONE', ( #5464 ), #722, .T. ) ;
#1479 = STYLED_ITEM ( 'NONE', ( #4167 ), #447 ) ;
#1480 = ORIENTED_EDGE ( 'NONE', *, *, #6406, .F. ) ;
#1481 = STYLED_ITEM ( 'NONE', ( #6284 ), #2399 ) ;
#1482 = EDGE_LOOP ( 'NONE', ( #5012, #2348, #5335, #3977 ) ) ;
#1483 = LINE ( 'NONE', #413, #5548 ) ;
#1484 = PLANE ( 'NONE',  #2168 ) ;
#1485 = DIRECTION ( 'NONE',  ( -0.0000000000000000000, 1.000000000000000000, -0.0000000000000000000 ) ) ;
#1486 = FILL_AREA_STYLE_COLOUR ( '', #992 ) ;
#1487 = VECTOR ( 'NONE', #2714, 1000.000000000000000 ) ;
#1488 = SURFACE_STYLE_FILL_AREA ( #6178 ) ;
#1489 = CIRCLE ( 'NONE', #5149, 0.8000000000000003775 ) ;
#1490 = SURFACE_STYLE_FILL_AREA ( #5556 ) ;
#1491 = CARTESIAN_POINT ( 'NONE',  ( 5.970552912677237423, 6.719299690771334710, 18.56007378821410825 ) ) ;
#1492 = CARTESIAN_POINT ( 'NONE',  ( 11.27177128197023137, 5.124945008360334953, 21.70348027693310655 ) ) ;
#1493 = DIRECTION ( 'NONE',  ( 1.000000000000000000, -0.0000000000000000000, -0.0000000000000000000 ) ) ;
#1494 = SURFACE_STYLE_FILL_AREA ( #3730 ) ;
#1495 = EDGE_CURVE ( 'NONE', #3569, #1949, #2156, .T. ) ;
#1496 = FILL_AREA_STYLE_COLOUR ( '', #4720 ) ;
#1497 = FILL_AREA_STYLE_COLOUR ( '', #6378 ) ;
#1498 = PRESENTATION_STYLE_ASSIGNMENT (( #3908 ) ) ;
#1499 = PRESENTATION_STYLE_ASSIGNMENT (( #2798 ) ) ;
#1500 = FILL_AREA_STYLE_COLOUR ( '', #801 ) ;
#1501 =( LENGTH_UNIT ( ) NAMED_UNIT ( * ) SI_UNIT ( .MILLI., .METRE. ) );
#1502 = DIRECTION ( 'NONE',  ( -0.0000000000000000000, 0.0000000000000000000, -1.000000000000000000 ) ) ;
#1503 = MECHANICAL_DESIGN_GEOMETRIC_PRESENTATION_REPRESENTATION (  '', ( #6603 ), #1854 ) ;
#1504 = EDGE_CURVE ( 'NONE', #1643, #1344, #3581, .T. ) ;
#1505 = FACE_OUTER_BOUND ( 'NONE', #2213, .T. ) ;
#1506 = PRESENTATION_LAYER_ASSIGNMENT (  '', '', ( #770 ) ) ;
#1507 = LINE ( 'NONE', #5685, #2758 ) ;
#1508 = DIRECTION ( 'NONE',  ( 0.0000000000000000000, 0.0000000000000000000, -1.000000000000000000 ) ) ;
#1509 = ADVANCED_FACE ( 'NONE', ( #6385 ), #2435, .F. ) ;
#1510 = FILL_AREA_STYLE ('',( #4165 ) ) ;
#1511 =( LENGTH_UNIT ( ) NAMED_UNIT ( * ) SI_UNIT ( .MILLI., .METRE. ) );
#1512 = ORIENTED_EDGE ( 'NONE', *, *, #2711, .F. ) ;
#1513 = STYLED_ITEM ( 'NONE', ( #3508 ), #2959 ) ;
#1514 = PRESENTATION_STYLE_ASSIGNMENT (( #532 ) ) ;
#1515 = SURFACE_STYLE_USAGE ( .BOTH. , #4691 ) ;
#1516 = AXIS2_PLACEMENT_3D ( 'NONE', #4267, #1069, #4790 ) ;
#1517 = PLANE ( 'NONE',  #3175 ) ;
#1518 = ORIENTED_EDGE ( 'NONE', *, *, #5745, .T. ) ;
#1519 = LINE ( 'NONE', #6073, #5584 ) ;
#1520 = CARTESIAN_POINT ( 'NONE',  ( 3.690552912677733666, 11.94775424282733489, 22.62007378821410697 ) ) ;
#1521 = STYLED_ITEM ( 'NONE', ( #1498 ), #5563 ) ;
#1522 = COLOUR_RGB ( '',0.2509803921568627416, 0.2509803921568627416, 0.2509803921568627416 ) ;
#1523 = ORIENTED_EDGE ( 'NONE', *, *, #4331, .T. ) ;
#1524 = EDGE_CURVE ( 'NONE', #5960, #4780, #5725, .T. ) ;
#1525 = VERTEX_POINT ( 'NONE', #5604 ) ;
#1526 = CARTESIAN_POINT ( 'NONE',  ( 5.970552912677237423, 6.719299690771334710, 19.06007378821410470 ) ) ;
#1527 = DIRECTION ( 'NONE',  ( 0.0000000000000000000, -1.000000000000000000, 0.0000000000000000000 ) ) ;
#1528 = LINE ( 'NONE', #2604, #2946 ) ;
#1529 = ORIENTED_EDGE ( 'NONE', *, *, #4196, .T. ) ;
#1530 = VERTEX_POINT ( 'NONE', #2993 ) ;
#1531 = CARTESIAN_POINT ( 'NONE',  ( -3.813228718029765929, 7.432754242817335211, 11.44007378821410725 ) ) ;
#1532 = DIRECTION ( 'NONE',  ( 0.0000000000000000000, 0.0000000000000000000, -1.000000000000000000 ) ) ;
#1533 = VERTEX_POINT ( 'NONE', #3537 ) ;
#1534 = CARTESIAN_POINT ( 'NONE',  ( 11.27177128197023137, 10.38492283121933468, 14.36007378820410452 ) ) ;
#1535 = DIRECTION ( 'NONE',  ( -0.0000000000000000000, 0.0000000000000000000, -1.000000000000000000 ) ) ;
#1536 = VECTOR ( 'NONE', #4559, 1000.000000000000000 ) ;
#1537 =( NAMED_UNIT ( * ) PLANE_ANGLE_UNIT ( ) SI_UNIT ( $, .RADIAN. ) );
#1538 = DIRECTION ( 'NONE',  ( 0.0000000000000000000, 0.0000000000000000000, 1.000000000000000000 ) ) ;
#1539 = EDGE_CURVE ( 'NONE', #586, #1450, #6383, .T. ) ;
#1540 = CARTESIAN_POINT ( 'NONE',  ( 6.884036335796590578, 13.04763451834901389, 15.63747921162842225 ) ) ;
#1541 = PRESENTATION_STYLE_ASSIGNMENT (( #58 ) ) ;
#1542 = ORIENTED_EDGE ( 'NONE', *, *, #2205, .F. ) ;
#1543 = ADVANCED_FACE ( 'NONE', ( #3858 ), #1408, .F. ) ;
#1544 = ORIENTED_EDGE ( 'NONE', *, *, #5894, .T. ) ;
#1545 = LINE ( 'NONE', #4397, #2965 ) ;
#1546 = AXIS2_PLACEMENT_3D ( 'NONE', #3263, #114, #2261 ) ;
#1547 = FILL_AREA_STYLE ('',( #1000 ) ) ;
#1548 = VERTEX_POINT ( 'NONE', #332 ) ;
#1549 = STYLED_ITEM ( 'NONE', ( #1903 ), #1844 ) ;
#1550 = CARTESIAN_POINT ( 'NONE',  ( 11.08444181290723485, 3.367732065666334318, 16.50007378822410686 ) ) ;
#1551 = EDGE_CURVE ( 'NONE', #1763, #521, #4471, .T. ) ;
#1552 = ORIENTED_EDGE ( 'NONE', *, *, #6840, .F. ) ;
#1553 = CARTESIAN_POINT ( 'NONE',  ( 5.970552912677237423, 10.17620879488533525, 19.06007378821410470 ) ) ;
#1554 = COLOUR_RGB ( '',0.2509803921568627416, 0.2509803921568627416, 0.2509803921568627416 ) ;
#1555 = VECTOR ( 'NONE', #4019, 1000.000000000000000 ) ;
#1556 = UNCERTAINTY_MEASURE_WITH_UNIT (LENGTH_MEASURE( 1.000000000000000082E-05 ), #4490, 'distance_accuracy_value', 'NONE');
#1557 =( LENGTH_UNIT ( ) NAMED_UNIT ( * ) SI_UNIT ( .MILLI., .METRE. ) );
#1558 = FILL_AREA_STYLE_COLOUR ( '', #3332 ) ;
#1559 = PRESENTATION_LAYER_ASSIGNMENT (  '', '', ( #1184 ) ) ;
#1560 = CARTESIAN_POINT ( 'NONE',  ( -3.402683551688752139, 12.25775424281733450, 22.62007378821410697 ) ) ;
#1561 = ORIENTED_EDGE ( 'NONE', *, *, #4133, .T. ) ;
#1562 = CARTESIAN_POINT ( 'NONE',  ( 11.27177128197023137, 11.77056347727433483, 21.70348027693310655 ) ) ;
#1563 = ORIENTED_EDGE ( 'NONE', *, *, #4764, .F. ) ;
#1564 = SURFACE_SIDE_STYLE ('',( #4952 ) ) ;
#1565 = ORIENTED_EDGE ( 'NONE', *, *, #66, .F. ) ;
#1566 =( NAMED_UNIT ( * ) PLANE_ANGLE_UNIT ( ) SI_UNIT ( $, .RADIAN. ) );
#1567 =( GEOMETRIC_REPRESENTATION_CONTEXT ( 3 ) GLOBAL_UNCERTAINTY_ASSIGNED_CONTEXT ( ( #316 ) ) GLOBAL_UNIT_ASSIGNED_CONTEXT ( ( #4509, #1333, #5034 ) ) REPRESENTATION_CONTEXT ( 'NONE', 'WORKASPACE' ) );
#1568 = CARTESIAN_POINT ( 'NONE',  ( 6.023131538444234323, 13.52775424281733585, 15.23425859490910739 ) ) ;
#1569 = SURFACE_STYLE_FILL_AREA ( #848 ) ;
#1570 = FILL_AREA_STYLE_COLOUR ( '', #2328 ) ;
#1571 = PRESENTATION_LAYER_ASSIGNMENT (  '', '', ( #840 ) ) ;
#1572 = ORIENTED_EDGE ( 'NONE', *, *, #4596, .T. ) ;
#1573 = VERTEX_POINT ( 'NONE', #878 ) ;
#1574 = STYLED_ITEM ( 'NONE', ( #5129 ), #6186 ) ;
#1575 = CARTESIAN_POINT ( 'NONE',  ( 5.970552912677237423, 8.697754242828334981, 19.06007378821410470 ) ) ;
#1576 = SURFACE_STYLE_FILL_AREA ( #3512 ) ;
#1577 = DIRECTION ( 'NONE',  ( 1.000000000000000000, 0.0000000000000000000, 0.0000000000000000000 ) ) ;
#1578 = ADVANCED_FACE ( 'NONE', ( #232 ), #4604, .F. ) ;
#1579 = DIRECTION ( 'NONE',  ( 0.0000000000000000000, -0.0000000000000000000, 1.000000000000000000 ) ) ;
#1580 = LINE ( 'NONE', #6507, #4391 ) ;
#1581 = COLOUR_RGB ( '',0.2509803921568627416, 0.2509803921568627416, 0.2509803921568627416 ) ;
#1582 = CARTESIAN_POINT ( 'NONE',  ( -3.303228718029766142, 9.972754242817334358, 15.00007378821410597 ) ) ;
#1583 = VECTOR ( 'NONE', #3790, 1000.000000000000000 ) ;
#1584 = VECTOR ( 'NONE', #5409, 1000.000000000000000 ) ;
#1585 = SURFACE_SIDE_STYLE ('',( #152 ) ) ;
#1586 = VECTOR ( 'NONE', #208, 1000.000000000000000 ) ;
#1587 = LINE ( 'NONE', #5416, #3011 ) ;
#1588 = VECTOR ( 'NONE', #2684, 1000.000000000000000 ) ;
#1589 = DIRECTION ( 'NONE',  ( -0.0000000000000000000, -0.0000000000000000000, 1.000000000000000000 ) ) ;
#1590 = MECHANICAL_DESIGN_GEOMETRIC_PRESENTATION_REPRESENTATION (  '', ( #502 ), #1953 ) ;
#1591 = ORIENTED_EDGE ( 'NONE', *, *, #2335, .F. ) ;
#1592 = ORIENTED_EDGE ( 'NONE', *, *, #6770, .T. ) ;
#1593 = STYLED_ITEM ( 'NONE', ( #2160 ), #1366 ) ;
#1594 = PRESENTATION_LAYER_ASSIGNMENT (  '', '', ( #861 ) ) ;
#1595 = CARTESIAN_POINT ( 'NONE',  ( -5.329435102211766306, 13.52775424281733585, 22.62007378821410697 ) ) ;
#1596 = ORIENTED_EDGE ( 'NONE', *, *, #3629, .T. ) ;
#1597 = COLOUR_RGB ( '',1.000000000000000000, 1.000000000000000000, 1.000000000000000000 ) ;
#1598 = CARTESIAN_POINT ( 'NONE',  ( 3.370579423396234287, 3.367732065676335207, 15.00007378821410597 ) ) ;
#1599 = CARTESIAN_POINT ( 'NONE',  ( -5.329435102211766306, 12.27856632156533401, 22.62007378821410697 ) ) ;
#1600 = PRESENTATION_LAYER_ASSIGNMENT (  '', '', ( #871 ) ) ;
#1601 = EDGE_CURVE ( 'NONE', #223, #5029, #3075, .T. ) ;
#1602 = FILL_AREA_STYLE ('',( #5305 ) ) ;
#1603 = EDGE_CURVE ( 'NONE', #2282, #5542, #5210, .T. ) ;
#1604 = MECHANICAL_DESIGN_GEOMETRIC_PRESENTATION_REPRESENTATION (  '', ( #874 ), #1970 ) ;
#1605 = ORIENTED_EDGE ( 'NONE', *, *, #1968, .F. ) ;
#1606 = SURFACE_STYLE_FILL_AREA ( #2697 ) ;
#1607 = PLANE ( 'NONE',  #5896 ) ;
#1608 = PRESENTATION_STYLE_ASSIGNMENT (( #786 ) ) ;
#1609 =( GEOMETRIC_REPRESENTATION_CONTEXT ( 3 ) GLOBAL_UNCERTAINTY_ASSIGNED_CONTEXT ( ( #3916 ) ) GLOBAL_UNIT_ASSIGNED_CONTEXT ( ( #5146, #1985, #5696 ) ) REPRESENTATION_CONTEXT ( 'NONE', 'WORKASPACE' ) );
#1610 = ORIENTED_EDGE ( 'NONE', *, *, #5178, .F. ) ;
#1611 = CARTESIAN_POINT ( 'NONE',  ( 5.598034606640234223, 12.52777641995833413, 15.00007378821410597 ) ) ;
#1612 = ORIENTED_EDGE ( 'NONE', *, *, #3059, .F. ) ;
#1613 = CARTESIAN_POINT ( 'NONE',  ( 7.632249402425141049, 5.508871655688300173, 15.93939133593428537 ) ) ;
#1614 = UNCERTAINTY_MEASURE_WITH_UNIT (LENGTH_MEASURE( 1.000000000000000082E-05 ), #259, 'distance_accuracy_value', 'NONE');
#1615 = SURFACE_SIDE_STYLE ('',( #5875 ) ) ;
#1616 = EDGE_LOOP ( 'NONE', ( #2145, #6558, #2101, #1772 ) ) ;
#1617 = CARTESIAN_POINT ( 'NONE',  ( 0.6717712819702342797, 13.52856633055133528, 22.62007378821410697 ) ) ;
#1618 = EDGE_CURVE ( 'NONE', #5497, #3948, #6630, .T. ) ;
#1619 =( NAMED_UNIT ( * ) SI_UNIT ( $, .STERADIAN. ) SOLID_ANGLE_UNIT ( ) );
#1620 = SURFACE_SIDE_STYLE ('',( #4368 ) ) ;
#1621 = CARTESIAN_POINT ( 'NONE',  ( -6.329420576603766335, 9.447739717209742594, 22.62007378821410697 ) ) ;
#1622 = ORIENTED_EDGE ( 'NONE', *, *, #2542, .T. ) ;
#1623 = VERTEX_POINT ( 'NONE', #4869 ) ;
#1624 = SURFACE_STYLE_FILL_AREA ( #5776 ) ;
#1625 = CARTESIAN_POINT ( 'NONE',  ( 3.761478271157229436, 11.94775424282733489, 22.62007378821410697 ) ) ;
#1626 =( GEOMETRIC_REPRESENTATION_CONTEXT ( 3 ) GLOBAL_UNCERTAINTY_ASSIGNED_CONTEXT ( ( #1407 ) ) GLOBAL_UNIT_ASSIGNED_CONTEXT ( ( #6110, #2937, #6644 ) ) REPRESENTATION_CONTEXT ( 'NONE', 'WORKASPACE' ) );
#1627 = EDGE_CURVE ( 'NONE', #4346, #4094, #5042, .T. ) ;
#1628 = EDGE_LOOP ( 'NONE', ( #2380, #5011, #1385, #5792 ) ) ;
#1629 = ORIENTED_EDGE ( 'NONE', *, *, #2, .F. ) ;
#1630 = STYLED_ITEM ( 'NONE', ( #4458 ), #863 ) ;
#1631 = DIRECTION ( 'NONE',  ( 0.0000000000000000000, 0.0000000000000000000, -1.000000000000000000 ) ) ;
#1632 = PLANE ( 'NONE',  #4323 ) ;
#1633 = CARTESIAN_POINT ( 'NONE',  ( -4.929435102211766839, 4.967732065676335296, 15.00007378821410597 ) ) ;
#1634 = PRODUCT_DEFINITION_CONTEXT ( 'detailed design', #6128, 'design' ) ;
#1635 = FILL_AREA_STYLE ('',( #5322 ) ) ;
#1636 = AXIS2_PLACEMENT_3D ( 'NONE', #2891, #6590, #3430 ) ;
#1637 = FILL_AREA_STYLE_COLOUR ( '', #3975 ) ;
#1638 = FACE_OUTER_BOUND ( 'NONE', #1798, .T. ) ;
#1639 = FILL_AREA_STYLE_COLOUR ( '', #3216 ) ;
#1640 = VERTEX_POINT ( 'NONE', #2781 ) ;
#1641 = VERTEX_POINT ( 'NONE', #1819 ) ;
#1642 = STYLED_ITEM ( 'NONE', ( #1420 ), #4057 ) ;
#1643 = VERTEX_POINT ( 'NONE', #5526 ) ;
#1644 =( NAMED_UNIT ( * ) PLANE_ANGLE_UNIT ( ) SI_UNIT ( $, .RADIAN. ) );
#1645 = CARTESIAN_POINT ( 'NONE',  ( 11.27177128197023137, 11.77056347727433483, 15.00007378820410153 ) ) ;
#1646 = COLOUR_RGB ( '',0.2509803921568627416, 0.2509803921568627416, 0.2509803921568627416 ) ;
#1647 =( GEOMETRIC_REPRESENTATION_CONTEXT ( 3 ) GLOBAL_UNCERTAINTY_ASSIGNED_CONTEXT ( ( #5031 ) ) GLOBAL_UNIT_ASSIGNED_CONTEXT ( ( #6872, #3691, #493 ) ) REPRESENTATION_CONTEXT ( 'NONE', 'WORKASPACE' ) );
#1648 = EDGE_CURVE ( 'NONE', #2383, #505, #809, .T. ) ;
#1649 = CIRCLE ( 'NONE', #2980, 5.085906700000002445 ) ;
#1650 = COLOUR_RGB ( '',0.2509803921568627416, 0.2509803921568627416, 0.2509803921568627416 ) ;
#1651 = COLOUR_RGB ( '',0.2509803921568627416, 0.2509803921568627416, 0.2509803921568627416 ) ;
#1652 = DIRECTION ( 'NONE',  ( -0.0000000000000000000, -0.0000000000000000000, 1.000000000000000000 ) ) ;
#1653 = PRESENTATION_STYLE_ASSIGNMENT (( #3098 ) ) ;
#1654 = LINE ( 'NONE', #2133, #983 ) ;
#1655 = DIRECTION ( 'NONE',  ( 1.000000000000000000, -0.0000000000000000000, -0.0000000000000000000 ) ) ;
#1656 = CARTESIAN_POINT ( 'NONE',  ( 5.970552912677237423, 8.197754242818334092, 19.06007378821410470 ) ) ;
#1657 = CARTESIAN_POINT ( 'NONE',  ( -3.402683551688752139, 12.25775424281733450, 22.62007378821410697 ) ) ;
#1658 = PLANE ( 'NONE',  #3500 ) ;
#1659 = DIRECTION ( 'NONE',  ( 0.0000000000000000000, 0.0000000000000000000, 1.000000000000000000 ) ) ;
#1660 = FACE_OUTER_BOUND ( 'NONE', #6164, .T. ) ;
#1661 = SURFACE_STYLE_FILL_AREA ( #4117 ) ;
#1662 = PLANE ( 'NONE',  #22 ) ;
#1663 =( NAMED_UNIT ( * ) SI_UNIT ( $, .STERADIAN. ) SOLID_ANGLE_UNIT ( ) );
#1664 = FACE_OUTER_BOUND ( 'NONE', #2783, .T. ) ;
#1665 = ORIENTED_EDGE ( 'NONE', *, *, #3423, .T. ) ;
#1666 = DIRECTION ( 'NONE',  ( -1.000000000000000000, -0.0000000000000000000, -0.0000000000000000000 ) ) ;
#1667 =( LENGTH_UNIT ( ) NAMED_UNIT ( * ) SI_UNIT ( .MILLI., .METRE. ) );
#1668 = AXIS2_PLACEMENT_3D ( 'NONE', #1085, #4810, #1631 ) ;
#1669 = VERTEX_POINT ( 'NONE', #3432 ) ;
#1670 = PRESENTATION_LAYER_ASSIGNMENT (  '', '', ( #947 ) ) ;
#1671 = AXIS2_PLACEMENT_3D ( 'NONE', #1835, #5543, #2367 ) ;
#1672 = CARTESIAN_POINT ( 'NONE',  ( 6.756568645440547805, 3.658603049523901252, 15.58586361380867658 ) ) ;
#1673 = EDGE_CURVE ( 'NONE', #2178, #1451, #970, .T. ) ;
#1674 = DIRECTION ( 'NONE',  ( -0.0000000000000000000, -1.000000000000000000, -0.0000000000000000000 ) ) ;
#1675 = DIRECTION ( 'NONE',  ( -0.0000000000000000000, -0.0000000000000000000, -1.000000000000000000 ) ) ;
#1676 = MECHANICAL_DESIGN_GEOMETRIC_PRESENTATION_REPRESENTATION (  '', ( #587 ), #2044 ) ;
#1677 = SURFACE_STYLE_FILL_AREA ( #2243 ) ;
#1678 =( NAMED_UNIT ( * ) SI_UNIT ( $, .STERADIAN. ) SOLID_ANGLE_UNIT ( ) );
#1679 =( NAMED_UNIT ( * ) SI_UNIT ( $, .STERADIAN. ) SOLID_ANGLE_UNIT ( ) );
#1680 = FACE_BOUND ( 'NONE', #5419, .T. ) ;
#1681 = DIRECTION ( 'NONE',  ( 0.0000000000000000000, 0.0000000000000000000, 1.000000000000000000 ) ) ;
#1682 = DIRECTION ( 'NONE',  ( -1.000000000000000000, 0.0000000000000000000, 0.0000000000000000000 ) ) ;
#1683 = FILL_AREA_STYLE ('',( #3800 ) ) ;
#1684 =( NAMED_UNIT ( * ) SI_UNIT ( $, .STERADIAN. ) SOLID_ANGLE_UNIT ( ) );
#1685 = ORIENTED_EDGE ( 'NONE', *, *, #3924, .F. ) ;
#1686 = PRESENTATION_LAYER_ASSIGNMENT (  '', '', ( #964 ) ) ;
#1687 = VERTEX_POINT ( 'NONE', #2895 ) ;
#1688 = ORIENTED_EDGE ( 'NONE', *, *, #2957, .T. ) ;
#1689 = EDGE_CURVE ( 'NONE', #224, #1183, #1191, .T. ) ;
#1690 = DIRECTION ( 'NONE',  ( -0.0000000000000000000, -0.0000000000000000000, 1.000000000000000000 ) ) ;
#1691 = EDGE_CURVE ( 'NONE', #5985, #5254, #6864, .T. ) ;
#1692 = ORIENTED_EDGE ( 'NONE', *, *, #759, .F. ) ;
#1693 = PRESENTATION_LAYER_ASSIGNMENT (  '', '', ( #1341 ) ) ;
#1694 = LINE ( 'NONE', #6681, #4354 ) ;
#1695 = CARTESIAN_POINT ( 'NONE',  ( 8.009193664060235918, 9.026487515233334591, 16.50007378822410686 ) ) ;
#1696 = PRESENTATION_LAYER_ASSIGNMENT (  '', '', ( #972 ) ) ;
#1697 = DIRECTION ( 'NONE',  ( 0.0000000000000000000, 1.000000000000000000, 0.0000000000000000000 ) ) ;
#1698 =( GEOMETRIC_REPRESENTATION_CONTEXT ( 3 ) GLOBAL_UNCERTAINTY_ASSIGNED_CONTEXT ( ( #2865 ) ) GLOBAL_UNIT_ASSIGNED_CONTEXT ( ( #2355, #6065, #2899 ) ) REPRESENTATION_CONTEXT ( 'NONE', 'WORKASPACE' ) );
#1699 = CARTESIAN_POINT ( 'NONE',  ( 6.970552912677233870, 4.047765587323334913, 22.39834312896510582 ) ) ;
#1700 = VECTOR ( 'NONE', #2704, 1000.000000000000000 ) ;
#1701 = ORIENTED_EDGE ( 'NONE', *, *, #4459, .F. ) ;
#1702 = DIRECTION ( 'NONE',  ( 0.0000000000000000000, 0.0000000000000000000, -1.000000000000000000 ) ) ;
#1703 = DIRECTION ( 'NONE',  ( 0.0000000000000000000, 0.0000000000000000000, 1.000000000000000000 ) ) ;
#1704 = FILL_AREA_STYLE_COLOUR ( '', #1522 ) ;
#1705 = EDGE_LOOP ( 'NONE', ( #732, #298, #6089, #3628 ) ) ;
#1706 = CARTESIAN_POINT ( 'NONE',  ( 5.598034606640235111, 13.52775424281733585, 15.00007378821410597 ) ) ;
#1707 = EDGE_CURVE ( 'NONE', #3850, #5159, #3496, .T. ) ;
#1708 = FILL_AREA_STYLE ('',( #3820 ) ) ;
#1709 = DIRECTION ( 'NONE',  ( 0.0000000000000000000, -0.0000000000000000000, 1.000000000000000000 ) ) ;
#1710 = DIRECTION ( 'NONE',  ( -0.0000000000000000000, -0.0000000000000000000, -1.000000000000000000 ) ) ;
#1711 = CARTESIAN_POINT ( 'NONE',  ( 3.370579423396234287, 13.52775424281733585, 15.00007378821410420 ) ) ;
#1712 = EDGE_LOOP ( 'NONE', ( #4461, #3976, #5668, #6754 ) ) ;
#1713 = VERTEX_POINT ( 'NONE', #6615 ) ;
#1714 = VECTOR ( 'NONE', #13, 1000.000000000000000 ) ;
#1715 = LINE ( 'NONE', #288, #5618 ) ;
#1716 =( LENGTH_UNIT ( ) NAMED_UNIT ( * ) SI_UNIT ( .MILLI., .METRE. ) );
#1717 = EDGE_CURVE ( 'NONE', #312, #6677, #6137, .T. ) ;
#1718 = ORIENTED_EDGE ( 'NONE', *, *, #5311, .F. ) ;
#1719 = UNCERTAINTY_MEASURE_WITH_UNIT (LENGTH_MEASURE( 1.000000000000000082E-05 ), #1667, 'distance_accuracy_value', 'NONE');
#1720 = DIRECTION ( 'NONE',  ( -1.000000000000000000, 0.0000000000000000000, 0.0000000000000000000 ) ) ;
#1721 = AXIS2_PLACEMENT_3D ( 'NONE', #428, #4168, #959 ) ;
#1722 = CARTESIAN_POINT ( 'NONE',  ( 4.598034606640233335, 4.367732065676334763, 15.00007378821410597 ) ) ;
#1723 = UNCERTAINTY_MEASURE_WITH_UNIT (LENGTH_MEASURE( 1.000000000000000082E-05 ), #3013, 'distance_accuracy_value', 'NONE');
#1724 = ORIENTED_EDGE ( 'NONE', *, *, #4875, .F. ) ;
#1725 = DIRECTION ( 'NONE',  ( 0.0000000000000000000, 1.000000000000000000, 0.0000000000000000000 ) ) ;
#1726 = VECTOR ( 'NONE', #917, 1000.000000000000000 ) ;
#1727 =( NAMED_UNIT ( * ) SI_UNIT ( $, .STERADIAN. ) SOLID_ANGLE_UNIT ( ) );
#1728 = DIRECTION ( 'NONE',  ( 0.0000000000000000000, 1.000000000000000000, 0.0000000000000000000 ) ) ;
#1729 = SURFACE_STYLE_FILL_AREA ( #6691 ) ;
#1730 = CARTESIAN_POINT ( 'NONE',  ( -6.329420576603766335, 7.447754242817334891, 22.62007378821410697 ) ) ;
#1731 = SURFACE_STYLE_USAGE ( .BOTH. , #4905 ) ;
#1732 = AXIS2_PLACEMENT_3D ( 'NONE', #2237, #4342, #1720 ) ;
#1733 = CARTESIAN_POINT ( 'NONE',  ( 6.620552912677234225, 6.497754242817333825, 22.45488571232946740 ) ) ;
#1734 = SURFACE_SIDE_STYLE ('',( #602 ) ) ;
#1735 = CARTESIAN_POINT ( 'NONE',  ( -5.329435102211766306, 9.447739717209742594, 22.62007378821410697 ) ) ;
#1736 = ORIENTED_EDGE ( 'NONE', *, *, #252, .F. ) ;
#1737 = CARTESIAN_POINT ( 'NONE',  ( -3.303228718029766142, 7.432754242817335211, 11.44007378821410725 ) ) ;
#1738 = COLOUR_RGB ( '',1.000000000000000000, 1.000000000000000000, 1.000000000000000000 ) ;
#1739 =( GEOMETRIC_REPRESENTATION_CONTEXT ( 3 ) GLOBAL_UNCERTAINTY_ASSIGNED_CONTEXT ( ( #64 ) ) GLOBAL_UNIT_ASSIGNED_CONTEXT ( ( #3202, #6, #3728 ) ) REPRESENTATION_CONTEXT ( 'NONE', 'WORKASPACE' ) );
#1740 = COLOUR_RGB ( '',0.2509803921568627416, 0.2509803921568627416, 0.2509803921568627416 ) ;
#1741 = FILL_AREA_STYLE_COLOUR ( '', #3252 ) ;
#1742 = MECHANICAL_DESIGN_GEOMETRIC_PRESENTATION_REPRESENTATION (  '', ( #656 ), #2106 ) ;
#1743 = MECHANICAL_DESIGN_GEOMETRIC_PRESENTATION_REPRESENTATION (  '', ( #658 ), #2108 ) ;
#1744 = PRESENTATION_STYLE_ASSIGNMENT (( #3163 ) ) ;
#1745 = LINE ( 'NONE', #1656, #4560 ) ;
#1746 =( NAMED_UNIT ( * ) SI_UNIT ( $, .STERADIAN. ) SOLID_ANGLE_UNIT ( ) );
#1747 = CARTESIAN_POINT ( 'NONE',  ( -0.8294351022117658623, 13.52777641995833413, 14.36007378821410541 ) ) ;
#1748 = VECTOR ( 'NONE', #91, 1000.000000000000000 ) ;
#1749 = VECTOR ( 'NONE', #1251, 1000.000000000000000 ) ;
#1750 = FILL_AREA_STYLE ('',( #1204 ) ) ;
#1751 = EDGE_CURVE ( 'NONE', #5029, #2523, #3804, .T. ) ;
#1752 = CARTESIAN_POINT ( 'NONE',  ( 4.598034606640233335, 4.367732065676334763, 14.36007378821410541 ) ) ;
#1753 = COLOUR_RGB ( '',0.2509803921568627416, 0.2509803921568627416, 0.2509803921568627416 ) ;
#1754 = PLANE ( 'NONE',  #606 ) ;
#1755 = ORIENTED_EDGE ( 'NONE', *, *, #4317, .F. ) ;
#1756 = SURFACE_STYLE_USAGE ( .BOTH. , #4923 ) ;
#1757 = EDGE_LOOP ( 'NONE', ( #199, #3141, #42, #2113 ) ) ;
#1758 = SURFACE_STYLE_USAGE ( .BOTH. , #4924 ) ;
#1759 = SURFACE_SIDE_STYLE ('',( #4786 ) ) ;
#1760 = COLOUR_RGB ( '',0.2509803921568627416, 0.2509803921568627416, 0.2509803921568627416 ) ;
#1761 = FILL_AREA_STYLE ('',( #2293 ) ) ;
#1762 = SURFACE_SIDE_STYLE ('',( #4609 ) ) ;
#1763 = VERTEX_POINT ( 'NONE', #1894 ) ;
#1764 = EDGE_CURVE ( 'NONE', #1713, #2632, #467, .T. ) ;
#1765 = LINE ( 'NONE', #4563, #176 ) ;
#1766 = DIRECTION ( 'NONE',  ( 0.0000000000000000000, 1.000000000000000000, -1.110223024625156540E-16 ) ) ;
#1767 = DIRECTION ( 'NONE',  ( 0.0000000000000000000, -0.0000000000000000000, 1.000000000000000000 ) ) ;
#1768 = FACE_OUTER_BOUND ( 'NONE', #3311, .T. ) ;
#1769 = SURFACE_STYLE_FILL_AREA ( #103 ) ;
#1770 = CARTESIAN_POINT ( 'NONE',  ( 6.170552912677234936, 6.497754242817333825, 21.62007378821410342 ) ) ;
#1771 = DIRECTION ( 'NONE',  ( -0.0000000000000000000, -0.0000000000000000000, -1.000000000000000000 ) ) ;
#1772 = ORIENTED_EDGE ( 'NONE', *, *, #3255, .F. ) ;
#1773 = CARTESIAN_POINT ( 'NONE',  ( -4.761238551708778743, 12.25775424281733450, 22.42007378821411478 ) ) ;
#1774 = CARTESIAN_POINT ( 'NONE',  ( 8.940353068133969572, 4.026223035013983598, 16.27203418632399590 ) ) ;
#1775 = FILL_AREA_STYLE ('',( #2840 ) ) ;
#1776 = SURFACE_STYLE_USAGE ( .BOTH. , #4945 ) ;
#1777 = PLANE ( 'NONE',  #1458 ) ;
#1778 = CARTESIAN_POINT ( 'NONE',  ( 6.320552912677235291, 10.69775424281733400, 21.62007378821410342 ) ) ;
#1779 = FACE_OUTER_BOUND ( 'NONE', #6539, .T. ) ;
#1780 = ORIENTED_EDGE ( 'NONE', *, *, #2320, .F. ) ;
#1781 = DIRECTION ( 'NONE',  ( 0.0000000000000000000, -0.0000000000000000000, 1.000000000000000000 ) ) ;
#1782 = VERTEX_POINT ( 'NONE', #1351 ) ;
#1783 = CARTESIAN_POINT ( 'NONE',  ( 6.970552912677233870, 8.447754242828334981, 20.59155738821409543 ) ) ;
#1784 = EDGE_LOOP ( 'NONE', ( #5794, #5295, #6655, #113 ) ) ;
#1785 = MECHANICAL_DESIGN_GEOMETRIC_PRESENTATION_REPRESENTATION (  '', ( #1055 ), #2141 ) ;
#1786 = FILL_AREA_STYLE ('',( #2298 ) ) ;
#1787 = CARTESIAN_POINT ( 'NONE',  ( 9.004942968176633755, 11.20722294769602989, 16.28318067005913861 ) ) ;
#1788 = EDGE_CURVE ( 'NONE', #4918, #3017, #4551, .T. ) ;
#1789 = ORIENTED_EDGE ( 'NONE', *, *, #4254, .T. ) ;
#1790 = EDGE_LOOP ( 'NONE', ( #5139, #6166, #5837, #2954 ) ) ;
#1791 = LINE ( 'NONE', #4468, #1076 ) ;
#1792 = CARTESIAN_POINT ( 'NONE',  ( 6.970552912677233870, 3.367732065676335207, 15.00007378821410597 ) ) ;
#1793 = CARTESIAN_POINT ( 'NONE',  ( 5.970552912677237423, 8.697754242828334981, 20.57392859714610722 ) ) ;
#1794 = SURFACE_STYLE_FILL_AREA ( #330 ) ;
#1795 = STYLED_ITEM ( 'NONE', ( #5958 ), #6275 ) ;
#1796 = ORIENTED_EDGE ( 'NONE', *, *, #6095, .T. ) ;
#1797 = DIRECTION ( 'NONE',  ( 2.224004456380522396E-16, -1.000000000000000000, 0.0000000000000000000 ) ) ;
#1798 = EDGE_LOOP ( 'NONE', ( #6332, #3849, #1224, #4348 ) ) ;
#1799 = LINE ( 'NONE', #5366, #4616 ) ;
#1800 = VERTEX_POINT ( 'NONE', #6668 ) ;
#1801 = DIRECTION ( 'NONE',  ( -1.000000000000000000, -0.0000000000000000000, -0.0000000000000000000 ) ) ;
#1802 = CARTESIAN_POINT ( 'NONE',  ( 4.598034606640233335, 12.52777641995833413, 14.36007378821410541 ) ) ;
#1803 = DIRECTION ( 'NONE',  ( 0.0000000000000000000, 0.0000000000000000000, -1.000000000000000000 ) ) ;
#1804 = SURFACE_STYLE_USAGE ( .BOTH. , #4969 ) ;
#1805 = SURFACE_STYLE_USAGE ( .BOTH. , #4970 ) ;
#1806 = VECTOR ( 'NONE', #1589, 1000.000000000000000 ) ;
#1807 = CARTESIAN_POINT ( 'NONE',  ( -5.329435102211766306, 4.618273884862334810, 22.62007378821410697 ) ) ;
#1808 = CIRCLE ( 'NONE', #6235, 0.2000000000000022593 ) ;
#1809 =( LENGTH_UNIT ( ) NAMED_UNIT ( * ) SI_UNIT ( .MILLI., .METRE. ) );
#1810 = ORIENTED_EDGE ( 'NONE', *, *, #1409, .T. ) ;
#1811 = STYLED_ITEM ( 'NONE', ( #4345 ), #5116 ) ;
#1812 = ORIENTED_EDGE ( 'NONE', *, *, #1495, .F. ) ;
#1813 = PRESENTATION_LAYER_ASSIGNMENT (  '', '', ( #1082 ) ) ;
#1814 = FILL_AREA_STYLE ('',( #728 ) ) ;
#1815 = PRESENTATION_LAYER_ASSIGNMENT (  '', '', ( #2170 ) ) ;
#1816 = DIRECTION ( 'NONE',  ( -0.0000000000000000000, 1.000000000000000000, -0.0000000000000000000 ) ) ;
#1817 = UNCERTAINTY_MEASURE_WITH_UNIT (LENGTH_MEASURE( 1.000000000000000082E-05 ), #443, 'distance_accuracy_value', 'NONE');
#1818 =( LENGTH_UNIT ( ) NAMED_UNIT ( * ) SI_UNIT ( .MILLI., .METRE. ) );
#1819 = CARTESIAN_POINT ( 'NONE',  ( 4.598034606640233335, 3.367732065676334319, 14.36007378821410541 ) ) ;
#1820 = UNCERTAINTY_MEASURE_WITH_UNIT (LENGTH_MEASURE( 1.000000000000000082E-05 ), #6749, 'distance_accuracy_value', 'NONE');
#1821 = CARTESIAN_POINT ( 'NONE',  ( 0.0000000000000000000, 15.55775424281733521, -2.253752739988750044E-16 ) ) ;
#1822 = LINE ( 'NONE', #852, #5885 ) ;
#1823 = CARTESIAN_POINT ( 'NONE',  ( 5.598034606640234223, 12.52777641995833413, 14.36007378821410541 ) ) ;
#1824 = SURFACE_SIDE_STYLE ('',( #1831 ) ) ;
#1825 = CIRCLE ( 'NONE', #3167, 0.2999999999999999334 ) ;
#1826 = PRESENTATION_STYLE_ASSIGNMENT (( #6370 ) ) ;
#1827 =( LENGTH_UNIT ( ) NAMED_UNIT ( * ) SI_UNIT ( .MILLI., .METRE. ) );
#1828 = DIRECTION ( 'NONE',  ( -1.000000000000000000, -0.0000000000000000000, -0.0000000000000000000 ) ) ;
#1829 = EDGE_CURVE ( 'NONE', #505, #6744, #3320, .T. ) ;
#1830 = EDGE_CURVE ( 'NONE', #6188, #950, #4880, .T. ) ;
#1831 = SURFACE_STYLE_FILL_AREA ( #4983 ) ;
#1832 = COLOUR_RGB ( '',1.000000000000000000, 1.000000000000000000, 1.000000000000000000 ) ;
#1833 = SURFACE_STYLE_FILL_AREA ( #2559 ) ;
#1834 = CARTESIAN_POINT ( 'NONE',  ( 9.414612525245143360, 12.76001837555067020, 16.35961699793461932 ) ) ;
#1835 = CARTESIAN_POINT ( 'NONE',  ( -6.329420576603766335, 9.447739717209742594, 15.00007378821410597 ) ) ;
#1836 = AXIS2_PLACEMENT_3D ( 'NONE', #6578, #3418, #2117 ) ;
#1837 = CARTESIAN_POINT ( 'NONE',  ( 6.723752724426747207, 11.32940383488747038, 22.43821375817277897 ) ) ;
#1838 = AXIS2_PLACEMENT_3D ( 'NONE', #1030, #4753, #1577 ) ;
#1839 = STYLED_ITEM ( 'NONE', ( #6619 ), #5818 ) ;
#1840 = SURFACE_STYLE_FILL_AREA ( #3310 ) ;
#1841 = VECTOR ( 'NONE', #4610, 1000.000000000000000 ) ;
#1842 = CARTESIAN_POINT ( 'NONE',  ( 3.961478271157233166, 11.94775424282733489, 20.62007378821410697 ) ) ;
#1843 = PRESENTATION_STYLE_ASSIGNMENT (( #3354 ) ) ;
#1844 = ADVANCED_FACE ( 'NONE', ( #4384 ), #5621, .F. ) ;
#1845 = CARTESIAN_POINT ( 'NONE',  ( 2.170564897788234138, 5.397732065676335900, 22.62007378821410697 ) ) ;
#1846 = CARTESIAN_POINT ( 'NONE',  ( 9.872192692789898416, 5.747541234232999230, 21.92958253137859259 ) ) ;
#1847 = ORIENTED_EDGE ( 'NONE', *, *, #5009, .F. ) ;
#1848 = DIRECTION ( 'NONE',  ( 1.000000000000000000, 0.0000000000000000000, 0.0000000000000000000 ) ) ;
#1849 = EDGE_CURVE ( 'NONE', #3720, #145, #4388, .T. ) ;
#1850 = CARTESIAN_POINT ( 'NONE',  ( 6.320552912677235291, 10.39775424281733507, 21.62007378821410342 ) ) ;
#1851 = ORIENTED_EDGE ( 'NONE', *, *, #4108, .F. ) ;
#1852 = CARTESIAN_POINT ( 'NONE',  ( 6.170552912677234936, 6.197754242817334003, 21.62007378821410342 ) ) ;
#1853 = DIRECTION ( 'NONE',  ( -0.0000000000000000000, 1.000000000000000000, -0.0000000000000000000 ) ) ;
#1854 =( GEOMETRIC_REPRESENTATION_CONTEXT ( 3 ) GLOBAL_UNCERTAINTY_ASSIGNED_CONTEXT ( ( #3368 ) ) GLOBAL_UNIT_ASSIGNED_CONTEXT ( ( #5702, #2519, #6225 ) ) REPRESENTATION_CONTEXT ( 'NONE', 'WORKASPACE' ) );
#1855 = EDGE_CURVE ( 'NONE', #4795, #4010, #3889, .T. ) ;
#1856 = DIRECTION ( 'NONE',  ( 1.000000000000000000, 0.0000000000000000000, 0.0000000000000000000 ) ) ;
#1857 = MECHANICAL_DESIGN_GEOMETRIC_PRESENTATION_REPRESENTATION (  '', ( #770 ), #2208 ) ;
#1858 =( NAMED_UNIT ( * ) PLANE_ANGLE_UNIT ( ) SI_UNIT ( $, .RADIAN. ) );
#1859 = FACE_BOUND ( 'NONE', #6011, .T. ) ;
#1860 = UNCERTAINTY_MEASURE_WITH_UNIT (LENGTH_MEASURE( 1.000000000000000082E-05 ), #5712, 'distance_accuracy_value', 'NONE');
#1861 = ORIENTED_EDGE ( 'NONE', *, *, #1477, .F. ) ;
#1862 = ORIENTED_EDGE ( 'NONE', *, *, #5468, .F. ) ;
#1863 =( NAMED_UNIT ( * ) SI_UNIT ( $, .STERADIAN. ) SOLID_ANGLE_UNIT ( ) );
#1864 = ORIENTED_EDGE ( 'NONE', *, *, #6229, .T. ) ;
#1865 = DIRECTION ( 'NONE',  ( -1.000000000000000000, 0.0000000000000000000, 0.0000000000000000000 ) ) ;
#1866 = DIRECTION ( 'NONE',  ( -1.000000000000000000, -1.239088197122750557E-16, 0.0000000000000000000 ) ) ;
#1867 = ORIENTED_EDGE ( 'NONE', *, *, #2239, .F. ) ;
#1868 = UNCERTAINTY_MEASURE_WITH_UNIT (LENGTH_MEASURE( 1.000000000000000082E-05 ), #3635, 'distance_accuracy_value', 'NONE');
#1869 = DIRECTION ( 'NONE',  ( -0.0000000000000000000, 1.000000000000000000, -0.0000000000000000000 ) ) ;
#1870 = DIRECTION ( 'NONE',  ( -0.0000000000000000000, -0.0000000000000000000, 1.000000000000000000 ) ) ;
#1871 = AXIS2_PLACEMENT_3D ( 'NONE', #344, #4078, #868 ) ;
#1872 =( NAMED_UNIT ( * ) SI_UNIT ( $, .STERADIAN. ) SOLID_ANGLE_UNIT ( ) );
#1873 = DIRECTION ( 'NONE',  ( 0.0000000000000000000, -0.0000000000000000000, -1.000000000000000000 ) ) ;
#1874 = PRESENTATION_LAYER_ASSIGNMENT (  '', '', ( #1139 ) ) ;
#1875 =( NAMED_UNIT ( * ) PLANE_ANGLE_UNIT ( ) SI_UNIT ( $, .RADIAN. ) );
#1876 = DIRECTION ( 'NONE',  ( -0.0000000000000000000, -0.0000000000000000000, 1.000000000000000000 ) ) ;
#1877 = ADVANCED_FACE ( 'NONE', ( #2484 ), #1962, .F. ) ;
#1878 = SURFACE_STYLE_FILL_AREA ( #4153 ) ;
#1879 = VECTOR ( 'NONE', #530, 1000.000000000000000 ) ;
#1880 = EDGE_LOOP ( 'NONE', ( #2879, #2824, #2204, #2716, #4703, #3853, #3955, #6885 ) ) ;
#1881 = STYLED_ITEM ( 'NONE', ( #4629 ), #1899 ) ;
#1882 = PRESENTATION_LAYER_ASSIGNMENT (  '', '', ( #1521 ) ) ;
#1883 = CARTESIAN_POINT ( 'NONE',  ( 4.598034606640233335, 12.52777641995833413, 14.36007378821410541 ) ) ;
#1884 = STYLED_ITEM ( 'NONE', ( #238 ), #383 ) ;
#1885 = ORIENTED_EDGE ( 'NONE', *, *, #5530, .F. ) ;
#1886 = DIRECTION ( 'NONE',  ( 0.0000000000000000000, 0.0000000000000000000, 1.000000000000000000 ) ) ;
#1887 = EDGE_CURVE ( 'NONE', #3701, #2043, #1986, .T. ) ;
#1888 = ORIENTED_EDGE ( 'NONE', *, *, #4235, .F. ) ;
#1889 = ORIENTED_EDGE ( 'NONE', *, *, #2335, .T. ) ;
#1890 = CARTESIAN_POINT ( 'NONE',  ( -0.8294351022117658623, 3.367732065676335207, 14.36007378821410363 ) ) ;
#1891 = VECTOR ( 'NONE', #5562, 1000.000000000000000 ) ;
#1892 =( NAMED_UNIT ( * ) SI_UNIT ( $, .STERADIAN. ) SOLID_ANGLE_UNIT ( ) );
#1893 = ORIENTED_EDGE ( 'NONE', *, *, #4339, .F. ) ;
#1894 = CARTESIAN_POINT ( 'NONE',  ( 3.419627554198234609, 11.94775424282733489, 22.42007378821410413 ) ) ;
#1895 = LINE ( 'NONE', #3010, #4713 ) ;
#1896 = ORIENTED_EDGE ( 'NONE', *, *, #6384, .T. ) ;
#1897 = COLOUR_RGB ( '',0.2509803921568627416, 0.2509803921568627416, 0.2509803921568627416 ) ;
#1898 = CARTESIAN_POINT ( 'NONE',  ( -0.8294351022117658623, 13.52777641995833413, 15.00007378821410597 ) ) ;
#1899 = ADVANCED_FACE ( 'NONE', ( #6045 ), #2739, .F. ) ;
#1900 = SURFACE_SIDE_STYLE ('',( #6582 ) ) ;
#1901 = EDGE_CURVE ( 'NONE', #4439, #4358, #1483, .T. ) ;
#1902 = CARTESIAN_POINT ( 'NONE',  ( -4.929435102211766839, 10.46773206567633707, 15.00007378821410597 ) ) ;
#1903 = PRESENTATION_STYLE_ASSIGNMENT (( #328 ) ) ;
#1904 =( NAMED_UNIT ( * ) SI_UNIT ( $, .STERADIAN. ) SOLID_ANGLE_UNIT ( ) );
#1905 = DIRECTION ( 'NONE',  ( -0.0000000000000000000, -1.000000000000000000, -0.0000000000000000000 ) ) ;
#1906 = VECTOR ( 'NONE', #6837, 1000.000000000000000 ) ;
#1907 = ORIENTED_EDGE ( 'NONE', *, *, #292, .T. ) ;
#1908 = MECHANICAL_DESIGN_GEOMETRIC_PRESENTATION_REPRESENTATION (  '', ( #1174 ), #2256 ) ;
#1909 = SURFACE_STYLE_FILL_AREA ( #6614 ) ;
#1910 = COLOUR_RGB ( '',0.2509803921568627416, 0.2509803921568627416, 0.2509803921568627416 ) ;
#1911 = SURFACE_STYLE_FILL_AREA ( #1750 ) ;
#1912 = PRESENTATION_LAYER_ASSIGNMENT (  '', '', ( #1549 ) ) ;
#1913 = EDGE_CURVE ( 'NONE', #4768, #3293, #57, .T. ) ;
#1914 = COLOUR_RGB ( '',0.2509803921568627416, 0.2509803921568627416, 0.2509803921568627416 ) ;
#1915 =( LENGTH_UNIT ( ) NAMED_UNIT ( * ) SI_UNIT ( .MILLI., .METRE. ) );
#1916 = ADVANCED_FACE ( 'NONE', ( #4150 ), #2064, .T. ) ;
#1917 =( LENGTH_UNIT ( ) NAMED_UNIT ( * ) SI_UNIT ( .MILLI., .METRE. ) );
#1918 = MECHANICAL_DESIGN_GEOMETRIC_PRESENTATION_REPRESENTATION (  '', ( #1184 ), #2262 ) ;
#1919 = VECTOR ( 'NONE', #2098, 1000.000000000000000 ) ;
#1920 = CARTESIAN_POINT ( 'NONE',  ( -6.328228718029764721, 15.55775424281733521, 15.00007378821410597 ) ) ;
#1921 = DIRECTION ( 'NONE',  ( -1.000000000000000000, 0.0000000000000000000, -0.0000000000000000000 ) ) ;
#1922 = CARTESIAN_POINT ( 'NONE',  ( -4.129435102211766129, 3.367732065676335207, 14.99907378821410653 ) ) ;
#1923 = VECTOR ( 'NONE', #1130, 1000.000000000000000 ) ;
#1924 = DIRECTION ( 'NONE',  ( -0.0000000000000000000, -0.0000000000000000000, 1.000000000000000000 ) ) ;
#1925 = CIRCLE ( 'NONE', #914, 0.8000000000000003775 ) ;
#1926 = SURFACE_STYLE_FILL_AREA ( #3118 ) ;
#1927 = PRESENTATION_STYLE_ASSIGNMENT (( #221 ) ) ;
#1928 = VECTOR ( 'NONE', #5119, 1000.000000000000000 ) ;
#1929 = EDGE_LOOP ( 'NONE', ( #2737, #4257, #518, #5306, #4904, #6006, #3554, #5853, #2364, #3872, #1467, #4218, #5406, #100, #5805, #3452, #2389, #2613, #3257, #6431, #838, #2051, #6680, #6781, #2640, #6661, #6847, #2835 ) ) ;
#1930 = EDGE_LOOP ( 'NONE', ( #2619, #1563, #3203, #6487 ) ) ;
#1931 = STYLED_ITEM ( 'NONE', ( #6135 ), #817 ) ;
#1932 = LINE ( 'NONE', #3254, #3181 ) ;
#1933 = CARTESIAN_POINT ( 'NONE',  ( 1.471771281970234213, 13.52856633055133528, 15.00007378821410597 ) ) ;
#1934 = MECHANICAL_DESIGN_GEOMETRIC_PRESENTATION_REPRESENTATION (  '', ( #840 ), #2281 ) ;
#1935 = UNCERTAINTY_MEASURE_WITH_UNIT (LENGTH_MEASURE( 1.000000000000000082E-05 ), #1470, 'distance_accuracy_value', 'NONE');
#1936 = AXIS2_PLACEMENT_3D ( 'NONE', #1922, #5627, #2458 ) ;
#1937 = ADVANCED_FACE ( 'NONE', ( #6294 ), #4692, .F. ) ;
#1938 = ORIENTED_EDGE ( 'NONE', *, *, #6719, .F. ) ;
#1939 = DIRECTION ( 'NONE',  ( 0.0000000000000000000, -0.0000000000000000000, -1.000000000000000000 ) ) ;
#1940 = VECTOR ( 'NONE', #5587, 1000.000000000000000 ) ;
#1941 = DIRECTION ( 'NONE',  ( 0.0000000000000000000, -1.000000000000000000, 0.0000000000000000000 ) ) ;
#1942 = FILL_AREA_STYLE ('',( #846 ) ) ;
#1943 = PLANE ( 'NONE',  #520 ) ;
#1944 = DIRECTION ( 'NONE',  ( -0.0000000000000000000, 1.000000000000000000, 0.0000000000000000000 ) ) ;
#1945 = SURFACE_STYLE_USAGE ( .BOTH. , #5096 ) ;
#1946 = LINE ( 'NONE', #6450, #4587 ) ;
#1947 =( LENGTH_UNIT ( ) NAMED_UNIT ( * ) SI_UNIT ( .MILLI., .METRE. ) );
#1948 = UNCERTAINTY_MEASURE_WITH_UNIT (LENGTH_MEASURE( 1.000000000000000082E-05 ), #77, 'distance_accuracy_value', 'NONE');
#1949 = VERTEX_POINT ( 'NONE', #4169 ) ;
#1950 = SURFACE_SIDE_STYLE ('',( #2154 ) ) ;
#1951 = VERTEX_POINT ( 'NONE', #6377 ) ;
#1952 = ADVANCED_FACE ( 'NONE', ( #4307 ), #1517, .F. ) ;
#1953 =( GEOMETRIC_REPRESENTATION_CONTEXT ( 3 ) GLOBAL_UNCERTAINTY_ASSIGNED_CONTEXT ( ( #1820 ) ) GLOBAL_UNIT_ASSIGNED_CONTEXT ( ( #6749, #3585, #379 ) ) REPRESENTATION_CONTEXT ( 'NONE', 'WORKASPACE' ) );
#1954 =( NAMED_UNIT ( * ) SI_UNIT ( $, .STERADIAN. ) SOLID_ANGLE_UNIT ( ) );
#1955 = PRESENTATION_LAYER_ASSIGNMENT (  '', '', ( #1593 ) ) ;
#1956 = MECHANICAL_DESIGN_GEOMETRIC_PRESENTATION_REPRESENTATION (  '', ( #861 ), #2303 ) ;
#1957 =( NAMED_UNIT ( * ) SI_UNIT ( $, .STERADIAN. ) SOLID_ANGLE_UNIT ( ) );
#1958 = SURFACE_STYLE_USAGE ( .BOTH. , #5118 ) ;
#1959 = CARTESIAN_POINT ( 'NONE',  ( -4.129435102211766129, 3.367732065676335207, 15.00007378821410597 ) ) ;
#1960 = EDGE_LOOP ( 'NONE', ( #3846, #3371 ) ) ;
#1961 = DIRECTION ( 'NONE',  ( -0.0000000000000000000, -0.0000000000000000000, 1.000000000000000000 ) ) ;
#1962 = PLANE ( 'NONE',  #2232 ) ;
#1963 = ORIENTED_EDGE ( 'NONE', *, *, #3391, .F. ) ;
#1964 = UNCERTAINTY_MEASURE_WITH_UNIT (LENGTH_MEASURE( 1.000000000000000082E-05 ), #3983, 'distance_accuracy_value', 'NONE');
#1965 = CARTESIAN_POINT ( 'NONE',  ( 11.87177130872730579, 6.856995804622783908, 21.60655012971061240 ) ) ;
#1966 = COLOUR_RGB ( '',1.000000000000000000, 1.000000000000000000, 1.000000000000000000 ) ;
#1967 = MECHANICAL_DESIGN_GEOMETRIC_PRESENTATION_REPRESENTATION (  '', ( #871 ), #2315 ) ;
#1968 = EDGE_CURVE ( 'NONE', #564, #3293, #5546, .T. ) ;
#1969 = EDGE_CURVE ( 'NONE', #4998, #374, #6792, .T. ) ;
#1970 =( GEOMETRIC_REPRESENTATION_CONTEXT ( 3 ) GLOBAL_UNCERTAINTY_ASSIGNED_CONTEXT ( ( #3871 ) ) GLOBAL_UNIT_ASSIGNED_CONTEXT ( ( #735, #4457, #1277 ) ) REPRESENTATION_CONTEXT ( 'NONE', 'WORKASPACE' ) );
#1971 = ADVANCED_FACE ( 'NONE', ( #2566 ), #6291, .T. ) ;
#1972 = FILL_AREA_STYLE_COLOUR ( '', #1646 ) ;
#1973 = ORIENTED_EDGE ( 'NONE', *, *, #6534, .T. ) ;
#1974 = ORIENTED_EDGE ( 'NONE', *, *, #3535, .F. ) ;
#1975 = ORIENTED_EDGE ( 'NONE', *, *, #2259, .T. ) ;
#1976 = STYLED_ITEM ( 'NONE', ( #1979 ), #2071 ) ;
#1977 = CARTESIAN_POINT ( 'NONE',  ( 3.761478271157229880, 11.94775424282733489, 22.42007378821410413 ) ) ;
#1978 = SURFACE_STYLE_FILL_AREA ( #1510 ) ;
#1979 = PRESENTATION_STYLE_ASSIGNMENT (( #5456 ) ) ;
#1980 = ORIENTED_EDGE ( 'NONE', *, *, #6095, .F. ) ;
#1981 = DIRECTION ( 'NONE',  ( -0.0000000000000000000, 0.0000000000000000000, -1.000000000000000000 ) ) ;
#1982 = EDGE_CURVE ( 'NONE', #3184, #1081, #4868, .T. ) ;
#1983 = ORIENTED_EDGE ( 'NONE', *, *, #266, .F. ) ;
#1984 = DIRECTION ( 'NONE',  ( 0.0000000000000000000, 0.0000000000000000000, -1.000000000000000000 ) ) ;
#1985 =( NAMED_UNIT ( * ) PLANE_ANGLE_UNIT ( ) SI_UNIT ( $, .RADIAN. ) );
#1986 = LINE ( 'NONE', #2517, #4794 ) ;
#1987 = VERTEX_POINT ( 'NONE', #5906 ) ;
#1988 = DIRECTION ( 'NONE',  ( 0.0003693332892958156653, -0.9999999317964584078, 0.0000000000000000000 ) ) ;
#1989 = PLANE ( 'NONE',  #1996 ) ;
#1990 = SURFACE_STYLE_USAGE ( .BOTH. , #5148 ) ;
#1991 = UNCERTAINTY_MEASURE_WITH_UNIT (LENGTH_MEASURE( 1.000000000000000082E-05 ), #6757, 'distance_accuracy_value', 'NONE');
#1992 = SURFACE_STYLE_FILL_AREA ( #2424 ) ;
#1993 = CYLINDRICAL_SURFACE ( 'NONE', #1238, 0.4999999999999995559 ) ;
#1994 = DIRECTION ( 'NONE',  ( 0.6414938043980046301, 0.7671282154366207973, 0.0000000000000000000 ) ) ;
#1995 = EDGE_CURVE ( 'NONE', #3037, #4780, #4715, .T. ) ;
#1996 = AXIS2_PLACEMENT_3D ( 'NONE', #920, #4643, #1471 ) ;
#1997 = FILL_AREA_STYLE ('',( #5180 ) ) ;
#1998 =( NAMED_UNIT ( * ) SI_UNIT ( $, .STERADIAN. ) SOLID_ANGLE_UNIT ( ) );
#1999 = LINE ( 'NONE', #2336, #3419 ) ;
#2000 = ADVANCED_FACE ( 'NONE', ( #3485 ), #2196, .F. ) ;
#2001 = SURFACE_STYLE_USAGE ( .BOTH. , #5163 ) ;
#2002 = LINE ( 'NONE', #2172, #3421 ) ;
#2003 = CYLINDRICAL_SURFACE ( 'NONE', #4834, 0.3199999999999999512 ) ;
#2004 = FILL_AREA_STYLE ('',( #1464 ) ) ;
#2005 = CARTESIAN_POINT ( 'NONE',  ( 6.828388613102803539, 3.626813471497502661, 22.42130980542735230 ) ) ;
#2006 = AXIS2_PLACEMENT_3D ( 'NONE', #6082, #2917, #6613 ) ;
#2007 = SURFACE_STYLE_FILL_AREA ( #1264 ) ;
#2008 = CIRCLE ( 'NONE', #6328, 0.3199999999999999512 ) ;
#2009 = AXIS2_PLACEMENT_3D ( 'NONE', #1531, #5232, #2068 ) ;
#2010 =( NAMED_UNIT ( * ) SI_UNIT ( $, .STERADIAN. ) SOLID_ANGLE_UNIT ( ) );
#2011 = FILL_AREA_STYLE ('',( #2518 ) ) ;
#2012 = LINE ( 'NONE', #655, #6745 ) ;
#2013 =( NAMED_UNIT ( * ) SI_UNIT ( $, .STERADIAN. ) SOLID_ANGLE_UNIT ( ) );
#2014 = UNCERTAINTY_MEASURE_WITH_UNIT (LENGTH_MEASURE( 1.000000000000000082E-05 ), #1915, 'distance_accuracy_value', 'NONE');
#2015 = ORIENTED_EDGE ( 'NONE', *, *, #5539, .F. ) ;
#2016 = EDGE_CURVE ( 'NONE', #4063, #5093, #2820, .T. ) ;
#2017 = ORIENTED_EDGE ( 'NONE', *, *, #6770, .F. ) ;
#2018 = SURFACE_STYLE_FILL_AREA ( #239 ) ;
#2019 = PRESENTATION_STYLE_ASSIGNMENT (( #4976 ) ) ;
#2020 = FILL_AREA_STYLE ('',( #1486 ) ) ;
#2021 = CARTESIAN_POINT ( 'NONE',  ( 6.170552912677234048, 10.39775424281733507, 21.62007378821410342 ) ) ;
#2022 = CARTESIAN_POINT ( 'NONE',  ( -6.329435102211765418, 13.52775424281733585, 22.62007378821410697 ) ) ;
#2023 = DIRECTION ( 'NONE',  ( 0.0000000000000000000, 0.0000000000000000000, 1.000000000000000000 ) ) ;
#2024 = VECTOR ( 'NONE', #2699, 1000.000000000000000 ) ;
#2025 = FILL_AREA_STYLE ('',( #1496 ) ) ;
#2026 = VERTEX_POINT ( 'NONE', #4353 ) ;
#2027 = FILL_AREA_STYLE ('',( #3083 ) ) ;
#2028 =( NAMED_UNIT ( * ) SI_UNIT ( $, .STERADIAN. ) SOLID_ANGLE_UNIT ( ) );
#2029 = COLOUR_RGB ( '',0.2509803921568627416, 0.2509803921568627416, 0.2509803921568627416 ) ;
#2030 = VERTEX_POINT ( 'NONE', #616 ) ;
#2031 = VERTEX_POINT ( 'NONE', #1160 ) ;
#2032 = PLANE ( 'NONE',  #3928 ) ;
#2033 = ADVANCED_FACE ( 'NONE', ( #5445 ), #3295, .T. ) ;
#2034 = EDGE_LOOP ( 'NONE', ( #4529, #391, #516, #2053 ) ) ;
#2035 = PRESENTATION_LAYER_ASSIGNMENT (  '', '', ( #1319 ) ) ;
#2036 = CARTESIAN_POINT ( 'NONE',  ( 11.27177128197023137, 6.510585654415335100, 16.50007378821410597 ) ) ;
#2037 = MECHANICAL_DESIGN_GEOMETRIC_PRESENTATION_REPRESENTATION (  '', ( #947 ), #2393 ) ;
#2038 = PLANE ( 'NONE',  #971 ) ;
#2039 = EDGE_CURVE ( 'NONE', #5000, #101, #4948, .T. ) ;
#2040 = CARTESIAN_POINT ( 'NONE',  ( 6.970552912687234759, 5.547765587313334912, 15.00007378822410686 ) ) ;
#2041 = LINE ( 'NONE', #921, #4848 ) ;
#2042 = VECTOR ( 'NONE', #4256, 1000.000000000000000 ) ;
#2043 = VERTEX_POINT ( 'NONE', #1733 ) ;
#2044 =( GEOMETRIC_REPRESENTATION_CONTEXT ( 3 ) GLOBAL_UNCERTAINTY_ASSIGNED_CONTEXT ( ( #4741 ) ) GLOBAL_UNIT_ASSIGNED_CONTEXT ( ( #6404, #3233, #40 ) ) REPRESENTATION_CONTEXT ( 'NONE', 'WORKASPACE' ) );
#2045 = SURFACE_STYLE_USAGE ( .BOTH. , #5211 ) ;
#2046 =( NAMED_UNIT ( * ) SI_UNIT ( $, .STERADIAN. ) SOLID_ANGLE_UNIT ( ) );
#2047 = ORIENTED_EDGE ( 'NONE', *, *, #6831, .F. ) ;
#2048 = COLOUR_RGB ( '',0.2509803921568627416, 0.2509803921568627416, 0.2509803921568627416 ) ;
#2049 =( NAMED_UNIT ( * ) PLANE_ANGLE_UNIT ( ) SI_UNIT ( $, .RADIAN. ) );
#2050 = SURFACE_SIDE_STYLE ('',( #3488 ) ) ;
#2051 = ORIENTED_EDGE ( 'NONE', *, *, #3617, .F. ) ;
#2052 = MECHANICAL_DESIGN_GEOMETRIC_PRESENTATION_REPRESENTATION (  '', ( #964 ), #2408 ) ;
#2053 = ORIENTED_EDGE ( 'NONE', *, *, #5570, .T. ) ;
#2054 = EDGE_CURVE ( 'NONE', #4572, #607, #6877, .T. ) ;
#2055 = VECTOR ( 'NONE', #1828, 1000.000000000000000 ) ;
#2056 = DIRECTION ( 'NONE',  ( -1.000000000000000000, 0.0000000000000000000, 0.0000000000000000000 ) ) ;
#2057 = EDGE_CURVE ( 'NONE', #3796, #5518, #3562, .T. ) ;
#2058 = VERTEX_POINT ( 'NONE', #6512 ) ;
#2059 = MECHANICAL_DESIGN_GEOMETRIC_PRESENTATION_REPRESENTATION (  '', ( #1341 ), #2416 ) ;
#2060 = ORIENTED_EDGE ( 'NONE', *, *, #3738, .F. ) ;
#2062 = SURFACE_STYLE_FILL_AREA ( #3793 ) ;
#2061 = MECHANICAL_DESIGN_GEOMETRIC_PRESENTATION_REPRESENTATION (  '', ( #972 ), #2418 ) ;
#2063 = VERTEX_POINT ( 'NONE', #3865 ) ;
#2064 = CYLINDRICAL_SURFACE ( 'NONE', #6149, 1.000000000000001110 ) ;
#2065 = STYLED_ITEM ( 'NONE', ( #2583 ), #6143 ) ;
#2066 = DIRECTION ( 'NONE',  ( -1.000000000000000000, 0.0000000000000000000, -0.0000000000000000000 ) ) ;
#2067 = CARTESIAN_POINT ( 'NONE',  ( 4.598034606640233335, 4.367732065676334763, 15.00007378821410597 ) ) ;
#2068 = DIRECTION ( 'NONE',  ( 0.0000000000000000000, 0.0000000000000000000, -1.000000000000000000 ) ) ;
#2069 = VECTOR ( 'NONE', #411, 1000.000000000000000 ) ;
#2070 = SURFACE_STYLE_FILL_AREA ( #1397 ) ;
#2071 = ADVANCED_FACE ( 'NONE', ( #705 ), #669, .F. ) ;
#2072 = SURFACE_SIDE_STYLE ('',( #5223 ) ) ;
#2073 = FILL_AREA_STYLE ('',( #449 ) ) ;
#2074 = EDGE_CURVE ( 'NONE', #1533, #4135, #2893, .T. ) ;
#2075 = COLOUR_RGB ( '',1.000000000000000000, 1.000000000000000000, 1.000000000000000000 ) ;
#2076 = ORIENTED_EDGE ( 'NONE', *, *, #6123, .T. ) ;
#2077 = VECTOR ( 'NONE', #4455, 1000.000000000000000 ) ;
#2078 = VECTOR ( 'NONE', #2786, 1000.000000000000000 ) ;
#2079 = VECTOR ( 'NONE', #6573, 1000.000000000000000 ) ;
#2080 = CARTESIAN_POINT ( 'NONE',  ( 6.751404449878072533, 13.21508114196132588, 15.58147540570799272 ) ) ;
#2081 = COLOUR_RGB ( '',0.2509803921568627416, 0.2509803921568627416, 0.2509803921568627416 ) ;
#2082 = AXIS2_PLACEMENT_3D ( 'NONE', #5309, #2140, #5847 ) ;
#2083 = COLOUR_RGB ( '',0.2509803921568627416, 0.2509803921568627416, 0.2509803921568627416 ) ;
#2084 = VECTOR ( 'NONE', #5672, 1000.000000000000000 ) ;
#2085 = EDGE_CURVE ( 'NONE', #450, #505, #5710, .T. ) ;
#2086 = PRESENTATION_LAYER_ASSIGNMENT (  '', '', ( #629 ) ) ;
#2087 = PRESENTATION_LAYER_ASSIGNMENT (  '', '', ( #1364 ) ) ;
#2088 = DIRECTION ( 'NONE',  ( 0.0000000000000000000, -0.0000000000000000000, 1.000000000000000000 ) ) ;
#2089 = VECTOR ( 'NONE', #1485, 1000.000000000000000 ) ;
#2090 = VECTOR ( 'NONE', #3274, 1000.000000000000000 ) ;
#2091 = VECTOR ( 'NONE', #1652, 1000.000000000000000 ) ;
#2092 = SURFACE_STYLE_USAGE ( .BOTH. , #5255 ) ;
#2093 = COLOUR_RGB ( '',0.2509803921568627416, 0.2509803921568627416, 0.2509803921568627416 ) ;
#2094 = VECTOR ( 'NONE', #5513, 1000.000000000000000 ) ;
#2095 = DIRECTION ( 'NONE',  ( 0.0000000000000000000, -0.0000000000000000000, -1.000000000000000000 ) ) ;
#2096 =( NAMED_UNIT ( * ) SI_UNIT ( $, .STERADIAN. ) SOLID_ANGLE_UNIT ( ) );
#2097 = VECTOR ( 'NONE', #3028, 1000.000000000000000 ) ;
#2098 = DIRECTION ( 'NONE',  ( -0.0000000000000000000, -0.0000000000000000000, 1.000000000000000000 ) ) ;
#2099 = CARTESIAN_POINT ( 'NONE',  ( 5.970552912677237423, 10.17620879488533525, 19.06007378821410470 ) ) ;
#2100 = VERTEX_POINT ( 'NONE', #6026 ) ;
#2101 = ORIENTED_EDGE ( 'NONE', *, *, #3219, .F. ) ;
#2102 = MECHANICAL_DESIGN_GEOMETRIC_PRESENTATION_REPRESENTATION (  '', ( #1375 ), #2455 ) ;
#2103 =( LENGTH_UNIT ( ) NAMED_UNIT ( * ) SI_UNIT ( .MILLI., .METRE. ) );
#2104 = ORIENTED_EDGE ( 'NONE', *, *, #2762, .F. ) ;
#2105 = ORIENTED_EDGE ( 'NONE', *, *, #4799, .T. ) ;
#2106 =( GEOMETRIC_REPRESENTATION_CONTEXT ( 3 ) GLOBAL_UNCERTAINTY_ASSIGNED_CONTEXT ( ( #5103 ) ) GLOBAL_UNIT_ASSIGNED_CONTEXT ( ( #1070, #4791, #1619 ) ) REPRESENTATION_CONTEXT ( 'NONE', 'WORKASPACE' ) );
#2107 = ADVANCED_FACE ( 'NONE', ( #5537 ), #2215, .F. ) ;
#2108 =( GEOMETRIC_REPRESENTATION_CONTEXT ( 3 ) GLOBAL_UNCERTAINTY_ASSIGNED_CONTEXT ( ( #700 ) ) GLOBAL_UNIT_ASSIGNED_CONTEXT ( ( #1349, #5052, #1892 ) ) REPRESENTATION_CONTEXT ( 'NONE', 'WORKASPACE' ) );
#2109 = FILL_AREA_STYLE ('',( #1570 ) ) ;
#2110 = ORIENTED_EDGE ( 'NONE', *, *, #5940, .F. ) ;
#2111 = PLANE ( 'NONE',  #6425 ) ;
#2112 = FACE_OUTER_BOUND ( 'NONE', #3134, .T. ) ;
#2113 = ORIENTED_EDGE ( 'NONE', *, *, #5284, .T. ) ;
#2114 = SURFACE_SIDE_STYLE ('',( #734 ) ) ;
#2115 = EDGE_CURVE ( 'NONE', #43, #117, #5023, .T. ) ;
#2116 = FILL_AREA_STYLE_COLOUR ( '', #789 ) ;
#2117 = DIRECTION ( 'NONE',  ( 0.0000000000000000000, 0.0000000000000000000, 1.000000000000000000 ) ) ;
#2118 = DIRECTION ( 'NONE',  ( 1.000000000000000000, -0.0000000000000000000, -0.0000000000000000000 ) ) ;
#2119 = FILL_AREA_STYLE_COLOUR ( '', #2093 ) ;
#2120 = ORIENTED_EDGE ( 'NONE', *, *, #3703, .T. ) ;
#2121 = CARTESIAN_POINT ( 'NONE',  ( 6.170552912677234936, 6.197754242817334003, 22.52758331951138260 ) ) ;
#2122 = EDGE_CURVE ( 'NONE', #3957, #4358, #953, .T. ) ;
#2123 = PRESENTATION_STYLE_ASSIGNMENT (( #1017 ) ) ;
#2124 = CARTESIAN_POINT ( 'NONE',  ( -5.329435102211766306, 13.52775424281733585, 22.62007378821410697 ) ) ;
#2125 = ORIENTED_EDGE ( 'NONE', *, *, #4737, .T. ) ;
#2126 = ORIENTED_EDGE ( 'NONE', *, *, #6307, .F. ) ;
#2127 = ORIENTED_EDGE ( 'NONE', *, *, #2804, .T. ) ;
#2128 = PLANE ( 'NONE',  #2823 ) ;
#2129 = DIRECTION ( 'NONE',  ( -0.0000000000000000000, 0.0000000000000000000, -1.000000000000000000 ) ) ;
#2130 = UNCERTAINTY_MEASURE_WITH_UNIT (LENGTH_MEASURE( 1.000000000000000082E-05 ), #5214, 'distance_accuracy_value', 'NONE');
#2131 = UNCERTAINTY_MEASURE_WITH_UNIT (LENGTH_MEASURE( 1.000000000000000082E-05 ), #1501, 'distance_accuracy_value', 'NONE');
#2132 = ORIENTED_EDGE ( 'NONE', *, *, #2411, .F. ) ;
#2133 = CARTESIAN_POINT ( 'NONE',  ( 5.970552912677237423, 10.17620879488533525, 19.06007378821410470 ) ) ;
#2134 = DIRECTION ( 'NONE',  ( -1.000000000000000000, 0.0000000000000000000, 0.0000000000000000000 ) ) ;
#2135 = STYLED_ITEM ( 'NONE', ( #4494 ), #4006 ) ;
#2136 = CARTESIAN_POINT ( 'NONE',  ( 3.370579423406233843, 13.52856633055133528, 22.62007378821410697 ) ) ;
#2137 = VECTOR ( 'NONE', #5973, 1000.000000000000000 ) ;
#2138 = CARTESIAN_POINT ( 'NONE',  ( 6.620552912677234225, 10.39775424281733507, 21.62007378821410342 ) ) ;
#2139 = VERTEX_POINT ( 'NONE', #6575 ) ;
#2140 = DIRECTION ( 'NONE',  ( 0.0000000000000000000, -1.000000000000000000, 0.0000000000000000000 ) ) ;
#2141 =( GEOMETRIC_REPRESENTATION_CONTEXT ( 3 ) GLOBAL_UNCERTAINTY_ASSIGNED_CONTEXT ( ( #1860 ) ) GLOBAL_UNIT_ASSIGNED_CONTEXT ( ( #5712, #2533, #6240 ) ) REPRESENTATION_CONTEXT ( 'NONE', 'WORKASPACE' ) );
#2142 = COLOUR_RGB ( '',0.2509803921568627416, 0.2509803921568627416, 0.2509803921568627416 ) ;
#2143 = SURFACE_SIDE_STYLE ('',( #1119 ) ) ;
#2144 = DIRECTION ( 'NONE',  ( -0.0000000000000000000, 0.0000000000000000000, 1.000000000000000000 ) ) ;
#2145 = ORIENTED_EDGE ( 'NONE', *, *, #4133, .F. ) ;
#2146 = EDGE_CURVE ( 'NONE', #577, #134, #3478, .T. ) ;
#2147 = ORIENTED_EDGE ( 'NONE', *, *, #3677, .T. ) ;
#2148 = VECTOR ( 'NONE', #5830, 1000.000000000000000 ) ;
#2149 = STYLED_ITEM ( 'NONE', ( #990 ), #2665 ) ;
#2150 = COLOUR_RGB ( '',0.2509803921568627416, 0.2509803921568627416, 0.2509803921568627416 ) ;
#2151 = PRESENTATION_LAYER_ASSIGNMENT (  '', '', ( #1795 ) ) ;
#2152 = PLANE ( 'NONE',  #3807 ) ;
#2153 =( LENGTH_UNIT ( ) NAMED_UNIT ( * ) SI_UNIT ( .MILLI., .METRE. ) );
#2154 = SURFACE_STYLE_FILL_AREA ( #5104 ) ;
#2155 = CARTESIAN_POINT ( 'NONE',  ( 11.27177128197023137, 6.510585654415335100, 15.00007378820410153 ) ) ;
#2156 = CIRCLE ( 'NONE', #5730, 0.07092535847949597849 ) ;
#2157 =( LENGTH_UNIT ( ) NAMED_UNIT ( * ) SI_UNIT ( .MILLI., .METRE. ) );
#2158 = VECTOR ( 'NONE', #5004, 1000.000000000000000 ) ;
#2159 = LINE ( 'NONE', #4334, #4964 ) ;
#2160 = PRESENTATION_STYLE_ASSIGNMENT (( #1731 ) ) ;
#2161 = DIRECTION ( 'NONE',  ( 1.000000000000000000, 0.0000000000000000000, 0.0000000000000000000 ) ) ;
#2162 = VERTEX_POINT ( 'NONE', #2359 ) ;
#2163 = FILL_AREA_STYLE ('',( #4801 ) ) ;
#2164 = VECTOR ( 'NONE', #6868, 1000.000000000000000 ) ;
#2165 = UNCERTAINTY_MEASURE_WITH_UNIT (LENGTH_MEASURE( 1.000000000000000082E-05 ), #6242, 'distance_accuracy_value', 'NONE');
#2166 = CARTESIAN_POINT ( 'NONE',  ( -3.303228718029766142, 4.382754242817334500, 11.44007378821410725 ) ) ;
#2167 = CIRCLE ( 'NONE', #4024, 0.2709253584795000003 ) ;
#2168 = AXIS2_PLACEMENT_3D ( 'NONE', #1526, #5226, #2066 ) ;
#2169 = MECHANICAL_DESIGN_GEOMETRIC_PRESENTATION_REPRESENTATION (  '', ( #1082 ), #2527 ) ;
#2170 = STYLED_ITEM ( 'NONE', ( #1843 ), #6806 ) ;
#2171 = CARTESIAN_POINT ( 'NONE',  ( -6.329435102211765418, 3.367732065676335207, 15.00007378821410597 ) ) ;
#2172 = CARTESIAN_POINT ( 'NONE',  ( 4.598034606640233335, 13.52777641995833413, 15.00007378821410597 ) ) ;
#2173 = DIRECTION ( 'NONE',  ( 0.0000000000000000000, 0.0000000000000000000, 1.000000000000000000 ) ) ;
#2174 = SURFACE_STYLE_USAGE ( .BOTH. , #5342 ) ;
#2175 = FILL_AREA_STYLE ('',( #1637 ) ) ;
#2176 = SURFACE_SIDE_STYLE ('',( #3873 ) ) ;
#2177 = DIRECTION ( 'NONE',  ( -0.0000000000000000000, -0.0000000000000000000, -1.000000000000000000 ) ) ;
#2178 = VERTEX_POINT ( 'NONE', #5535 ) ;
#2179 = LINE ( 'NONE', #5533, #6252 ) ;
#2180 = EDGE_CURVE ( 'NONE', #867, #5547, #6121, .T. ) ;
#2181 = EDGE_CURVE ( 'NONE', #6451, #3796, #790, .T. ) ;
#2182 = CARTESIAN_POINT ( 'NONE',  ( 4.970552912677236534, 8.197754242828334981, 17.04621897928210572 ) ) ;
#2183 = LINE ( 'NONE', #3566, #3444 ) ;
#2184 = PRESENTATION_LAYER_ASSIGNMENT (  '', '', ( #1479 ) ) ;
#2185 = AXIS2_PLACEMENT_3D ( 'NONE', #6675, #5060, #2629 ) ;
#2186 = AXIS2_PLACEMENT_3D ( 'NONE', #3224, #27, #3751 ) ;
#2187 = ORIENTED_EDGE ( 'NONE', *, *, #1409, .F. ) ;
#2188 = CARTESIAN_POINT ( 'NONE',  ( -5.329435102211766306, 7.447754242817334891, 22.62007378821410697 ) ) ;
#2189 = VERTEX_POINT ( 'NONE', #6598 ) ;
#2190 = DIRECTION ( 'NONE',  ( 0.0000000000000000000, 0.0000000000000000000, -1.000000000000000000 ) ) ;
#2191 = ORIENTED_EDGE ( 'NONE', *, *, #6815, .T. ) ;
#2192 = CARTESIAN_POINT ( 'NONE',  ( -5.329435102211766306, 9.447739717209742594, 14.99907378821410653 ) ) ;
#2193 = DIRECTION ( 'NONE',  ( 0.0000000000000000000, -1.000000000000000000, 0.0000000000000000000 ) ) ;
#2194 = CARTESIAN_POINT ( 'NONE',  ( 6.320552912677235291, 10.69775424281733400, 22.50335078378407516 ) ) ;
#2195 = EDGE_CURVE ( 'NONE', #5984, #2632, #3634, .T. ) ;
#2196 = PLANE ( 'NONE',  #179 ) ;
#2197 = LINE ( 'NONE', #1883, #771 ) ;
#2198 = DIRECTION ( 'NONE',  ( 1.000000000000000000, -0.0000000000000000000, -0.0000000000000000000 ) ) ;
#2199 =( NAMED_UNIT ( * ) SI_UNIT ( $, .STERADIAN. ) SOLID_ANGLE_UNIT ( ) );
#2200 = FILL_AREA_STYLE_COLOUR ( '', #648 ) ;
#2201 = SURFACE_SIDE_STYLE ('',( #4747 ) ) ;
#2202 = LINE ( 'NONE', #4755, #776 ) ;
#2203 = CARTESIAN_POINT ( 'NONE',  ( 5.970552912677237423, 10.17620879488533525, 18.56007378821410825 ) ) ;
#2204 = ORIENTED_EDGE ( 'NONE', *, *, #396, .T. ) ;
#2205 = EDGE_CURVE ( 'NONE', #4617, #4683, #610, .T. ) ;
#2206 = ORIENTED_EDGE ( 'NONE', *, *, #4628, .F. ) ;
#2207 = COLOUR_RGB ( '',0.2509803921568627416, 0.2509803921568627416, 0.2509803921568627416 ) ;
#2208 =( GEOMETRIC_REPRESENTATION_CONTEXT ( 3 ) GLOBAL_UNCERTAINTY_ASSIGNED_CONTEXT ( ( #2165 ) ) GLOBAL_UNIT_ASSIGNED_CONTEXT ( ( #6242, #3076, #6779 ) ) REPRESENTATION_CONTEXT ( 'NONE', 'WORKASPACE' ) );
#2209 =( LENGTH_UNIT ( ) NAMED_UNIT ( * ) SI_UNIT ( .MILLI., .METRE. ) );
#2210 =( NAMED_UNIT ( * ) SI_UNIT ( $, .STERADIAN. ) SOLID_ANGLE_UNIT ( ) );
#2211 = ORIENTED_EDGE ( 'NONE', *, *, #5807, .T. ) ;
#2212 = CARTESIAN_POINT ( 'NONE',  ( 6.970552912677233870, 4.047765587323334913, 15.67423777296410670 ) ) ;
#2213 = EDGE_LOOP ( 'NONE', ( #6671, #1847, #3624, #5522 ) ) ;
#2214 = VECTOR ( 'NONE', #6870, 1000.000000000000000 ) ;
#2215 = CYLINDRICAL_SURFACE ( 'NONE', #6585, 0.4999999999999991673 ) ;
#2216 = ORIENTED_EDGE ( 'NONE', *, *, #3638, .T. ) ;
#2217 = CARTESIAN_POINT ( 'NONE',  ( -4.929435102211766839, 11.96773206567633530, 14.99907378821410653 ) ) ;
#2218 = SURFACE_SIDE_STYLE ('',( #4247 ) ) ;
#2219 = CARTESIAN_POINT ( 'NONE',  ( -6.329420576603766335, 7.447754242817334891, 22.62007378821410697 ) ) ;
#2220 = PRESENTATION_LAYER_ASSIGNMENT (  '', '', ( #1513 ) ) ;
#2221 = CARTESIAN_POINT ( 'NONE',  ( 4.970552912677236534, 8.197754242828334981, 17.04621897928210572 ) ) ;
#2222 = FILL_AREA_STYLE_COLOUR ( '', #5353 ) ;
#2223 = ORIENTED_EDGE ( 'NONE', *, *, #903, .T. ) ;
#2224 = ORIENTED_EDGE ( 'NONE', *, *, #1673, .F. ) ;
#2225 = DIRECTION ( 'NONE',  ( -0.0000000000000000000, -1.000000000000000000, -0.0000000000000000000 ) ) ;
#2226 = ORIENTED_EDGE ( 'NONE', *, *, #1968, .T. ) ;
#2227 = SURFACE_STYLE_USAGE ( .BOTH. , #5398 ) ;
#2228 = MECHANICAL_DESIGN_GEOMETRIC_PRESENTATION_REPRESENTATION (  '', ( #1139 ), #2590 ) ;
#2229 = VECTOR ( 'NONE', #1468, 1000.000000000000000 ) ;
#2230 = CARTESIAN_POINT ( 'NONE',  ( -3.303228718029766142, 9.462754242817334571, 11.44007378821410725 ) ) ;
#2231 = FACE_OUTER_BOUND ( 'NONE', #5326, .T. ) ;
#2232 = AXIS2_PLACEMENT_3D ( 'NONE', #5147, #1988, #5698 ) ;
#2233 = PRESENTATION_STYLE_ASSIGNMENT (( #2402 ) ) ;
#2234 = MECHANICAL_DESIGN_GEOMETRIC_PRESENTATION_REPRESENTATION (  '', ( #1521 ), #2600 ) ;
#2235 = AXIS2_PLACEMENT_3D ( 'NONE', #4378, #1190, #4908 ) ;
#2236 = UNCERTAINTY_MEASURE_WITH_UNIT (LENGTH_MEASURE( 1.000000000000000082E-05 ), #5455, 'distance_accuracy_value', 'NONE');
#2237 = CARTESIAN_POINT ( 'NONE',  ( 3.690552912677734110, 4.947754242807335778, 22.62007378821410697 ) ) ;
#2238 = DIRECTION ( 'NONE',  ( 0.6414938043980047411, -0.7671282154366206862, 0.0000000000000000000 ) ) ;
#2239 = EDGE_CURVE ( 'NONE', #2487, #2383, #458, .T. ) ;
#2240 = VECTOR ( 'NONE', #5900, 1000.000000000000000 ) ;
#2241 = LINE ( 'NONE', #5943, #3507 ) ;
#2242 = PRESENTATION_STYLE_ASSIGNMENT (( #2174 ) ) ;
#2243 = FILL_AREA_STYLE ('',( #1704 ) ) ;
#2244 = CARTESIAN_POINT ( 'NONE',  ( -6.329420576603766335, 7.447754242817334891, 22.62007378821410697 ) ) ;
#2245 = SURFACE_STYLE_USAGE ( .BOTH. , #5411 ) ;
#2246 = LINE ( 'NONE', #2528, #4895 ) ;
#2247 = DIRECTION ( 'NONE',  ( 1.000000000000000000, 0.0000000000000000000, 0.0000000000000000000 ) ) ;
#2248 = EDGE_CURVE ( 'NONE', #4501, #3184, #5942, .T. ) ;
#2249 = FACE_BOUND ( 'NONE', #6673, .T. ) ;
#2250 =( NAMED_UNIT ( * ) SI_UNIT ( $, .STERADIAN. ) SOLID_ANGLE_UNIT ( ) );
#2251 = DIRECTION ( 'NONE',  ( 1.000000000000000000, 0.0000000000000000000, 0.0000000000000000000 ) ) ;
#2252 = LINE ( 'NONE', #5797, #828 ) ;
#2253 = ORIENTED_EDGE ( 'NONE', *, *, #5769, .F. ) ;
#2254 = FILL_AREA_STYLE ('',( #2808 ) ) ;
#2255 = DIRECTION ( 'NONE',  ( -0.0000000000000000000, 0.0000000000000000000, 1.000000000000000000 ) ) ;
#2256 =( GEOMETRIC_REPRESENTATION_CONTEXT ( 3 ) GLOBAL_UNCERTAINTY_ASSIGNED_CONTEXT ( ( #5667 ) ) GLOBAL_UNIT_ASSIGNED_CONTEXT ( ( #1330, #5030, #1872 ) ) REPRESENTATION_CONTEXT ( 'NONE', 'WORKASPACE' ) );
#2257 = ORIENTED_EDGE ( 'NONE', *, *, #3999, .F. ) ;
#2258 = MECHANICAL_DESIGN_GEOMETRIC_PRESENTATION_REPRESENTATION (  '', ( #1549 ), #2625 ) ;
#2259 = EDGE_CURVE ( 'NONE', #6602, #5000, #3301, .T. ) ;
#2260 = VERTEX_POINT ( 'NONE', #2409 ) ;
#2261 = DIRECTION ( 'NONE',  ( 1.000000000000000000, 0.0000000000000000000, 0.0000000000000000000 ) ) ;
#2262 =( GEOMETRIC_REPRESENTATION_CONTEXT ( 3 ) GLOBAL_UNCERTAINTY_ASSIGNED_CONTEXT ( ( #1029 ) ) GLOBAL_UNIT_ASSIGNED_CONTEXT ( ( #3875, #678, #4405 ) ) REPRESENTATION_CONTEXT ( 'NONE', 'WORKASPACE' ) );
#2263 = CARTESIAN_POINT ( 'NONE',  ( 4.190552912677234509, 4.947754242807335778, 20.62007378821410697 ) ) ;
#2264 = PRESENTATION_STYLE_ASSIGNMENT (( #1756 ) ) ;
#2265 =( NAMED_UNIT ( * ) PLANE_ANGLE_UNIT ( ) SI_UNIT ( $, .RADIAN. ) );
#2266 = DIRECTION ( 'NONE',  ( -0.0000000000000000000, -0.0000000000000000000, 1.000000000000000000 ) ) ;
#2267 =( LENGTH_UNIT ( ) NAMED_UNIT ( * ) SI_UNIT ( .MILLI., .METRE. ) );
#2268 = DIRECTION ( 'NONE',  ( 1.000000000000000000, 0.0000000000000000000, 0.0000000000000000000 ) ) ;
#2269 = CARTESIAN_POINT ( 'NONE',  ( -4.129435102211766129, 7.717732065676334408, 15.00007378821410597 ) ) ;
#2270 = ORIENTED_EDGE ( 'NONE', *, *, #5732, .T. ) ;
#2271 = STYLED_ITEM ( 'NONE', ( #926 ), #3545 ) ;
#2272 = LINE ( 'NONE', #5276, #4919 ) ;
#2273 = ORIENTED_EDGE ( 'NONE', *, *, #2906, .T. ) ;
#2274 = CARTESIAN_POINT ( 'NONE',  ( -3.813228718029765929, 9.462754242817334571, 11.44007378821410725 ) ) ;
#2275 = CARTESIAN_POINT ( 'NONE',  ( 4.970552912677236534, 8.447754242818334092, 18.81007378821410825 ) ) ;
#2276 = UNCERTAINTY_MEASURE_WITH_UNIT (LENGTH_MEASURE( 1.000000000000000082E-05 ), #4357, 'distance_accuracy_value', 'NONE');
#2277 = AXIS2_PLACEMENT_3D ( 'NONE', #982, #6829, #469 ) ;
#2278 = LINE ( 'NONE', #3560, #851 ) ;
#2279 = CARTESIAN_POINT ( 'NONE',  ( 6.620552912677234225, 6.497754242817333825, 21.62007378821410342 ) ) ;
#2280 = SURFACE_SIDE_STYLE ('',( #2421 ) ) ;
#2281 =( GEOMETRIC_REPRESENTATION_CONTEXT ( 3 ) GLOBAL_UNCERTAINTY_ASSIGNED_CONTEXT ( ( #5114 ) ) GLOBAL_UNIT_ASSIGNED_CONTEXT ( ( #3366, #171, #3894 ) ) REPRESENTATION_CONTEXT ( 'NONE', 'WORKASPACE' ) );
#2282 = VERTEX_POINT ( 'NONE', #3460 ) ;
#2283 = PRESENTATION_LAYER_ASSIGNMENT (  '', '', ( #1574 ) ) ;
#2284 = SURFACE_STYLE_USAGE ( .BOTH. , #5447 ) ;
#2285 = ORIENTED_EDGE ( 'NONE', *, *, #1338, .T. ) ;
#2286 = CARTESIAN_POINT ( 'NONE',  ( -2.829435102211765862, 12.52777641995833413, 15.00007378821410597 ) ) ;
#2287 = ORIENTED_EDGE ( 'NONE', *, *, #1601, .F. ) ;
#2288 =( NAMED_UNIT ( * ) PLANE_ANGLE_UNIT ( ) SI_UNIT ( $, .RADIAN. ) );
#2289 = ORIENTED_EDGE ( 'NONE', *, *, #3475, .T. ) ;
#2290 =( NAMED_UNIT ( * ) PLANE_ANGLE_UNIT ( ) SI_UNIT ( $, .RADIAN. ) );
#2291 = SURFACE_STYLE_FILL_AREA ( #1263 ) ;
#2292 =( LENGTH_UNIT ( ) NAMED_UNIT ( * ) SI_UNIT ( .MILLI., .METRE. ) );
#2293 = FILL_AREA_STYLE_COLOUR ( '', #2207 ) ;
#2294 =( LENGTH_UNIT ( ) NAMED_UNIT ( * ) SI_UNIT ( .MILLI., .METRE. ) );
#2295 = COLOUR_RGB ( '',1.000000000000000000, 1.000000000000000000, 1.000000000000000000 ) ;
#2296 = ORIENTED_EDGE ( 'NONE', *, *, #3494, .T. ) ;
#2297 = FACE_OUTER_BOUND ( 'NONE', #6251, .T. ) ;
#2298 = FILL_AREA_STYLE_COLOUR ( '', #1154 ) ;
#2299 = DIRECTION ( 'NONE',  ( -1.239088197122750557E-16, -1.000000000000000000, 0.0000000000000000000 ) ) ;
#2300 = PRESENTATION_LAYER_ASSIGNMENT (  '', '', ( #2666 ) ) ;
#2301 = MECHANICAL_DESIGN_GEOMETRIC_PRESENTATION_REPRESENTATION (  '', ( #1593 ), #2670 ) ;
#2302 = DIRECTION ( 'NONE',  ( 1.000000000000000000, 0.0000000000000000000, 0.0000000000000000000 ) ) ;
#2303 =( GEOMETRIC_REPRESENTATION_CONTEXT ( 3 ) GLOBAL_UNCERTAINTY_ASSIGNED_CONTEXT ( ( #5775 ) ) GLOBAL_UNIT_ASSIGNED_CONTEXT ( ( #4273, #1078, #4798 ) ) REPRESENTATION_CONTEXT ( 'NONE', 'WORKASPACE' ) );
#2304 = DIRECTION ( 'NONE',  ( -0.0000000000000000000, -1.000000000000000000, -0.0000000000000000000 ) ) ;
#2305 = ORIENTED_EDGE ( 'NONE', *, *, #699, .T. ) ;
#2306 = CARTESIAN_POINT ( 'NONE',  ( 5.598034606640235999, 13.52775424281733585, 22.62007378821410697 ) ) ;
#2307 = DIRECTION ( 'NONE',  ( -1.000000000000000000, -0.0000000000000000000, -0.0000000000000000000 ) ) ;
#2308 = PRESENTATION_STYLE_ASSIGNMENT (( #3062 ) ) ;
#2309 = FACE_OUTER_BOUND ( 'NONE', #4603, .T. ) ;
#2310 = CARTESIAN_POINT ( 'NONE',  ( 9.045964755365355714, 4.047329350091166233, 16.29315255728242207 ) ) ;
#2311 = SURFACE_STYLE_USAGE ( .BOTH. , #5482 ) ;
#2312 = ORIENTED_EDGE ( 'NONE', *, *, #1477, .T. ) ;
#2313 =( NAMED_UNIT ( * ) PLANE_ANGLE_UNIT ( ) SI_UNIT ( $, .RADIAN. ) );
#2314 = DIRECTION ( 'NONE',  ( 3.845602496073480282E-13, -2.096606402642284913E-13, -1.000000000000000000 ) ) ;
#2315 =( GEOMETRIC_REPRESENTATION_CONTEXT ( 3 ) GLOBAL_UNCERTAINTY_ASSIGNED_CONTEXT ( ( #4201 ) ) GLOBAL_UNIT_ASSIGNED_CONTEXT ( ( #1321, #5018, #1863 ) ) REPRESENTATION_CONTEXT ( 'NONE', 'WORKASPACE' ) );
#2316 = DIRECTION ( 'NONE',  ( -0.0000000000000000000, -0.0000000000000000000, 1.000000000000000000 ) ) ;
#2317 = DIRECTION ( 'NONE',  ( -0.0000000000000000000, -0.0000000000000000000, 1.000000000000000000 ) ) ;
#2318 = EDGE_CURVE ( 'NONE', #958, #4971, #3144, .T. ) ;
#2319 = CARTESIAN_POINT ( 'NONE',  ( 3.690552912677734110, 4.947754242807335778, 22.42007378821410413 ) ) ;
#2320 = EDGE_CURVE ( 'NONE', #256, #1548, #5787, .T. ) ;
#2321 = SURFACE_STYLE_USAGE ( .BOTH. , #5489 ) ;
#2322 = CARTESIAN_POINT ( 'NONE',  ( 10.39720239353171749, 10.83527515973984734, 16.48943800322807363 ) ) ;
#2323 = VECTOR ( 'NONE', #2968, 1000.000000000000000 ) ;
#2324 = AXIS2_PLACEMENT_3D ( 'NONE', #3843, #646, #4375 ) ;
#2325 = VECTOR ( 'NONE', #6595, 1000.000000000000000 ) ;
#2326 = PRESENTATION_STYLE_ASSIGNMENT (( #3831 ) ) ;
#2327 = STYLED_ITEM ( 'NONE', ( #141 ), #5723 ) ;
#2328 = COLOUR_RGB ( '',0.2509803921568627416, 0.2509803921568627416, 0.2509803921568627416 ) ;
#2329 = DIRECTION ( 'NONE',  ( 0.0000000000000000000, 1.000000000000000000, 0.0000000000000000000 ) ) ;
#2330 = CIRCLE ( 'NONE', #860, 0.3199999999999999512 ) ;
#2331 = DIRECTION ( 'NONE',  ( -0.0000000000000000000, -0.0000000000000000000, 1.000000000000000000 ) ) ;
#2332 = ORIENTED_EDGE ( 'NONE', *, *, #2905, .T. ) ;
#2333 = DIRECTION ( 'NONE',  ( 0.0000000000000000000, 0.0000000000000000000, 1.000000000000000000 ) ) ;
#2334 = PRESENTATION_STYLE_ASSIGNMENT (( #4001 ) ) ;
#2335 = EDGE_CURVE ( 'NONE', #374, #6696, #1715, .T. ) ;
#2336 = CARTESIAN_POINT ( 'NONE',  ( 10.30355852324223598, 13.52775424282733496, 21.85989527872810712 ) ) ;
#2337 = FILL_AREA_STYLE ('',( #5501 ) ) ;
#2338 = DIRECTION ( 'NONE',  ( -0.0000000000000000000, 1.000000000000000000, -0.0000000000000000000 ) ) ;
#2339 = FACE_OUTER_BOUND ( 'NONE', #5081, .T. ) ;
#2340 = DIRECTION ( 'NONE',  ( 1.000000000000000000, -0.0000000000000000000, -0.0000000000000000000 ) ) ;
#2341 =( NAMED_UNIT ( * ) PLANE_ANGLE_UNIT ( ) SI_UNIT ( $, .RADIAN. ) );
#2342 =( NAMED_UNIT ( * ) PLANE_ANGLE_UNIT ( ) SI_UNIT ( $, .RADIAN. ) );
#2343 = STYLED_ITEM ( 'NONE', ( #2467 ), #4583 ) ;
#2344 = EDGE_CURVE ( 'NONE', #3642, #577, #127, .T. ) ;
#2345 = PRESENTATION_LAYER_ASSIGNMENT (  '', '', ( #1630 ) ) ;
#2346 = CARTESIAN_POINT ( 'NONE',  ( -3.813228718029765929, 4.382754242817334500, 11.44007378821410725 ) ) ;
#2347 =( NAMED_UNIT ( * ) SI_UNIT ( $, .STERADIAN. ) SOLID_ANGLE_UNIT ( ) );
#2348 = ORIENTED_EDGE ( 'NONE', *, *, #1362, .F. ) ;
#2349 = SURFACE_STYLE_USAGE ( .BOTH. , #5520 ) ;
#2350 =( NAMED_UNIT ( * ) SI_UNIT ( $, .STERADIAN. ) SOLID_ANGLE_UNIT ( ) );
#2351 = CARTESIAN_POINT ( 'NONE',  ( -6.329435102211765418, 3.367732065676335207, 22.62007378821410697 ) ) ;
#2352 = DIRECTION ( 'NONE',  ( 0.0000000000000000000, -0.0000000000000000000, -1.000000000000000000 ) ) ;
#2353 = AXIS2_PLACEMENT_3D ( 'NONE', #1324, #5020, #1865 ) ;
#2354 = FACE_OUTER_BOUND ( 'NONE', #3590, .T. ) ;
#2355 =( LENGTH_UNIT ( ) NAMED_UNIT ( * ) SI_UNIT ( .MILLI., .METRE. ) );
#2356 = PRESENTATION_LAYER_ASSIGNMENT (  '', '', ( #1642 ) ) ;
#2357 = DIRECTION ( 'NONE',  ( -0.0000000000000000000, -1.000000000000000000, -0.0000000000000000000 ) ) ;
#2358 =( NAMED_UNIT ( * ) SI_UNIT ( $, .STERADIAN. ) SOLID_ANGLE_UNIT ( ) );
#2359 = CARTESIAN_POINT ( 'NONE',  ( 6.970552912677233870, 5.547765587323335801, 15.67423777296410670 ) ) ;
#2360 = ORIENTED_EDGE ( 'NONE', *, *, #5831, .T. ) ;
#2361 = ORIENTED_EDGE ( 'NONE', *, *, #903, .F. ) ;
#2362 = FILL_AREA_STYLE_COLOUR ( '', #4978 ) ;
#2363 = ADVANCED_FACE ( 'NONE', ( #1382 ), #3633, .T. ) ;
#2364 = ORIENTED_EDGE ( 'NONE', *, *, #1255, .F. ) ;
#2365 = CARTESIAN_POINT ( 'NONE',  ( 8.437839783707428154, 12.98037757173749540, 16.17682743169825343 ) ) ;
#2366 = STYLED_ITEM ( 'NONE', ( #482 ), #323 ) ;
#2367 = DIRECTION ( 'NONE',  ( 0.0000000000000000000, -0.0000000000000000000, -1.000000000000000000 ) ) ;
#2368 = CIRCLE ( 'NONE', #2803, 0.2999999999999990452 ) ;
#2369 = DIRECTION ( 'NONE',  ( -0.0000000000000000000, -0.0000000000000000000, 1.000000000000000000 ) ) ;
#2370 = EDGE_CURVE ( 'NONE', #3373, #1197, #5021, .T. ) ;
#2371 = CARTESIAN_POINT ( 'NONE',  ( -4.129435102211766129, 6.467732065676334408, 14.99907378821410653 ) ) ;
#2372 = VECTOR ( 'NONE', #5802, 1000.000000000000114 ) ;
#2373 = ORIENTED_EDGE ( 'NONE', *, *, #5707, .T. ) ;
#2374 = DIRECTION ( 'NONE',  ( 0.0000000000000000000, -1.000000000000000000, 0.0000000000000000000 ) ) ;
#2375 = VERTEX_POINT ( 'NONE', #1902 ) ;
#2376 = SURFACE_SIDE_STYLE ('',( #1490 ) ) ;
#2377 = ORIENTED_EDGE ( 'NONE', *, *, #3091, .F. ) ;
#2378 = CARTESIAN_POINT ( 'NONE',  ( -6.329420576603766335, 9.447739717209742594, 14.99907378821410653 ) ) ;
#2379 = DIRECTION ( 'NONE',  ( -1.000000000000000000, 0.0000000000000000000, 0.0000000000000000000 ) ) ;
#2380 = ORIENTED_EDGE ( 'NONE', *, *, #3447, .F. ) ;
#2381 = DIRECTION ( 'NONE',  ( 0.0000000000000000000, 0.0000000000000000000, 1.000000000000000000 ) ) ;
#2382 = DIRECTION ( 'NONE',  ( -3.701020865947254760E-30, 1.110223024625041909E-16, 1.000000000000000000 ) ) ;
#2383 = VERTEX_POINT ( 'NONE', #4229 ) ;
#2384 = LINE ( 'NONE', #491, #2214 ) ;
#2385 = ORIENTED_EDGE ( 'NONE', *, *, #4026, .F. ) ;
#2386 = CARTESIAN_POINT ( 'NONE',  ( 4.598034606640233335, 4.367732065676334763, 14.36007378821410541 ) ) ;
#2387 = PRESENTATION_STYLE_ASSIGNMENT (( #5849 ) ) ;
#2388 = DIRECTION ( 'NONE',  ( 0.0000000000000000000, 0.0000000000000000000, 1.000000000000000000 ) ) ;
#2389 = ORIENTED_EDGE ( 'NONE', *, *, #5595, .T. ) ;
#2390 = ORIENTED_EDGE ( 'NONE', *, *, #2711, .T. ) ;
#2391 = EDGE_LOOP ( 'NONE', ( #1796, #1019, #2819, #197 ) ) ;
#2392 = MECHANICAL_DESIGN_GEOMETRIC_PRESENTATION_REPRESENTATION (  '', ( #1319 ), #2760 ) ;
#2393 =( GEOMETRIC_REPRESENTATION_CONTEXT ( 3 ) GLOBAL_UNCERTAINTY_ASSIGNED_CONTEXT ( ( #2966 ) ) GLOBAL_UNIT_ASSIGNED_CONTEXT ( ( #2481, #6184, #3021 ) ) REPRESENTATION_CONTEXT ( 'NONE', 'WORKASPACE' ) );
#2394 = CARTESIAN_POINT ( 'NONE',  ( 11.27177128197023137, 12.36773206567633565, 15.00007378820410153 ) ) ;
#2395 = STYLED_ITEM ( 'NONE', ( #2334 ), #180 ) ;
#2396 = EDGE_CURVE ( 'NONE', #6677, #2375, #2384, .T. ) ;
#2397 = FILL_AREA_STYLE ('',( #3453 ) ) ;
#2398 = VECTOR ( 'NONE', #6221, 1000.000000000000000 ) ;
#2399 = ADVANCED_FACE ( 'NONE', ( #6445 ), #6352, .T. ) ;
#2400 = CARTESIAN_POINT ( 'NONE',  ( 11.27177128197023137, 11.77056347727433483, 16.50007378821410597 ) ) ;
#2401 = VECTOR ( 'NONE', #1697, 1000.000000000000000 ) ;
#2402 = SURFACE_STYLE_USAGE ( .BOTH. , #5576 ) ;
#2403 = CARTESIAN_POINT ( 'NONE',  ( -2.829435102211765862, 4.367732065676334763, 14.36007378821410363 ) ) ;
#2404 = LINE ( 'NONE', #210, #4312 ) ;
#2405 = FACE_OUTER_BOUND ( 'NONE', #1187, .T. ) ;
#2406 = LINE ( 'NONE', #1153, #6304 ) ;
#2407 = DIRECTION ( 'NONE',  ( 1.000000000000000000, -0.0000000000000000000, 0.0000000000000000000 ) ) ;
#2408 =( GEOMETRIC_REPRESENTATION_CONTEXT ( 3 ) GLOBAL_UNCERTAINTY_ASSIGNED_CONTEXT ( ( #1201 ) ) GLOBAL_UNIT_ASSIGNED_CONTEXT ( ( #5484, #2313, #6023 ) ) REPRESENTATION_CONTEXT ( 'NONE', 'WORKASPACE' ) );
#2409 = CARTESIAN_POINT ( 'NONE',  ( -4.129435102211766129, 13.52856633055133528, 14.99907378821410653 ) ) ;
#2410 = EDGE_CURVE ( 'NONE', #4058, #1800, #5786, .T. ) ;
#2411 = EDGE_CURVE ( 'NONE', #3642, #6854, #301, .T. ) ;
#2412 = FACE_OUTER_BOUND ( 'NONE', #1790, .T. ) ;
#2413 = DIRECTION ( 'NONE',  ( 0.0000000000000000000, 0.0000000000000000000, 1.000000000000000000 ) ) ;
#2414 = LINE ( 'NONE', #30, #5053 ) ;
#2415 = PRODUCT_CONTEXT ( 'NONE', #6633, 'mechanical' ) ;
#2416 =( GEOMETRIC_REPRESENTATION_CONTEXT ( 3 ) GLOBAL_UNCERTAINTY_ASSIGNED_CONTEXT ( ( #1991 ) ) GLOBAL_UNIT_ASSIGNED_CONTEXT ( ( #6757, #3594, #385 ) ) REPRESENTATION_CONTEXT ( 'NONE', 'WORKASPACE' ) );
#2417 = CARTESIAN_POINT ( 'NONE',  ( -6.328228718029764721, 13.52775424281733585, 14.99907378821410653 ) ) ;
#2418 =( GEOMETRIC_REPRESENTATION_CONTEXT ( 3 ) GLOBAL_UNCERTAINTY_ASSIGNED_CONTEXT ( ( #1948 ) ) GLOBAL_UNIT_ASSIGNED_CONTEXT ( ( #77, #3795, #590 ) ) REPRESENTATION_CONTEXT ( 'NONE', 'WORKASPACE' ) );
#2419 = AXIS2_PLACEMENT_3D ( 'NONE', #1850, #5559, #2379 ) ;
#2420 = ADVANCED_FACE ( 'NONE', ( #125 ), #5107, .F. ) ;
#2421 = SURFACE_STYLE_FILL_AREA ( #5443 ) ;
#2422 = VECTOR ( 'NONE', #3655, 1000.000000000000000 ) ;
#2423 = VECTOR ( 'NONE', #4660, 1000.000000000000000 ) ;
#2424 = FILL_AREA_STYLE ('',( #5050 ) ) ;
#2425 = DIRECTION ( 'NONE',  ( 0.9999999317964582968, 0.0003693332892958155569, 0.0000000000000000000 ) ) ;
#2426 = VECTOR ( 'NONE', #5256, 1000.000000000000000 ) ;
#2427 = CARTESIAN_POINT ( 'NONE',  ( -4.929435102211766839, 7.717732065676334408, 14.99907378821410653 ) ) ;
#2428 = DIRECTION ( 'NONE',  ( -1.000000000000000000, -0.0000000000000000000, -0.0000000000000000000 ) ) ;
#2429 = ORIENTED_EDGE ( 'NONE', *, *, #6376, .F. ) ;
#2430 = PLANE ( 'NONE',  #4822 ) ;
#2431 = EDGE_CURVE ( 'NONE', #3261, #6495, #6527, .T. ) ;
#2432 = CARTESIAN_POINT ( 'NONE',  ( -0.8294351022117658623, 3.367732065676335207, 14.36007378821410363 ) ) ;
#2433 =( LENGTH_UNIT ( ) NAMED_UNIT ( * ) SI_UNIT ( .MILLI., .METRE. ) );
#2434 = EDGE_LOOP ( 'NONE', ( #94, #1075, #3950, #5365 ) ) ;
#2435 = PLANE ( 'NONE',  #1320 ) ;
#2436 = VECTOR ( 'NONE', #2388, 1000.000000000000000 ) ;
#2437 = ADVANCED_FACE ( 'NONE', ( #2297 ), #1089, .T. ) ;
#2438 = AXIS2_PLACEMENT_3D ( 'NONE', #5806, #2634, #6337 ) ;
#2439 = EDGE_CURVE ( 'NONE', #3057, #5624, #1799, .T. ) ;
#2440 = CARTESIAN_POINT ( 'NONE',  ( -3.813228718029765929, 12.51275424281733528, 11.44007378821410725 ) ) ;
#2441 = VECTOR ( 'NONE', #5971, 1000.000000000000000 ) ;
#2442 = MECHANICAL_DESIGN_GEOMETRIC_PRESENTATION_REPRESENTATION (  '', ( #629 ), #2807 ) ;
#2443 = VECTOR ( 'NONE', #6421, 1000.000000000000000 ) ;
#2444 = MECHANICAL_DESIGN_GEOMETRIC_PRESENTATION_REPRESENTATION (  '', ( #1364 ), #2809 ) ;
#2445 = ORIENTED_EDGE ( 'NONE', *, *, #4536, .T. ) ;
#2446 = ORIENTED_EDGE ( 'NONE', *, *, #5284, .F. ) ;
#2447 = ORIENTED_EDGE ( 'NONE', *, *, #4317, .T. ) ;
#2448 = ORIENTED_EDGE ( 'NONE', *, *, #3699, .F. ) ;
#2449 =( NAMED_UNIT ( * ) SI_UNIT ( $, .STERADIAN. ) SOLID_ANGLE_UNIT ( ) );
#2450 =( NAMED_UNIT ( * ) SI_UNIT ( $, .STERADIAN. ) SOLID_ANGLE_UNIT ( ) );
#2451 = ORIENTED_EDGE ( 'NONE', *, *, #2774, .T. ) ;
#2452 = DIRECTION ( 'NONE',  ( -1.000000000000000000, -0.0000000000000000000, 1.788594485715596012E-16 ) ) ;
#2453 = CARTESIAN_POINT ( 'NONE',  ( 12.47177132808023714, 10.38492284378423669, 21.50961998366862815 ) ) ;
#2454 = CARTESIAN_POINT ( 'NONE',  ( 11.27177128197023137, 12.36773206567633565, 15.00007378820410153 ) ) ;
#2455 =( GEOMETRIC_REPRESENTATION_CONTEXT ( 3 ) GLOBAL_UNCERTAINTY_ASSIGNED_CONTEXT ( ( #2742 ) ) GLOBAL_UNIT_ASSIGNED_CONTEXT ( ( #1199, #4915, #1746 ) ) REPRESENTATION_CONTEXT ( 'NONE', 'WORKASPACE' ) );
#2456 = VECTOR ( 'NONE', #6699, 1000.000000000000000 ) ;
#2457 = UNCERTAINTY_MEASURE_WITH_UNIT (LENGTH_MEASURE( 1.000000000000000082E-05 ), #5454, 'distance_accuracy_value', 'NONE');
#2458 = DIRECTION ( 'NONE',  ( 0.0000000000000000000, 0.0000000000000000000, 1.000000000000000000 ) ) ;
#2459 = EDGE_LOOP ( 'NONE', ( #3210, #5177, #2637, #3779 ) ) ;
#2460 = UNCERTAINTY_MEASURE_WITH_UNIT (LENGTH_MEASURE( 1.000000000000000082E-05 ), #2292, 'distance_accuracy_value', 'NONE');
#2461 = AXIS2_PLACEMENT_3D ( 'NONE', #4299, #1103, #4829 ) ;
#2462 = ADVANCED_FACE ( 'NONE', ( #376 ), #1658, .F. ) ;
#2463 = ORIENTED_EDGE ( 'NONE', *, *, #1267, .F. ) ;
#2464 = CARTESIAN_POINT ( 'NONE',  ( 7.440235126653234055, 13.53840212211233585, 16.50007378822410686 ) ) ;
#2465 = EDGE_LOOP ( 'NONE', ( #569, #2187, #799, #2706 ) ) ;
#2466 = FILL_AREA_STYLE_COLOUR ( '', #1597 ) ;
#2467 = PRESENTATION_STYLE_ASSIGNMENT (( #3509 ) ) ;
#2468 = FILL_AREA_STYLE_COLOUR ( '', #4542 ) ;
#2469 = SURFACE_SIDE_STYLE ('',( #2908 ) ) ;
#2470 = ORIENTED_EDGE ( 'NONE', *, *, #38, .T. ) ;
#2471 = SURFACE_STYLE_USAGE ( .BOTH. , #5644 ) ;
#2472 = VECTOR ( 'NONE', #1071, 1000.000000000000000 ) ;
#2473 = ADVANCED_FACE ( 'NONE', ( #1293 ), #2770, .F. ) ;
#2474 = EDGE_CURVE ( 'NONE', #3099, #5497, #4856, .T. ) ;
#2475 = FILL_AREA_STYLE_COLOUR ( '', #1217 ) ;
#2476 =( NAMED_UNIT ( * ) PLANE_ANGLE_UNIT ( ) SI_UNIT ( $, .RADIAN. ) );
#2477 = DIRECTION ( 'NONE',  ( 0.0000000000000000000, 0.0000000000000000000, 1.000000000000000000 ) ) ;
#2478 = COLOUR_RGB ( '',0.2509803921568627416, 0.2509803921568627416, 0.2509803921568627416 ) ;
#2479 =( NAMED_UNIT ( * ) SI_UNIT ( $, .STERADIAN. ) SOLID_ANGLE_UNIT ( ) );
#2480 = EDGE_LOOP ( 'NONE', ( #5918, #4726, #931, #6791 ) ) ;
#2481 =( LENGTH_UNIT ( ) NAMED_UNIT ( * ) SI_UNIT ( .MILLI., .METRE. ) );
#2482 = EDGE_CURVE ( 'NONE', #946, #3936, #6277, .T. ) ;
#2483 = SURFACE_STYLE_FILL_AREA ( #962 ) ;
#2484 = FACE_OUTER_BOUND ( 'NONE', #4793, .T. ) ;
#2485 = ORIENTED_EDGE ( 'NONE', *, *, #4300, .F. ) ;
#2486 = CARTESIAN_POINT ( 'NONE',  ( -6.329420576603766335, 0.0000000000000000000, 0.0000000000000000000 ) ) ;
#2487 = VERTEX_POINT ( 'NONE', #120 ) ;
#2488 = ADVANCED_FACE ( 'NONE', ( #3466 ), #5413, .F. ) ;
#2489 =( NAMED_UNIT ( * ) PLANE_ANGLE_UNIT ( ) SI_UNIT ( $, .RADIAN. ) );
#2490 = CARTESIAN_POINT ( 'NONE',  ( 3.370579423406233843, 13.52856633055133528, 15.00007378821410597 ) ) ;
#2491 = FILL_AREA_STYLE_COLOUR ( '', #642 ) ;
#2492 = FILL_AREA_STYLE_COLOUR ( '', #6299 ) ;
#2493 = LINE ( 'NONE', #3932, #5131 ) ;
#2494 = AXIS2_PLACEMENT_3D ( 'NONE', #6193, #3026, #6728 ) ;
#2495 = CARTESIAN_POINT ( 'NONE',  ( 4.061771281970234071, 12.25775424281733450, 15.00007378821410597 ) ) ;
#2496 = SURFACE_SIDE_STYLE ('',( #4228 ) ) ;
#2497 = LINE ( 'NONE', #3680, #6553 ) ;
#2498 = CARTESIAN_POINT ( 'NONE',  ( 12.47177132807620126, 5.817765331373676574, 21.50961998366928185 ) ) ;
#2499 = UNCERTAINTY_MEASURE_WITH_UNIT (LENGTH_MEASURE( 1.000000000000000082E-05 ), #6493, 'distance_accuracy_value', 'NONE');
#2500 = SURFACE_SIDE_STYLE ('',( #398 ) ) ;
#2501 = ORIENTED_EDGE ( 'NONE', *, *, #3475, .F. ) ;
#2502 = VECTOR ( 'NONE', #4418, 1000.000000000000000 ) ;
#2503 = CARTESIAN_POINT ( 'NONE',  ( 3.690552912677733666, 11.94775424282733489, 22.42007378821410413 ) ) ;
#2504 = VECTOR ( 'NONE', #3867, 1000.000000000000000 ) ;
#2505 = VECTOR ( 'NONE', #4663, 1000.000000000000000 ) ;
#2506 = EDGE_CURVE ( 'NONE', #4921, #4146, #1545, .T. ) ;
#2507 = FILL_AREA_STYLE ('',( #3542 ) ) ;
#2508 = EDGE_LOOP ( 'NONE', ( #4127, #6704, #1355, #4361 ) ) ;
#2509 = ORIENTED_EDGE ( 'NONE', *, *, #6593, .F. ) ;
#2510 = CARTESIAN_POINT ( 'NONE',  ( 6.970552912677233870, 8.447754242828334981, 18.81007378821410470 ) ) ;
#2511 = FACE_OUTER_BOUND ( 'NONE', #3859, .T. ) ;
#2512 = AXIS2_PLACEMENT_3D ( 'NONE', #1722, #5428, #2255 ) ;
#2513 = MECHANICAL_DESIGN_GEOMETRIC_PRESENTATION_REPRESENTATION (  '', ( #1795 ), #2872 ) ;
#2514 = FILL_AREA_STYLE ('',( #1441 ) ) ;
#2515 = DIRECTION ( 'NONE',  ( -0.0000000000000000000, -1.000000000000000000, -0.0000000000000000000 ) ) ;
#2516 = CARTESIAN_POINT ( 'NONE',  ( 11.27177128197023137, 5.124945008360334953, 15.00007378820410153 ) ) ;
#2517 = CARTESIAN_POINT ( 'NONE',  ( 6.620552912677234225, 3.367732065676335207, 22.45488571232946740 ) ) ;
#2518 = FILL_AREA_STYLE_COLOUR ( '', #5873 ) ;
#2519 =( NAMED_UNIT ( * ) PLANE_ANGLE_UNIT ( ) SI_UNIT ( $, .RADIAN. ) );
#2520 = ORIENTED_EDGE ( 'NONE', *, *, #2057, .F. ) ;
#2521 = SURFACE_STYLE_FILL_AREA ( #6518 ) ;
#2522 = PRODUCT ( 'HFBR-1521Z', 'HFBR-1521Z', '', ( #2415 ) ) ;
#2523 = VERTEX_POINT ( 'NONE', #5458 ) ;
#2524 = ADVANCED_FACE ( 'NONE', ( #119 ), #1212, .F. ) ;
#2525 = PRESENTATION_LAYER_ASSIGNMENT (  '', '', ( #1811 ) ) ;
#2526 = SURFACE_SIDE_STYLE ('',( #5843 ) ) ;
#2527 =( GEOMETRIC_REPRESENTATION_CONTEXT ( 3 ) GLOBAL_UNCERTAINTY_ASSIGNED_CONTEXT ( ( #6656 ) ) GLOBAL_UNIT_ASSIGNED_CONTEXT ( ( #1827, #5534, #2358 ) ) REPRESENTATION_CONTEXT ( 'NONE', 'WORKASPACE' ) );
#2528 = CARTESIAN_POINT ( 'NONE',  ( -3.303228718029766142, 12.00275424281733549, 11.44007378821410725 ) ) ;
#2529 = ORIENTED_EDGE ( 'NONE', *, *, #3187, .F. ) ;
#2530 = AXIS2_PLACEMENT_3D ( 'NONE', #2799, #1690, #6496 ) ;
#2531 = ORIENTED_EDGE ( 'NONE', *, *, #2839, .T. ) ;
#2532 = CARTESIAN_POINT ( 'NONE',  ( -3.303228718029766142, 9.462754242817334571, 11.44007378821410725 ) ) ;
#2533 =( NAMED_UNIT ( * ) PLANE_ANGLE_UNIT ( ) SI_UNIT ( $, .RADIAN. ) );
#2534 = ORIENTED_EDGE ( 'NONE', *, *, #6254, .F. ) ;
#2535 = SURFACE_STYLE_USAGE ( .BOTH. , #5713 ) ;
#2536 = CARTESIAN_POINT ( 'NONE',  ( 3.190552912677234509, 11.94775424282733489, 20.62007378821410697 ) ) ;
#2537 = LINE ( 'NONE', #2662, #5179 ) ;
#2538 = CARTESIAN_POINT ( 'NONE',  ( 2.171771281970234391, 14.55775424281733521, 22.62007378821410697 ) ) ;
#2539 = SURFACE_STYLE_USAGE ( .BOTH. , #5718 ) ;
#2540 = DIRECTION ( 'NONE',  ( 0.008418138568332013752, 1.169314898711845479E-16, 0.9999645668437679991 ) ) ;
#2541 = DIRECTION ( 'NONE',  ( 1.000000000000000000, -0.0000000000000000000, -0.0000000000000000000 ) ) ;
#2542 = EDGE_CURVE ( 'NONE', #438, #2178, #5610, .T. ) ;
#2543 = COLOUR_RGB ( '',0.2509803921568627416, 0.2509803921568627416, 0.2509803921568627416 ) ;
#2544 = CARTESIAN_POINT ( 'NONE',  ( 5.970552912677237423, 8.697754242828334981, 20.57392859714610722 ) ) ;
#2545 = EDGE_CURVE ( 'NONE', #1106, #946, #5100, .T. ) ;
#2546 = TOROIDAL_SURFACE ( 'NONE', #998, 0.07092535847949688055, 0.2000000000000030920 ) ;
#2547 = ORIENTED_EDGE ( 'NONE', *, *, #949, .F. ) ;
#2548 = UNCERTAINTY_MEASURE_WITH_UNIT (LENGTH_MEASURE( 1.000000000000000082E-05 ), #1134, 'distance_accuracy_value', 'NONE');
#2549 = VERTEX_POINT ( 'NONE', #3390 ) ;
#2550 = ORIENTED_EDGE ( 'NONE', *, *, #2563, .T. ) ;
#2551 = MECHANICAL_DESIGN_GEOMETRIC_PRESENTATION_REPRESENTATION (  '', ( #1479 ), #2912 ) ;
#2552 = PRESENTATION_LAYER_ASSIGNMENT (  '', '', ( #1481 ) ) ;
#2553 = PRESENTATION_LAYER_ASSIGNMENT (  '', '', ( #1839 ) ) ;
#2554 = SURFACE_SIDE_STYLE ('',( #5334 ) ) ;
#2555 = ORIENTED_EDGE ( 'NONE', *, *, #2122, .T. ) ;
#2556 = SURFACE_SIDE_STYLE ('',( #5056 ) ) ;
#2557 = SURFACE_STYLE_USAGE ( .BOTH. , #5733 ) ;
#2558 = ADVANCED_FACE ( 'NONE', ( #6359 ), #5150, .T. ) ;
#2559 = FILL_AREA_STYLE ('',( #933 ) ) ;
#2560 = CARTESIAN_POINT ( 'NONE',  ( 6.970552912677233870, 4.047765587323334913, 22.39834312896510582 ) ) ;
#2561 = FILL_AREA_STYLE_COLOUR ( '', #1072 ) ;
#2562 = VECTOR ( 'NONE', #6367, 1000.000000000000000 ) ;
#2563 = EDGE_CURVE ( 'NONE', #2705, #1669, #1791, .T. ) ;
#2564 = LINE ( 'NONE', #4811, #3971 ) ;
#2565 = ORIENTED_EDGE ( 'NONE', *, *, #292, .F. ) ;
#2566 = FACE_OUTER_BOUND ( 'NONE', #1126, .T. ) ;
#2567 = SURFACE_STYLE_USAGE ( .BOTH. , #5738 ) ;
#2568 = VERTEX_POINT ( 'NONE', #743 ) ;
#2569 = VERTEX_POINT ( 'NONE', #4986 ) ;
#2570 = SURFACE_STYLE_USAGE ( .BOTH. , #5740 ) ;
#2571 = CARTESIAN_POINT ( 'NONE',  ( 4.190552912677234509, 4.947754242807335778, 20.62007378821410697 ) ) ;
#2572 = VECTOR ( 'NONE', #574, 1000.000000000000000 ) ;
#2573 = CARTESIAN_POINT ( 'NONE',  ( 5.598034606640234223, 4.367732065676334763, 14.36007378821410541 ) ) ;
#2574 = STYLED_ITEM ( 'NONE', ( #6105 ), #4675 ) ;
#2575 = EDGE_CURVE ( 'NONE', #5624, #374, #908, .T. ) ;
#2576 = PRESENTATION_LAYER_ASSIGNMENT (  '', '', ( #2930 ) ) ;
#2577 = SURFACE_STYLE_FILL_AREA ( #4130 ) ;
#2578 = VECTOR ( 'NONE', #154, 1000.000000000000000 ) ;
#2579 = DIRECTION ( 'NONE',  ( -0.0000000000000000000, 1.000000000000000000, -0.0000000000000000000 ) ) ;
#2580 = LINE ( 'NONE', #1611, #1142 ) ;
#2581 = COLOUR_RGB ( '',0.2509803921568627416, 0.2509803921568627416, 0.2509803921568627416 ) ;
#2582 = FILL_AREA_STYLE_COLOUR ( '', #4567 ) ;
#2583 = PRESENTATION_STYLE_ASSIGNMENT (( #3458 ) ) ;
#2584 = DIRECTION ( 'NONE',  ( -0.0000000000000000000, 1.000000000000000000, -0.0000000000000000000 ) ) ;
#2585 =( NAMED_UNIT ( * ) PLANE_ANGLE_UNIT ( ) SI_UNIT ( $, .RADIAN. ) );
#2586 = VECTOR ( 'NONE', #2584, 1000.000000000000000 ) ;
#2587 = CARTESIAN_POINT ( 'NONE',  ( 0.0000000000000000000, 0.0000000000000000000, 14.36007378821410541 ) ) ;
#2588 = MECHANICAL_DESIGN_GEOMETRIC_PRESENTATION_REPRESENTATION (  '', ( #1513 ), #2939 ) ;
#2589 = CARTESIAN_POINT ( 'NONE',  ( 0.6717712819702342797, 3.367732065676335207, 15.00007378821410597 ) ) ;
#2590 =( GEOMETRIC_REPRESENTATION_CONTEXT ( 3 ) GLOBAL_UNCERTAINTY_ASSIGNED_CONTEXT ( ( #3765 ) ) GLOBAL_UNIT_ASSIGNED_CONTEXT ( ( #5882, #2721, #6413 ) ) REPRESENTATION_CONTEXT ( 'NONE', 'WORKASPACE' ) );
#2591 =( LENGTH_UNIT ( ) NAMED_UNIT ( * ) SI_UNIT ( .MILLI., .METRE. ) );
#2592 = PLANE ( 'NONE',  #291 ) ;
#2593 = LINE ( 'NONE', #2810, #4004 ) ;
#2594 = VECTOR ( 'NONE', #3900, 1000.000000000000000 ) ;
#2595 = CARTESIAN_POINT ( 'NONE',  ( 6.970552912677233870, 12.84774289831133309, 15.67423777296410670 ) ) ;
#2596 = PRESENTATION_LAYER_ASSIGNMENT (  '', '', ( #1881 ) ) ;
#2597 = ADVANCED_FACE ( 'NONE', ( #2339 ), #4492, .T. ) ;
#2598 = CIRCLE ( 'NONE', #603, 0.4999999999999995559 ) ;
#2599 = UNCERTAINTY_MEASURE_WITH_UNIT (LENGTH_MEASURE( 1.000000000000000082E-05 ), #4716, 'distance_accuracy_value', 'NONE');
#2600 =( GEOMETRIC_REPRESENTATION_CONTEXT ( 3 ) GLOBAL_UNCERTAINTY_ASSIGNED_CONTEXT ( ( #4419 ) ) GLOBAL_UNIT_ASSIGNED_CONTEXT ( ( #707, #4435, #1253 ) ) REPRESENTATION_CONTEXT ( 'NONE', 'WORKASPACE' ) );
#2601 = ORIENTED_EDGE ( 'NONE', *, *, #759, .T. ) ;
#2602 = PRESENTATION_LAYER_ASSIGNMENT (  '', '', ( #1884 ) ) ;
#2603 = EDGE_CURVE ( 'NONE', #2026, #4063, #5898, .T. ) ;
#2604 = CARTESIAN_POINT ( 'NONE',  ( 2.170564897788234138, 4.397732065676335900, 15.00007378821410597 ) ) ;
#2605 = ORIENTED_EDGE ( 'NONE', *, *, #5916, .F. ) ;
#2606 = VECTOR ( 'NONE', #3972, 1000.000000000000000 ) ;
#2607 = PLANE ( 'NONE',  #4151 ) ;
#2608 =( LENGTH_UNIT ( ) NAMED_UNIT ( * ) SI_UNIT ( .MILLI., .METRE. ) );
#2609 = SURFACE_SIDE_STYLE ('',( #1624 ) ) ;
#2610 = SURFACE_STYLE_USAGE ( .BOTH. , #5777 ) ;
#2611 = PRESENTATION_STYLE_ASSIGNMENT (( #4318 ) ) ;
#2612 = DIRECTION ( 'NONE',  ( -1.000000000000000000, 0.0000000000000000000, 0.0000000000000000000 ) ) ;
#2613 = ORIENTED_EDGE ( 'NONE', *, *, #2617, .T. ) ;
#2614 = DIRECTION ( 'NONE',  ( 0.0000000000000000000, -1.000000000000000000, 0.0000000000000000000 ) ) ;
#2615 = ORIENTED_EDGE ( 'NONE', *, *, #4380, .T. ) ;
#2616 = FILL_AREA_STYLE_COLOUR ( '', #3369 ) ;
#2617 = EDGE_CURVE ( 'NONE', #2884, #2031, #416, .T. ) ;
#2618 = ORIENTED_EDGE ( 'NONE', *, *, #6279, .T. ) ;
#2619 = ORIENTED_EDGE ( 'NONE', *, *, #2396, .T. ) ;
#2620 = CARTESIAN_POINT ( 'NONE',  ( 6.664217824815657387, 13.29601231498843283, 15.54358902509093276 ) ) ;
#2621 = ORIENTED_EDGE ( 'NONE', *, *, #3699, .T. ) ;
#2622 = CLOSED_SHELL ( 'NONE', ( #6767, #2892, #802, #447, #3670, #6678, #3578, #1315, #2399, #2000, #835, #3636, #353, #6239, #2982, #6160, #5818, #4742, #3154, #5154, #1366, #3417, #2033, #1478, #2363, #1899, #4197, #1916, #2597, #2420, #6120, #863, #335, #3052, #3529, #6143, #2665, #2959, #4230, #4530, #3189, #6731, #1348, #4162, #6871, #5022, #419, #1844, #847, #4099, #302, #5755, #5578, #1578, #2488, #4057, #3454, #3606, #5092, #1006, #5076, #4481, #901, #1381, #6838, #4028, #510, #817, #1509, #1332, #2107, #3019, #4514, #4675, #6708, #3963, #2996, #5597, #6275, #2558, #4583, #481, #4132, #1543, #4987, #5690, #4549, #5222, #286, #4006, #6186, #5659, #2925, #5186, #4565, #2524, #1406, #775, #932, #2462, #383, #2071, #3514, #5521, #5062, #3470, #6341, #5116, #6806, #2631, #1937, #6083, #5790, #229, #4040, #4707, #6660, #5290, #1971, #3493, #5048, #1040, #4602, #1877, #4079, #3545, #3088, #5261, #6600, #5634, #5614, #6206, #969, #3702, #6641, #1952, #6173, #5563, #5723, #323, #265, #2473, #6694, #4634, #6310, #744, #1439, #2437, #3119, #2943 ) ) ;
#2623 = CARTESIAN_POINT ( 'NONE',  ( -3.303228718029766142, 4.892754242817335175, 11.44007378821410725 ) ) ;
#2624 =( NAMED_UNIT ( * ) PLANE_ANGLE_UNIT ( ) SI_UNIT ( $, .RADIAN. ) );
#2625 =( GEOMETRIC_REPRESENTATION_CONTEXT ( 3 ) GLOBAL_UNCERTAINTY_ASSIGNED_CONTEXT ( ( #5628 ) ) GLOBAL_UNIT_ASSIGNED_CONTEXT ( ( #4050, #849, #4570 ) ) REPRESENTATION_CONTEXT ( 'NONE', 'WORKASPACE' ) );
#2626 = CARTESIAN_POINT ( 'NONE',  ( 1.470564897788234404, 3.367732065676335207, 22.62007378821410697 ) ) ;
#2627 = CARTESIAN_POINT ( 'NONE',  ( 11.27177128197023137, 5.124945008360334953, 16.50007378821410597 ) ) ;
#2628 = VECTOR ( 'NONE', #4693, 1000.000000000000000 ) ;
#2629 = DIRECTION ( 'NONE',  ( 0.6414938043978153370, 0.7671282154367791151, 0.0000000000000000000 ) ) ;
#2630 = ORIENTED_EDGE ( 'NONE', *, *, #1113, .F. ) ;
#2631 = ADVANCED_FACE ( 'NONE', ( #1660 ), #604, .T. ) ;
#2632 = VERTEX_POINT ( 'NONE', #2779 ) ;
#2633 =( NAMED_UNIT ( * ) SI_UNIT ( $, .STERADIAN. ) SOLID_ANGLE_UNIT ( ) );
#2634 = DIRECTION ( 'NONE',  ( -0.0000000000000000000, 1.110223024624999878E-16, 1.000000000000000000 ) ) ;
#2635 = AXIS2_PLACEMENT_3D ( 'NONE', #5579, #2407, #6116 ) ;
#2636 = EDGE_CURVE ( 'NONE', #1782, #4714, #1151, .T. ) ;
#2637 = ORIENTED_EDGE ( 'NONE', *, *, #675, .F. ) ;
#2638 = SURFACE_SIDE_STYLE ('',( #2654 ) ) ;
#2639 = EDGE_CURVE ( 'NONE', #6457, #609, #2593, .T. ) ;
#2640 = ORIENTED_EDGE ( 'NONE', *, *, #4158, .T. ) ;
#2641 = LINE ( 'NONE', #6756, #4053 ) ;
#2642 = SURFACE_STYLE_USAGE ( .BOTH. , #5812 ) ;
#2643 = ORIENTED_EDGE ( 'NONE', *, *, #112, .F. ) ;
#2644 = PRESENTATION_STYLE_ASSIGNMENT (( #2245 ) ) ;
#2645 = UNCERTAINTY_MEASURE_WITH_UNIT (LENGTH_MEASURE( 1.000000000000000082E-05 ), #506, 'distance_accuracy_value', 'NONE');
#2646 = MECHANICAL_DESIGN_GEOMETRIC_PRESENTATION_REPRESENTATION (  '', ( #1574 ), #3008 ) ;
#2647 = FILL_AREA_STYLE_COLOUR ( '', #3538 ) ;
#2648 = EDGE_LOOP ( 'NONE', ( #2385, #4984, #6587, #5205, #3915, #1983 ) ) ;
#2649 = UNCERTAINTY_MEASURE_WITH_UNIT (LENGTH_MEASURE( 1.000000000000000082E-05 ), #2920, 'distance_accuracy_value', 'NONE');
#2650 = FILL_AREA_STYLE_COLOUR ( '', #3317 ) ;
#2651 =( LENGTH_UNIT ( ) NAMED_UNIT ( * ) SI_UNIT ( .MILLI., .METRE. ) );
#2652 = CARTESIAN_POINT ( 'NONE',  ( -3.813228718029765929, 4.382754242817334500, 11.44007378821410725 ) ) ;
#2653 = VERTEX_POINT ( 'NONE', #1200 ) ;
#2654 = SURFACE_STYLE_FILL_AREA ( #5808 ) ;
#2655 = SURFACE_SIDE_STYLE ('',( #653 ) ) ;
#2656 = EDGE_LOOP ( 'NONE', ( #1523, #2509, #5350, #4145 ) ) ;
#2657 = ORIENTED_EDGE ( 'NONE', *, *, #3999, .T. ) ;
#2658 = FACE_OUTER_BOUND ( 'NONE', #5679, .T. ) ;
#2659 = LINE ( 'NONE', #2371, #6890 ) ;
#2660 = UNCERTAINTY_MEASURE_WITH_UNIT (LENGTH_MEASURE( 1.000000000000000082E-05 ), #1135, 'distance_accuracy_value', 'NONE');
#2661 = COLOUR_RGB ( '',0.2509803921568627416, 0.2509803921568627416, 0.2509803921568627416 ) ;
#2662 = CARTESIAN_POINT ( 'NONE',  ( -5.328228808214765522, 13.52856633055133528, 14.36007378820410452 ) ) ;
#2663 = PRESENTATION_STYLE_ASSIGNMENT (( #1334 ) ) ;
#2664 = DIRECTION ( 'NONE',  ( 1.000000000000000000, 0.0000000000000000000, 0.0000000000000000000 ) ) ;
#2665 = ADVANCED_FACE ( 'NONE', ( #6648 ), #662, .F. ) ;
#2666 = STYLED_ITEM ( 'NONE', ( #358 ), #5062 ) ;
#2667 = LINE ( 'NONE', #2877, #6725 ) ;
#2668 = UNCERTAINTY_MEASURE_WITH_UNIT (LENGTH_MEASURE( 1.000000000000000082E-05 ), #3940, 'distance_accuracy_value', 'NONE');
#2669 = COLOUR_RGB ( '',0.2509803921568627416, 0.2509803921568627416, 0.2509803921568627416 ) ;
#2670 =( GEOMETRIC_REPRESENTATION_CONTEXT ( 3 ) GLOBAL_UNCERTAINTY_ASSIGNED_CONTEXT ( ( #3483 ) ) GLOBAL_UNIT_ASSIGNED_CONTEXT ( ( #5434, #2265, #5972 ) ) REPRESENTATION_CONTEXT ( 'NONE', 'WORKASPACE' ) );
#2671 = PRESENTATION_LAYER_ASSIGNMENT (  '', '', ( #3025 ) ) ;
#2672 = SURFACE_SIDE_STYLE ('',( #4644 ) ) ;
#2673 = ORIENTED_EDGE ( 'NONE', *, *, #1887, .F. ) ;
#2674 = CIRCLE ( 'NONE', #3979, 11.12653749999999242 ) ;
#2675 = CIRCLE ( 'NONE', #2353, 0.2709253584794991121 ) ;
#2676 = VECTOR ( 'NONE', #1189, 1000.000000000000000 ) ;
#2677 = SURFACE_STYLE_USAGE ( .BOTH. , #5840 ) ;
#2678 = LINE ( 'NONE', #2536, #2505 ) ;
#2679 = DIRECTION ( 'NONE',  ( -0.0000000000000000000, -0.0000000000000000000, 1.000000000000000000 ) ) ;
#2680 = VERTEX_POINT ( 'NONE', #1747 ) ;
#2681 = ORIENTED_EDGE ( 'NONE', *, *, #2482, .F. ) ;
#2682 = COLOUR_RGB ( '',0.2509803921568627416, 0.2509803921568627416, 0.2509803921568627416 ) ;
#2683 = EDGE_CURVE ( 'NONE', #2063, #5773, #3336, .T. ) ;
#2684 = DIRECTION ( 'NONE',  ( -0.0000000000000000000, -1.000000000000000000, -0.0000000000000000000 ) ) ;
#2685 = EDGE_CURVE ( 'NONE', #3261, #6495, #1925, .T. ) ;
#2686 = AXIS2_PLACEMENT_3D ( 'NONE', #1302, #5002, #1848 ) ;
#2687 = DIRECTION ( 'NONE',  ( 0.0000000000000000000, 0.0000000000000000000, -1.000000000000000000 ) ) ;
#2688 =( LENGTH_UNIT ( ) NAMED_UNIT ( * ) SI_UNIT ( .MILLI., .METRE. ) );
#2689 = UNCERTAINTY_MEASURE_WITH_UNIT (LENGTH_MEASURE( 1.000000000000000082E-05 ), #5650, 'distance_accuracy_value', 'NONE');
#2690 = PRESENTATION_LAYER_ASSIGNMENT (  '', '', ( #1976 ) ) ;
#2691 = AXIS2_PLACEMENT_3D ( 'NONE', #6222, #3061, #6758 ) ;
#2692 = UNCERTAINTY_MEASURE_WITH_UNIT (LENGTH_MEASURE( 1.000000000000000082E-05 ), #6247, 'distance_accuracy_value', 'NONE');
#2693 = LINE ( 'NONE', #690, #6750 ) ;
#2694 = COLOUR_RGB ( '',0.2509803921568627416, 0.2509803921568627416, 0.2509803921568627416 ) ;
#2695 = DIRECTION ( 'NONE',  ( 0.0000000000000000000, -1.000000000000000000, 1.110223024624863306E-16 ) ) ;
#2696 = VERTEX_POINT ( 'NONE', #6542 ) ;
#2697 = FILL_AREA_STYLE ('',( #4266 ) ) ;
#2698 =( NAMED_UNIT ( * ) SI_UNIT ( $, .STERADIAN. ) SOLID_ANGLE_UNIT ( ) );
#2699 = DIRECTION ( 'NONE',  ( 0.0000000000000000000, 0.0000000000000000000, -1.000000000000000000 ) ) ;
#2700 = DIRECTION ( 'NONE',  ( -0.0000000000000000000, -0.0000000000000000000, 1.000000000000000000 ) ) ;
#2701 = EDGE_CURVE ( 'NONE', #1800, #5238, #3173, .T. ) ;
#2702 = DIRECTION ( 'NONE',  ( 0.0000000000000000000, 0.0000000000000000000, -1.000000000000000000 ) ) ;
#2703 =( NAMED_UNIT ( * ) SI_UNIT ( $, .STERADIAN. ) SOLID_ANGLE_UNIT ( ) );
#2704 = DIRECTION ( 'NONE',  ( -0.0000000000000000000, 1.000000000000000000, -0.0000000000000000000 ) ) ;
#2705 = VERTEX_POINT ( 'NONE', #4433 ) ;
#2706 = ORIENTED_EDGE ( 'NONE', *, *, #1096, .T. ) ;
#2707 = CARTESIAN_POINT ( 'NONE',  ( -4.129435102211766129, 6.467732065676334408, 15.00007378821410597 ) ) ;
#2708 = SURFACE_STYLE_USAGE ( .BOTH. , #5872 ) ;
#2709 = AXIS2_PLACEMENT_3D ( 'NONE', #282, #4011, #811 ) ;
#2710 = ORIENTED_EDGE ( 'NONE', *, *, #1058, .F. ) ;
#2711 = EDGE_CURVE ( 'NONE', #4937, #1713, #4566, .T. ) ;
#2712 = MECHANICAL_DESIGN_GEOMETRIC_PRESENTATION_REPRESENTATION (  '', ( #1630 ), #3068 ) ;
#2713 = LINE ( 'NONE', #6902, #5514 ) ;
#2714 = DIRECTION ( 'NONE',  ( -0.0000000000000000000, -1.000000000000000000, -0.0000000000000000000 ) ) ;
#2715 = VERTEX_POINT ( 'NONE', #5496 ) ;
#2716 = ORIENTED_EDGE ( 'NONE', *, *, #1691, .T. ) ;
#2717 = ORIENTED_EDGE ( 'NONE', *, *, #4689, .T. ) ;
#2718 = SURFACE_SIDE_STYLE ('',( #1122 ) ) ;
#2719 = ORIENTED_EDGE ( 'NONE', *, *, #3964, .F. ) ;
#2720 = ORIENTED_EDGE ( 'NONE', *, *, #5916, .T. ) ;
#2721 =( NAMED_UNIT ( * ) PLANE_ANGLE_UNIT ( ) SI_UNIT ( $, .RADIAN. ) );
#2722 = STYLED_ITEM ( 'NONE', ( #3909 ), #2892 ) ;
#2723 = PRESENTATION_STYLE_ASSIGNMENT (( #3296 ) ) ;
#2724 = SURFACE_STYLE_USAGE ( .BOTH. , #5884 ) ;
#2725 =( LENGTH_UNIT ( ) NAMED_UNIT ( * ) SI_UNIT ( .MILLI., .METRE. ) );
#2726 = MECHANICAL_DESIGN_GEOMETRIC_PRESENTATION_REPRESENTATION (  '', ( #1642 ), #3081 ) ;
#2727 = PLANE ( 'NONE',  #3854 ) ;
#2728 = ORIENTED_EDGE ( 'NONE', *, *, #1648, .F. ) ;
#2729 = CARTESIAN_POINT ( 'NONE',  ( 4.598034606640233335, 13.52777641995833413, 14.36007378821410541 ) ) ;
#2730 = PLANE ( 'NONE',  #5235 ) ;
#2731 = AXIS2_PLACEMENT_3D ( 'NONE', #4754, #1579, #5280 ) ;
#2732 = ORIENTED_EDGE ( 'NONE', *, *, #6604, .T. ) ;
#2733 = CARTESIAN_POINT ( 'NONE',  ( 4.190552912677234509, 11.94775424282733489, 22.62007378821410697 ) ) ;
#2734 = ORIENTED_EDGE ( 'NONE', *, *, #1235, .F. ) ;
#2735 = VECTOR ( 'NONE', #546, 1000.000000000000000 ) ;
#2736 = ORIENTED_EDGE ( 'NONE', *, *, #6516, .F. ) ;
#2737 = ORIENTED_EDGE ( 'NONE', *, *, #3495, .F. ) ;
#2738 = EDGE_CURVE ( 'NONE', #6843, #4921, #487, .T. ) ;
#2739 = CYLINDRICAL_SURFACE ( 'NONE', #4359, 11.12653750000000130 ) ;
#2740 = CARTESIAN_POINT ( 'NONE',  ( 6.249184867922701336, 3.388449428956057385, 15.34862183619597609 ) ) ;
#2741 = LINE ( 'NONE', #6424, #5375 ) ;
#2742 = UNCERTAINTY_MEASURE_WITH_UNIT (LENGTH_MEASURE( 1.000000000000000082E-05 ), #1199, 'distance_accuracy_value', 'NONE');
#2743 = LINE ( 'NONE', #5068, #1316 ) ;
#2744 = CARTESIAN_POINT ( 'NONE',  ( 6.170552912677236712, 10.69775424281733400, 22.52758331951137905 ) ) ;
#2745 = FACE_OUTER_BOUND ( 'NONE', #1482, .T. ) ;
#2746 = CARTESIAN_POINT ( 'NONE',  ( -3.303228718029766142, 4.892754242817335175, 15.00007378821410597 ) ) ;
#2747 = CARTESIAN_POINT ( 'NONE',  ( 4.381771281970234355, 4.637754242817334394, 15.00007378821410597 ) ) ;
#2748 = CARTESIAN_POINT ( 'NONE',  ( -4.129435102211766129, 4.967732065676335296, 14.99907378821410653 ) ) ;
#2749 = FILL_AREA_STYLE ('',( #1639 ) ) ;
#2750 = CARTESIAN_POINT ( 'NONE',  ( 5.870552912677234225, 10.39775424281733329, 21.62007378821410342 ) ) ;
#2751 = LINE ( 'NONE', #2171, #5219 ) ;
#2752 =( LENGTH_UNIT ( ) NAMED_UNIT ( * ) SI_UNIT ( .MILLI., .METRE. ) );
#2753 = DIRECTION ( 'NONE',  ( 1.000000000000000000, 0.0000000000000000000, 0.0000000000000000000 ) ) ;
#2754 = SURFACE_STYLE_FILL_AREA ( #2923 ) ;
#2755 = FACE_OUTER_BOUND ( 'NONE', #956, .T. ) ;
#2756 = VECTOR ( 'NONE', #1392, 1000.000000000000000 ) ;
#2757 =( NAMED_UNIT ( * ) SI_UNIT ( $, .STERADIAN. ) SOLID_ANGLE_UNIT ( ) );
#2758 = VECTOR ( 'NONE', #3049, 1000.000000000000000 ) ;
#2759 = CARTESIAN_POINT ( 'NONE',  ( -3.813228718029765929, 9.462754242817334571, 15.00007378821410597 ) ) ;
#2760 =( GEOMETRIC_REPRESENTATION_CONTEXT ( 3 ) GLOBAL_UNCERTAINTY_ASSIGNED_CONTEXT ( ( #157 ) ) GLOBAL_UNIT_ASSIGNED_CONTEXT ( ( #4304, #1107, #4830 ) ) REPRESENTATION_CONTEXT ( 'NONE', 'WORKASPACE' ) );
#2761 = PRESENTATION_LAYER_ASSIGNMENT (  '', '', ( #2395 ) ) ;
#2762 = EDGE_CURVE ( 'NONE', #621, #341, #4402, .T. ) ;
#2763 = LINE ( 'NONE', #2274, #5399 ) ;
#2764 = FILL_AREA_STYLE ('',( #4851 ) ) ;
#2765 = STYLED_ITEM ( 'NONE', ( #2611 ), #3606 ) ;
#2766 = ORIENTED_EDGE ( 'NONE', *, *, #535, .F. ) ;
#2767 = DIRECTION ( 'NONE',  ( -0.0000000000000000000, -0.0000000000000000000, 1.000000000000000000 ) ) ;
#2768 =( LENGTH_UNIT ( ) NAMED_UNIT ( * ) SI_UNIT ( .MILLI., .METRE. ) );
#2769 = DIRECTION ( 'NONE',  ( 0.0000000000000000000, 0.0000000000000000000, 1.000000000000000000 ) ) ;
#2770 = PLANE ( 'NONE',  #5612 ) ;
#2771 =( NAMED_UNIT ( * ) PLANE_ANGLE_UNIT ( ) SI_UNIT ( $, .RADIAN. ) );
#2772 = ORIENTED_EDGE ( 'NONE', *, *, #4026, .T. ) ;
#2773 = LINE ( 'NONE', #5544, #6662 ) ;
#2774 = EDGE_CURVE ( 'NONE', #4032, #1669, #5815, .T. ) ;
#2775 = DIRECTION ( 'NONE',  ( 0.0000000000000000000, 0.0000000000000000000, 1.000000000000000000 ) ) ;
#2776 = EDGE_CURVE ( 'NONE', #97, #4937, #160, .T. ) ;
#2777 = CARTESIAN_POINT ( 'NONE',  ( 3.619627554198237451, 11.94775424282733489, 22.42007378821410413 ) ) ;
#2778 = DIRECTION ( 'NONE',  ( -0.0000000000000000000, -0.0000000000000000000, 1.000000000000000000 ) ) ;
#2779 = CARTESIAN_POINT ( 'NONE',  ( 4.970552912677236534, 8.697754242828334981, 18.56007378821410825 ) ) ;
#2780 = ORIENTED_EDGE ( 'NONE', *, *, #5732, .F. ) ;
#2781 = CARTESIAN_POINT ( 'NONE',  ( 11.27177128197023137, 11.77056347727433483, 21.70348027693310655 ) ) ;
#2782 = AXIS2_PLACEMENT_3D ( 'NONE', #3933, #1281, #3435 ) ;
#2783 = EDGE_LOOP ( 'NONE', ( #4069, #1688, #2060, #6292 ) ) ;
#2784 = COLOUR_RGB ( '',0.2509803921568627416, 0.2509803921568627416, 0.2509803921568627416 ) ;
#2785 = ORIENTED_EDGE ( 'NONE', *, *, #597, .F. ) ;
#2786 = DIRECTION ( 'NONE',  ( 1.000000000000000000, -0.0000000000000000000, -0.0000000000000000000 ) ) ;
#2787 = ORIENTED_EDGE ( 'NONE', *, *, #4060, .T. ) ;
#2788 = DIRECTION ( 'NONE',  ( 1.000000000000000000, -0.0000000000000000000, -0.0000000000000000000 ) ) ;
#2789 = CARTESIAN_POINT ( 'NONE',  ( 5.598034606650234224, 6.407739522834335233, 15.00007378822410686 ) ) ;
#2790 = ORIENTED_EDGE ( 'NONE', *, *, #2868, .T. ) ;
#2791 = SURFACE_STYLE_USAGE ( .BOTH. , #5947 ) ;
#2792 = CARTESIAN_POINT ( 'NONE',  ( 4.970552912677236534, 8.697754242828334981, 19.06007378821410470 ) ) ;
#2793 = EDGE_CURVE ( 'NONE', #6130, #2058, #3009, .T. ) ;
#2794 =( NAMED_UNIT ( * ) PLANE_ANGLE_UNIT ( ) SI_UNIT ( $, .RADIAN. ) );
#2795 = ORIENTED_EDGE ( 'NONE', *, *, #3605, .F. ) ;
#2796 = CARTESIAN_POINT ( 'NONE',  ( 5.598034606640234223, 3.367732065676334319, 14.36007378821410541 ) ) ;
#2797 = CARTESIAN_POINT ( 'NONE',  ( 5.970552912677237423, 8.447754242828334981, 17.02859019665550022 ) ) ;
#2798 = SURFACE_STYLE_USAGE ( .BOTH. , #5953 ) ;
#2799 = CARTESIAN_POINT ( 'NONE',  ( -4.081961051698764997, 12.25775424281733450, 22.62007378821410697 ) ) ;
#2800 = LINE ( 'NONE', #5784, #4771 ) ;
#2801 = UNCERTAINTY_MEASURE_WITH_UNIT (LENGTH_MEASURE( 1.000000000000000082E-05 ), #6571, 'distance_accuracy_value', 'NONE');
#2802 = ORIENTED_EDGE ( 'NONE', *, *, #5582, .T. ) ;
#2803 = AXIS2_PLACEMENT_3D ( 'NONE', #5585, #2413, #6125 ) ;
#2804 = EDGE_CURVE ( 'NONE', #1248, #5719, #2847, .T. ) ;
#2805 = EDGE_LOOP ( 'NONE', ( #2550, #5453, #3676, #6676 ) ) ;
#2806 = PRESENTATION_STYLE_ASSIGNMENT (( #6532 ) ) ;
#2807 =( GEOMETRIC_REPRESENTATION_CONTEXT ( 3 ) GLOBAL_UNCERTAINTY_ASSIGNED_CONTEXT ( ( #272 ) ) GLOBAL_UNIT_ASSIGNED_CONTEXT ( ( #3774, #568, #4313 ) ) REPRESENTATION_CONTEXT ( 'NONE', 'WORKASPACE' ) );
#2808 = FILL_AREA_STYLE_COLOUR ( '', #4641 ) ;
#2809 =( GEOMETRIC_REPRESENTATION_CONTEXT ( 3 ) GLOBAL_UNCERTAINTY_ASSIGNED_CONTEXT ( ( #2599 ) ) GLOBAL_UNIT_ASSIGNED_CONTEXT ( ( #4716, #1537, #5240 ) ) REPRESENTATION_CONTEXT ( 'NONE', 'WORKASPACE' ) );
#2810 = CARTESIAN_POINT ( 'NONE',  ( 5.970552912677237423, 8.197754242818334092, 18.56007378821410825 ) ) ;
#2811 = EDGE_LOOP ( 'NONE', ( #6288, #2017, #4995, #2226 ) ) ;
#2812 = VECTOR ( 'NONE', #5606, 1000.000000000000000 ) ;
#2813 = CARTESIAN_POINT ( 'NONE',  ( -6.329435102211765418, 4.618273884862334810, 14.99907378821410653 ) ) ;
#2814 = CARTESIAN_POINT ( 'NONE',  ( 5.870552912677234225, 6.322018311529262746, 22.57604839096599036 ) ) ;
#2815 = VERTEX_POINT ( 'NONE', #755 ) ;
#2816 = PLANE ( 'NONE',  #1335 ) ;
#2817 = CARTESIAN_POINT ( 'NONE',  ( 5.598034606640234223, 13.52777641995833413, 15.00007378821410597 ) ) ;
#2818 =( NAMED_UNIT ( * ) SI_UNIT ( $, .STERADIAN. ) SOLID_ANGLE_UNIT ( ) );
#2819 = ORIENTED_EDGE ( 'NONE', *, *, #2701, .F. ) ;
#2820 = LINE ( 'NONE', #6468, #5625 ) ;
#2821 = CARTESIAN_POINT ( 'NONE',  ( -3.813228718029765929, 4.382754242817334500, 15.00007378821410597 ) ) ;
#2822 = DIRECTION ( 'NONE',  ( 0.0000000000000000000, 1.000000000000000000, 0.0000000000000000000 ) ) ;
#2823 = AXIS2_PLACEMENT_3D ( 'NONE', #4264, #1062, #4785 ) ;
#2824 = ORIENTED_EDGE ( 'NONE', *, *, #6004, .T. ) ;
#2825 = SURFACE_STYLE_FILL_AREA ( #451 ) ;
#2826 = LINE ( 'NONE', #1426, #5633 ) ;
#2827 = FILL_AREA_STYLE ('',( #1741 ) ) ;
#2828 = DIRECTION ( 'NONE',  ( 0.0000000000000000000, 0.0000000000000000000, -1.000000000000000000 ) ) ;
#2829 = STYLED_ITEM ( 'NONE', ( #4147 ), #1971 ) ;
#2830 = STYLED_ITEM ( 'NONE', ( #4800 ), #5634 ) ;
#2831 = DIRECTION ( 'NONE',  ( -1.000000000000000000, -6.195440985613755251E-17, 0.0000000000000000000 ) ) ;
#2832 =( LENGTH_UNIT ( ) NAMED_UNIT ( * ) SI_UNIT ( .MILLI., .METRE. ) );
#2833 = LINE ( 'NONE', #2573, #4066 ) ;
#2834 = ORIENTED_EDGE ( 'NONE', *, *, #1764, .F. ) ;
#2835 = ORIENTED_EDGE ( 'NONE', *, *, #594, .F. ) ;
#2836 = SURFACE_STYLE_FILL_AREA ( #3980 ) ;
#2837 =( NAMED_UNIT ( * ) PLANE_ANGLE_UNIT ( ) SI_UNIT ( $, .RADIAN. ) );
#2838 = SURFACE_STYLE_FILL_AREA ( #787 ) ;
#2839 = EDGE_CURVE ( 'NONE', #4430, #97, #4250, .T. ) ;
#2840 = FILL_AREA_STYLE_COLOUR ( '', #1065 ) ;
#2841 = LINE ( 'NONE', #1256, #1059 ) ;
#2842 =( NAMED_UNIT ( * ) SI_UNIT ( $, .STERADIAN. ) SOLID_ANGLE_UNIT ( ) );
#2843 = VECTOR ( 'NONE', #1133, 1000.000000000000000 ) ;
#2844 = SURFACE_SIDE_STYLE ('',( #4211 ) ) ;
#2845 =( NAMED_UNIT ( * ) SI_UNIT ( $, .STERADIAN. ) SOLID_ANGLE_UNIT ( ) );
#2846 = LINE ( 'NONE', #5432, #4087 ) ;
#2847 = LINE ( 'NONE', #6057, #5476 ) ;
#2848 = EDGE_CURVE ( 'NONE', #944, #1951, #4089, .T. ) ;
#2849 = VECTOR ( 'NONE', #4927, 1000.000000000000000 ) ;
#2850 = CARTESIAN_POINT ( 'NONE',  ( 4.970552912677236534, 8.197754242828334981, 17.04621897928210572 ) ) ;
#2851 = EDGE_LOOP ( 'NONE', ( #1975, #1282, #4687, #3558 ) ) ;
#2852 = ORIENTED_EDGE ( 'NONE', *, *, #355, .F. ) ;
#2853 = CARTESIAN_POINT ( 'NONE',  ( -4.929435102211766839, 7.717732065676334408, 14.99907378821410653 ) ) ;
#2854 = DIRECTION ( 'NONE',  ( 0.0000000000000000000, 1.000000000000000000, 0.0000000000000000000 ) ) ;
#2855 = FILL_AREA_STYLE_COLOUR ( '', #237 ) ;
#2856 = VECTOR ( 'NONE', #3005, 1000.000000000000000 ) ;
#2857 = FILL_AREA_STYLE ('',( #6016 ) ) ;
#2858 = CARTESIAN_POINT ( 'NONE',  ( 9.403473738178639962, 4.124789462242749671, 16.36168077757356443 ) ) ;
#2859 =( NAMED_UNIT ( * ) PLANE_ANGLE_UNIT ( ) SI_UNIT ( $, .RADIAN. ) );
#2860 = PRESENTATION_LAYER_ASSIGNMENT (  '', '', ( #2135 ) ) ;
#2861 = FILL_AREA_STYLE ('',( #692 ) ) ;
#2862 = CARTESIAN_POINT ( 'NONE',  ( 3.690552912677234954, 4.947754242807335778, 20.62007378821410697 ) ) ;
#2863 = DIRECTION ( 'NONE',  ( -1.000000000000000000, 0.0000000000000000000, 0.0000000000000000000 ) ) ;
#2864 = ORIENTED_EDGE ( 'NONE', *, *, #5510, .T. ) ;
#2865 = UNCERTAINTY_MEASURE_WITH_UNIT (LENGTH_MEASURE( 1.000000000000000082E-05 ), #2355, 'distance_accuracy_value', 'NONE');
#2866 = STYLED_ITEM ( 'NONE', ( #1653 ), #265 ) ;
#2867 =( NAMED_UNIT ( * ) PLANE_ANGLE_UNIT ( ) SI_UNIT ( $, .RADIAN. ) );
#2868 = EDGE_CURVE ( 'NONE', #473, #5620, #2675, .T. ) ;
#2869 = EDGE_LOOP ( 'NONE', ( #752, #3761, #3799, #1074 ) ) ;
#2870 = PRESENTATION_LAYER_ASSIGNMENT (  '', '', ( #2149 ) ) ;
#2871 = EDGE_LOOP ( 'NONE', ( #4684, #5028, #5252, #420 ) ) ;
#2872 =( GEOMETRIC_REPRESENTATION_CONTEXT ( 3 ) GLOBAL_UNCERTAINTY_ASSIGNED_CONTEXT ( ( #1868 ) ) GLOBAL_UNIT_ASSIGNED_CONTEXT ( ( #3635, #436, #4172 ) ) REPRESENTATION_CONTEXT ( 'NONE', 'WORKASPACE' ) );
#2873 = FILL_AREA_STYLE_COLOUR ( '', #973 ) ;
#2874 = ORIENTED_EDGE ( 'NONE', *, *, #3329, .T. ) ;
#2875 = PLANE ( 'NONE',  #3042 ) ;
#2876 = LINE ( 'NONE', #499, #31 ) ;
#2877 = CARTESIAN_POINT ( 'NONE',  ( -5.329435102211766306, 13.52775424281733585, 22.62007378821410697 ) ) ;
#2878 = FILL_AREA_STYLE_COLOUR ( '', #405 ) ;
#2879 = ORIENTED_EDGE ( 'NONE', *, *, #1995, .T. ) ;
#2880 = ORIENTED_EDGE ( 'NONE', *, *, #5027, .T. ) ;
#2881 = SURFACE_STYLE_USAGE ( .BOTH. , #6047 ) ;
#2882 = CARTESIAN_POINT ( 'NONE',  ( -3.813228718029765929, 4.892754242817335175, 11.44007378821410725 ) ) ;
#2883 = CARTESIAN_POINT ( 'NONE',  ( 1.471771281970234213, 13.52856633055133528, 15.00007378821410597 ) ) ;
#2884 = VERTEX_POINT ( 'NONE', #3981 ) ;
#2885 = ORIENTED_EDGE ( 'NONE', *, *, #6030, .F. ) ;
#2886 = FILL_AREA_STYLE_COLOUR ( '', #3518 ) ;
#2887 = CARTESIAN_POINT ( 'NONE',  ( -4.929435102211766839, 6.467732065676334408, 14.99907378821410653 ) ) ;
#2888 = MECHANICAL_DESIGN_GEOMETRIC_PRESENTATION_REPRESENTATION (  '', ( #1811 ), #3235 ) ;
#2889 =( NAMED_UNIT ( * ) PLANE_ANGLE_UNIT ( ) SI_UNIT ( $, .RADIAN. ) );
#2890 = MECHANICAL_DESIGN_GEOMETRIC_PRESENTATION_REPRESENTATION (  '', ( #2170 ), #3239 ) ;
#2891 = CARTESIAN_POINT ( 'NONE',  ( 5.970552912677237423, 8.447754242828334981, 18.81007378821410470 ) ) ;
#2892 = ADVANCED_FACE ( 'NONE', ( #6903 ), #2003, .T. ) ;
#2893 = LINE ( 'NONE', #1778, #6371 ) ;
#2894 = CARTESIAN_POINT ( 'NONE',  ( 11.27177128197023137, 11.77056347727433483, 14.36007378820410452 ) ) ;
#2895 = CARTESIAN_POINT ( 'NONE',  ( 5.870552912677235113, 6.497754242817333825, 21.62007378821410342 ) ) ;
#2896 = CARTESIAN_POINT ( 'NONE',  ( 4.061771281970234071, 12.25775424281733450, 11.44007378821410725 ) ) ;
#2897 = ORIENTED_EDGE ( 'NONE', *, *, #2776, .T. ) ;
#2898 = ORIENTED_EDGE ( 'NONE', *, *, #4999, .F. ) ;
#2899 =( NAMED_UNIT ( * ) SI_UNIT ( $, .STERADIAN. ) SOLID_ANGLE_UNIT ( ) );
#2900 = DIRECTION ( 'NONE',  ( 0.0000000000000000000, 1.000000000000000000, 0.0000000000000000000 ) ) ;
#2901 = CARTESIAN_POINT ( 'NONE',  ( 6.170552912677234936, 6.497754242817333825, 21.62007378821410342 ) ) ;
#2902 = DIRECTION ( 'NONE',  ( -0.0000000000000000000, 1.000000000000000000, -0.0000000000000000000 ) ) ;
#2903 = LINE ( 'NONE', #1121, #6628 ) ;
#2904 = CARTESIAN_POINT ( 'NONE',  ( 2.170564897788234138, 4.397732065676335900, 22.62007378821410697 ) ) ;
#2905 = EDGE_CURVE ( 'NONE', #2189, #6765, #4812, .T. ) ;
#2906 = EDGE_CURVE ( 'NONE', #612, #4714, #733, .T. ) ;
#2907 = LINE ( 'NONE', #4031, #60 ) ;
#2908 = SURFACE_STYLE_FILL_AREA ( #5643 ) ;
#2909 = VECTOR ( 'NONE', #1797, 1000.000000000000000 ) ;
#2910 = CARTESIAN_POINT ( 'NONE',  ( 6.970552912677233870, 12.84774289831133309, 15.67423777296410670 ) ) ;
#2911 = COLOUR_RGB ( '',0.2509803921568627416, 0.2509803921568627416, 0.2509803921568627416 ) ;
#2912 =( GEOMETRIC_REPRESENTATION_CONTEXT ( 3 ) GLOBAL_UNCERTAINTY_ASSIGNED_CONTEXT ( ( #5689 ) ) GLOBAL_UNIT_ASSIGNED_CONTEXT ( ( #4631, #1459, #5160 ) ) REPRESENTATION_CONTEXT ( 'NONE', 'WORKASPACE' ) );
#2913 = MECHANICAL_DESIGN_GEOMETRIC_PRESENTATION_REPRESENTATION (  '', ( #1481 ), #3259 ) ;
#2914 = SURFACE_STYLE_FILL_AREA ( #3379 ) ;
#2915 = MECHANICAL_DESIGN_GEOMETRIC_PRESENTATION_REPRESENTATION (  '', ( #1839 ), #3260 ) ;
#2916 = SURFACE_STYLE_FILL_AREA ( #78 ) ;
#2917 = DIRECTION ( 'NONE',  ( 1.000000000000000000, 0.0000000000000000000, -0.0000000000000000000 ) ) ;
#2918 = DIRECTION ( 'NONE',  ( -0.0000000000000000000, 1.000000000000000000, -0.0000000000000000000 ) ) ;
#2919 = VECTOR ( 'NONE', #2700, 1000.000000000000000 ) ;
#2920 =( LENGTH_UNIT ( ) NAMED_UNIT ( * ) SI_UNIT ( .MILLI., .METRE. ) );
#2921 = EDGE_CURVE ( 'NONE', #6183, #361, #3422, .T. ) ;
#2922 = PLANE ( 'NONE',  #3334 ) ;
#2923 = FILL_AREA_STYLE ('',( #6088 ) ) ;
#2924 = DIRECTION ( 'NONE',  ( -0.0000000000000000000, 1.000000000000000000, -0.0000000000000000000 ) ) ;
#2925 = ADVANCED_FACE ( 'NONE', ( #554 ), #827, .F. ) ;
#2926 = AXIS2_PLACEMENT_3D ( 'NONE', #6762, #3600, #394 ) ;
#2927 = EDGE_CURVE ( 'NONE', #5719, #2549, #6820, .T. ) ;
#2928 = ORIENTED_EDGE ( 'NONE', *, *, #6096, .F. ) ;
#2929 = STYLED_ITEM ( 'NONE', ( #3220 ), #1006 ) ;
#2930 = STYLED_ITEM ( 'NONE', ( #3575 ), #6341 ) ;
#2931 = FACE_OUTER_BOUND ( 'NONE', #5032, .T. ) ;
#2932 = CARTESIAN_POINT ( 'NONE',  ( 3.190552912677234509, 11.94775424282733489, 22.62007378821410697 ) ) ;
#2933 = EDGE_LOOP ( 'NONE', ( #6140, #2361, #1305, #798 ) ) ;
#2934 = DIRECTION ( 'NONE',  ( 0.0000000000000000000, -1.000000000000000000, 1.110223024624999878E-16 ) ) ;
#2935 = SURFACE_STYLE_USAGE ( .BOTH. , #6104 ) ;
#2936 = CARTESIAN_POINT ( 'NONE',  ( 3.619627554198237007, 4.947754242807335778, 22.42007378821410413 ) ) ;
#2937 =( NAMED_UNIT ( * ) PLANE_ANGLE_UNIT ( ) SI_UNIT ( $, .RADIAN. ) );
#2938 = FACE_OUTER_BOUND ( 'NONE', #6859, .T. ) ;
#2939 =( GEOMETRIC_REPRESENTATION_CONTEXT ( 3 ) GLOBAL_UNCERTAINTY_ASSIGNED_CONTEXT ( ( #6420 ) ) GLOBAL_UNIT_ASSIGNED_CONTEXT ( ( #367, #4102, #889 ) ) REPRESENTATION_CONTEXT ( 'NONE', 'WORKASPACE' ) );
#2940 = DIRECTION ( 'NONE',  ( 0.0000000000000000000, 0.0000000000000000000, -1.000000000000000000 ) ) ;
#2941 = FILL_AREA_STYLE ('',( #4488 ) ) ;
#2942 = ORIENTED_EDGE ( 'NONE', *, *, #4764, .T. ) ;
#2943 = ADVANCED_FACE ( 'NONE', ( #5393 ), #326, .F. ) ;
#2944 = CARTESIAN_POINT ( 'NONE',  ( -3.813228718029765929, 7.432754242817335211, 15.00007378821410597 ) ) ;
#2945 = DIRECTION ( 'NONE',  ( -0.0000000000000000000, -0.0000000000000000000, 1.000000000000000000 ) ) ;
#2946 = VECTOR ( 'NONE', #6845, 1000.000000000000000 ) ;
#2947 = ORIENTED_EDGE ( 'NONE', *, *, #5707, .F. ) ;
#2948 = ORIENTED_EDGE ( 'NONE', *, *, #1689, .T. ) ;
#2949 = MECHANICAL_DESIGN_GEOMETRIC_PRESENTATION_REPRESENTATION (  '', ( #1881 ), #3304 ) ;
#2950 = VERTEX_POINT ( 'NONE', #5121 ) ;
#2951 = CARTESIAN_POINT ( 'NONE',  ( -4.929435102211766839, 7.717732065676334408, 15.00007378821410597 ) ) ;
#2952 = MECHANICAL_DESIGN_GEOMETRIC_PRESENTATION_REPRESENTATION (  '', ( #1884 ), #3307 ) ;
#2953 = APPLICATION_PROTOCOL_DEFINITION ( 'draft international standard', 'automotive_design', 1998, #6128 ) ;
#2954 = ORIENTED_EDGE ( 'NONE', *, *, #6516, .T. ) ;
#2955 = LINE ( 'NONE', #1386, #1536 ) ;
#2956 = DIRECTION ( 'NONE',  ( -0.0000000000000000000, 1.000000000000000000, -0.0000000000000000000 ) ) ;
#2957 = EDGE_CURVE ( 'NONE', #4971, #6843, #819, .T. ) ;
#2958 = SURFACE_STYLE_USAGE ( .BOTH. , #6133 ) ;
#2959 = ADVANCED_FACE ( 'NONE', ( #6314 ), #4595, .F. ) ;
#2960 = FACE_OUTER_BOUND ( 'NONE', #5879, .T. ) ;
#2961 = ORIENTED_EDGE ( 'NONE', *, *, #267, .F. ) ;
#2962 = DIRECTION ( 'NONE',  ( 0.0000000000000000000, 0.0000000000000000000, 1.000000000000000000 ) ) ;
#2963 = FILL_AREA_STYLE ('',( #5054 ) ) ;
#2964 = ORIENTED_EDGE ( 'NONE', *, *, #2575, .F. ) ;
#2965 = VECTOR ( 'NONE', #2247, 1000.000000000000000 ) ;
#2966 = UNCERTAINTY_MEASURE_WITH_UNIT (LENGTH_MEASURE( 1.000000000000000082E-05 ), #2481, 'distance_accuracy_value', 'NONE');
#2967 = UNCERTAINTY_MEASURE_WITH_UNIT (LENGTH_MEASURE( 1.000000000000000082E-05 ), #6663, 'distance_accuracy_value', 'NONE');
#2968 = DIRECTION ( 'NONE',  ( -0.0000000000000000000, -0.0000000000000000000, -1.000000000000000000 ) ) ;
#2969 = ORIENTED_EDGE ( 'NONE', *, *, #410, .F. ) ;
#2970 =( NAMED_UNIT ( * ) SI_UNIT ( $, .STERADIAN. ) SOLID_ANGLE_UNIT ( ) );
#2971 = SURFACE_SIDE_STYLE ('',( #4960 ) ) ;
#2972 = EDGE_CURVE ( 'NONE', #3906, #3147, #3000, .T. ) ;
#2973 = ORIENTED_EDGE ( 'NONE', *, *, #6004, .F. ) ;
#2974 = VECTOR ( 'NONE', #529, 1000.000000000000000 ) ;
#2975 = SURFACE_STYLE_FILL_AREA ( #988 ) ;
#2976 = ORIENTED_EDGE ( 'NONE', *, *, #2115, .T. ) ;
#2977 = DIRECTION ( 'NONE',  ( 0.0000000000000000000, 0.0000000000000000000, -1.000000000000000000 ) ) ;
#2978 = DIRECTION ( 'NONE',  ( 0.0000000000000000000, 1.000000000000000000, 0.0000000000000000000 ) ) ;
#2979 = ORIENTED_EDGE ( 'NONE', *, *, #3557, .T. ) ;
#2980 = AXIS2_PLACEMENT_3D ( 'NONE', #1454, #5155, #1994 ) ;
#2981 = PRESENTATION_STYLE_ASSIGNMENT (( #4268 ) ) ;
#2982 = ADVANCED_FACE ( 'NONE', ( #5648 ), #6220, .F. ) ;
#2983 = ORIENTED_EDGE ( 'NONE', *, *, #4605, .F. ) ;
#2984 = CARTESIAN_POINT ( 'NONE',  ( 11.67177128197023350, 11.07774315424633471, 15.00007378820410153 ) ) ;
#2985 = CARTESIAN_POINT ( 'NONE',  ( 0.0000000000000000000, 0.0000000000000000000, 11.44007378821410725 ) ) ;
#2986 = FACE_OUTER_BOUND ( 'NONE', #3559, .T. ) ;
#2987 = CARTESIAN_POINT ( 'NONE',  ( -4.929435102211766839, 9.217732065676335296, 14.99907378821410653 ) ) ;
#2988 = STYLED_ITEM ( 'NONE', ( #2019 ), #3702 ) ;
#2989 = CARTESIAN_POINT ( 'NONE',  ( 11.27177128197023137, 10.38492283121933468, 21.70348027693310655 ) ) ;
#2990 = VERTEX_POINT ( 'NONE', #3596 ) ;
#2991 = ORIENTED_EDGE ( 'NONE', *, *, #872, .T. ) ;
#2992 = FILL_AREA_STYLE_COLOUR ( '', #891 ) ;
#2993 = CARTESIAN_POINT ( 'NONE',  ( 11.08444181289723574, 10.48386097141133355, 16.50007378821410597 ) ) ;
#2994 = PRESENTATION_LAYER_ASSIGNMENT (  '', '', ( #2271 ) ) ;
#2995 = EDGE_CURVE ( 'NONE', #1081, #56, #5132, .T. ) ;
#2996 = ADVANCED_FACE ( 'NONE', ( #3734 ), #400, .T. ) ;
#2997 = LINE ( 'NONE', #1898, #4390 ) ;
#2998 = EDGE_CURVE ( 'NONE', #1175, #3344, #6055, .T. ) ;
#2999 = LINE ( 'NONE', #5967, #5647 ) ;
#3000 = LINE ( 'NONE', #1959, #4393 ) ;
#3001 = DIRECTION ( 'NONE',  ( -0.4786770492222107709, 0.8779910492413445233, 0.0000000000000000000 ) ) ;
#3002 = COLOUR_RGB ( '',0.2509803921568627416, 0.2509803921568627416, 0.2509803921568627416 ) ;
#3003 = PRESENTATION_LAYER_ASSIGNMENT (  '', '', ( #1931 ) ) ;
#3004 = LINE ( 'NONE', #2748, #2843 ) ;
#3005 = DIRECTION ( 'NONE',  ( -1.000000000000000000, -0.0000000000000000000, -0.0000000000000000000 ) ) ;
#3006 = STYLED_ITEM ( 'NONE', ( #4939 ), #2558 ) ;
#3007 = LINE ( 'NONE', #4349, #1584 ) ;
#3008 =( GEOMETRIC_REPRESENTATION_CONTEXT ( 3 ) GLOBAL_UNCERTAINTY_ASSIGNED_CONTEXT ( ( #4804 ) ) GLOBAL_UNIT_ASSIGNED_CONTEXT ( ( #1947, #5655, #2479 ) ) REPRESENTATION_CONTEXT ( 'NONE', 'WORKASPACE' ) );
#3009 = LINE ( 'NONE', #1273, #1416 ) ;
#3010 = CARTESIAN_POINT ( 'NONE',  ( 4.598034606640233335, 4.367732065676334763, 14.36007378821410541 ) ) ;
#3011 = VECTOR ( 'NONE', #1162, 1000.000000000000000 ) ;
#3012 = COLOUR_RGB ( '',1.000000000000000000, 1.000000000000000000, 1.000000000000000000 ) ;
#3013 =( LENGTH_UNIT ( ) NAMED_UNIT ( * ) SI_UNIT ( .MILLI., .METRE. ) );
#3014 =( NAMED_UNIT ( * ) PLANE_ANGLE_UNIT ( ) SI_UNIT ( $, .RADIAN. ) );
#3015 = SURFACE_SIDE_STYLE ('',( #1488 ) ) ;
#3016 = ORIENTED_EDGE ( 'NONE', *, *, #464, .F. ) ;
#3017 = VERTEX_POINT ( 'NONE', #132 ) ;
#3018 = CARTESIAN_POINT ( 'NONE',  ( -3.813228718029765929, 9.462754242817334571, 11.44007378821410725 ) ) ;
#3019 = ADVANCED_FACE ( 'NONE', ( #5887 ), #1148, .F. ) ;
#3020 = ORIENTED_EDGE ( 'NONE', *, *, #2793, .F. ) ;
#3021 =( NAMED_UNIT ( * ) SI_UNIT ( $, .STERADIAN. ) SOLID_ANGLE_UNIT ( ) );
#3022 = VECTOR ( 'NONE', #2978, 1000.000000000000000 ) ;
#3023 = AXIS2_PLACEMENT_3D ( 'NONE', #1977, #1434, #907 ) ;
#3024 = DIRECTION ( 'NONE',  ( 0.0000000000000000000, 0.0000000000000000000, -1.000000000000000000 ) ) ;
#3025 = STYLED_ITEM ( 'NONE', ( #5239 ), #6708 ) ;
#3026 = DIRECTION ( 'NONE',  ( 1.000000000000000000, -1.239088197122750557E-16, 0.0000000000000000000 ) ) ;
#3027 = VERTEX_POINT ( 'NONE', #2279 ) ;
#3028 = DIRECTION ( 'NONE',  ( 1.000000000000000000, -0.0000000000000000000, -0.0000000000000000000 ) ) ;
#3029 = LINE ( 'NONE', #6349, #186 ) ;
#3030 = CARTESIAN_POINT ( 'NONE',  ( 5.970552912677237423, 6.719299690771334710, 18.56007378821410825 ) ) ;
#3031 = FILL_AREA_STYLE ('',( #2491 ) ) ;
#3032 = CARTESIAN_POINT ( 'NONE',  ( 1.471771281970234213, 14.55775424281733521, 15.00007378821410597 ) ) ;
#3033 = DIRECTION ( 'NONE',  ( 1.000000000000000000, 0.0000000000000000000, 0.0000000000000000000 ) ) ;
#3034 =( LENGTH_UNIT ( ) NAMED_UNIT ( * ) SI_UNIT ( .MILLI., .METRE. ) );
#3035 = CARTESIAN_POINT ( 'NONE',  ( 11.87177130871520525, 4.778534858131560092, 21.60655012971256284 ) ) ;
#3036 = STYLED_ITEM ( 'NONE', ( #541 ), #3154 ) ;
#3037 = VERTEX_POINT ( 'NONE', #3879 ) ;
#3038 = EDGE_CURVE ( 'NONE', #1687, #5960, #1825, .T. ) ;
#3039 = EDGE_LOOP ( 'NONE', ( #6333, #6280, #5425, #2720 ) ) ;
#3040 =( LENGTH_UNIT ( ) NAMED_UNIT ( * ) SI_UNIT ( .MILLI., .METRE. ) );
#3041 = EDGE_CURVE ( 'NONE', #300, #167, #5385, .T. ) ;
#3042 = AXIS2_PLACEMENT_3D ( 'NONE', #1821, #5528, #2352 ) ;
#3043 = ORIENTED_EDGE ( 'NONE', *, *, #5333, .T. ) ;
#3044 = MECHANICAL_DESIGN_GEOMETRIC_PRESENTATION_REPRESENTATION (  '', ( #1976 ), #3399 ) ;
#3045 = PRESENTATION_LAYER_ASSIGNMENT (  '', '', ( #2327 ) ) ;
#3046 = SURFACE_STYLE_USAGE ( .BOTH. , #6210 ) ;
#3047 = ORIENTED_EDGE ( 'NONE', *, *, #4875, .T. ) ;
#3048 = ORIENTED_EDGE ( 'NONE', *, *, #2839, .F. ) ;
#3049 = DIRECTION ( 'NONE',  ( -1.000000000000000000, -0.0000000000000000000, -0.0000000000000000000 ) ) ;
#3050 = PLANE ( 'NONE',  #4619 ) ;
#3051 = FACE_OUTER_BOUND ( 'NONE', #2508, .T. ) ;
#3052 = ADVANCED_FACE ( 'NONE', ( #1140, #6810 ), #4410, .T. ) ;
#3053 = CARTESIAN_POINT ( 'NONE',  ( -6.328228718029764721, 12.27856632156533401, 22.62007378821410697 ) ) ;
#3054 = CARTESIAN_POINT ( 'NONE',  ( -6.328228718029764721, 13.52775424281733585, 15.00007378821410597 ) ) ;
#3055 = EDGE_LOOP ( 'NONE', ( #2772, #2947, #1736, #6262 ) ) ;
#3056 = SURFACE_STYLE_USAGE ( .BOTH. , #6218 ) ;
#3057 = VERTEX_POINT ( 'NONE', #2853 ) ;
#3058 = DIRECTION ( 'NONE',  ( 0.0000000000000000000, 0.0000000000000000000, 1.000000000000000000 ) ) ;
#3059 = EDGE_CURVE ( 'NONE', #6093, #3569, #6142, .T. ) ;
#3060 = DIRECTION ( 'NONE',  ( -0.0000000000000000000, -0.0000000000000000000, 1.000000000000000000 ) ) ;
#3061 = DIRECTION ( 'NONE',  ( 0.0000000000000000000, 0.0000000000000000000, 1.000000000000000000 ) ) ;
#3062 = SURFACE_STYLE_USAGE ( .BOTH. , #6224 ) ;
#3063 = PLANE ( 'NONE',  #1437 ) ;
#3064 = UNCERTAINTY_MEASURE_WITH_UNIT (LENGTH_MEASURE( 1.000000000000000082E-05 ), #6263, 'distance_accuracy_value', 'NONE');
#3065 = PRESENTATION_LAYER_ASSIGNMENT (  '', '', ( #2343 ) ) ;
#3066 = EDGE_CURVE ( 'NONE', #134, #706, #4727, .T. ) ;
#3067 = UNCERTAINTY_MEASURE_WITH_UNIT (LENGTH_MEASURE( 1.000000000000000082E-05 ), #1412, 'distance_accuracy_value', 'NONE');
#3068 =( GEOMETRIC_REPRESENTATION_CONTEXT ( 3 ) GLOBAL_UNCERTAINTY_ASSIGNED_CONTEXT ( ( #5865 ) ) GLOBAL_UNIT_ASSIGNED_CONTEXT ( ( #6785, #3611, #414 ) ) REPRESENTATION_CONTEXT ( 'NONE', 'WORKASPACE' ) );
#3069 = COLOUR_RGB ( '',1.000000000000000000, 1.000000000000000000, 1.000000000000000000 ) ;
#3070 = ORIENTED_EDGE ( 'NONE', *, *, #4888, .T. ) ;
#3071 = ORIENTED_EDGE ( 'NONE', *, *, #396, .F. ) ;
#3072 = ORIENTED_EDGE ( 'NONE', *, *, #2439, .F. ) ;
#3073 =( LENGTH_UNIT ( ) NAMED_UNIT ( * ) SI_UNIT ( .MILLI., .METRE. ) );
#3074 = DIRECTION ( 'NONE',  ( 0.0000000000000000000, 0.0000000000000000000, 1.000000000000000000 ) ) ;
#3075 = LINE ( 'NONE', #2759, #1131 ) ;
#3076 =( NAMED_UNIT ( * ) PLANE_ANGLE_UNIT ( ) SI_UNIT ( $, .RADIAN. ) );
#3077 = PRESENTATION_LAYER_ASSIGNMENT (  '', '', ( #2722 ) ) ;
#3078 = PRESENTATION_STYLE_ASSIGNMENT (( #6205 ) ) ;
#3079 =( NAMED_UNIT ( * ) PLANE_ANGLE_UNIT ( ) SI_UNIT ( $, .RADIAN. ) );
#3080 = FACE_OUTER_BOUND ( 'NONE', #6793, .T. ) ;
#3081 =( GEOMETRIC_REPRESENTATION_CONTEXT ( 3 ) GLOBAL_UNCERTAINTY_ASSIGNED_CONTEXT ( ( #552 ) ) GLOBAL_UNIT_ASSIGNED_CONTEXT ( ( #465, #4205, #1004 ) ) REPRESENTATION_CONTEXT ( 'NONE', 'WORKASPACE' ) );
#3082 = PRESENTATION_STYLE_ASSIGNMENT (( #4385 ) ) ;
#3083 = FILL_AREA_STYLE_COLOUR ( '', #5372 ) ;
#3084 = SURFACE_STYLE_USAGE ( .BOTH. , #6249 ) ;
#3085 = PLANE ( 'NONE',  #5040 ) ;
#3086 = SURFACE_STYLE_FILL_AREA ( #3863 ) ;
#3087 = DIRECTION ( 'NONE',  ( 0.0000000000000000000, -0.0000000000000000000, -1.000000000000000000 ) ) ;
#3088 = ADVANCED_FACE ( 'NONE', ( #475 ), #3927, .F. ) ;
#3089 = FACE_OUTER_BOUND ( 'NONE', #24, .T. ) ;
#3090 = PRESENTATION_LAYER_ASSIGNMENT (  '', '', ( #2366 ) ) ;
#3091 = EDGE_CURVE ( 'NONE', #3471, #473, #5462, .T. ) ;
#3092 =( LENGTH_UNIT ( ) NAMED_UNIT ( * ) SI_UNIT ( .MILLI., .METRE. ) );
#3093 = VECTOR ( 'NONE', #1149, 1000.000000000000000 ) ;
#3094 =( LENGTH_UNIT ( ) NAMED_UNIT ( * ) SI_UNIT ( .MILLI., .METRE. ) );
#3095 = VECTOR ( 'NONE', #4098, 1000.000000000000000 ) ;
#3096 =( NAMED_UNIT ( * ) PLANE_ANGLE_UNIT ( ) SI_UNIT ( $, .RADIAN. ) );
#3097 = PRESENTATION_STYLE_ASSIGNMENT (( #6824 ) ) ;
#3098 = SURFACE_STYLE_USAGE ( .BOTH. , #6264 ) ;
#3099 = VERTEX_POINT ( 'NONE', #1297 ) ;
#3100 =( NAMED_UNIT ( * ) PLANE_ANGLE_UNIT ( ) SI_UNIT ( $, .RADIAN. ) );
#3101 = UNCERTAINTY_MEASURE_WITH_UNIT (LENGTH_MEASURE( 1.000000000000000082E-05 ), #5927, 'distance_accuracy_value', 'NONE');
#3102 = CARTESIAN_POINT ( 'NONE',  ( 5.970552912677237423, 10.17620879488533525, 18.56007378821410825 ) ) ;
#3103 =( NAMED_UNIT ( * ) PLANE_ANGLE_UNIT ( ) SI_UNIT ( $, .RADIAN. ) );
#3104 = DIRECTION ( 'NONE',  ( 0.0000000000000000000, 0.0000000000000000000, -1.000000000000000000 ) ) ;
#3105 = VERTEX_POINT ( 'NONE', #4996 ) ;
#3106 = SURFACE_SIDE_STYLE ('',( #470 ) ) ;
#3107 = UNCERTAINTY_MEASURE_WITH_UNIT (LENGTH_MEASURE( 1.000000000000000082E-05 ), #1476, 'distance_accuracy_value', 'NONE');
#3108 = VECTOR ( 'NONE', #1655, 1000.000000000000000 ) ;
#3109 = VECTOR ( 'NONE', #3058, 1000.000000000000000 ) ;
#3110 = EDGE_LOOP ( 'NONE', ( #6612, #5126, #2787, #3150 ) ) ;
#3111 = FILL_AREA_STYLE ('',( #5207 ) ) ;
#3112 = AXIS2_PLACEMENT_3D ( 'NONE', #2503, #2177, #575 ) ;
#3113 = SURFACE_SIDE_STYLE ('',( #253 ) ) ;
#3114 = ORIENTED_EDGE ( 'NONE', *, *, #514, .F. ) ;
#3115 = MECHANICAL_DESIGN_GEOMETRIC_PRESENTATION_REPRESENTATION (  '', ( #2395 ), #3474 ) ;
#3116 = ORIENTED_EDGE ( 'NONE', *, *, #816, .F. ) ;
#3117 = EDGE_CURVE ( 'NONE', #2815, #6696, #2659, .T. ) ;
#3118 = FILL_AREA_STYLE ('',( #2582 ) ) ;
#3119 = ADVANCED_FACE ( 'NONE', ( #4071 ), #250, .F. ) ;
#3120 = ORIENTED_EDGE ( 'NONE', *, *, #6017, .F. ) ;
#3121 = AXIS2_PLACEMENT_3D ( 'NONE', #4292, #1097, #4821 ) ;
#3122 = DIRECTION ( 'NONE',  ( 1.000000000000000000, 0.0000000000000000000, -0.0000000000000000000 ) ) ;
#3123 = CIRCLE ( 'NONE', #4913, 8.004428400000003663 ) ;
#3124 = PLANE ( 'NONE',  #3855 ) ;
#3125 = DIRECTION ( 'NONE',  ( 0.0000000000000000000, -0.0000000000000000000, 1.000000000000000000 ) ) ;
#3126 =( NAMED_UNIT ( * ) SI_UNIT ( $, .STERADIAN. ) SOLID_ANGLE_UNIT ( ) );
#3127 = SURFACE_STYLE_USAGE ( .BOTH. , #6296 ) ;
#3128 = STYLED_ITEM ( 'NONE', ( #5492 ), #3493 ) ;
#3129 = EDGE_CURVE ( 'NONE', #4386, #438, #719, .T. ) ;
#3130 = CARTESIAN_POINT ( 'NONE',  ( -6.329435102211765418, 13.52775424281733585, 15.00007378821410597 ) ) ;
#3131 = EDGE_CURVE ( 'NONE', #4439, #6188, #6215, .T. ) ;
#3132 = LINE ( 'NONE', #1621, #1700 ) ;
#3133 = ORIENTED_EDGE ( 'NONE', *, *, #3253, .T. ) ;
#3134 = EDGE_LOOP ( 'NONE', ( #4870, #5337, #5715, #5204 ) ) ;
#3135 = AXIS2_PLACEMENT_3D ( 'NONE', #5190, #2023, #5736 ) ;
#3136 = STYLED_ITEM ( 'NONE', ( #2723 ), #2473 ) ;
#3137 = PRESENTATION_LAYER_ASSIGNMENT (  '', '', ( #2065 ) ) ;
#3138 = CARTESIAN_POINT ( 'NONE',  ( -6.328228718029764721, 13.52775424281733585, 22.62007378821410697 ) ) ;
#3139 = ORIENTED_EDGE ( 'NONE', *, *, #2318, .F. ) ;
#3140 = DIRECTION ( 'NONE',  ( -0.0000000000000000000, -0.0000000000000000000, 1.000000000000000000 ) ) ;
#3141 = ORIENTED_EDGE ( 'NONE', *, *, #1338, .F. ) ;
#3142 = CARTESIAN_POINT ( 'NONE',  ( -4.129435102211766129, 10.46773206567633707, 14.99907378821410653 ) ) ;
#3143 = PRESENTATION_STYLE_ASSIGNMENT (( #5323 ) ) ;
#3144 = LINE ( 'NONE', #6650, #4369 ) ;
#3145 =( NAMED_UNIT ( * ) SI_UNIT ( $, .STERADIAN. ) SOLID_ANGLE_UNIT ( ) );
#3146 =( LENGTH_UNIT ( ) NAMED_UNIT ( * ) SI_UNIT ( .MILLI., .METRE. ) );
#3147 = VERTEX_POINT ( 'NONE', #3473 ) ;
#3148 =( NAMED_UNIT ( * ) PLANE_ANGLE_UNIT ( ) SI_UNIT ( $, .RADIAN. ) );
#3149 = PRESENTATION_STYLE_ASSIGNMENT (( #1958 ) ) ;
#3150 = ORIENTED_EDGE ( 'NONE', *, *, #3899, .T. ) ;
#3151 = FILL_AREA_STYLE_COLOUR ( '', #2142 ) ;
#3152 = DIRECTION ( 'NONE',  ( -0.0000000000000000000, -0.0000000000000000000, 1.000000000000000000 ) ) ;
#3153 = CARTESIAN_POINT ( 'NONE',  ( 6.612080746905019346, 13.33595086733174107, 15.52032814115051984 ) ) ;
#3154 = ADVANCED_FACE ( 'NONE', ( #4802 ), #4520, .F. ) ;
#3155 = STYLED_ITEM ( 'NONE', ( #3620 ), #4987 ) ;
#3156 = VECTOR ( 'NONE', #5071, 1000.000000000000000 ) ;
#3157 = EDGE_CURVE ( 'NONE', #3613, #3552, #1489, .T. ) ;
#3158 = DIRECTION ( 'NONE',  ( -1.000000000000000000, -0.0000000000000000000, -0.0000000000000000000 ) ) ;
#3159 = ORIENTED_EDGE ( 'NONE', *, *, #6664, .T. ) ;
#3160 = VECTOR ( 'NONE', #2374, 1000.000000000000000 ) ;
#3161 = PRESENTATION_STYLE_ASSIGNMENT (( #2284 ) ) ;
#3162 = CARTESIAN_POINT ( 'NONE',  ( 4.598034606640233335, 3.367732065676334319, 15.00007378821410597 ) ) ;
#3163 = SURFACE_STYLE_USAGE ( .BOTH. , #6334 ) ;
#3164 = CARTESIAN_POINT ( 'NONE',  ( -0.8294351022117658623, 4.367732065676334763, 14.36007378821410363 ) ) ;
#3165 = SURFACE_STYLE_FILL_AREA ( #4732 ) ;
#3166 = PRESENTATION_STYLE_ASSIGNMENT (( #4330 ) ) ;
#3167 = AXIS2_PLACEMENT_3D ( 'NONE', #1770, #5472, #2302 ) ;
#3168 = CARTESIAN_POINT ( 'NONE',  ( -4.081961051698764997, 12.25775424281733450, 22.42007378821411478 ) ) ;
#3169 = EDGE_CURVE ( 'NONE', #5159, #1763, #4303, .T. ) ;
#3170 = LINE ( 'NONE', #3291, #4401 ) ;
#3171 = UNCERTAINTY_MEASURE_WITH_UNIT (LENGTH_MEASURE( 1.000000000000000082E-05 ), #4104, 'distance_accuracy_value', 'NONE');
#3172 = CARTESIAN_POINT ( 'NONE',  ( 3.741771281970234231, 12.25775424281733450, 15.00007378821410597 ) ) ;
#3173 = LINE ( 'NONE', #3378, #1749 ) ;
#3174 =( LENGTH_UNIT ( ) NAMED_UNIT ( * ) SI_UNIT ( .MILLI., .METRE. ) );
#3175 = AXIS2_PLACEMENT_3D ( 'NONE', #12, #5864, #2702 ) ;
#3176 = FACE_OUTER_BOUND ( 'NONE', #388, .T. ) ;
#3177 = AXIS2_PLACEMENT_3D ( 'NONE', #2427, #6136, #2962 ) ;
#3178 = ORIENTED_EDGE ( 'NONE', *, *, #1323, .F. ) ;
#3179 = ORIENTED_EDGE ( 'NONE', *, *, #6189, .F. ) ;
#3180 =( NAMED_UNIT ( * ) PLANE_ANGLE_UNIT ( ) SI_UNIT ( $, .RADIAN. ) );
#3181 = VECTOR ( 'NONE', #6419, 1000.000000000000000 ) ;
#3182 = UNCERTAINTY_MEASURE_WITH_UNIT (LENGTH_MEASURE( 1.000000000000000082E-05 ), #2725, 'distance_accuracy_value', 'NONE');
#3183 = FILL_AREA_STYLE ('',( #2647 ) ) ;
#3184 = VERTEX_POINT ( 'NONE', #844 ) ;
#3185 = VECTOR ( 'NONE', #297, 1000.000000000000000 ) ;
#3186 =( NAMED_UNIT ( * ) SI_UNIT ( $, .STERADIAN. ) SOLID_ANGLE_UNIT ( ) );
#3187 = EDGE_CURVE ( 'NONE', #5547, #6867, #2743, .T. ) ;
#3188 = FILL_AREA_STYLE ('',( #2116 ) ) ;
#3189 = ADVANCED_FACE ( 'NONE', ( #62 ), #4045, .F. ) ;
#3190 = FILL_AREA_STYLE ('',( #5819 ) ) ;
#3191 = COLOUR_RGB ( '',0.2509803921568627416, 0.2509803921568627416, 0.2509803921568627416 ) ;
#3192 = COLOUR_RGB ( '',0.2509803921568627416, 0.2509803921568627416, 0.2509803921568627416 ) ;
#3193 =( LENGTH_UNIT ( ) NAMED_UNIT ( * ) SI_UNIT ( .MILLI., .METRE. ) );
#3194 = ORIENTED_EDGE ( 'NONE', *, *, #6649, .F. ) ;
#3195 = DIRECTION ( 'NONE',  ( -0.0000000000000000000, -1.000000000000000000, -0.0000000000000000000 ) ) ;
#3196 = EDGE_CURVE ( 'NONE', #2031, #537, #4991, .T. ) ;
#3197 = CARTESIAN_POINT ( 'NONE',  ( 3.741771281970234231, 12.25775424281733450, 11.44007378821410725 ) ) ;
#3198 = CARTESIAN_POINT ( 'NONE',  ( 5.970552912677237423, 10.17620879488533525, 18.56007378821410825 ) ) ;
#3199 = UNCERTAINTY_MEASURE_WITH_UNIT (LENGTH_MEASURE( 1.000000000000000082E-05 ), #1818, 'distance_accuracy_value', 'NONE');
#3200 = COLOUR_RGB ( '',0.2509803921568627416, 0.2509803921568627416, 0.2509803921568627416 ) ;
#3201 = ORIENTED_EDGE ( 'NONE', *, *, #800, .F. ) ;
#3202 =( LENGTH_UNIT ( ) NAMED_UNIT ( * ) SI_UNIT ( .MILLI., .METRE. ) );
#3203 = ORIENTED_EDGE ( 'NONE', *, *, #5333, .F. ) ;
#3204 = VERTEX_POINT ( 'NONE', #6198 ) ;
#3205 =( NAMED_UNIT ( * ) PLANE_ANGLE_UNIT ( ) SI_UNIT ( $, .RADIAN. ) );
#3206 = CARTESIAN_POINT ( 'NONE',  ( -4.129435102211766129, 9.217732065676335296, 14.99907378821410653 ) ) ;
#3207 = MECHANICAL_DESIGN_GEOMETRIC_PRESENTATION_REPRESENTATION (  '', ( #2135 ), #3571 ) ;
#3208 = CARTESIAN_POINT ( 'NONE',  ( 1.471771281970234213, 14.55775424281733521, 22.62007378821410697 ) ) ;
#3209 = ORIENTED_EDGE ( 'NONE', *, *, #3535, .T. ) ;
#3210 = ORIENTED_EDGE ( 'NONE', *, *, #5153, .T. ) ;
#3211 = FACE_OUTER_BOUND ( 'NONE', #5066, .T. ) ;
#3212 = FACE_OUTER_BOUND ( 'NONE', #4424, .T. ) ;
#3213 = ORIENTED_EDGE ( 'NONE', *, *, #1707, .F. ) ;
#3214 = AXIS2_PLACEMENT_3D ( 'NONE', #6778, #3607, #406 ) ;
#3215 = ORIENTED_EDGE ( 'NONE', *, *, #2474, .F. ) ;
#3216 = COLOUR_RGB ( '',1.000000000000000000, 1.000000000000000000, 1.000000000000000000 ) ;
#3217 =( NAMED_UNIT ( * ) SI_UNIT ( $, .STERADIAN. ) SOLID_ANGLE_UNIT ( ) );
#3218 = ORIENTED_EDGE ( 'NONE', *, *, #188, .T. ) ;
#3219 = EDGE_CURVE ( 'NONE', #2990, #3705, #6412, .T. ) ;
#3220 = PRESENTATION_STYLE_ASSIGNMENT (( #2045 ) ) ;
#3221 = MECHANICAL_DESIGN_GEOMETRIC_PRESENTATION_REPRESENTATION (  '', ( #2149 ), #3589 ) ;
#3222 = UNCERTAINTY_MEASURE_WITH_UNIT (LENGTH_MEASURE( 1.000000000000000082E-05 ), #3645, 'distance_accuracy_value', 'NONE');
#3223 = SURFACE_STYLE_USAGE ( .BOTH. , #6393 ) ;
#3224 = CARTESIAN_POINT ( 'NONE',  ( -3.303228718029766142, 6.922754242817335424, 11.44007378821410725 ) ) ;
#3225 = DIRECTION ( 'NONE',  ( -1.000000000000000000, -0.0000000000000000000, -0.0000000000000000000 ) ) ;
#3226 = SURFACE_STYLE_FILL_AREA ( #2011 ) ;
#3227 = CARTESIAN_POINT ( 'NONE',  ( -4.129435102211766129, 7.717732065676334408, 15.00007378821410597 ) ) ;
#3228 = DIRECTION ( 'NONE',  ( -0.4786770492217730655, 0.8779910492415832213, 0.0000000000000000000 ) ) ;
#3229 = VERTEX_POINT ( 'NONE', #3030 ) ;
#3230 = FILL_AREA_STYLE_COLOUR ( '', #289 ) ;
#3231 = EDGE_LOOP ( 'NONE', ( #2547, #4911, #2211, #2790 ) ) ;
#3232 = CARTESIAN_POINT ( 'NONE',  ( 3.690552912677733666, 11.94775424282733489, 22.62007378821410697 ) ) ;
#3233 =( NAMED_UNIT ( * ) PLANE_ANGLE_UNIT ( ) SI_UNIT ( $, .RADIAN. ) );
#3234 = FACE_OUTER_BOUND ( 'NONE', #792, .T. ) ;
#3235 =( GEOMETRIC_REPRESENTATION_CONTEXT ( 3 ) GLOBAL_UNCERTAINTY_ASSIGNED_CONTEXT ( ( #3768 ) ) GLOBAL_UNIT_ASSIGNED_CONTEXT ( ( #5795, #2624, #6331 ) ) REPRESENTATION_CONTEXT ( 'NONE', 'WORKASPACE' ) );
#3236 = VECTOR ( 'NONE', #3333, 1000.000000000000000 ) ;
#3237 = FACE_OUTER_BOUND ( 'NONE', #5951, .T. ) ;
#3238 = AXIS2_PLACEMENT_3D ( 'NONE', #3459, #262, #3993 ) ;
#3239 =( GEOMETRIC_REPRESENTATION_CONTEXT ( 3 ) GLOBAL_UNCERTAINTY_ASSIGNED_CONTEXT ( ( #5109 ) ) GLOBAL_UNIT_ASSIGNED_CONTEXT ( ( #148, #3874, #677 ) ) REPRESENTATION_CONTEXT ( 'NONE', 'WORKASPACE' ) );
#3240 = CARTESIAN_POINT ( 'NONE',  ( 6.023124048472234371, 3.367732065676335207, 15.23425467915210696 ) ) ;
#3241 = UNCERTAINTY_MEASURE_WITH_UNIT (LENGTH_MEASURE( 1.000000000000000082E-05 ), #6640, 'distance_accuracy_value', 'NONE');
#3242 = LINE ( 'NONE', #215, #551 ) ;
#3243 =( LENGTH_UNIT ( ) NAMED_UNIT ( * ) SI_UNIT ( .MILLI., .METRE. ) );
#3244 = FACE_OUTER_BOUND ( 'NONE', #4407, .T. ) ;
#3245 = VECTOR ( 'NONE', #6665, 1000.000000000000000 ) ;
#3246 = CARTESIAN_POINT ( 'NONE',  ( 11.27177128197023137, 11.77056347727433483, 21.70348027693310655 ) ) ;
#3247 =( NAMED_UNIT ( * ) PLANE_ANGLE_UNIT ( ) SI_UNIT ( $, .RADIAN. ) );
#3248 =( NAMED_UNIT ( * ) SI_UNIT ( $, .STERADIAN. ) SOLID_ANGLE_UNIT ( ) );
#3249 = SURFACE_SIDE_STYLE ('',( #6273 ) ) ;
#3250 = COLOUR_RGB ( '',0.2509803921568627416, 0.2509803921568627416, 0.2509803921568627416 ) ;
#3251 = LINE ( 'NONE', #885, #1841 ) ;
#3252 = COLOUR_RGB ( '',0.2509803921568627416, 0.2509803921568627416, 0.2509803921568627416 ) ;
#3253 = EDGE_CURVE ( 'NONE', #5420, #958, #2183, .T. ) ;
#3254 = CARTESIAN_POINT ( 'NONE',  ( 5.970552912677237423, 8.697754242828334981, 17.04621897928210572 ) ) ;
#3255 = EDGE_CURVE ( 'NONE', #3837, #2990, #6255, .T. ) ;
#3256 = FILL_AREA_STYLE_COLOUR ( '', #1012 ) ;
#3257 = ORIENTED_EDGE ( 'NONE', *, *, #3196, .T. ) ;
#3258 = PRESENTATION_LAYER_ASSIGNMENT (  '', '', ( #3619 ) ) ;
#3259 =( GEOMETRIC_REPRESENTATION_CONTEXT ( 3 ) GLOBAL_UNCERTAINTY_ASSIGNED_CONTEXT ( ( #5641 ) ) GLOBAL_UNIT_ASSIGNED_CONTEXT ( ( #509, #4255, #1047 ) ) REPRESENTATION_CONTEXT ( 'NONE', 'WORKASPACE' ) );
#3260 =( GEOMETRIC_REPRESENTATION_CONTEXT ( 3 ) GLOBAL_UNCERTAINTY_ASSIGNED_CONTEXT ( ( #6546 ) ) GLOBAL_UNIT_ASSIGNED_CONTEXT ( ( #3243, #50, #3766 ) ) REPRESENTATION_CONTEXT ( 'NONE', 'WORKASPACE' ) );
#3261 = VERTEX_POINT ( 'NONE', #2155 ) ;
#3262 = CARTESIAN_POINT ( 'NONE',  ( 6.436257234716912912, 3.455901161222180384, 15.43882416967080751 ) ) ;
#3263 = CARTESIAN_POINT ( 'NONE',  ( -4.081961051698764997, 12.25775424281733450, 22.62007378821410697 ) ) ;
#3264 = DIRECTION ( 'NONE',  ( 1.000000000000000000, -0.0000000000000000000, -0.0000000000000000000 ) ) ;
#3265 = LINE ( 'NONE', #1633, #425 ) ;
#3266 = FILL_AREA_STYLE_COLOUR ( '', #1413 ) ;
#3267 = FILL_AREA_STYLE_COLOUR ( '', #3002 ) ;
#3268 = EDGE_CURVE ( 'NONE', #1623, #4439, #6086, .T. ) ;
#3269 = CARTESIAN_POINT ( 'NONE',  ( 3.190552912677234509, 11.94775424282733489, 22.62007378821410697 ) ) ;
#3270 = VECTOR ( 'NONE', #1924, 1000.000000000000000 ) ;
#3271 = SURFACE_STYLE_USAGE ( .BOTH. , #6439 ) ;
#3272 = CARTESIAN_POINT ( 'NONE',  ( 1.471771281970234213, 13.52856633055133528, 22.62007378821410697 ) ) ;
#3273 = DIRECTION ( 'NONE',  ( 2.224004456380522889E-16, -1.000000000000000000, 0.0000000000000000000 ) ) ;
#3274 = DIRECTION ( 'NONE',  ( -0.0000000000000000000, 1.000000000000000000, -0.0000000000000000000 ) ) ;
#3275 = ORIENTED_EDGE ( 'NONE', *, *, #5955, .F. ) ;
#3276 = ORIENTED_EDGE ( 'NONE', *, *, #464, .T. ) ;
#3277 = ORIENTED_EDGE ( 'NONE', *, *, #535, .T. ) ;
#3278 =( NAMED_UNIT ( * ) SI_UNIT ( $, .STERADIAN. ) SOLID_ANGLE_UNIT ( ) );
#3279 = PRESENTATION_LAYER_ASSIGNMENT (  '', '', ( #2574 ) ) ;
#3280 = ORIENTED_EDGE ( 'NONE', *, *, #1096, .F. ) ;
#3281 = EDGE_CURVE ( 'NONE', #3536, #2139, #573, .T. ) ;
#3282 = AXIS2_PLACEMENT_3D ( 'NONE', #408, #4143, #935 ) ;
#3283 = CARTESIAN_POINT ( 'NONE',  ( 5.970552912677237423, 8.697754242828334981, 20.57392859714610722 ) ) ;
#3284 = AXIS2_PLACEMENT_3D ( 'NONE', #993, #4195, #4239 ) ;
#3285 = DIRECTION ( 'NONE',  ( 0.9474288642058616983, -0.3199664783529530543, 0.0000000000000000000 ) ) ;
#3286 = DIRECTION ( 'NONE',  ( 1.000000000000000000, 0.0000000000000000000, 0.0000000000000000000 ) ) ;
#3287 = VECTOR ( 'NONE', #2541, 1000.000000000000000 ) ;
#3288 = VECTOR ( 'NONE', #2679, 1000.000000000000000 ) ;
#3289 = ORIENTED_EDGE ( 'NONE', *, *, #1603, .F. ) ;
#3290 = SURFACE_STYLE_USAGE ( .BOTH. , #6462 ) ;
#3291 = CARTESIAN_POINT ( 'NONE',  ( 11.27177128198023404, 5.124945008350334952, 15.00007378822410686 ) ) ;
#3292 = CARTESIAN_POINT ( 'NONE',  ( 9.872192692789896640, 11.14796725140167233, 21.92958253137859259 ) ) ;
#3293 = VERTEX_POINT ( 'NONE', #3752 ) ;
#3294 =( NAMED_UNIT ( * ) SI_UNIT ( $, .STERADIAN. ) SOLID_ANGLE_UNIT ( ) );
#3295 = PLANE ( 'NONE',  #2324 ) ;
#3296 = SURFACE_STYLE_USAGE ( .BOTH. , #6469 ) ;
#3297 = CARTESIAN_POINT ( 'NONE',  ( -6.329420576603766335, 9.447739717209742594, 22.62007378821410697 ) ) ;
#3298 = STYLED_ITEM ( 'NONE', ( #3166 ), #4162 ) ;
#3299 = ORIENTED_EDGE ( 'NONE', *, *, #4658, .F. ) ;
#3300 = ORIENTED_EDGE ( 'NONE', *, *, #6429, .F. ) ;
#3301 = LINE ( 'NONE', #3994, #303 ) ;
#3302 = FILL_AREA_STYLE ('',( #1144 ) ) ;
#3303 = DIRECTION ( 'NONE',  ( 0.0000000000000000000, 0.0000000000000000000, -1.000000000000000000 ) ) ;
#3304 =( GEOMETRIC_REPRESENTATION_CONTEXT ( 3 ) GLOBAL_UNCERTAINTY_ASSIGNED_CONTEXT ( ( #1935 ) ) GLOBAL_UNIT_ASSIGNED_CONTEXT ( ( #1470, #5170, #2010 ) ) REPRESENTATION_CONTEXT ( 'NONE', 'WORKASPACE' ) );
#3305 = STYLED_ITEM ( 'NONE', ( #6472 ), #5578 ) ;
#3306 = ORIENTED_EDGE ( 'NONE', *, *, #4888, .F. ) ;
#3307 =( GEOMETRIC_REPRESENTATION_CONTEXT ( 3 ) GLOBAL_UNCERTAINTY_ASSIGNED_CONTEXT ( ( #1252 ) ) GLOBAL_UNIT_ASSIGNED_CONTEXT ( ( #2294, #6003, #2845 ) ) REPRESENTATION_CONTEXT ( 'NONE', 'WORKASPACE' ) );
#3308 = FACE_OUTER_BOUND ( 'NONE', #533, .T. ) ;
#3309 = FILL_AREA_STYLE ('',( #4866 ) ) ;
#3310 = FILL_AREA_STYLE ('',( #6482 ) ) ;
#3311 = EDGE_LOOP ( 'NONE', ( #3937, #4294, #3797, #4 ) ) ;
#3312 = VECTOR ( 'NONE', #6438, 1000.000000000000114 ) ;
#3313 = CARTESIAN_POINT ( 'NONE',  ( -3.813228718029765929, 12.00275424281733549, 11.44007378821410725 ) ) ;
#3314 = EDGE_CURVE ( 'NONE', #5370, #3471, #3608, .T. ) ;
#3315 = CARTESIAN_POINT ( 'NONE',  ( 2.171771281970234391, 14.55775424281733521, 15.00007378821410597 ) ) ;
#3316 = FACE_OUTER_BOUND ( 'NONE', #2034, .T. ) ;
#3317 = COLOUR_RGB ( '',0.2509803921568627416, 0.2509803921568627416, 0.2509803921568627416 ) ;
#3318 = FILL_AREA_STYLE_COLOUR ( '', #2083 ) ;
#3319 = CARTESIAN_POINT ( 'NONE',  ( 6.170552912677234936, 6.197754242817334003, 21.62007378821410342 ) ) ;
#3320 = LINE ( 'NONE', #1372, #3156 ) ;
#3321 =( NAMED_UNIT ( * ) PLANE_ANGLE_UNIT ( ) SI_UNIT ( $, .RADIAN. ) );
#3322 = VECTOR ( 'NONE', #6788, 1000.000000000000000 ) ;
#3323 = FILL_AREA_STYLE_COLOUR ( '', #2048 ) ;
#3324 = ORIENTED_EDGE ( 'NONE', *, *, #3947, .F. ) ;
#3325 =( NAMED_UNIT ( * ) PLANE_ANGLE_UNIT ( ) SI_UNIT ( $, .RADIAN. ) );
#3326 = VECTOR ( 'NONE', #1300, 1000.000000000000000 ) ;
#3327 = VECTOR ( 'NONE', #207, 1000.000000000000000 ) ;
#3328 = VECTOR ( 'NONE', #1725, 1000.000000000000000 ) ;
#3329 = EDGE_CURVE ( 'NONE', #256, #1640, #471, .T. ) ;
#3330 = VECTOR ( 'NONE', #2338, 1000.000000000000000 ) ;
#3331 = CARTESIAN_POINT ( 'NONE',  ( -3.303228718029766142, 4.382754242817334500, 11.44007378821410725 ) ) ;
#3332 = COLOUR_RGB ( '',0.2509803921568627416, 0.2509803921568627416, 0.2509803921568627416 ) ;
#3333 = DIRECTION ( 'NONE',  ( -0.0000000000000000000, -1.000000000000000000, 1.110223024624999754E-16 ) ) ;
#3334 = AXIS2_PLACEMENT_3D ( 'NONE', #2403, #6114, #2940 ) ;
#3335 = LINE ( 'NONE', #3788, #1923 ) ;
#3336 = LINE ( 'NONE', #4940, #5978 ) ;
#3337 = AXIS2_PLACEMENT_3D ( 'NONE', #2495, #6201, #3033 ) ;
#3338 = FACE_OUTER_BOUND ( 'NONE', #6592, .T. ) ;
#3339 = CARTESIAN_POINT ( 'NONE',  ( -6.329435102211765418, 3.367732065676335207, 22.62007378821410697 ) ) ;
#3340 = SURFACE_STYLE_FILL_AREA ( #6580 ) ;
#3341 = LINE ( 'NONE', #865, #1928 ) ;
#3342 = AXIS2_PLACEMENT_3D ( 'NONE', #4933, #1767, #5466 ) ;
#3343 = ORIENTED_EDGE ( 'NONE', *, *, #98, .T. ) ;
#3344 = VERTEX_POINT ( 'NONE', #1110 ) ;
#3345 = DIRECTION ( 'NONE',  ( -1.000000000000000000, 0.0000000000000000000, 0.0000000000000000000 ) ) ;
#3346 = DIRECTION ( 'NONE',  ( 6.195440985613754018E-17, -1.000000000000000000, 0.0000000000000000000 ) ) ;
#3347 = VECTOR ( 'NONE', #5870, 1000.000000000000000 ) ;
#3348 = CARTESIAN_POINT ( 'NONE',  ( 0.6717712819702342797, 13.52856633055133528, 14.36007378820410452 ) ) ;
#3349 = CARTESIAN_POINT ( 'NONE',  ( 4.970552912677236534, 10.17620879488533525, 19.06007378821410470 ) ) ;
#3350 = EDGE_LOOP ( 'NONE', ( #2874, #4367, #4134, #6176, #1780 ) ) ;
#3351 = MECHANICAL_DESIGN_GEOMETRIC_PRESENTATION_REPRESENTATION (  '', ( #2271 ), #3698 ) ;
#3352 = LINE ( 'NONE', #724, #1940 ) ;
#3353 = EDGE_CURVE ( 'NONE', #3147, #450, #4505, .T. ) ;
#3354 = SURFACE_STYLE_USAGE ( .BOTH. , #6517 ) ;
#3355 = SURFACE_SIDE_STYLE ('',( #2521 ) ) ;
#3356 = EDGE_CURVE ( 'NONE', #2950, #5446, #3265, .T. ) ;
#3357 = MECHANICAL_DESIGN_GEOMETRIC_PRESENTATION_REPRESENTATION (  '', ( #1931 ), #3707 ) ;
#3358 = VECTOR ( 'NONE', #4864, 1000.000000000000000 ) ;
#3359 =( NAMED_UNIT ( * ) SI_UNIT ( $, .STERADIAN. ) SOLID_ANGLE_UNIT ( ) );
#3360 = AXIS2_PLACEMENT_3D ( 'NONE', #1234, #4947, #1781 ) ;
#3361 = VERTEX_POINT ( 'NONE', #4832 ) ;
#3362 = VERTEX_POINT ( 'NONE', #2192 ) ;
#3363 = CARTESIAN_POINT ( 'NONE',  ( 11.17810654744323351, 13.52775424282733496, 5.373930527561106452 ) ) ;
#3364 = DIRECTION ( 'NONE',  ( 0.0000000000000000000, 0.0000000000000000000, -1.000000000000000000 ) ) ;
#3365 = CARTESIAN_POINT ( 'NONE',  ( 2.170564897788234138, 5.397732065676335900, 22.62007378821410697 ) ) ;
#3366 =( LENGTH_UNIT ( ) NAMED_UNIT ( * ) SI_UNIT ( .MILLI., .METRE. ) );
#3367 = ORIENTED_EDGE ( 'NONE', *, *, #4062, .F. ) ;
#3368 = UNCERTAINTY_MEASURE_WITH_UNIT (LENGTH_MEASURE( 1.000000000000000082E-05 ), #5702, 'distance_accuracy_value', 'NONE');
#3369 = COLOUR_RGB ( '',0.2509803921568627416, 0.2509803921568627416, 0.2509803921568627416 ) ;
#3370 = CARTESIAN_POINT ( 'NONE',  ( 7.667695832471022044, 11.36585795765842200, 15.93465785576694138 ) ) ;
#3371 = ORIENTED_EDGE ( 'NONE', *, *, #2, .T. ) ;
#3372 = MECHANICAL_DESIGN_GEOMETRIC_PRESENTATION_REPRESENTATION (  '', ( #2666 ), #3724 ) ;
#3373 = VERTEX_POINT ( 'NONE', #2747 ) ;
#3374 = VECTOR ( 'NONE', #5397, 1000.000000000000000 ) ;
#3375 = STYLED_ITEM ( 'NONE', ( #241 ), #1381 ) ;
#3376 = FILL_AREA_STYLE ('',( #6541 ) ) ;
#3377 = AXIS2_PLACEMENT_3D ( 'NONE', #5329, #15, #2161 ) ;
#3378 = CARTESIAN_POINT ( 'NONE',  ( -4.929435102211766839, 9.217732065676335296, 14.99907378821410653 ) ) ;
#3379 = FILL_AREA_STYLE ('',( #2855 ) ) ;
#3380 = ORIENTED_EDGE ( 'NONE', *, *, #4339, .T. ) ;
#3381 = SURFACE_STYLE_USAGE ( .BOTH. , #6547 ) ;
#3382 = ORIENTED_EDGE ( 'NONE', *, *, #5673, .T. ) ;
#3383 = ORIENTED_EDGE ( 'NONE', *, *, #66, .T. ) ;
#3384 = CARTESIAN_POINT ( 'NONE',  ( 10.41050818666784039, 4.527990971413312415, 16.47472089137811224 ) ) ;
#3385 = DIRECTION ( 'NONE',  ( -1.000000000000000000, 0.0000000000000000000, 0.0000000000000000000 ) ) ;
#3386 = SURFACE_STYLE_USAGE ( .BOTH. , #6555 ) ;
#3387 = AXIS2_PLACEMENT_3D ( 'NONE', #2394, #6103, #2934 ) ;
#3388 = COLOUR_RGB ( '',0.2509803921568627416, 0.2509803921568627416, 0.2509803921568627416 ) ;
#3389 = FILL_AREA_STYLE_COLOUR ( '', #1475 ) ;
#3390 = CARTESIAN_POINT ( 'NONE',  ( -3.303228718029766142, 12.51275424281733706, 15.00007378821410597 ) ) ;
#3391 = EDGE_CURVE ( 'NONE', #2043, #3037, #6155, .T. ) ;
#3392 = COLOUR_RGB ( '',1.000000000000000000, 1.000000000000000000, 1.000000000000000000 ) ;
#3393 = DIRECTION ( 'NONE',  ( 1.000000000000000000, -0.0000000000000000000, -0.0000000000000000000 ) ) ;
#3394 = EDGE_CURVE ( 'NONE', #363, #6677, #269, .T. ) ;
#3395 = STYLED_ITEM ( 'NONE', ( #1317 ), #4549 ) ;
#3396 = ORIENTED_EDGE ( 'NONE', *, *, #4737, .F. ) ;
#3397 = PLANE ( 'NONE',  #5452 ) ;
#3398 = ORIENTED_EDGE ( 'NONE', *, *, #4279, .F. ) ;
#3399 =( GEOMETRIC_REPRESENTATION_CONTEXT ( 3 ) GLOBAL_UNCERTAINTY_ASSIGNED_CONTEXT ( ( #2460 ) ) GLOBAL_UNIT_ASSIGNED_CONTEXT ( ( #2292, #6000, #2842 ) ) REPRESENTATION_CONTEXT ( 'NONE', 'WORKASPACE' ) );
#3400 = SURFACE_STYLE_FILL_AREA ( #4126 ) ;
#3401 = MECHANICAL_DESIGN_GEOMETRIC_PRESENTATION_REPRESENTATION (  '', ( #2327 ), #3747 ) ;
#3402 = ORIENTED_EDGE ( 'NONE', *, *, #5681, .T. ) ;
#3403 = CARTESIAN_POINT ( 'NONE',  ( 0.6705648977882341377, 5.397732065676335900, 22.62007378821410697 ) ) ;
#3404 = COLOUR_RGB ( '',0.2509803921568627416, 0.2509803921568627416, 0.2509803921568627416 ) ;
#3405 = FACE_OUTER_BOUND ( 'NONE', #2391, .T. ) ;
#3406 = VECTOR ( 'NONE', #1346, 1000.000000000000000 ) ;
#3407 = LINE ( 'NONE', #4959, #6216 ) ;
#3408 = FILL_AREA_STYLE ('',( #5499 ) ) ;
#3409 = PRESENTATION_STYLE_ASSIGNMENT (( #6674 ) ) ;
#3410 = EDGE_CURVE ( 'NONE', #3536, #3720, #4906, .T. ) ;
#3411 = UNCERTAINTY_MEASURE_WITH_UNIT (LENGTH_MEASURE( 1.000000000000000082E-05 ), #5669, 'distance_accuracy_value', 'NONE');
#3412 = DIRECTION ( 'NONE',  ( 0.0000000000000000000, -1.000000000000000000, 0.0000000000000000000 ) ) ;
#3413 =( NAMED_UNIT ( * ) PLANE_ANGLE_UNIT ( ) SI_UNIT ( $, .RADIAN. ) );
#3414 = FILL_AREA_STYLE_COLOUR ( '', #1914 ) ;
#3415 = DIRECTION ( 'NONE',  ( -0.0000000000000000000, -0.0000000000000000000, -1.000000000000000000 ) ) ;
#3416 = DIRECTION ( 'NONE',  ( -0.0000000000000000000, -0.0000000000000000000, 1.000000000000000000 ) ) ;
#3417 = ADVANCED_FACE ( 'NONE', ( #2938 ), #5923, .T. ) ;
#3418 = DIRECTION ( 'NONE',  ( -1.000000000000000000, 0.0000000000000000000, 0.0000000000000000000 ) ) ;
#3419 = VECTOR ( 'NONE', #6570, 1000.000000000000000 ) ;
#3420 = MECHANICAL_DESIGN_GEOMETRIC_PRESENTATION_REPRESENTATION (  '', ( #2343 ), #3757 ) ;
#3421 = VECTOR ( 'NONE', #5338, 1000.000000000000000 ) ;
#3422 = LINE ( 'NONE', #1890, #3245 ) ;
#3423 = EDGE_CURVE ( 'NONE', #3936, #2100, #6500, .T. ) ;
#3424 = PRESENTATION_LAYER_ASSIGNMENT (  '', '', ( #3759 ) ) ;
#3425 = SURFACE_SIDE_STYLE ('',( #3340 ) ) ;
#3426 = VECTOR ( 'NONE', #4949, 1000.000000000000000 ) ;
#3427 = DIRECTION ( 'NONE',  ( 0.0000000000000000000, -0.0000000000000000000, 1.000000000000000000 ) ) ;
#3428 = COLOUR_RGB ( '',1.000000000000000000, 1.000000000000000000, 1.000000000000000000 ) ;
#3429 = VECTOR ( 'NONE', #1193, 1000.000000000000000 ) ;
#3430 = DIRECTION ( 'NONE',  ( 0.0000000000000000000, 0.0000000000000000000, 1.000000000000000000 ) ) ;
#3431 = DIRECTION ( 'NONE',  ( 0.0000000000000000000, 0.0000000000000000000, -1.000000000000000000 ) ) ;
#3432 = CARTESIAN_POINT ( 'NONE',  ( 0.6705648977882341377, 5.397732065676335900, 15.00007378821410597 ) ) ;
#3433 = VERTEX_POINT ( 'NONE', #1730 ) ;
#3434 = MECHANICAL_DESIGN_GEOMETRIC_PRESENTATION_REPRESENTATION (  '', ( #2722 ), #3770 ) ;
#3435 = DIRECTION ( 'NONE',  ( -0.4786770492217730655, -0.8779910492415831103, 0.0000000000000000000 ) ) ;
#3436 = PLANE ( 'NONE',  #478 ) ;
#3437 = EDGE_LOOP ( 'NONE', ( #2719, #4761, #359, #3071 ) ) ;
#3438 = CYLINDRICAL_SURFACE ( 'NONE', #5605, 0.2000000000000031197 ) ;
#3439 = DIRECTION ( 'NONE',  ( 1.000000000000000000, 0.0000000000000000000, -0.0000000000000000000 ) ) ;
#3440 = LINE ( 'NONE', #6561, #4828 ) ;
#3441 = SURFACE_SIDE_STYLE ('',( #6566 ) ) ;
#3442 = DIRECTION ( 'NONE',  ( -0.0000000000000000000, 1.110223024624999878E-16, 1.000000000000000000 ) ) ;
#3443 = MECHANICAL_DESIGN_GEOMETRIC_PRESENTATION_REPRESENTATION (  '', ( #2366 ), #3780 ) ;
#3444 = VECTOR ( 'NONE', #888, 1000.000000000000000 ) ;
#3445 = DIRECTION ( 'NONE',  ( -0.0000000000000000000, -0.0000000000000000000, 1.000000000000000000 ) ) ;
#3446 = CARTESIAN_POINT ( 'NONE',  ( 4.970552912677236534, 10.17620879488533525, 18.56007378821410825 ) ) ;
#3447 = EDGE_CURVE ( 'NONE', #459, #2030, #3679, .T. ) ;
#3448 = EDGE_LOOP ( 'NONE', ( #884, #6168 ) ) ;
#3449 = LINE ( 'NONE', #5751, #6260 ) ;
#3450 = ORIENTED_EDGE ( 'NONE', *, *, #5831, .F. ) ;
#3451 = DIRECTION ( 'NONE',  ( -1.000000000000000000, -0.0000000000000000000, -0.0000000000000000000 ) ) ;
#3452 = ORIENTED_EDGE ( 'NONE', *, *, #4658, .T. ) ;
#3453 = FILL_AREA_STYLE_COLOUR ( '', #6732 ) ;
#3454 = ADVANCED_FACE ( 'NONE', ( #5073 ), #2816, .F. ) ;
#3455 = SURFACE_SIDE_STYLE ('',( #1909 ) ) ;
#3456 = ORIENTED_EDGE ( 'NONE', *, *, #86, .T. ) ;
#3457 =( NAMED_UNIT ( * ) SI_UNIT ( $, .STERADIAN. ) SOLID_ANGLE_UNIT ( ) );
#3458 = SURFACE_STYLE_USAGE ( .BOTH. , #6624 ) ;
#3459 = CARTESIAN_POINT ( 'NONE',  ( 5.970552912677237423, 8.447754242828334981, 18.81007378821410470 ) ) ;
#3460 = CARTESIAN_POINT ( 'NONE',  ( 5.598034606640234223, 3.367732065676335207, 22.62007378821410697 ) ) ;
#3461 = VECTOR ( 'NONE', #5172, 1000.000000000000000 ) ;
#3462 = LINE ( 'NONE', #6355, #2042 ) ;
#3463 = ORIENTED_EDGE ( 'NONE', *, *, #6229, .F. ) ;
#3464 = CARTESIAN_POINT ( 'NONE',  ( -6.328228718029764721, 13.52775424281733585, 22.62007378821410697 ) ) ;
#3465 = ORIENTED_EDGE ( 'NONE', *, *, #3615, .T. ) ;
#3466 = FACE_OUTER_BOUND ( 'NONE', #5846, .T. ) ;
#3467 = FILL_AREA_STYLE ('',( #4499 ) ) ;
#3468 = SURFACE_SIDE_STYLE ('',( #1166 ) ) ;
#3469 = AXIS2_PLACEMENT_3D ( 'NONE', #584, #4326, #1129 ) ;
#3470 = ADVANCED_FACE ( 'NONE', ( #1768 ), #3891, .F. ) ;
#3471 = VERTEX_POINT ( 'NONE', #4420 ) ;
#3472 = AXIS2_PLACEMENT_3D ( 'NONE', #3556, #354, #4088 ) ;
#3473 = CARTESIAN_POINT ( 'NONE',  ( -4.129435102211766129, 3.367732065676335207, 15.00007378821410597 ) ) ;
#3474 =( GEOMETRIC_REPRESENTATION_CONTEXT ( 3 ) GLOBAL_UNCERTAINTY_ASSIGNED_CONTEXT ( ( #5842 ) ) GLOBAL_UNIT_ASSIGNED_CONTEXT ( ( #795, #4516, #1340 ) ) REPRESENTATION_CONTEXT ( 'NONE', 'WORKASPACE' ) );
#3475 = EDGE_CURVE ( 'NONE', #1248, #4778, #2693, .T. ) ;
#3476 = ORIENTED_EDGE ( 'NONE', *, *, #3169, .F. ) ;
#3477 =( NAMED_UNIT ( * ) PLANE_ANGLE_UNIT ( ) SI_UNIT ( $, .RADIAN. ) );
#3478 = LINE ( 'NONE', #4467, #2055 ) ;
#3479 = FILL_AREA_STYLE_COLOUR ( '', #718 ) ;
#3480 = PRESENTATION_LAYER_ASSIGNMENT (  '', '', ( #2765 ) ) ;
#3481 = ORIENTED_EDGE ( 'NONE', *, *, #2344, .T. ) ;
#3482 = DIRECTION ( 'NONE',  ( 0.0000000000000000000, 0.0000000000000000000, -1.000000000000000000 ) ) ;
#3483 = UNCERTAINTY_MEASURE_WITH_UNIT (LENGTH_MEASURE( 1.000000000000000082E-05 ), #5434, 'distance_accuracy_value', 'NONE');
#3484 = ORIENTED_EDGE ( 'NONE', *, *, #3329, .F. ) ;
#3485 = FACE_OUTER_BOUND ( 'NONE', #1616, .T. ) ;
#3486 = ORIENTED_EDGE ( 'NONE', *, *, #1648, .T. ) ;
#3487 = SURFACE_STYLE_USAGE ( .BOTH. , #6647 ) ;
#3488 = SURFACE_STYLE_FILL_AREA ( #5218 ) ;
#3489 = DIRECTION ( 'NONE',  ( -1.000000000000000000, 0.0000000000000000000, 0.0000000000000000000 ) ) ;
#3490 = AXIS2_PLACEMENT_3D ( 'NONE', #6554, #3385, #192 ) ;
#3491 = SURFACE_STYLE_FILL_AREA ( #2025 ) ;
#3492 = FACE_OUTER_BOUND ( 'NONE', #4903, .T. ) ;
#3493 = ADVANCED_FACE ( 'NONE', ( #5327 ), #3438, .T. ) ;
#3494 = EDGE_CURVE ( 'NONE', #2680, #2189, #2179, .T. ) ;
#3495 = EDGE_CURVE ( 'NONE', #4146, #6703, #4827, .T. ) ;
#3496 = CIRCLE ( 'NONE', #6305, 0.2000000000000022593 ) ;
#3497 = FILL_AREA_STYLE_COLOUR ( '', #6267 ) ;
#3498 = AXIS2_PLACEMENT_3D ( 'NONE', #913, #4637, #1466 ) ;
#3499 = CARTESIAN_POINT ( 'NONE',  ( 1.470564897788234404, 3.367732065676335207, 15.00007378821410597 ) ) ;
#3500 = AXIS2_PLACEMENT_3D ( 'NONE', #1137, #4858, #1681 ) ;
#3501 = ORIENTED_EDGE ( 'NONE', *, *, #890, .F. ) ;
#3502 = MECHANICAL_DESIGN_GEOMETRIC_PRESENTATION_REPRESENTATION (  '', ( #2065 ), #3836 ) ;
#3503 = VECTOR ( 'NONE', #111, 1000.000000000000000 ) ;
#3504 =( NAMED_UNIT ( * ) PLANE_ANGLE_UNIT ( ) SI_UNIT ( $, .RADIAN. ) );
#3505 = LINE ( 'NONE', #6048, #3330 ) ;
#3506 = SURFACE_STYLE_FILL_AREA ( #2941 ) ;
#3507 = VECTOR ( 'NONE', #6485, 1000.000000000000000 ) ;
#3508 = PRESENTATION_STYLE_ASSIGNMENT (( #3567 ) ) ;
#3509 = SURFACE_STYLE_USAGE ( .BOTH. , #6669 ) ;
#3510 = COLOUR_RGB ( '',0.2509803921568627416, 0.2509803921568627416, 0.2509803921568627416 ) ;
#3511 = LINE ( 'NONE', #6441, #2090 ) ;
#3512 = FILL_AREA_STYLE ('',( #5602 ) ) ;
#3513 = LINE ( 'NONE', #5362, #2091 ) ;
#3514 = ADVANCED_FACE ( 'NONE', ( #753 ), #3436, .F. ) ;
#3515 = CARTESIAN_POINT ( 'NONE',  ( -4.929435102211766839, 11.96773206567633530, 14.99907378821410653 ) ) ;
#3516 =( LENGTH_UNIT ( ) NAMED_UNIT ( * ) SI_UNIT ( .MILLI., .METRE. ) );
#3517 = FACE_OUTER_BOUND ( 'NONE', #5117, .T. ) ;
#3518 = COLOUR_RGB ( '',0.2509803921568627416, 0.2509803921568627416, 0.2509803921568627416 ) ;
#3519 = VECTOR ( 'NONE', #6350, 1000.000000000000000 ) ;
#3520 = PRESENTATION_LAYER_ASSIGNMENT (  '', '', ( #3155 ) ) ;
#3521 = ORIENTED_EDGE ( 'NONE', *, *, #6081, .T. ) ;
#3522 = ORIENTED_EDGE ( 'NONE', *, *, #38, .F. ) ;
#3523 = STYLED_ITEM ( 'NONE', ( #6153 ), #1332 ) ;
#3524 = STYLED_ITEM ( 'NONE', ( #5571 ), #6660 ) ;
#3525 = DIRECTION ( 'NONE',  ( 0.0000000000000000000, 0.0000000000000000000, 1.000000000000000000 ) ) ;
#3526 = EDGE_LOOP ( 'NONE', ( #4463, #1755, #6353, #2120, #4950, #2270, #5274, #2126, #4120, #124, #1289, #507, #1610, #5717 ) ) ;
#3527 = DIRECTION ( 'NONE',  ( -2.168404344971007685E-15, -1.000000000000000000, 0.0000000000000000000 ) ) ;
#3528 = DIRECTION ( 'NONE',  ( 1.000000000000000000, 0.0000000000000000000, -0.0000000000000000000 ) ) ;
#3529 = ADVANCED_FACE ( 'NONE', ( #189 ), #260, .F. ) ;
#3530 = ORIENTED_EDGE ( 'NONE', *, *, #5009, .T. ) ;
#3531 = UNCERTAINTY_MEASURE_WITH_UNIT (LENGTH_MEASURE( 1.000000000000000082E-05 ), #1116, 'distance_accuracy_value', 'NONE');
#3532 = DIRECTION ( 'NONE',  ( 0.0000000000000000000, -0.0000000000000000000, 1.000000000000000000 ) ) ;
#3533 = SURFACE_SIDE_STYLE ('',( #1729 ) ) ;
#3534 = AXIS2_PLACEMENT_3D ( 'NONE', #5987, #2831, #6522 ) ;
#3535 = EDGE_CURVE ( 'NONE', #1124, #944, #5167, .T. ) ;
#3536 = VERTEX_POINT ( 'NONE', #287 ) ;
#3537 = CARTESIAN_POINT ( 'NONE',  ( 6.320552912677235291, 10.69775424281733400, 21.62007378821410342 ) ) ;
#3538 = COLOUR_RGB ( '',0.2509803921568627416, 0.2509803921568627416, 0.2509803921568627416 ) ;
#3539 = VERTEX_POINT ( 'NONE', #814 ) ;
#3540 = PRESENTATION_LAYER_ASSIGNMENT (  '', '', ( #2829 ) ) ;
#3541 = PRESENTATION_LAYER_ASSIGNMENT (  '', '', ( #2830 ) ) ;
#3542 = FILL_AREA_STYLE_COLOUR ( '', #6344 ) ;
#3543 = DIRECTION ( 'NONE',  ( 1.000000000000000000, 0.0000000000000000000, 0.0000000000000000000 ) ) ;
#3544 = ORIENTED_EDGE ( 'NONE', *, *, #5153, .F. ) ;
#3545 = ADVANCED_FACE ( 'NONE', ( #2354 ), #4016, .F. ) ;
#3546 =( NAMED_UNIT ( * ) SI_UNIT ( $, .STERADIAN. ) SOLID_ANGLE_UNIT ( ) );
#3547 = EDGE_CURVE ( 'NONE', #5238, #833, #427, .T. ) ;
#3548 = ORIENTED_EDGE ( 'NONE', *, *, #4674, .T. ) ;
#3549 =( LENGTH_UNIT ( ) NAMED_UNIT ( * ) SI_UNIT ( .MILLI., .METRE. ) );
#3550 = CARTESIAN_POINT ( 'NONE',  ( 6.888194951632804930, 11.34290199854525483, 21.57806482177577934 ) ) ;
#3551 = DIRECTION ( 'NONE',  ( 1.000000000000000000, -0.0000000000000000000, 0.0000000000000000000 ) ) ;
#3552 = VERTEX_POINT ( 'NONE', #5630 ) ;
#3553 = CARTESIAN_POINT ( 'NONE',  ( 5.598034606650234224, 12.52777641995833235, 15.00007378822410686 ) ) ;
#3554 = ORIENTED_EDGE ( 'NONE', *, *, #6323, .T. ) ;
#3555 = DIRECTION ( 'NONE',  ( 0.0000000000000000000, -0.0000000000000000000, 1.000000000000000000 ) ) ;
#3556 = CARTESIAN_POINT ( 'NONE',  ( -3.813228718029765929, 12.00275424281733549, 11.44007378821410725 ) ) ;
#3557 = EDGE_CURVE ( 'NONE', #5351, #1640, #4506, .T. ) ;
#3558 = ORIENTED_EDGE ( 'NONE', *, *, #6189, .T. ) ;
#3559 = EDGE_LOOP ( 'NONE', ( #4043, #6356, #1453, #2973 ) ) ;
#3560 = CARTESIAN_POINT ( 'NONE',  ( 6.970552912687234759, 4.047765587313334912, 15.00007378822410686 ) ) ;
#3561 = CARTESIAN_POINT ( 'NONE',  ( 0.6705648977882341377, 5.397732065676335900, 15.00007378821410597 ) ) ;
#3562 = LINE ( 'NONE', #3269, #6204 ) ;
#3563 = ORIENTED_EDGE ( 'NONE', *, *, #1691, .F. ) ;
#3564 = DIRECTION ( 'NONE',  ( 0.0000000000000000000, -1.000000000000000000, -0.0000000000000000000 ) ) ;
#3565 = CARTESIAN_POINT ( 'NONE',  ( -3.813228718029765929, 6.922754242817335424, 11.44007378821410725 ) ) ;
#3566 = CARTESIAN_POINT ( 'NONE',  ( -6.328228718029764721, 13.52775424281733585, 14.99907378821410653 ) ) ;
#3567 = SURFACE_STYLE_USAGE ( .BOTH. , #6736 ) ;
#3568 = LINE ( 'NONE', #472, #6374 ) ;
#3569 = VERTEX_POINT ( 'NONE', #1625 ) ;
#3570 = DIRECTION ( 'NONE',  ( -0.0000000000000000000, -0.0000000000000000000, -1.000000000000000000 ) ) ;
#3571 =( GEOMETRIC_REPRESENTATION_CONTEXT ( 3 ) GLOBAL_UNCERTAINTY_ASSIGNED_CONTEXT ( ( #4283 ) ) GLOBAL_UNIT_ASSIGNED_CONTEXT ( ( #1461, #5161, #1998 ) ) REPRESENTATION_CONTEXT ( 'NONE', 'WORKASPACE' ) );
#3572 = ORIENTED_EDGE ( 'NONE', *, *, #356, .T. ) ;
#3573 = SURFACE_SIDE_STYLE ('',( #5291 ) ) ;
#3574 =( NAMED_UNIT ( * ) SI_UNIT ( $, .STERADIAN. ) SOLID_ANGLE_UNIT ( ) );
#3575 = PRESENTATION_STYLE_ASSIGNMENT (( #517 ) ) ;
#3576 =( NAMED_UNIT ( * ) SI_UNIT ( $, .STERADIAN. ) SOLID_ANGLE_UNIT ( ) );
#3577 = VECTOR ( 'NONE', #3451, 1000.000000000000000 ) ;
#3578 = ADVANCED_FACE ( 'NONE', ( #1680, #5914, #1859 ), #550, .F. ) ;
#3579 = COLOUR_RGB ( '',1.000000000000000000, 1.000000000000000000, 1.000000000000000000 ) ;
#3580 = PRESENTATION_LAYER_ASSIGNMENT (  '', '', ( #2866 ) ) ;
#3581 = LINE ( 'NONE', #815, #6219 ) ;
#3582 = EDGE_CURVE ( 'NONE', #6327, #609, #5249, .T. ) ;
#3583 = LINE ( 'NONE', #235, #2158 ) ;
#3584 = FACE_OUTER_BOUND ( 'NONE', #4652, .T. ) ;
#3585 =( NAMED_UNIT ( * ) PLANE_ANGLE_UNIT ( ) SI_UNIT ( $, .RADIAN. ) );
#3586 = DIRECTION ( 'NONE',  ( 1.000000000000000000, -0.0000000000000000000, -0.0000000000000000000 ) ) ;
#3587 = COLOUR_RGB ( '',0.2509803921568627416, 0.2509803921568627416, 0.2509803921568627416 ) ;
#3588 = FILL_AREA_STYLE_COLOUR ( '', #5742 ) ;
#3589 =( GEOMETRIC_REPRESENTATION_CONTEXT ( 3 ) GLOBAL_UNCERTAINTY_ASSIGNED_CONTEXT ( ( #4469 ) ) GLOBAL_UNIT_ASSIGNED_CONTEXT ( ( #2832, #6523, #3359 ) ) REPRESENTATION_CONTEXT ( 'NONE', 'WORKASPACE' ) );
#3590 = EDGE_LOOP ( 'NONE', ( #712, #4580, #3632, #6031 ) ) ;
#3591 = STYLED_ITEM ( 'NONE', ( #1222 ), #6310 ) ;
#3592 = UNCERTAINTY_MEASURE_WITH_UNIT (LENGTH_MEASURE( 1.000000000000000082E-05 ), #3040, 'distance_accuracy_value', 'NONE');
#3593 = COLOUR_RGB ( '',1.000000000000000000, 1.000000000000000000, 1.000000000000000000 ) ;
#3594 =( NAMED_UNIT ( * ) PLANE_ANGLE_UNIT ( ) SI_UNIT ( $, .RADIAN. ) );
#3595 = LINE ( 'NONE', #5798, #905 ) ;
#3596 = CARTESIAN_POINT ( 'NONE',  ( 4.970552912677236534, 8.197754242828334981, 20.57392859714610722 ) ) ;
#3597 = FILL_AREA_STYLE_COLOUR ( '', #4382 ) ;
#3598 = CARTESIAN_POINT ( 'NONE',  ( 11.17810654743323440, 3.367732065676335207, 5.373930527571107341 ) ) ;
#3599 =( NAMED_UNIT ( * ) PLANE_ANGLE_UNIT ( ) SI_UNIT ( $, .RADIAN. ) );
#3600 = DIRECTION ( 'NONE',  ( 1.000000000000000000, 0.0000000000000000000, 0.0000000000000000000 ) ) ;
#3601 = FILL_AREA_STYLE_COLOUR ( '', #6634 ) ;
#3602 =( NAMED_UNIT ( * ) SI_UNIT ( $, .STERADIAN. ) SOLID_ANGLE_UNIT ( ) );
#3603 = EDGE_LOOP ( 'NONE', ( #6572, #1271, #1309, #1427 ) ) ;
#3604 = AXIS2_PLACEMENT_3D ( 'NONE', #2901, #6597, #3439 ) ;
#3605 = EDGE_CURVE ( 'NONE', #2569, #564, #6670, .T. ) ;
#3606 = ADVANCED_FACE ( 'NONE', ( #6501 ), #2730, .F. ) ;
#3607 = DIRECTION ( 'NONE',  ( -0.0000000000000000000, 1.000000000000000000, 0.0000000000000000000 ) ) ;
#3608 = CIRCLE ( 'NONE', #741, 0.2709253584795000003 ) ;
#3609 = CARTESIAN_POINT ( 'NONE',  ( -3.813228718029765929, 9.972754242817334358, 11.44007378821410725 ) ) ;
#3610 = CARTESIAN_POINT ( 'NONE',  ( 6.023131538444234323, 12.52775424281733407, 15.00007378821410597 ) ) ;
#3611 =( NAMED_UNIT ( * ) PLANE_ANGLE_UNIT ( ) SI_UNIT ( $, .RADIAN. ) );
#3612 = FILL_AREA_STYLE_COLOUR ( '', #444 ) ;
#3613 = VERTEX_POINT ( 'NONE', #1645 ) ;
#3614 = ORIENTED_EDGE ( 'NONE', *, *, #3827, .T. ) ;
#3615 = EDGE_CURVE ( 'NONE', #659, #1124, #1946, .T. ) ;
#3616 = CARTESIAN_POINT ( 'NONE',  ( 6.320552912677235291, 6.197754242817334003, 21.62007378821410342 ) ) ;
#3617 = EDGE_CURVE ( 'NONE', #3344, #5542, #6001, .T. ) ;
#3618 = ORIENTED_EDGE ( 'NONE', *, *, #513, .T. ) ;
#3619 = STYLED_ITEM ( 'NONE', ( #6152 ), #481 ) ;
#3620 = PRESENTATION_STYLE_ASSIGNMENT (( #4541 ) ) ;
#3621 =( NAMED_UNIT ( * ) SI_UNIT ( $, .STERADIAN. ) SOLID_ANGLE_UNIT ( ) );
#3622 =( NAMED_UNIT ( * ) SI_UNIT ( $, .STERADIAN. ) SOLID_ANGLE_UNIT ( ) );
#3623 = LINE ( 'NONE', #1582, #5010 ) ;
#3624 = ORIENTED_EDGE ( 'NONE', *, *, #4404, .F. ) ;
#3625 =( NAMED_UNIT ( * ) PLANE_ANGLE_UNIT ( ) SI_UNIT ( $, .RADIAN. ) );
#3626 = CARTESIAN_POINT ( 'NONE',  ( 12.47177128197023421, 10.69775424281733400, 21.50961999111510892 ) ) ;
#3627 = ORIENTED_EDGE ( 'NONE', *, *, #615, .F. ) ;
#3628 = ORIENTED_EDGE ( 'NONE', *, *, #2016, .T. ) ;
#3629 = EDGE_CURVE ( 'NONE', #1949, #1763, #503, .T. ) ;
#3630 = DIRECTION ( 'NONE',  ( -1.000000000000000000, -0.0000000000000000000, -0.0000000000000000000 ) ) ;
#3631 = ORIENTED_EDGE ( 'NONE', *, *, #6227, .T. ) ;
#3632 = ORIENTED_EDGE ( 'NONE', *, *, #5378, .F. ) ;
#3633 = CYLINDRICAL_SURFACE ( 'NONE', #2185, 5.085906699999997116 ) ;
#3634 = LINE ( 'NONE', #3961, #1891 ) ;
#3635 =( LENGTH_UNIT ( ) NAMED_UNIT ( * ) SI_UNIT ( .MILLI., .METRE. ) );
#3636 = ADVANCED_FACE ( 'NONE', ( #350 ), #5932, .T. ) ;
#3637 = MECHANICAL_DESIGN_GEOMETRIC_PRESENTATION_REPRESENTATION (  '', ( #2574 ), #3997 ) ;
#3638 = EDGE_CURVE ( 'NONE', #2189, #2569, #5328, .T. ) ;
#3639 = VERTEX_POINT ( 'NONE', #6497 ) ;
#3640 = MECHANICAL_DESIGN_GEOMETRIC_PRESENTATION_REPRESENTATION (  '', ( #2930 ), #4002 ) ;
#3641 = ORIENTED_EDGE ( 'NONE', *, *, #2370, .T. ) ;
#3642 = VERTEX_POINT ( 'NONE', #3331 ) ;
#3643 = VERTEX_POINT ( 'NONE', #4383 ) ;
#3644 = SURFACE_STYLE_USAGE ( .BOTH. , #6823 ) ;
#3645 =( LENGTH_UNIT ( ) NAMED_UNIT ( * ) SI_UNIT ( .MILLI., .METRE. ) );
#3646 = SURFACE_STYLE_USAGE ( .BOTH. , #6826 ) ;
#3647 = LINE ( 'NONE', #389, #2229 ) ;
#3648 =( LENGTH_UNIT ( ) NAMED_UNIT ( * ) SI_UNIT ( .MILLI., .METRE. ) );
#3649 = SURFACE_STYLE_FILL_AREA ( #892 ) ;
#3650 = FACE_OUTER_BOUND ( 'NONE', #4772, .T. ) ;
#3651 = PLANE ( 'NONE',  #556 ) ;
#3652 = VECTOR ( 'NONE', #1173, 1000.000000000000000 ) ;
#3653 = DIRECTION ( 'NONE',  ( 0.0000000000000000000, 1.000000000000000000, 0.0000000000000000000 ) ) ;
#3654 = STYLED_ITEM ( 'NONE', ( #4244 ), #2982 ) ;
#3655 = DIRECTION ( 'NONE',  ( -0.0000000000000000000, -0.0000000000000000000, -1.000000000000000000 ) ) ;
#3656 = AXIS2_PLACEMENT_3D ( 'NONE', #51, #3769, #565 ) ;
#3657 = CARTESIAN_POINT ( 'NONE',  ( 0.0000000000000000000, 4.367732065676334763, -1.110223024625157526E-16 ) ) ;
#3658 = LINE ( 'NONE', #6484, #3503 ) ;
#3659 =( NAMED_UNIT ( * ) PLANE_ANGLE_UNIT ( ) SI_UNIT ( $, .RADIAN. ) );
#3660 = DIRECTION ( 'NONE',  ( 0.0000000000000000000, -1.000000000000000000, 1.110223024625156540E-16 ) ) ;
#3661 = PRESENTATION_LAYER_ASSIGNMENT (  '', '', ( #4021 ) ) ;
#3662 = AXIS2_PLACEMENT_3D ( 'NONE', #5498, #2333, #6042 ) ;
#3663 = COLOUR_RGB ( '',1.000000000000000000, 1.000000000000000000, 1.000000000000000000 ) ;
#3664 = LINE ( 'NONE', #6773, #2089 ) ;
#3665 = EDGE_CURVE ( 'NONE', #2990, #6327, #6752, .T. ) ;
#3666 = DIRECTION ( 'NONE',  ( -1.000000000000000000, -0.0000000000000000000, -0.0000000000000000000 ) ) ;
#3667 = FACE_BOUND ( 'NONE', #4274, .T. ) ;
#3668 = CARTESIAN_POINT ( 'NONE',  ( 4.381771281970234355, 4.637754242817334394, 11.44007378821410725 ) ) ;
#3669 = SURFACE_STYLE_USAGE ( .BOTH. , #6849 ) ;
#3670 = ADVANCED_FACE ( 'NONE', ( #3926 ), #4912, .F. ) ;
#3671 = VECTOR ( 'NONE', #5277, 1000.000000000000000 ) ;
#3672 = CARTESIAN_POINT ( 'NONE',  ( -3.303228718029766142, 9.972754242817334358, 11.44007378821410725 ) ) ;
#3673 =( NAMED_UNIT ( * ) SI_UNIT ( $, .STERADIAN. ) SOLID_ANGLE_UNIT ( ) );
#3674 = EDGE_LOOP ( 'NONE', ( #3218, #6786, #3120, #525 ) ) ;
#3675 = PLANE ( 'NONE',  #2438 ) ;
#3676 = ORIENTED_EDGE ( 'NONE', *, *, #4698, .F. ) ;
#3677 = EDGE_CURVE ( 'NONE', #2696, #1530, #5074, .T. ) ;
#3678 = CARTESIAN_POINT ( 'NONE',  ( 6.594748273319829046, 13.34828978889636986, 15.51250727484636194 ) ) ;
#3679 = CIRCLE ( 'NONE', #5374, 0.3199999999999999512 ) ;
#3680 = CARTESIAN_POINT ( 'NONE',  ( -3.813228718029765929, 6.922754242817335424, 11.44007378821410725 ) ) ;
#3681 = UNCERTAINTY_MEASURE_WITH_UNIT (LENGTH_MEASURE( 1.000000000000000082E-05 ), #6488, 'distance_accuracy_value', 'NONE');
#3682 = UNCERTAINTY_MEASURE_WITH_UNIT (LENGTH_MEASURE( 1.000000000000000082E-05 ), #5950, 'distance_accuracy_value', 'NONE');
#3683 = ORIENTED_EDGE ( 'NONE', *, *, #1913, .F. ) ;
#3684 = DIRECTION ( 'NONE',  ( 1.000000000000000000, 0.0000000000000000000, -0.0000000000000000000 ) ) ;
#3685 = AXIS2_PLACEMENT_3D ( 'NONE', #5095, #1944, #5649 ) ;
#3686 = CARTESIAN_POINT ( 'NONE',  ( -2.829435102211765862, 13.52777641995833413, 14.36007378821410541 ) ) ;
#3687 = LINE ( 'NONE', #3138, #5080 ) ;
#3688 = ORIENTED_EDGE ( 'NONE', *, *, #1236, .F. ) ;
#3689 = EDGE_LOOP ( 'NONE', ( #55, #6455, #2681, #2717 ) ) ;
#3690 = FILL_AREA_STYLE ('',( #1045 ) ) ;
#3691 =( NAMED_UNIT ( * ) PLANE_ANGLE_UNIT ( ) SI_UNIT ( $, .RADIAN. ) );
#3692 = ORIENTED_EDGE ( 'NONE', *, *, #6307, .T. ) ;
#3693 = PRESENTATION_LAYER_ASSIGNMENT (  '', '', ( #2988 ) ) ;
#3694 = PRESENTATION_STYLE_ASSIGNMENT (( #3046 ) ) ;
#3695 = DIRECTION ( 'NONE',  ( -1.000000000000000000, 0.0000000000000000000, -0.0000000000000000000 ) ) ;
#3696 = ORIENTED_EDGE ( 'NONE', *, *, #6579, .T. ) ;
#3697 = CARTESIAN_POINT ( 'NONE',  ( 4.970552912677236534, 8.697754242828334981, 19.06007378821410470 ) ) ;
#3698 =( GEOMETRIC_REPRESENTATION_CONTEXT ( 3 ) GLOBAL_UNCERTAINTY_ASSIGNED_CONTEXT ( ( #5966 ) ) GLOBAL_UNIT_ASSIGNED_CONTEXT ( ( #2433, #6145, #2970 ) ) REPRESENTATION_CONTEXT ( 'NONE', 'WORKASPACE' ) );
#3699 = EDGE_CURVE ( 'NONE', #1949, #3850, #3440, .T. ) ;
#3700 =( NAMED_UNIT ( * ) SI_UNIT ( $, .STERADIAN. ) SOLID_ANGLE_UNIT ( ) );
#3701 = VERTEX_POINT ( 'NONE', #6537 ) ;
#3702 = ADVANCED_FACE ( 'NONE', ( #4671 ), #3397, .F. ) ;
#3703 = EDGE_CURVE ( 'NONE', #5497, #165, #4179, .T. ) ;
#3704 = ORIENTED_EDGE ( 'NONE', *, *, #334, .T. ) ;
#3705 = VERTEX_POINT ( 'NONE', #4992 ) ;
#3706 = COLOUR_RGB ( '',1.000000000000000000, 1.000000000000000000, 1.000000000000000000 ) ;
#3707 =( GEOMETRIC_REPRESENTATION_CONTEXT ( 3 ) GLOBAL_UNCERTAINTY_ASSIGNED_CONTEXT ( ( #2689 ) ) GLOBAL_UNIT_ASSIGNED_CONTEXT ( ( #5650, #2476, #6181 ) ) REPRESENTATION_CONTEXT ( 'NONE', 'WORKASPACE' ) );
#3708 = PRESENTATION_LAYER_ASSIGNMENT (  '', '', ( #3006 ) ) ;
#3709 = VECTOR ( 'NONE', #1870, 1000.000000000000000 ) ;
#3710 = STYLED_ITEM ( 'NONE', ( #3078 ), #6206 ) ;
#3711 = SURFACE_STYLE_USAGE ( .BOTH. , #6891 ) ;
#3712 = EDGE_LOOP ( 'NONE', ( #4222, #1612, #2253, #4042 ) ) ;
#3713 = CARTESIAN_POINT ( 'NONE',  ( -4.129435102211766129, 11.96773206567633530, 14.99907378821410653 ) ) ;
#3714 = COLOUR_RGB ( '',0.2509803921568627416, 0.2509803921568627416, 0.2509803921568627416 ) ;
#3715 = EDGE_LOOP ( 'NONE', ( #842, #3862, #689, #2710 ) ) ;
#3716 = SURFACE_STYLE_USAGE ( .BOTH. , #6893 ) ;
#3717 = SURFACE_STYLE_USAGE ( .BOTH. , #6894 ) ;
#3718 = CARTESIAN_POINT ( 'NONE',  ( -3.813228718029765929, 6.922754242817335424, 15.00007378821410597 ) ) ;
#3719 =( NAMED_UNIT ( * ) SI_UNIT ( $, .STERADIAN. ) SOLID_ANGLE_UNIT ( ) );
#3720 = VERTEX_POINT ( 'NONE', #1837 ) ;
#3721 = CARTESIAN_POINT ( 'NONE',  ( -6.329435102211765418, 13.52856633055133528, 15.00007378821410597 ) ) ;
#3722 = SURFACE_SIDE_STYLE ('',( #716 ) ) ;
#3723 = VECTOR ( 'NONE', #6269, 1000.000000000000000 ) ;
#3724 =( GEOMETRIC_REPRESENTATION_CONTEXT ( 3 ) GLOBAL_UNCERTAINTY_ASSIGNED_CONTEXT ( ( #555 ) ) GLOBAL_UNIT_ASSIGNED_CONTEXT ( ( #3073, #6771, #3602 ) ) REPRESENTATION_CONTEXT ( 'NONE', 'WORKASPACE' ) );
#3725 = EDGE_LOOP ( 'NONE', ( #2948, #461, #6888, #4173, #4525, #1789 ) ) ;
#3726 = AXIS2_PLACEMENT_3D ( 'NONE', #6511, #3345, #143 ) ;
#3727 = MECHANICAL_DESIGN_GEOMETRIC_PRESENTATION_REPRESENTATION (  '', ( #3025 ), #4096 ) ;
#3728 =( NAMED_UNIT ( * ) SI_UNIT ( $, .STERADIAN. ) SOLID_ANGLE_UNIT ( ) );
#3729 = ORIENTED_EDGE ( 'NONE', *, *, #1901, .T. ) ;
#3730 = FILL_AREA_STYLE ('',( #1431 ) ) ;
#3731 = SURFACE_STYLE_FILL_AREA ( #4577 ) ;
#3732 = DIRECTION ( 'NONE',  ( 6.393486552188609876E-30, 1.110223024624885986E-16, 1.000000000000000000 ) ) ;
#3733 = COLOUR_RGB ( '',0.2509803921568627416, 0.2509803921568627416, 0.2509803921568627416 ) ;
#3734 = FACE_OUTER_BOUND ( 'NONE', #5431, .T. ) ;
#3735 = CARTESIAN_POINT ( 'NONE',  ( 0.6705648977882341377, 3.367732065676335207, 22.62007378821410697 ) ) ;
#3736 = VECTOR ( 'NONE', #4746, 1000.000000000000000 ) ;
#3737 = PRESENTATION_LAYER_ASSIGNMENT (  '', '', ( #3036 ) ) ;
#3738 = EDGE_CURVE ( 'NONE', #6366, #6843, #1345, .T. ) ;
#3739 = SURFACE_SIDE_STYLE ('',( #257 ) ) ;
#3740 = EDGE_CURVE ( 'NONE', #5960, #4449, #1519, .T. ) ;
#3741 = EDGE_LOOP ( 'NONE', ( #6013, #2429, #5608, #4280 ) ) ;
#3742 = PRESENTATION_LAYER_ASSIGNMENT (  '', '', ( #3395 ) ) ;
#3743 = VECTOR ( 'NONE', #6217, 1000.000000000000000 ) ;
#3744 = SURFACE_STYLE_FILL_AREA ( #3467 ) ;
#3745 = CARTESIAN_POINT ( 'NONE',  ( 2.170564897788234138, 4.397732065676335900, 22.62007378821410697 ) ) ;
#3746 = CARTESIAN_POINT ( 'NONE',  ( 6.023131538444234323, 13.52775424281733585, 22.55139927763110563 ) ) ;
#3747 =( GEOMETRIC_REPRESENTATION_CONTEXT ( 3 ) GLOBAL_UNCERTAINTY_ASSIGNED_CONTEXT ( ( #2692 ) ) GLOBAL_UNIT_ASSIGNED_CONTEXT ( ( #6247, #3079, #6784 ) ) REPRESENTATION_CONTEXT ( 'NONE', 'WORKASPACE' ) );
#3748 = PRESENTATION_STYLE_ASSIGNMENT (( #242 ) ) ;
#3749 = CARTESIAN_POINT ( 'NONE',  ( 6.805921667948623188, 5.558720003425191791, 22.00841217631762348 ) ) ;
#3750 =( NAMED_UNIT ( * ) PLANE_ANGLE_UNIT ( ) SI_UNIT ( $, .RADIAN. ) );
#3751 = DIRECTION ( 'NONE',  ( 0.0000000000000000000, 0.0000000000000000000, 1.000000000000000000 ) ) ;
#3752 = CARTESIAN_POINT ( 'NONE',  ( -2.829435102211765862, 13.52777641995833413, 15.00007378821410597 ) ) ;
#3753 = EDGE_CURVE ( 'NONE', #2632, #28, #5407, .T. ) ;
#3754 = CARTESIAN_POINT ( 'NONE',  ( 6.496288843965306370, 10.69775424281733756, 22.47496060222734471 ) ) ;
#3755 = ORIENTED_EDGE ( 'NONE', *, *, #1618, .T. ) ;
#3756 = DIRECTION ( 'NONE',  ( -0.0000000000000000000, -0.0000000000000000000, -1.000000000000000000 ) ) ;
#3757 =( GEOMETRIC_REPRESENTATION_CONTEXT ( 3 ) GLOBAL_UNCERTAINTY_ASSIGNED_CONTEXT ( ( #159 ) ) GLOBAL_UNIT_ASSIGNED_CONTEXT ( ( #307, #4034, #832 ) ) REPRESENTATION_CONTEXT ( 'NONE', 'WORKASPACE' ) );
#3758 = EDGE_CURVE ( 'NONE', #612, #1782, #2773, .T. ) ;
#3759 = STYLED_ITEM ( 'NONE', ( #2387 ), #901 ) ;
#3760 = COLOUR_RGB ( '',0.2509803921568627416, 0.2509803921568627416, 0.2509803921568627416 ) ;
#3761 = ORIENTED_EDGE ( 'NONE', *, *, #5510, .F. ) ;
#3762 = CARTESIAN_POINT ( 'NONE',  ( 6.140649782751657959, 3.367732065677510267, 15.29515592284196934 ) ) ;
#3763 = ORIENTED_EDGE ( 'NONE', *, *, #6279, .F. ) ;
#3764 = SURFACE_SIDE_STYLE ('',( #553 ) ) ;
#3765 = UNCERTAINTY_MEASURE_WITH_UNIT (LENGTH_MEASURE( 1.000000000000000082E-05 ), #5882, 'distance_accuracy_value', 'NONE');
#3766 =( NAMED_UNIT ( * ) SI_UNIT ( $, .STERADIAN. ) SOLID_ANGLE_UNIT ( ) );
#3767 = ORIENTED_EDGE ( 'NONE', *, *, #6446, .T. ) ;
#3768 = UNCERTAINTY_MEASURE_WITH_UNIT (LENGTH_MEASURE( 1.000000000000000082E-05 ), #5795, 'distance_accuracy_value', 'NONE');
#3769 = DIRECTION ( 'NONE',  ( -1.000000000000000000, 0.0000000000000000000, 0.0000000000000000000 ) ) ;
#3770 =( GEOMETRIC_REPRESENTATION_CONTEXT ( 3 ) GLOBAL_UNCERTAINTY_ASSIGNED_CONTEXT ( ( #3241 ) ) GLOBAL_UNIT_ASSIGNED_CONTEXT ( ( #6640, #3477, #279 ) ) REPRESENTATION_CONTEXT ( 'NONE', 'WORKASPACE' ) );
#3771 = VECTOR ( 'NONE', #793, 1000.000000000000000 ) ;
#3772 = CARTESIAN_POINT ( 'NONE',  ( 6.970552912677233870, 3.367732065676336095, 21.14727454486182268 ) ) ;
#3773 = STYLED_ITEM ( 'NONE', ( #6395 ), #4079 ) ;
#3774 =( LENGTH_UNIT ( ) NAMED_UNIT ( * ) SI_UNIT ( .MILLI., .METRE. ) );
#3775 = FILL_AREA_STYLE_COLOUR ( '', #1760 ) ;
#3776 = LINE ( 'NONE', #3626, #2372 ) ;
#3777 = FILL_AREA_STYLE ('',( #3256 ) ) ;
#3778 = ORIENTED_EDGE ( 'NONE', *, *, #3041, .F. ) ;
#3779 = ORIENTED_EDGE ( 'NONE', *, *, #2927, .T. ) ;
#3780 =( GEOMETRIC_REPRESENTATION_CONTEXT ( 3 ) GLOBAL_UNCERTAINTY_ASSIGNED_CONTEXT ( ( #6278 ) ) GLOBAL_UNIT_ASSIGNED_CONTEXT ( ( #3648, #5371, #2199 ) ) REPRESENTATION_CONTEXT ( 'NONE', 'WORKASPACE' ) );
#3781 = VERTEX_POINT ( 'NONE', #245 ) ;
#3782 = CARTESIAN_POINT ( 'NONE',  ( 4.598034606640233335, 3.367732065676334319, 15.00007378821410597 ) ) ;
#3783 = EDGE_CURVE ( 'NONE', #4430, #6457, #3838, .T. ) ;
#3784 = ORIENTED_EDGE ( 'NONE', *, *, #4689, .F. ) ;
#3785 = CARTESIAN_POINT ( 'NONE',  ( 6.527187365050983736, 3.503581699220557066, 15.48154676674282548 ) ) ;
#3786 = ORIENTED_EDGE ( 'NONE', *, *, #2776, .F. ) ;
#3787 = CARTESIAN_POINT ( 'NONE',  ( -0.8294351022117658623, 3.367732065676335207, 14.36007378821410363 ) ) ;
#3788 = CARTESIAN_POINT ( 'NONE',  ( 1.470564897788234404, 3.367732065676335207, 22.62007378821410697 ) ) ;
#3789 = CARTESIAN_POINT ( 'NONE',  ( 6.620552912677235113, 6.322018311529261858, 22.45488571232946740 ) ) ;
#3790 = DIRECTION ( 'NONE',  ( 1.239088197122750557E-16, -1.000000000000000000, -0.0000000000000000000 ) ) ;
#3791 = FILL_AREA_STYLE ('',( #3267 ) ) ;
#3792 = COLOUR_RGB ( '',0.2509803921568627416, 0.2509803921568627416, 0.2509803921568627416 ) ;
#3793 = FILL_AREA_STYLE ('',( #5343 ) ) ;
#3794 = FACE_OUTER_BOUND ( 'NONE', #1784, .T. ) ;
#3795 =( NAMED_UNIT ( * ) PLANE_ANGLE_UNIT ( ) SI_UNIT ( $, .RADIAN. ) );
#3796 = VERTEX_POINT ( 'NONE', #2932 ) ;
#3797 = ORIENTED_EDGE ( 'NONE', *, *, #5246, .F. ) ;
#3798 = CARTESIAN_POINT ( 'NONE',  ( -0.8294351022117658623, 3.367732065676335207, 15.00007378821410597 ) ) ;
#3799 = ORIENTED_EDGE ( 'NONE', *, *, #6817, .F. ) ;
#3800 = FILL_AREA_STYLE_COLOUR ( '', #727 ) ;
#3801 = FILL_AREA_STYLE ('',( #2200 ) ) ;
#3802 = LINE ( 'NONE', #4103, #2398 ) ;
#3803 = CARTESIAN_POINT ( 'NONE',  ( 2.171771281970234391, 14.55775424281733521, 15.00007378821410597 ) ) ;
#3804 = LINE ( 'NONE', #4527, #627 ) ;
#3805 = DIRECTION ( 'NONE',  ( 0.0000000000000000000, -0.0000000000000000000, -1.000000000000000000 ) ) ;
#3806 = MANIFOLD_SOLID_BREP ( 'Cut-Extrude11', #2622 ) ;
#3807 = AXIS2_PLACEMENT_3D ( 'NONE', #5361, #2190, #5901 ) ;
#3808 = SURFACE_STYLE_FILL_AREA ( #4456 ) ;
#3809 = LINE ( 'NONE', #5976, #5728 ) ;
#3810 = LINE ( 'NONE', #561, #977 ) ;
#3811 = STYLED_ITEM ( 'NONE', ( #4306 ), #1578 ) ;
#3812 = CARTESIAN_POINT ( 'NONE',  ( -3.813228718029765929, 12.00275424281733549, 11.44007378821410725 ) ) ;
#3813 = EDGE_CURVE ( 'NONE', #3613, #5351, #3352, .T. ) ;
#3814 =( NAMED_UNIT ( * ) PLANE_ANGLE_UNIT ( ) SI_UNIT ( $, .RADIAN. ) );
#3815 = UNCERTAINTY_MEASURE_WITH_UNIT (LENGTH_MEASURE( 1.000000000000000082E-05 ), #6268, 'distance_accuracy_value', 'NONE');
#3816 = MECHANICAL_DESIGN_GEOMETRIC_PRESENTATION_REPRESENTATION (  '', ( #2765 ), #4183 ) ;
#3817 = VECTOR ( 'NONE', #4142, 1000.000000000000000 ) ;
#3818 = LINE ( 'NONE', #5862, #2919 ) ;
#3819 = CARTESIAN_POINT ( 'NONE',  ( 8.311423223710432850, 11.47209017980308055, 22.18172521085725535 ) ) ;
#3820 = FILL_AREA_STYLE_COLOUR ( '', #4055 ) ;
#3821 =( NAMED_UNIT ( * ) PLANE_ANGLE_UNIT ( ) SI_UNIT ( $, .RADIAN. ) );
#3822 = CARTESIAN_POINT ( 'NONE',  ( 12.47177128197023421, 3.367732065676335207, 21.50961999111510892 ) ) ;
#3823 = PRESENTATION_LAYER_ASSIGNMENT (  '', '', ( #3128 ) ) ;
#3824 = COLOUR_RGB ( '',0.2509803921568627416, 0.2509803921568627416, 0.2509803921568627416 ) ;
#3825 = FACE_OUTER_BOUND ( 'NONE', #2805, .T. ) ;
#3826 = EDGE_CURVE ( 'NONE', #3643, #5420, #4751, .T. ) ;
#3827 = EDGE_CURVE ( 'NONE', #4606, #6451, #501, .T. ) ;
#3828 = SURFACE_SIDE_STYLE ('',( #1769 ) ) ;
#3829 = LINE ( 'NONE', #4750, #3671 ) ;
#3830 = VERTEX_POINT ( 'NONE', #3499 ) ;
#3831 = SURFACE_STYLE_USAGE ( .BOTH. , #107 ) ;
#3832 = FACE_OUTER_BOUND ( 'NONE', #3231, .T. ) ;
#3833 = SURFACE_STYLE_USAGE ( .BOTH. , #108 ) ;
#3834 = PRESENTATION_LAYER_ASSIGNMENT (  '', '', ( #3136 ) ) ;
#3835 = DIRECTION ( 'NONE',  ( 8.911545280577499568E-13, 1.000000000000000000, -9.063971913804630326E-13 ) ) ;
#3836 =( GEOMETRIC_REPRESENTATION_CONTEXT ( 3 ) GLOBAL_UNCERTAINTY_ASSIGNED_CONTEXT ( ( #1614 ) ) GLOBAL_UNIT_ASSIGNED_CONTEXT ( ( #259, #3989, #784 ) ) REPRESENTATION_CONTEXT ( 'NONE', 'WORKASPACE' ) );
#3837 = VERTEX_POINT ( 'NONE', #822 ) ;
#3838 = LINE ( 'NONE', #5015, #2436 ) ;
#3839 = CARTESIAN_POINT ( 'NONE',  ( 2.171771281970234391, 15.55775424281733521, 22.62007378821410697 ) ) ;
#3840 = FILL_AREA_STYLE ('',( #3318 ) ) ;
#3841 = SURFACE_STYLE_FILL_AREA ( #1209 ) ;
#3842 = CARTESIAN_POINT ( 'NONE',  ( 4.061771281970234071, 12.25775424281733450, 11.44007378821410725 ) ) ;
#3843 = CARTESIAN_POINT ( 'NONE',  ( 3.370579423396234287, 3.367732065676335207, 15.00007378821410597 ) ) ;
#3844 = SURFACE_STYLE_FILL_AREA ( #3777 ) ;
#3845 = FILL_AREA_STYLE ('',( #3323 ) ) ;
#3846 = ORIENTED_EDGE ( 'NONE', *, *, #6467, .T. ) ;
#3847 = CARTESIAN_POINT ( 'NONE',  ( 4.598034606640233335, 3.367732065676334319, 14.36007378821410541 ) ) ;
#3848 = EDGE_LOOP ( 'NONE', ( #777, #6775, #3299, #2451 ) ) ;
#3849 = ORIENTED_EDGE ( 'NONE', *, *, #1150, .F. ) ;
#3850 = VERTEX_POINT ( 'NONE', #5047 ) ;
#3851 = DIRECTION ( 'NONE',  ( -1.000000000000000000, -0.0000000000000000000, -0.0000000000000000000 ) ) ;
#3852 = MECHANICAL_DESIGN_GEOMETRIC_PRESENTATION_REPRESENTATION (  '', ( #3155 ), #4217 ) ;
#3853 = ORIENTED_EDGE ( 'NONE', *, *, #1295, .T. ) ;
#3854 = AXIS2_PLACEMENT_3D ( 'NONE', #4837, #1659, #5373 ) ;
#3855 = AXIS2_PLACEMENT_3D ( 'NONE', #5780, #2612, #6318 ) ;
#3856 = DIRECTION ( 'NONE',  ( -1.000000000000000000, -0.0000000000000000000, -0.0000000000000000000 ) ) ;
#3857 = EDGE_LOOP ( 'NONE', ( #2834, #1512, #446, #4607 ) ) ;
#3858 = FACE_OUTER_BOUND ( 'NONE', #3603, .T. ) ;
#3859 = EDGE_LOOP ( 'NONE', ( #1361, #1288, #1172, #1286 ) ) ;
#3860 = DIRECTION ( 'NONE',  ( -0.0000000000000000000, -1.000000000000000000, -0.0000000000000000000 ) ) ;
#3861 = CARTESIAN_POINT ( 'NONE',  ( 4.061771281970234071, 12.25775424281733450, 11.44007378821410725 ) ) ;
#3862 = ORIENTED_EDGE ( 'NONE', *, *, #3986, .F. ) ;
#3863 = FILL_AREA_STYLE ('',( #668 ) ) ;
#3864 = STYLED_ITEM ( 'NONE', ( #5216 ), #3052 ) ;
#3865 = CARTESIAN_POINT ( 'NONE',  ( -3.303228718029766142, 7.432754242817335211, 11.44007378821410725 ) ) ;
#3866 = DIRECTION ( 'NONE',  ( -1.000000000000000000, -0.0000000000000000000, 0.0000000000000000000 ) ) ;
#3867 = DIRECTION ( 'NONE',  ( 1.000000000000000000, -0.0000000000000000000, -0.0000000000000000000 ) ) ;
#3868 = CARTESIAN_POINT ( 'NONE',  ( -0.8294351022117658623, 3.367732065676335207, 15.00007378821410597 ) ) ;
#3869 = EDGE_CURVE ( 'NONE', #5000, #4705, #4020, .T. ) ;
#3870 = STYLED_ITEM ( 'NONE', ( #3161 ), #4481 ) ;
#3871 = UNCERTAINTY_MEASURE_WITH_UNIT (LENGTH_MEASURE( 1.000000000000000082E-05 ), #735, 'distance_accuracy_value', 'NONE');
#3872 = ORIENTED_EDGE ( 'NONE', *, *, #6593, .T. ) ;
#3873 = SURFACE_STYLE_FILL_AREA ( #5346 ) ;
#3874 =( NAMED_UNIT ( * ) PLANE_ANGLE_UNIT ( ) SI_UNIT ( $, .RADIAN. ) );
#3875 =( LENGTH_UNIT ( ) NAMED_UNIT ( * ) SI_UNIT ( .MILLI., .METRE. ) );
#3876 = MECHANICAL_DESIGN_GEOMETRIC_PRESENTATION_REPRESENTATION (  '', ( #2829 ), #4242 ) ;
#3877 = MECHANICAL_DESIGN_GEOMETRIC_PRESENTATION_REPRESENTATION (  '', ( #2830 ), #4245 ) ;
#3878 = PRESENTATION_STYLE_ASSIGNMENT (( #2535 ) ) ;
#3879 = CARTESIAN_POINT ( 'NONE',  ( 6.320552912677234403, 6.197754242817334003, 22.50335078378407871 ) ) ;
#3880 = CARTESIAN_POINT ( 'NONE',  ( -6.328228718029764721, 12.27856632156533401, 22.62007378821410697 ) ) ;
#3881 = UNCERTAINTY_MEASURE_WITH_UNIT (LENGTH_MEASURE( 1.000000000000000082E-05 ), #6414, 'distance_accuracy_value', 'NONE');
#3882 = ORIENTED_EDGE ( 'NONE', *, *, #3826, .T. ) ;
#3883 = DIRECTION ( 'NONE',  ( 1.000000000000000000, 0.0000000000000000000, -0.0000000000000000000 ) ) ;
#3884 = EDGE_CURVE ( 'NONE', #3850, #6093, #343, .T. ) ;
#3885 = LINE ( 'NONE', #5739, #3723 ) ;
#3886 = CARTESIAN_POINT ( 'NONE',  ( 7.691975917986718869, 3.938048909190952074, 15.94353693923402204 ) ) ;
#3887 = DIRECTION ( 'NONE',  ( 0.008418138569223193243, 8.988133854765060143E-13, 0.9999645668437604495 ) ) ;
#3888 = UNCERTAINTY_MEASURE_WITH_UNIT (LENGTH_MEASURE( 1.000000000000000082E-05 ), #6034, 'distance_accuracy_value', 'NONE');
#3889 = CIRCLE ( 'NONE', #3337, 0.3199999999999999512 ) ;
#3890 = ORIENTED_EDGE ( 'NONE', *, *, #745, .T. ) ;
#3891 = PLANE ( 'NONE',  #3490 ) ;
#3892 = DIRECTION ( 'NONE',  ( -0.0000000000000000000, 0.0000000000000000000, -1.000000000000000000 ) ) ;
#3893 = DIRECTION ( 'NONE',  ( 1.000000000000000000, 0.0000000000000000000, 0.0000000000000000000 ) ) ;
#3894 =( NAMED_UNIT ( * ) SI_UNIT ( $, .STERADIAN. ) SOLID_ANGLE_UNIT ( ) );
#3895 = ORIENTED_EDGE ( 'NONE', *, *, #2998, .T. ) ;
#3896 = DIRECTION ( 'NONE',  ( -0.0000000000000000000, 1.000000000000000000, 0.0000000000000000000 ) ) ;
#3897 = PRESENTATION_STYLE_ASSIGNMENT (( #4526 ) ) ;
#3898 = PRESENTATION_STYLE_ASSIGNMENT (( #3381 ) ) ;
#3899 = EDGE_CURVE ( 'NONE', #2162, #2696, #5828, .T. ) ;
#3900 = DIRECTION ( 'NONE',  ( 0.0000000000000000000, 0.0000000000000000000, 1.000000000000000000 ) ) ;
#3901 = CARTESIAN_POINT ( 'NONE',  ( 8.360983427151531089, 11.31029797215546928, 16.13575468695792736 ) ) ;
#3902 = VECTOR ( 'NONE', #737, 1000.000000000000000 ) ;
#3903 = LINE ( 'NONE', #4221, #3736 ) ;
#3904 = SURFACE_STYLE_USAGE ( .BOTH. , #182 ) ;
#3905 = DIRECTION ( 'NONE',  ( 0.0000000000000000000, -1.110223024624999878E-16, -1.000000000000000000 ) ) ;
#3906 = VERTEX_POINT ( 'NONE', #4044 ) ;
#3907 = LINE ( 'NONE', #6529, #2502 ) ;
#3908 = SURFACE_STYLE_USAGE ( .BOTH. , #185 ) ;
#3909 = PRESENTATION_STYLE_ASSIGNMENT (( #2935 ) ) ;
#3910 = LINE ( 'NONE', #3348, #6559 ) ;
#3911 =( NAMED_UNIT ( * ) PLANE_ANGLE_UNIT ( ) SI_UNIT ( $, .RADIAN. ) );
#3912 = CARTESIAN_POINT ( 'NONE',  ( 11.08444181289723574, 4.975648655330335401, 16.50007378821410597 ) ) ;
#3913 = FACE_OUTER_BOUND ( 'NONE', #6191, .T. ) ;
#3914 = DIRECTION ( 'NONE',  ( 0.0000000000000000000, -1.000000000000000000, -0.0000000000000000000 ) ) ;
#3915 = ORIENTED_EDGE ( 'NONE', *, *, #3582, .T. ) ;
#3916 = UNCERTAINTY_MEASURE_WITH_UNIT (LENGTH_MEASURE( 1.000000000000000082E-05 ), #5146, 'distance_accuracy_value', 'NONE');
#3917 = CARTESIAN_POINT ( 'NONE',  ( 3.619627554198237895, 11.94775424282733489, 22.42007378821410413 ) ) ;
#3918 = ORIENTED_EDGE ( 'NONE', *, *, #6446, .F. ) ;
#3919 =( NAMED_UNIT ( * ) PLANE_ANGLE_UNIT ( ) SI_UNIT ( $, .RADIAN. ) );
#3920 = SURFACE_SIDE_STYLE ('',( #4290 ) ) ;
#3921 = VECTOR ( 'NONE', #102, 1000.000000000000000 ) ;
#3922 = MECHANICAL_DESIGN_GEOMETRIC_PRESENTATION_REPRESENTATION (  '', ( #2866 ), #4276 ) ;
#3923 = DIRECTION ( 'NONE',  ( 0.0000000000000000000, 1.000000000000000000, 0.0000000000000000000 ) ) ;
#3924 = EDGE_CURVE ( 'NONE', #1175, #4093, #1765, .T. ) ;
#3925 = ORIENTED_EDGE ( 'NONE', *, *, #1995, .F. ) ;
#3926 = FACE_OUTER_BOUND ( 'NONE', #6015, .T. ) ;
#3927 = PLANE ( 'NONE',  #1232 ) ;
#3928 = AXIS2_PLACEMENT_3D ( 'NONE', #1520, #5221, #2056 ) ;
#3929 = ORIENTED_EDGE ( 'NONE', *, *, #3738, .T. ) ;
#3930 = DIRECTION ( 'NONE',  ( -0.0000000000000000000, -0.0000000000000000000, 1.000000000000000000 ) ) ;
#3931 = SURFACE_STYLE_USAGE ( .BOTH. , #212 ) ;
#3932 = CARTESIAN_POINT ( 'NONE',  ( -4.129435102211766129, 3.367732065676335207, 14.99907378821410653 ) ) ;
#3933 = CARTESIAN_POINT ( 'NONE',  ( 7.440235126643234054, 3.357106363532334825, 15.00007378821410597 ) ) ;
#3934 = CARTESIAN_POINT ( 'NONE',  ( -4.129435102211766129, 9.217732065676335296, 14.99907378821410653 ) ) ;
#3935 = COLOUR_RGB ( '',0.2509803921568627416, 0.2509803921568627416, 0.2509803921568627416 ) ;
#3936 = VERTEX_POINT ( 'NONE', #5638 ) ;
#3937 = ORIENTED_EDGE ( 'NONE', *, *, #36, .T. ) ;
#3938 =( BOUNDED_CURVE ( )  B_SPLINE_CURVE ( 3, ( #1562, #1009, #4209, #5622, #2453, #6163, #2989 ),
 .UNSPECIFIED., .F., .F. ) 
 B_SPLINE_CURVE_WITH_KNOTS ( ( 4, 3, 4 ),
 ( 1.047197576292361987, 3.141592653583969330, 5.235987730875576673 ),
 .UNSPECIFIED. ) 
 CURVE ( )  GEOMETRIC_REPRESENTATION_ITEM ( )  RATIONAL_B_SPLINE_CURVE ( ( 1.000000000000000000, 0.6666666739128708219, 0.6666666739128708219, 1.000000000000000000, 0.6666666739128708219, 0.6666666739128708219, 1.000000000000000000 ) ) 
 REPRESENTATION_ITEM ( '' )  );
#3939 = VERTEX_POINT ( 'NONE', #1387 ) ;
#3940 =( LENGTH_UNIT ( ) NAMED_UNIT ( * ) SI_UNIT ( .MILLI., .METRE. ) );
#3941 = VECTOR ( 'NONE', #3442, 1000.000000000000000 ) ;
#3942 = STYLED_ITEM ( 'NONE', ( #843 ), #5154 ) ;
#3943 = EDGE_LOOP ( 'NONE', ( #1218, #836 ) ) ;
#3944 = STYLED_ITEM ( 'NONE', ( #2663 ), #1478 ) ;
#3945 = DIRECTION ( 'NONE',  ( -1.000000000000000000, 0.0000000000000000000, 0.0000000000000000000 ) ) ;
#3946 = STYLED_ITEM ( 'NONE', ( #6652 ), #6838 ) ;
#3947 = EDGE_CURVE ( 'NONE', #586, #1358, #4415, .T. ) ;
#3948 = VERTEX_POINT ( 'NONE', #6171 ) ;
#3949 = FACE_OUTER_BOUND ( 'NONE', #17, .T. ) ;
#3950 = ORIENTED_EDGE ( 'NONE', *, *, #5079, .F. ) ;
#3951 = PLANE ( 'NONE',  #1023 ) ;
#3952 = ORIENTED_EDGE ( 'NONE', *, *, #2972, .F. ) ;
#3953 = DIRECTION ( 'NONE',  ( 1.000000000000000000, -0.0000000000000000000, -0.0000000000000000000 ) ) ;
#3954 = FILL_AREA_STYLE ('',( #779 ) ) ;
#3955 = ORIENTED_EDGE ( 'NONE', *, *, #1887, .T. ) ;
#3956 = CARTESIAN_POINT ( 'NONE',  ( -4.929435102211766839, 4.967732065676335296, 14.99907378821410653 ) ) ;
#3957 = VERTEX_POINT ( 'NONE', #1933 ) ;
#3958 = SURFACE_SIDE_STYLE ('',( #2018 ) ) ;
#3959 = CARTESIAN_POINT ( 'NONE',  ( 5.970552912677237423, 8.697754244012937619, 20.57392860550395852 ) ) ;
#3960 = PRESENTATION_LAYER_ASSIGNMENT (  '', '', ( #1473 ) ) ;
#3961 = CARTESIAN_POINT ( 'NONE',  ( 4.970552912677236534, 8.697754242828334981, 20.57392859714610722 ) ) ;
#3962 =( LENGTH_UNIT ( ) NAMED_UNIT ( * ) SI_UNIT ( .MILLI., .METRE. ) );
#3963 = ADVANCED_FACE ( 'NONE', ( #4261 ), #4065, .F. ) ;
#3964 = EDGE_CURVE ( 'NONE', #1687, #3639, #3251, .T. ) ;
#3965 = EDGE_CURVE ( 'NONE', #1669, #5547, #6067, .T. ) ;
#3966 = UNCERTAINTY_MEASURE_WITH_UNIT (LENGTH_MEASURE( 1.000000000000000082E-05 ), #630, 'distance_accuracy_value', 'NONE');
#3967 = CARTESIAN_POINT ( 'NONE',  ( 3.370579423406233843, 13.52856633055133528, 15.00007378821410597 ) ) ;
#3968 = CYLINDRICAL_SURFACE ( 'NONE', #4136, 0.8000000000000003775 ) ;
#3969 = CARTESIAN_POINT ( 'NONE',  ( 5.870552912677234225, 10.39775424281733329, 21.62007378821410342 ) ) ;
#3970 = AXIS2_PLACEMENT_3D ( 'NONE', #2510, #3586, #5709 ) ;
#3971 = VECTOR ( 'NONE', #1086, 1000.000000000000000 ) ;
#3972 = DIRECTION ( 'NONE',  ( -0.0000000000000000000, 1.000000000000000000, -0.0000000000000000000 ) ) ;
#3973 = ORIENTED_EDGE ( 'NONE', *, *, #4109, .T. ) ;
#3975 = COLOUR_RGB ( '',1.000000000000000000, 1.000000000000000000, 1.000000000000000000 ) ;
#3974 = STYLED_ITEM ( 'NONE', ( #3143 ), #2420 ) ;
#3976 = ORIENTED_EDGE ( 'NONE', *, *, #6362, .T. ) ;
#3977 = ORIENTED_EDGE ( 'NONE', *, *, #6245, .T. ) ;
#3978 = PRESENTATION_STYLE_ASSIGNMENT (( #2570 ) ) ;
#3979 = AXIS2_PLACEMENT_3D ( 'NONE', #3363, #164, #3887 ) ;
#3980 = FILL_AREA_STYLE ('',( #6079 ) ) ;
#3981 = CARTESIAN_POINT ( 'NONE',  ( 2.170564897788234138, 4.397732065676335900, 22.62007378821410697 ) ) ;
#3982 = LINE ( 'NONE', #1445, #6460 ) ;
#3983 =( LENGTH_UNIT ( ) NAMED_UNIT ( * ) SI_UNIT ( .MILLI., .METRE. ) );
#3984 = CARTESIAN_POINT ( 'NONE',  ( 6.170552912677236712, 10.69775424281733400, 22.52758331951137905 ) ) ;
#3985 = DIRECTION ( 'NONE',  ( 1.000000000000000000, 0.0000000000000000000, 0.0000000000000000000 ) ) ;
#3986 = EDGE_CURVE ( 'NONE', #1533, #5278, #4656, .T. ) ;
#3987 = LINE ( 'NONE', #6228, #1136 ) ;
#3988 = FILL_AREA_STYLE ('',( #258 ) ) ;
#3989 =( NAMED_UNIT ( * ) PLANE_ANGLE_UNIT ( ) SI_UNIT ( $, .RADIAN. ) );
#3990 = COLOUR_RGB ( '',0.2509803921568627416, 0.2509803921568627416, 0.2509803921568627416 ) ;
#3991 = VECTOR ( 'NONE', #2695, 1000.000000000000000 ) ;
#3992 = SURFACE_SIDE_STYLE ('',( #5683 ) ) ;
#3993 = DIRECTION ( 'NONE',  ( 0.0000000000000000000, 0.0000000000000000000, 1.000000000000000000 ) ) ;
#3994 = CARTESIAN_POINT ( 'NONE',  ( -3.303228718029766142, 9.972754242817334358, 11.44007378821410725 ) ) ;
#3995 = FACE_OUTER_BOUND ( 'NONE', #691, .T. ) ;
#3996 = CYLINDRICAL_SURFACE ( 'NONE', #2782, 8.004428399999998334 ) ;
#3997 =( GEOMETRIC_REPRESENTATION_CONTEXT ( 3 ) GLOBAL_UNCERTAINTY_ASSIGNED_CONTEXT ( ( #2131 ) ) GLOBAL_UNIT_ASSIGNED_CONTEXT ( ( #1501, #5197, #2028 ) ) REPRESENTATION_CONTEXT ( 'NONE', 'WORKASPACE' ) );
#3998 = PRESENTATION_STYLE_ASSIGNMENT (( #2471 ) ) ;
#3999 = EDGE_CURVE ( 'NONE', #1358, #1573, #417, .T. ) ;
#4000 = LINE ( 'NONE', #4686, #3817 ) ;
#4001 = SURFACE_STYLE_USAGE ( .BOTH. , #270 ) ;
#4002 =( GEOMETRIC_REPRESENTATION_CONTEXT ( 3 ) GLOBAL_UNCERTAINTY_ASSIGNED_CONTEXT ( ( #6286 ) ) GLOBAL_UNIT_ASSIGNED_CONTEXT ( ( #4263, #1056, #4781 ) ) REPRESENTATION_CONTEXT ( 'NONE', 'WORKASPACE' ) );
#4003 =( LENGTH_UNIT ( ) NAMED_UNIT ( * ) SI_UNIT ( .MILLI., .METRE. ) );
#4004 = VECTOR ( 'NONE', #3856, 1000.000000000000000 ) ;
#4005 = SURFACE_STYLE_FILL_AREA ( #1786 ) ;
#4006 = ADVANCED_FACE ( 'NONE', ( #4324 ), #3050, .F. ) ;
#4007 = VECTOR ( 'NONE', #4160, 1000.000000000000000 ) ;
#4008 = FILL_AREA_STYLE ('',( #6108 ) ) ;
#4009 = DIRECTION ( 'NONE',  ( -1.000000000000000000, -0.0000000000000000000, -0.0000000000000000000 ) ) ;
#4010 = VERTEX_POINT ( 'NONE', #5687 ) ;
#4011 = DIRECTION ( 'NONE',  ( -1.000000000000000000, 0.0000000000000000000, 0.0000000000000000000 ) ) ;
#4012 = AXIS2_PLACEMENT_3D ( 'NONE', #1443, #5144, #1981 ) ;
#4013 = DIRECTION ( 'NONE',  ( -0.0000000000000000000, -0.0000000000000000000, 1.000000000000000000 ) ) ;
#4014 =( NAMED_UNIT ( * ) PLANE_ANGLE_UNIT ( ) SI_UNIT ( $, .RADIAN. ) );
#4015 = PRESENTATION_LAYER_ASSIGNMENT (  '', '', ( #3298 ) ) ;
#4016 = PLANE ( 'NONE',  #955 ) ;
#4017 = ORIENTED_EDGE ( 'NONE', *, *, #2205, .T. ) ;
#4018 = FILL_AREA_STYLE_COLOUR ( '', #4805 ) ;
#4019 = DIRECTION ( 'NONE',  ( 0.0000000000000000000, 0.0000000000000000000, -1.000000000000000000 ) ) ;
#4020 = LINE ( 'NONE', #1365, #4582 ) ;
#4021 = STYLED_ITEM ( 'NONE', ( #3978 ), #1916 ) ;
#4022 = PRESENTATION_LAYER_ASSIGNMENT (  '', '', ( #3305 ) ) ;
#4023 = FILL_AREA_STYLE ('',( #3497 ) ) ;
#4024 = AXIS2_PLACEMENT_3D ( 'NONE', #2319, #6028, #2863 ) ;
#4025 = VERTEX_POINT ( 'NONE', #404 ) ;
#4026 = EDGE_CURVE ( 'NONE', #6274, #2715, #1152, .T. ) ;
#4027 = EDGE_LOOP ( 'NONE', ( #5441, #2605, #4192, #2991 ) ) ;
#4028 = ADVANCED_FACE ( 'NONE', ( #3825 ), #5182, .F. ) ;
#4029 = ORIENTED_EDGE ( 'NONE', *, *, #6538, .F. ) ;
#4030 = ORIENTED_EDGE ( 'NONE', *, *, #3813, .T. ) ;
#4031 = CARTESIAN_POINT ( 'NONE',  ( -3.813228718029765929, 12.00275424281733549, 11.44007378821410725 ) ) ;
#4032 = VERTEX_POINT ( 'NONE', #5208 ) ;
#4033 = CARTESIAN_POINT ( 'NONE',  ( 6.970552912677235646, 8.447754242828334981, 18.81007378821410470 ) ) ;
#4034 =( NAMED_UNIT ( * ) PLANE_ANGLE_UNIT ( ) SI_UNIT ( $, .RADIAN. ) );
#4035 = ORIENTED_EDGE ( 'NONE', *, *, #2639, .T. ) ;
#4036 = SURFACE_STYLE_USAGE ( .BOTH. , #310 ) ;
#4037 = DIRECTION ( 'NONE',  ( 0.0000000000000000000, -0.0000000000000000000, 1.000000000000000000 ) ) ;
#4038 =( NAMED_UNIT ( * ) SI_UNIT ( $, .STERADIAN. ) SOLID_ANGLE_UNIT ( ) );
#4039 = EDGE_CURVE ( 'NONE', #3539, #5511, #4738, .T. ) ;
#4040 = ADVANCED_FACE ( 'NONE', ( #3338 ), #4685, .F. ) ;
#4041 = SURFACE_STYLE_FILL_AREA ( #415 ) ;
#4042 = ORIENTED_EDGE ( 'NONE', *, *, #1337, .F. ) ;
#4043 = ORIENTED_EDGE ( 'NONE', *, *, #1524, .F. ) ;
#4044 = CARTESIAN_POINT ( 'NONE',  ( -4.129435102211766129, 4.967732065676335296, 15.00007378821410597 ) ) ;
#4045 = PLANE ( 'NONE',  #1091 ) ;
#4046 = ORIENTED_EDGE ( 'NONE', *, *, #3827, .F. ) ;
#4047 = CARTESIAN_POINT ( 'NONE',  ( 2.171771281970234391, 14.55775424281733521, 22.62007378821410697 ) ) ;
#4048 = MECHANICAL_DESIGN_GEOMETRIC_PRESENTATION_REPRESENTATION (  '', ( #2988 ), #4392 ) ;
#4049 = ORIENTED_EDGE ( 'NONE', *, *, #3059, .T. ) ;
#4050 =( LENGTH_UNIT ( ) NAMED_UNIT ( * ) SI_UNIT ( .MILLI., .METRE. ) );
#4051 = FILL_AREA_STYLE ('',( #5700 ) ) ;
#4052 = SURFACE_SIDE_STYLE ('',( #1794 ) ) ;
#4053 = VECTOR ( 'NONE', #384, 1000.000000000000000 ) ;
#4054 = EDGE_LOOP ( 'NONE', ( #6115, #5263, #5352, #1208 ) ) ;
#4055 = COLOUR_RGB ( '',0.2509803921568627416, 0.2509803921568627416, 0.2509803921568627416 ) ;
#4056 = CARTESIAN_POINT ( 'NONE',  ( 2.171771281970234391, 15.55775424281733521, 15.00007378821410597 ) ) ;
#4057 = ADVANCED_FACE ( 'NONE', ( #4091 ), #2607, .F. ) ;
#4058 = VERTEX_POINT ( 'NONE', #3142 ) ;
#4059 = DIRECTION ( 'NONE',  ( -0.0000000000000000000, -0.0000000000000000000, 1.000000000000000000 ) ) ;
#4060 = EDGE_CURVE ( 'NONE', #6693, #2162, #4973, .T. ) ;
#4061 = FACE_OUTER_BOUND ( 'NONE', #930, .T. ) ;
#4062 = EDGE_CURVE ( 'NONE', #1183, #5093, #3595, .T. ) ;
#4063 = VERTEX_POINT ( 'NONE', #2627 ) ;
#4064 = FILL_AREA_STYLE ('',( #336 ) ) ;
#4065 = PLANE ( 'NONE',  #2494 ) ;
#4066 = VECTOR ( 'NONE', #3660, 1000.000000000000000 ) ;
#4067 = MECHANICAL_DESIGN_GEOMETRIC_PRESENTATION_REPRESENTATION (  '', ( #3006 ), #4412 ) ;
#4068 = ORIENTED_EDGE ( 'NONE', *, *, #6017, .T. ) ;
#4069 = ORIENTED_EDGE ( 'NONE', *, *, #2318, .T. ) ;
#4070 = VECTOR ( 'NONE', #2918, 1000.000000000000000 ) ;
#4071 = FACE_OUTER_BOUND ( 'NONE', #696, .T. ) ;
#4072 = AXIS2_PLACEMENT_3D ( 'NONE', #3018, #6718, #3555 ) ;
#4073 = VECTOR ( 'NONE', #4920, 1000.000000000000000 ) ;
#4074 = DIRECTION ( 'NONE',  ( -0.0000000000000000000, -1.000000000000000000, -0.0000000000000000000 ) ) ;
#4075 = CARTESIAN_POINT ( 'NONE',  ( 5.598034606640234223, 13.52777641995833413, 15.00007378821410597 ) ) ;
#4076 = CARTESIAN_POINT ( 'NONE',  ( 3.370579423406233843, 13.52856633055133528, 22.62007378821410697 ) ) ;
#4077 = CIRCLE ( 'NONE', #3238, 1.781483591558604473 ) ;
#4078 = DIRECTION ( 'NONE',  ( -0.0000000000000000000, 1.110223024624999878E-16, 1.000000000000000000 ) ) ;
#4079 = ADVANCED_FACE ( 'NONE', ( #6231 ), #1028, .F. ) ;
#4080 =( NAMED_UNIT ( * ) SI_UNIT ( $, .STERADIAN. ) SOLID_ANGLE_UNIT ( ) );
#4081 = VECTOR ( 'NONE', #1801, 1000.000000000000000 ) ;
#4082 = FACE_OUTER_BOUND ( 'NONE', #3437, .T. ) ;
#4083 = FILL_AREA_STYLE ('',( #869 ) ) ;
#4084 = DIRECTION ( 'NONE',  ( -0.0000000000000000000, -0.0000000000000000000, 1.000000000000000000 ) ) ;
#4085 = CARTESIAN_POINT ( 'NONE',  ( 6.023131538444234323, 13.52775424281733585, 22.55139927763110563 ) ) ;
#4086 = EDGE_LOOP ( 'NONE', ( #2880, #4843, #5106, #5025 ) ) ;
#4087 = VECTOR ( 'NONE', #5968, 1000.000000000000000 ) ;
#4088 = DIRECTION ( 'NONE',  ( 0.0000000000000000000, -0.0000000000000000000, 1.000000000000000000 ) ) ;
#4089 = LINE ( 'NONE', #228, #1240 ) ;
#4090 = LINE ( 'NONE', #6514, #2504 ) ;
#4091 = FACE_OUTER_BOUND ( 'NONE', #5762, .T. ) ;
#4092 = CARTESIAN_POINT ( 'NONE',  ( -3.813228718029765929, 9.462754242817334571, 15.00007378821410597 ) ) ;
#4093 = VERTEX_POINT ( 'NONE', #490 ) ;
#4094 = VERTEX_POINT ( 'NONE', #4770 ) ;
#4095 = PRESENTATION_LAYER_ASSIGNMENT (  '', '', ( #3375 ) ) ;
#4096 =( GEOMETRIC_REPRESENTATION_CONTEXT ( 3 ) GLOBAL_UNCERTAINTY_ASSIGNED_CONTEXT ( ( #4539 ) ) GLOBAL_UNIT_ASSIGNED_CONTEXT ( ( #4820, #1644, #5348 ) ) REPRESENTATION_CONTEXT ( 'NONE', 'WORKASPACE' ) );
#4097 = SURFACE_STYLE_FILL_AREA ( #3302 ) ;
#4098 = DIRECTION ( 'NONE',  ( -1.000000000000000000, -0.0000000000000000000, -0.0000000000000000000 ) ) ;
#4099 = ADVANCED_FACE ( 'NONE', ( #1505 ), #5300, .F. ) ;
#4100 = UNCERTAINTY_MEASURE_WITH_UNIT (LENGTH_MEASURE( 1.000000000000000082E-05 ), #6020, 'distance_accuracy_value', 'NONE');
#4101 = DIRECTION ( 'NONE',  ( -0.0000000000000000000, -1.000000000000000000, -0.0000000000000000000 ) ) ;
#4102 =( NAMED_UNIT ( * ) PLANE_ANGLE_UNIT ( ) SI_UNIT ( $, .RADIAN. ) );
#4103 = CARTESIAN_POINT ( 'NONE',  ( 5.970552912677237423, 6.719299690771334710, 19.06007378821410470 ) ) ;
#4104 =( LENGTH_UNIT ( ) NAMED_UNIT ( * ) SI_UNIT ( .MILLI., .METRE. ) );
#4105 = DIRECTION ( 'NONE',  ( 0.0000000000000000000, -1.110223024624999878E-16, -1.000000000000000000 ) ) ;
#4106 = SURFACE_STYLE_FILL_AREA ( #2337 ) ;
#4107 = MECHANICAL_DESIGN_GEOMETRIC_PRESENTATION_REPRESENTATION (  '', ( #3036 ), #4441 ) ;
#4108 = EDGE_CURVE ( 'NONE', #1092, #6744, #3818, .T. ) ;
#4109 = EDGE_CURVE ( 'NONE', #1064, #377, #1654, .T. ) ;
#4110 = MECHANICAL_DESIGN_GEOMETRIC_PRESENTATION_REPRESENTATION (  '', ( #3395 ), #6747 ) ;
#4111 = VERTEX_POINT ( 'NONE', #6397 ) ;
#4112 = STYLED_ITEM ( 'NONE', ( #4141 ), #2107 ) ;
#4113 = PRESENTATION_LAYER_ASSIGNMENT (  '', '', ( #4454 ) ) ;
#4114 = SURFACE_SIDE_STYLE ('',( #76 ) ) ;
#4115 = ORIENTED_EDGE ( 'NONE', *, *, #2181, .F. ) ;
#4116 = ORIENTED_EDGE ( 'NONE', *, *, #4797, .T. ) ;
#4117 = FILL_AREA_STYLE ('',( #3588 ) ) ;
#4118 = ORIENTED_EDGE ( 'NONE', *, *, #2439, .T. ) ;
#4119 = DIRECTION ( 'NONE',  ( -0.0000000000000000000, -0.0000000000000000000, 1.000000000000000000 ) ) ;
#4120 = ORIENTED_EDGE ( 'NONE', *, *, #4823, .F. ) ;
#4121 = CARTESIAN_POINT ( 'NONE',  ( -3.303228718029766142, 7.432754242817335211, 11.44007378821410725 ) ) ;
#4122 = EDGE_CURVE ( 'NONE', #6183, #2487, #2414, .T. ) ;
#4123 = LINE ( 'NONE', #3967, #1099 ) ;
#4124 = CARTESIAN_POINT ( 'NONE',  ( -6.328228718029764721, 12.27856632156533401, 22.62007378821410697 ) ) ;
#4125 = CARTESIAN_POINT ( 'NONE',  ( 5.970552912677237423, 6.719299690771334710, 18.56007378821410825 ) ) ;
#4126 = FILL_AREA_STYLE ('',( #392 ) ) ;
#4127 = ORIENTED_EDGE ( 'NONE', *, *, #1707, .T. ) ;
#4128 = EDGE_LOOP ( 'NONE', ( #5508, #4744, #2463, #5087 ) ) ;
#4129 = CARTESIAN_POINT ( 'NONE',  ( -0.8294351022117658623, 4.367732065676334763, 14.36007378821410363 ) ) ;
#4130 = FILL_AREA_STYLE ('',( #3601 ) ) ;
#4131 = ORIENTED_EDGE ( 'NONE', *, *, #5311, .T. ) ;
#4132 = ADVANCED_FACE ( 'NONE', ( #6478 ), #1087, .F. ) ;
#4133 = EDGE_CURVE ( 'NONE', #6417, #3837, #1745, .T. ) ;
#4134 = ORIENTED_EDGE ( 'NONE', *, *, #5530, .T. ) ;
#4135 = VERTEX_POINT ( 'NONE', #2194 ) ;
#4136 = AXIS2_PLACEMENT_3D ( 'NONE', #1038, #4105, #4762 ) ;
#4137 =( BOUNDED_CURVE ( )  B_SPLINE_CURVE ( 3, ( #4289, #3754, #548, #1090 ),
 .UNSPECIFIED., .F., .F. ) 
 B_SPLINE_CURVE_WITH_KNOTS ( ( 4, 4 ),
 ( 1.570796326794897224, 3.141592653589793560 ),
 .UNSPECIFIED. ) 
 CURVE ( )  GEOMETRIC_REPRESENTATION_ITEM ( )  RATIONAL_B_SPLINE_CURVE ( ( 1.000000000000000000, 0.8047378541243650485, 0.8047378541243650485, 1.000000000000000000 ) ) 
 REPRESENTATION_ITEM ( '' )  );
#4138 = CARTESIAN_POINT ( 'NONE',  ( -0.8294351022117658623, 4.367732065676334763, 14.36007378821410363 ) ) ;
#4139 = CARTESIAN_POINT ( 'NONE',  ( 3.961478271157233166, 11.94775424282733489, 20.62007378821410697 ) ) ;
#4140 = CARTESIAN_POINT ( 'NONE',  ( -6.329420576603766335, 9.447739717209742594, 14.99907378821410653 ) ) ;
#4141 = PRESENTATION_STYLE_ASSIGNMENT (( #715 ) ) ;
#4142 = DIRECTION ( 'NONE',  ( -0.0000000000000000000, 1.000000000000000000, -0.0000000000000000000 ) ) ;
#4143 = DIRECTION ( 'NONE',  ( -1.000000000000000000, 0.0000000000000000000, 0.0000000000000000000 ) ) ;
#4144 = PRESENTATION_LAYER_ASSIGNMENT (  '', '', ( #4486 ) ) ;
#4145 = ORIENTED_EDGE ( 'NONE', *, *, #5403, .F. ) ;
#4146 = VERTEX_POINT ( 'NONE', #1617 ) ;
#4147 = PRESENTATION_STYLE_ASSIGNMENT (( #2724 ) ) ;
#4148 = ORIENTED_EDGE ( 'NONE', *, *, #3740, .T. ) ;
#4149 = DIRECTION ( 'NONE',  ( 1.000000000000000000, 0.0000000000000000000, 0.0000000000000000000 ) ) ;
#4150 = FACE_OUTER_BOUND ( 'NONE', #294, .T. ) ;
#4151 = AXIS2_PLACEMENT_3D ( 'NONE', #1553, #5259, #2095 ) ;
#4152 = DIRECTION ( 'NONE',  ( -1.000000000000000000, -0.0000000000000000000, -0.0000000000000000000 ) ) ;
#4153 = FILL_AREA_STYLE ('',( #3612 ) ) ;
#4154 = VECTOR ( 'NONE', #5874, 1000.000000000000000 ) ;
#4155 = FACE_OUTER_BOUND ( 'NONE', #6207, .T. ) ;
#4156 = PRESENTATION_STYLE_ASSIGNMENT (( #6175 ) ) ;
#4157 = COLOUR_RGB ( '',1.000000000000000000, 1.000000000000000000, 1.000000000000000000 ) ;
#4158 = EDGE_CURVE ( 'NONE', #4093, #1196, #5811, .T. ) ;
#4159 = CARTESIAN_POINT ( 'NONE',  ( 5.970552912677237423, 8.197754242818334092, 18.56007378821410825 ) ) ;
#4160 = DIRECTION ( 'NONE',  ( 0.0000000000000000000, -1.000000000000000000, 1.110223024625156540E-16 ) ) ;
#4161 = DIRECTION ( 'NONE',  ( -1.000000000000000000, 0.0000000000000000000, 0.0000000000000000000 ) ) ;
#4162 = ADVANCED_FACE ( 'NONE', ( #329 ), #1112, .F. ) ;
#4163 = CIRCLE ( 'NONE', #3469, 1.781483599999990952 ) ;
#4164 = SURFACE_STYLE_FILL_AREA ( #1942 ) ;
#4165 = FILL_AREA_STYLE_COLOUR ( '', #3388 ) ;
#4166 = FILL_AREA_STYLE ('',( #2561 ) ) ;
#4167 = PRESENTATION_STYLE_ASSIGNMENT (( #909 ) ) ;
#4168 = DIRECTION ( 'NONE',  ( -1.000000000000000000, 0.0000000000000000000, 0.0000000000000000000 ) ) ;
#4169 = CARTESIAN_POINT ( 'NONE',  ( 3.619627554198237451, 11.94775424282733489, 22.62007378821410697 ) ) ;
#4170 = CARTESIAN_POINT ( 'NONE',  ( 0.6705648977882341377, 3.367732065676335207, 22.62007378821410697 ) ) ;
#4171 = VECTOR ( 'NONE', #6535, 1000.000000000000000 ) ;
#4172 =( NAMED_UNIT ( * ) SI_UNIT ( $, .STERADIAN. ) SOLID_ANGLE_UNIT ( ) );
#4173 = ORIENTED_EDGE ( 'NONE', *, *, #5178, .T. ) ;
#4174 = STYLED_ITEM ( 'NONE', ( #72 ), #5261 ) ;
#4175 =( NAMED_UNIT ( * ) PLANE_ANGLE_UNIT ( ) SI_UNIT ( $, .RADIAN. ) );
#4176 = ORIENTED_EDGE ( 'NONE', *, *, #1352, .T. ) ;
#4177 = PRESENTATION_LAYER_ASSIGNMENT (  '', '', ( #3811 ) ) ;
#4178 =( NAMED_UNIT ( * ) SI_UNIT ( $, .STERADIAN. ) SOLID_ANGLE_UNIT ( ) );
#4179 = LINE ( 'NONE', #4476, #88 ) ;
#4180 = EDGE_CURVE ( 'NONE', #5356, #3361, #5304, .T. ) ;
#4181 =( NAMED_UNIT ( * ) PLANE_ANGLE_UNIT ( ) SI_UNIT ( $, .RADIAN. ) );
#4182 = FILL_AREA_STYLE_COLOUR ( '', #981 ) ;
#4183 =( GEOMETRIC_REPRESENTATION_CONTEXT ( 3 ) GLOBAL_UNCERTAINTY_ASSIGNED_CONTEXT ( ( #3531 ) ) GLOBAL_UNIT_ASSIGNED_CONTEXT ( ( #1116, #4842, #1663 ) ) REPRESENTATION_CONTEXT ( 'NONE', 'WORKASPACE' ) );
#4184 = CARTESIAN_POINT ( 'NONE',  ( 4.598034606640233335, 13.52777641995833413, 14.36007378821410541 ) ) ;
#4185 = CARTESIAN_POINT ( 'NONE',  ( 6.723752724424892691, 5.566104650747201177, 22.43821375816129304 ) ) ;
#4186 = SURFACE_SIDE_STYLE ('',( #2825 ) ) ;
#4187 = ORIENTED_EDGE ( 'NONE', *, *, #597, .T. ) ;
#4188 = EDGE_LOOP ( 'NONE', ( #5878, #3178, #854, #3544 ) ) ;
#4189 = DIRECTION ( 'NONE',  ( 0.0000000000000000000, -0.0000000000000000000, -1.000000000000000000 ) ) ;
#4190 = MECHANICAL_DESIGN_GEOMETRIC_PRESENTATION_REPRESENTATION (  '', ( #3128 ), #4533 ) ;
#4191 = VECTOR ( 'NONE', #3666, 1000.000000000000000 ) ;
#4192 = ORIENTED_EDGE ( 'NONE', *, *, #2617, .F. ) ;
#4193 = ORIENTED_EDGE ( 'NONE', *, *, #252, .T. ) ;
#4194 = EDGE_CURVE ( 'NONE', #5773, #659, #2497, .T. ) ;
#4195 = DIRECTION ( 'NONE',  ( -0.0000000000000000000, -0.0000000000000000000, 1.000000000000000000 ) ) ;
#4196 = EDGE_CURVE ( 'NONE', #5620, #5370, #3903, .T. ) ;
#4197 = ADVANCED_FACE ( 'NONE', ( #896 ), #5888, .T. ) ;
#4198 = ORIENTED_EDGE ( 'NONE', *, *, #5108, .F. ) ;
#4199 = VERTEX_POINT ( 'NONE', #4766 ) ;
#4200 = UNCERTAINTY_MEASURE_WITH_UNIT (LENGTH_MEASURE( 1.000000000000000082E-05 ), #3516, 'distance_accuracy_value', 'NONE');
#4201 = UNCERTAINTY_MEASURE_WITH_UNIT (LENGTH_MEASURE( 1.000000000000000082E-05 ), #1321, 'distance_accuracy_value', 'NONE');
#4202 = MECHANICAL_DESIGN_GEOMETRIC_PRESENTATION_REPRESENTATION (  '', ( #3136 ), #4545 ) ;
#4203 = PLANE ( 'NONE',  #4296 ) ;
#4204 = CARTESIAN_POINT ( 'NONE',  ( 3.690552912677234509, 11.94775424282733489, 20.62007378821410697 ) ) ;
#4205 =( NAMED_UNIT ( * ) PLANE_ANGLE_UNIT ( ) SI_UNIT ( $, .RADIAN. ) );
#4206 = ORIENTED_EDGE ( 'NONE', *, *, #1035, .F. ) ;
#4207 = DIRECTION ( 'NONE',  ( 0.0000000000000000000, 0.0000000000000000000, -1.000000000000000000 ) ) ;
#4208 = DIRECTION ( 'NONE',  ( -0.0000000000000000000, -0.0000000000000000000, -1.000000000000000000 ) ) ;
#4209 = CARTESIAN_POINT ( 'NONE',  ( 12.47177132807216537, 11.77056346473775150, 21.50961998366993555 ) ) ;
#4210 = VERTEX_POINT ( 'NONE', #5294 ) ;
#4211 = SURFACE_STYLE_FILL_AREA ( #1761 ) ;
#4212 = DIRECTION ( 'NONE',  ( -1.000000000000000000, -0.0000000000000000000, -0.0000000000000000000 ) ) ;
#4213 = SURFACE_SIDE_STYLE ('',( #685 ) ) ;
#4214 = ORIENTED_EDGE ( 'NONE', *, *, #3353, .F. ) ;
#4215 = COLOUR_RGB ( '',0.2509803921568627416, 0.2509803921568627416, 0.2509803921568627416 ) ;
#4216 = CARTESIAN_POINT ( 'NONE',  ( 6.446361130152013175, 13.43934354045707913, 15.44348046028796517 ) ) ;
#4217 =( GEOMETRIC_REPRESENTATION_CONTEXT ( 3 ) GLOBAL_UNCERTAINTY_ASSIGNED_CONTEXT ( ( #4285 ) ) GLOBAL_UNIT_ASSIGNED_CONTEXT ( ( #1363, #5065, #1904 ) ) REPRESENTATION_CONTEXT ( 'NONE', 'WORKASPACE' ) );
#4218 = ORIENTED_EDGE ( 'NONE', *, *, #1504, .T. ) ;
#4219 = PRESENTATION_LAYER_ASSIGNMENT (  '', '', ( #3523 ) ) ;
#4220 = PRESENTATION_LAYER_ASSIGNMENT (  '', '', ( #3524 ) ) ;
#4221 = CARTESIAN_POINT ( 'NONE',  ( 3.419627554198233721, 4.947754242807335778, 20.62007378821410697 ) ) ;
#4222 = ORIENTED_EDGE ( 'NONE', *, *, #4815, .T. ) ;
#4223 = VECTOR ( 'NONE', #2266, 1000.000000000000000 ) ;
#4224 = ORIENTED_EDGE ( 'NONE', *, *, #4815, .F. ) ;
#4225 = CARTESIAN_POINT ( 'NONE',  ( 3.370579423396234287, 15.55775424281733521, 22.62007378821410697 ) ) ;
#4226 = DIRECTION ( 'NONE',  ( 0.0000000000000000000, 0.0000000000000000000, -1.000000000000000000 ) ) ;
#4227 = LINE ( 'NONE', #5193, #1393 ) ;
#4228 = SURFACE_STYLE_FILL_AREA ( #4083 ) ;
#4229 = CARTESIAN_POINT ( 'NONE',  ( -2.829435102211765862, 4.367732065676334763, 14.36007378821410363 ) ) ;
#4230 = ADVANCED_FACE ( 'NONE', ( #3237 ), #2128, .F. ) ;
#4231 = DIRECTION ( 'NONE',  ( -0.0000000000000000000, -0.0000000000000000000, 1.000000000000000000 ) ) ;
#4232 = PRESENTATION_LAYER_ASSIGNMENT (  '', '', ( #3864 ) ) ;
#4233 = EDGE_LOOP ( 'NONE', ( #5726, #3139, #4838, #6435, #5124 ) ) ;
#4234 = VERTEX_POINT ( 'NONE', #5275 ) ;
#4235 = EDGE_CURVE ( 'NONE', #145, #6693, #6812, .T. ) ;
#4236 = PRESENTATION_LAYER_ASSIGNMENT (  '', '', ( #3870 ) ) ;
#4237 = DIRECTION ( 'NONE',  ( -0.0000000000000000000, -0.0000000000000000000, 1.000000000000000000 ) ) ;
#4238 = LINE ( 'NONE', #3934, #1410 ) ;
#4239 = DIRECTION ( 'NONE',  ( 1.000000000000000000, 0.0000000000000000000, 0.0000000000000000000 ) ) ;
#4240 = UNCERTAINTY_MEASURE_WITH_UNIT (LENGTH_MEASURE( 1.000000000000000082E-05 ), #1414, 'distance_accuracy_value', 'NONE');
#4241 = PRESENTATION_STYLE_ASSIGNMENT (( #4036 ) ) ;
#4242 =( GEOMETRIC_REPRESENTATION_CONTEXT ( 3 ) GLOBAL_UNCERTAINTY_ASSIGNED_CONTEXT ( ( #3881 ) ) GLOBAL_UNIT_ASSIGNED_CONTEXT ( ( #6414, #3247, #54 ) ) REPRESENTATION_CONTEXT ( 'NONE', 'WORKASPACE' ) );
#4243 = LINE ( 'NONE', #2286, #4081 ) ;
#4244 = PRESENTATION_STYLE_ASSIGNMENT (( #5380 ) ) ;
#4245 =( GEOMETRIC_REPRESENTATION_CONTEXT ( 3 ) GLOBAL_UNCERTAINTY_ASSIGNED_CONTEXT ( ( #6381 ) ) GLOBAL_UNIT_ASSIGNED_CONTEXT ( ( #1917, #5619, #2450 ) ) REPRESENTATION_CONTEXT ( 'NONE', 'WORKASPACE' ) );
#4246 = CARTESIAN_POINT ( 'NONE',  ( 6.970552912677233870, 5.547765587323335801, 21.14727454486182268 ) ) ;
#4247 = SURFACE_STYLE_FILL_AREA ( #6436 ) ;
#4248 = VECTOR ( 'NONE', #5944, 1000.000000000000000 ) ;
#4249 =( NAMED_UNIT ( * ) PLANE_ANGLE_UNIT ( ) SI_UNIT ( $, .RADIAN. ) );
#4250 = CIRCLE ( 'NONE', #2006, 1.781483591558604473 ) ;
#4251 = VECTOR ( 'NONE', #1710, 1000.000000000000000 ) ;
#4252 = LINE ( 'NONE', #6072, #5663 ) ;
#4253 = DIRECTION ( 'NONE',  ( 0.0000000000000000000, 0.0000000000000000000, 1.000000000000000000 ) ) ;
#4254 = EDGE_CURVE ( 'NONE', #6693, #224, #5734, .T. ) ;
#4255 =( NAMED_UNIT ( * ) PLANE_ANGLE_UNIT ( ) SI_UNIT ( $, .RADIAN. ) );
#4256 = DIRECTION ( 'NONE',  ( -0.0000000000000000000, -0.0000000000000000000, 1.000000000000000000 ) ) ;
#4257 = ORIENTED_EDGE ( 'NONE', *, *, #2506, .F. ) ;
#4258 = ORIENTED_EDGE ( 'NONE', *, *, #3219, .T. ) ;
#4259 = CARTESIAN_POINT ( 'NONE',  ( -6.329435102211765418, 3.367732065676335207, 15.00007378821410597 ) ) ;
#4260 = EDGE_CURVE ( 'NONE', #607, #1380, #2580, .T. ) ;
#4261 = FACE_OUTER_BOUND ( 'NONE', #6876, .T. ) ;
#4262 = FILL_AREA_STYLE_COLOUR ( '', #3792 ) ;
#4263 =( LENGTH_UNIT ( ) NAMED_UNIT ( * ) SI_UNIT ( .MILLI., .METRE. ) );
#4264 = CARTESIAN_POINT ( 'NONE',  ( 3.370579423396234287, 15.55775424281733521, 15.00007378821410420 ) ) ;
#4265 = EDGE_LOOP ( 'NONE', ( #6018, #2501, #3522, #4589 ) ) ;
#4266 = FILL_AREA_STYLE_COLOUR ( '', #4425 ) ;
#4267 = CARTESIAN_POINT ( 'NONE',  ( 5.598034606640234223, 13.52777641995833413, 14.36007378821410541 ) ) ;
#4268 = SURFACE_STYLE_USAGE ( .BOTH. , #527 ) ;
#4269 = COLOUR_RGB ( '',0.2509803921568627416, 0.2509803921568627416, 0.2509803921568627416 ) ;
#4270 = FILL_AREA_STYLE_COLOUR ( '', #1554 ) ;
#4271 = STYLED_ITEM ( 'NONE', ( #6651 ), #4028 ) ;
#4272 = ORIENTED_EDGE ( 'NONE', *, *, #3356, .F. ) ;
#4273 =( LENGTH_UNIT ( ) NAMED_UNIT ( * ) SI_UNIT ( .MILLI., .METRE. ) );
#4274 = EDGE_LOOP ( 'NONE', ( #4515, #1974, #4710, #421 ) ) ;
#4275 = ORIENTED_EDGE ( 'NONE', *, *, #5027, .F. ) ;
#4276 =( GEOMETRIC_REPRESENTATION_CONTEXT ( 3 ) GLOBAL_UNCERTAINTY_ASSIGNED_CONTEXT ( ( #6794 ) ) GLOBAL_UNIT_ASSIGNED_CONTEXT ( ( #6807, #3625, #423 ) ) REPRESENTATION_CONTEXT ( 'NONE', 'WORKASPACE' ) );
#4277 = VECTOR ( 'NONE', #3195, 1000.000000000000000 ) ;
#4278 = CARTESIAN_POINT ( 'NONE',  ( 6.828381817182660463, 13.26868263331928866, 22.42131090330963161 ) ) ;
#4279 = EDGE_CURVE ( 'NONE', #361, #2705, #2751, .T. ) ;
#4280 = ORIENTED_EDGE ( 'NONE', *, *, #2995, .T. ) ;
#4281 = ORIENTED_EDGE ( 'NONE', *, *, #3582, .F. ) ;
#4282 = PRESENTATION_LAYER_ASSIGNMENT (  '', '', ( #3591 ) ) ;
#4283 = UNCERTAINTY_MEASURE_WITH_UNIT (LENGTH_MEASURE( 1.000000000000000082E-05 ), #1461, 'distance_accuracy_value', 'NONE');
#4284 = ORIENTED_EDGE ( 'NONE', *, *, #2410, .T. ) ;
#4285 = UNCERTAINTY_MEASURE_WITH_UNIT (LENGTH_MEASURE( 1.000000000000000082E-05 ), #1363, 'distance_accuracy_value', 'NONE');
#4286 = CARTESIAN_POINT ( 'NONE',  ( 6.970552912677233870, 12.84774289831133309, 22.39834312896510582 ) ) ;
#4287 = ORIENTED_EDGE ( 'NONE', *, *, #6476, .F. ) ;
#4288 = DIRECTION ( 'NONE',  ( 1.000000000000000000, -0.0000000000000000000, -0.0000000000000000000 ) ) ;
#4289 = CARTESIAN_POINT ( 'NONE',  ( 6.320552912677235291, 10.69775424281733400, 22.50335078378407516 ) ) ;
#4290 = SURFACE_STYLE_FILL_AREA ( #194 ) ;
#4291 = SURFACE_SIDE_STYLE ('',( #6491 ) ) ;
#4292 = CARTESIAN_POINT ( 'NONE',  ( -6.329435102211765418, 13.52775424281733585, 22.62007378821410697 ) ) ;
#4293 = CARTESIAN_POINT ( 'NONE',  ( -4.081961051698764997, 12.25775424281733450, 22.42007378821411478 ) ) ;
#4294 = ORIENTED_EDGE ( 'NONE', *, *, #2921, .F. ) ;
#4295 = ORIENTED_EDGE ( 'NONE', *, *, #6802, .F. ) ;
#4296 = AXIS2_PLACEMENT_3D ( 'NONE', #6865, #3684, #486 ) ;
#4297 = PRESENTATION_LAYER_ASSIGNMENT (  '', '', ( #3944 ) ) ;
#4298 = AXIS2_PLACEMENT_3D ( 'NONE', #1215, #4932, #1766 ) ;
#4299 = CARTESIAN_POINT ( 'NONE',  ( 5.970552912677237423, 8.447754242828334981, 18.81007378821410470 ) ) ;
#4300 = EDGE_CURVE ( 'NONE', #4668, #3705, #6637, .T. ) ;
#4301 = LINE ( 'NONE', #2166, #1487 ) ;
#4302 = PRESENTATION_STYLE_ASSIGNMENT (( #6709 ) ) ;
#4303 = LINE ( 'NONE', #5615, #5552 ) ;
#4304 =( LENGTH_UNIT ( ) NAMED_UNIT ( * ) SI_UNIT ( .MILLI., .METRE. ) );
#4305 = CARTESIAN_POINT ( 'NONE',  ( 11.08444181289723574, 3.367732065676335207, 16.50007378821410597 ) ) ;
#4306 = PRESENTATION_STYLE_ASSIGNMENT (( #4845 ) ) ;
#4307 = FACE_OUTER_BOUND ( 'NONE', #1757, .T. ) ;
#4308 = ORIENTED_EDGE ( 'NONE', *, *, #2545, .T. ) ;
#4309 = DIRECTION ( 'NONE',  ( -1.000000000000000000, 0.0000000000000000000, 0.0000000000000000000 ) ) ;
#4310 = DIRECTION ( 'NONE',  ( 0.0000000000000000000, 1.000000000000000000, -1.110223024624863306E-16 ) ) ;
#4311 = DIRECTION ( 'NONE',  ( 0.0000000000000000000, 0.0000000000000000000, -1.000000000000000000 ) ) ;
#4312 = VECTOR ( 'NONE', #3930, 1000.000000000000000 ) ;
#4313 =( NAMED_UNIT ( * ) SI_UNIT ( $, .STERADIAN. ) SOLID_ANGLE_UNIT ( ) );
#4314 = FACE_OUTER_BOUND ( 'NONE', #6326, .T. ) ;
#4315 = MECHANICAL_DESIGN_GEOMETRIC_PRESENTATION_REPRESENTATION (  '', ( #1473 ), #4670 ) ;
#4316 = EDGE_CURVE ( 'NONE', #958, #6366, #3810, .T. ) ;
#4317 = EDGE_CURVE ( 'NONE', #3948, #4025, #5626, .T. ) ;
#4318 = SURFACE_STYLE_USAGE ( .BOTH. , #572 ) ;
#4319 = COLOUR_RGB ( '',0.2509803921568627416, 0.2509803921568627416, 0.2509803921568627416 ) ;
#4320 = MECHANICAL_DESIGN_GEOMETRIC_PRESENTATION_REPRESENTATION (  '', ( #3619 ), #4677 ) ;
#4321 = AXIS2_PLACEMENT_3D ( 'NONE', #1598, #5302, #2134 ) ;
#4322 = UNCERTAINTY_MEASURE_WITH_UNIT (LENGTH_MEASURE( 1.000000000000000082E-05 ), #2608, 'distance_accuracy_value', 'NONE');
#4323 = AXIS2_PLACEMENT_3D ( 'NONE', #4305, #1108, #4831 ) ;
#4324 = FACE_OUTER_BOUND ( 'NONE', #4086, .T. ) ;
#4325 = CARTESIAN_POINT ( 'NONE',  ( 6.572746361560300343, 3.532302107257168089, 15.50250297544144829 ) ) ;
#4326 = DIRECTION ( 'NONE',  ( 1.000000000000000000, -0.0000000000000000000, -0.0000000000000000000 ) ) ;
#4327 = ORIENTED_EDGE ( 'NONE', *, *, #1035, .T. ) ;
#4328 = CARTESIAN_POINT ( 'NONE',  ( 6.496288843965306370, 6.197754242817334891, 22.47496060222734826 ) ) ;
#4329 = CARTESIAN_POINT ( 'NONE',  ( -6.329435102211765418, 4.618273884862334810, 22.62007378821410697 ) ) ;
#4330 = SURFACE_STYLE_USAGE ( .BOTH. , #588 ) ;
#4331 = EDGE_CURVE ( 'NONE', #2058, #4199, #5387, .T. ) ;
#4332 = SURFACE_STYLE_USAGE ( .BOTH. , #589 ) ;
#4333 = COLOUR_RGB ( '',0.2509803921568627416, 0.2509803921568627416, 0.2509803921568627416 ) ;
#4334 = CARTESIAN_POINT ( 'NONE',  ( -4.929435102211766839, 6.467732065676334408, 14.99907378821410653 ) ) ;
#4335 = SURFACE_STYLE_USAGE ( .BOTH. , #593 ) ;
#4336 = ORIENTED_EDGE ( 'NONE', *, *, #5654, .T. ) ;
#4337 = DIRECTION ( 'NONE',  ( 0.0000000000000000000, -0.0000000000000000000, 1.000000000000000000 ) ) ;
#4338 = CARTESIAN_POINT ( 'NONE',  ( -6.329435102211765418, 13.52775424281733585, 22.62007378821410697 ) ) ;
#4339 = EDGE_CURVE ( 'NONE', #97, #4918, #6473, .T. ) ;
#4340 = VECTOR ( 'NONE', #2767, 1000.000000000000000 ) ;
#4341 = PRESENTATION_LAYER_ASSIGNMENT (  '', '', ( #2929 ) ) ;
#4342 = DIRECTION ( 'NONE',  ( -0.0000000000000000000, -0.0000000000000000000, -1.000000000000000000 ) ) ;
#4343 = CARTESIAN_POINT ( 'NONE',  ( 5.598034606650234224, 8.135446173923334356, 22.62007378822410786 ) ) ;
#4344 = ORIENTED_EDGE ( 'NONE', *, *, #1551, .F. ) ;
#4345 = PRESENTATION_STYLE_ASSIGNMENT (( #2092 ) ) ;
#4346 = VERTEX_POINT ( 'NONE', #3812 ) ;
#4347 = DIRECTION ( 'NONE',  ( 0.9999999317964582968, 0.0003693332892958155569, 0.0000000000000000000 ) ) ;
#4348 = ORIENTED_EDGE ( 'NONE', *, *, #967, .T. ) ;
#4349 = CARTESIAN_POINT ( 'NONE',  ( -4.761238551708778743, 12.25775424281733450, 22.62007378821410697 ) ) ;
#4350 = ORIENTED_EDGE ( 'NONE', *, *, #2545, .F. ) ;
#4351 = DIRECTION ( 'NONE',  ( -1.000000000000000000, 0.0000000000000000000, -0.0000000000000000000 ) ) ;
#4352 = PRESENTATION_LAYER_ASSIGNMENT (  '', '', ( #3654 ) ) ;
#4353 = CARTESIAN_POINT ( 'NONE',  ( 11.08444181289723574, 4.975648655330335401, 16.50007378821410597 ) ) ;
#4354 = VECTOR ( 'NONE', #5044, 1000.000000000000000 ) ;
#4355 = DIRECTION ( 'NONE',  ( -0.9872007530580222401, 0.0000000000000000000, 0.1594825167900040253 ) ) ;
#4356 = MECHANICAL_DESIGN_GEOMETRIC_PRESENTATION_REPRESENTATION (  '', ( #3298 ), #4718 ) ;
#4357 =( LENGTH_UNIT ( ) NAMED_UNIT ( * ) SI_UNIT ( .MILLI., .METRE. ) );
#4358 = VERTEX_POINT ( 'NONE', #6459 ) ;
#4359 = AXIS2_PLACEMENT_3D ( 'NONE', #3598, #1425, #2540 ) ;
#4360 = MECHANICAL_DESIGN_GEOMETRIC_PRESENTATION_REPRESENTATION (  '', ( #3305 ), #4724 ) ;
#4361 = ORIENTED_EDGE ( 'NONE', *, *, #3884, .F. ) ;
#4362 =( NAMED_UNIT ( * ) PLANE_ANGLE_UNIT ( ) SI_UNIT ( $, .RADIAN. ) );
#4363 =( NAMED_UNIT ( * ) PLANE_ANGLE_UNIT ( ) SI_UNIT ( $, .RADIAN. ) );
#4364 = CARTESIAN_POINT ( 'NONE',  ( -2.829435102211765862, 4.367732065676334763, 14.36007378821410363 ) ) ;
#4365 = ORIENTED_EDGE ( 'NONE', *, *, #4797, .F. ) ;
#4366 = CARTESIAN_POINT ( 'NONE',  ( 11.08444181290723485, 3.367732065666334318, 16.50007378822410686 ) ) ;
#4367 = ORIENTED_EDGE ( 'NONE', *, *, #3557, .F. ) ;
#4368 = SURFACE_STYLE_FILL_AREA ( #4792 ) ;
#4369 = VECTOR ( 'NONE', #2945, 1000.000000000000000 ) ;
#4370 = SURFACE_STYLE_USAGE ( .BOTH. , #640 ) ;
#4371 = CARTESIAN_POINT ( 'NONE',  ( 5.994816981389163857, 6.197754242817333115, 22.55597350106810950 ) ) ;
#4372 = ORIENTED_EDGE ( 'NONE', *, *, #2921, .T. ) ;
#4373 = DIRECTION ( 'NONE',  ( 0.0000000000000000000, 1.000000000000000000, -1.110223024624999878E-16 ) ) ;
#4374 = DIRECTION ( 'NONE',  ( -1.000000000000000000, 0.0000000000000000000, 0.0000000000000000000 ) ) ;
#4375 = DIRECTION ( 'NONE',  ( -1.000000000000000000, 0.0000000000000000000, 0.0000000000000000000 ) ) ;
#4376 = DIRECTION ( 'NONE',  ( 0.0000000000000000000, 0.0000000000000000000, 1.000000000000000000 ) ) ;
#4377 = ORIENTED_EDGE ( 'NONE', *, *, #2248, .T. ) ;
#4378 = CARTESIAN_POINT ( 'NONE',  ( 4.970552912677236534, 8.447754242828334981, 18.81007378821410470 ) ) ;
#4379 = ORIENTED_EDGE ( 'NONE', *, *, #3410, .T. ) ;
#4380 = EDGE_CURVE ( 'NONE', #5420, #2260, #2406, .T. ) ;
#4381 = CARTESIAN_POINT ( 'NONE',  ( -0.8294351022117658623, 13.52777641995833413, 14.36007378821410541 ) ) ;
#4382 = COLOUR_RGB ( '',0.2509803921568627416, 0.2509803921568627416, 0.2509803921568627416 ) ;
#4383 = CARTESIAN_POINT ( 'NONE',  ( -6.328228718029764721, 12.27856632156533401, 14.99907378821410653 ) ) ;
#4384 = FACE_OUTER_BOUND ( 'NONE', #4414, .T. ) ;
#4385 = SURFACE_STYLE_USAGE ( .BOTH. , #661 ) ;
#4386 = VERTEX_POINT ( 'NONE', #89 ) ;
#4387 = ORIENTED_EDGE ( 'NONE', *, *, #6715, .F. ) ;
#4388 =( BOUNDED_CURVE ( )  B_SPLINE_CURVE ( 3, ( #306, #6180, #3550, #347 ),
 .UNSPECIFIED., .F., .F. ) 
 B_SPLINE_CURVE_WITH_KNOTS ( ( 4, 4 ),
 ( 4.622758266460781584, 4.653677460354363582 ),
 .UNSPECIFIED. ) 
 CURVE ( )  GEOMETRIC_REPRESENTATION_ITEM ( )  RATIONAL_B_SPLINE_CURVE ( ( 1.000000000000000000, 0.9999203352074179652, 0.9999203352074179652, 1.000000000000000000 ) ) 
 REPRESENTATION_ITEM ( '' )  );
#4389 = PLANE ( 'NONE',  #6005 ) ;
#4390 = VECTOR ( 'NONE', #5057, 1000.000000000000000 ) ;
#4391 = VECTOR ( 'NONE', #665, 1000.000000000000000 ) ;
#4392 =( GEOMETRIC_REPRESENTATION_CONTEXT ( 3 ) GLOBAL_UNCERTAINTY_ASSIGNED_CONTEXT ( ( #6697 ) ) GLOBAL_UNIT_ASSIGNED_CONTEXT ( ( #1809, #5515, #2347 ) ) REPRESENTATION_CONTEXT ( 'NONE', 'WORKASPACE' ) );
#4393 = VECTOR ( 'NONE', #2515, 1000.000000000000000 ) ;
#4394 = VECTOR ( 'NONE', #6437, 1000.000000000000000 ) ;
#4395 = DIRECTION ( 'NONE',  ( -1.000000000000000000, 0.0000000000000000000, 0.0000000000000000000 ) ) ;
#4396 = FILL_AREA_STYLE_COLOUR ( '', #3392 ) ;
#4397 = CARTESIAN_POINT ( 'NONE',  ( -5.328228710841765192, 13.52856633055133528, 22.62007378821410697 ) ) ;
#4398 = DIRECTION ( 'NONE',  ( -0.0000000000000000000, -0.0000000000000000000, 1.000000000000000000 ) ) ;
#4399 = FILL_AREA_STYLE_COLOUR ( '', #1966 ) ;
#4400 = UNCERTAINTY_MEASURE_WITH_UNIT (LENGTH_MEASURE( 1.000000000000000082E-05 ), #2157, 'distance_accuracy_value', 'NONE');
#4401 = VECTOR ( 'NONE', #1703, 1000.000000000000000 ) ;
#4402 = LINE ( 'NONE', #6039, #1586 ) ;
#4403 = VECTOR ( 'NONE', #620, 1000.000000000000000 ) ;
#4404 = EDGE_CURVE ( 'NONE', #4234, #300, #813, .T. ) ;
#4405 =( NAMED_UNIT ( * ) SI_UNIT ( $, .STERADIAN. ) SOLID_ANGLE_UNIT ( ) );
#4406 = EDGE_CURVE ( 'NONE', #6097, #4617, #3658, .T. ) ;
#4407 = EDGE_LOOP ( 'NONE', ( #1247, #709 ) ) ;
#4408 = VERTEX_POINT ( 'NONE', #1699 ) ;
#4409 = STYLED_ITEM ( 'NONE', ( #5449 ), #835 ) ;
#4410 = PLANE ( 'NONE',  #5999 ) ;
#4411 = DIRECTION ( 'NONE',  ( 0.0000000000000000000, -0.0000000000000000000, 1.000000000000000000 ) ) ;
#4412 =( GEOMETRIC_REPRESENTATION_CONTEXT ( 3 ) GLOBAL_UNCERTAINTY_ASSIGNED_CONTEXT ( ( #1274 ) ) GLOBAL_UNIT_ASSIGNED_CONTEXT ( ( #5506, #2341, #6050 ) ) REPRESENTATION_CONTEXT ( 'NONE', 'WORKASPACE' ) );
#4413 = PRESENTATION_LAYER_ASSIGNMENT (  '', '', ( #3710 ) ) ;
#4414 = EDGE_LOOP ( 'NONE', ( #785, #6850, #5529, #6874 ) ) ;
#4415 = LINE ( 'NONE', #1318, #2856 ) ;
#4416 = CARTESIAN_POINT ( 'NONE',  ( -4.129435102211766129, 4.967732065676335296, 15.00007378821410597 ) ) ;
#4417 = CARTESIAN_POINT ( 'NONE',  ( 8.401418654682210274, 3.952715705101959465, 16.14752371981463597 ) ) ;
#4418 = DIRECTION ( 'NONE',  ( 1.000000000000000000, 0.0000000000000000000, 0.0000000000000000000 ) ) ;
#4419 = UNCERTAINTY_MEASURE_WITH_UNIT (LENGTH_MEASURE( 1.000000000000000082E-05 ), #707, 'distance_accuracy_value', 'NONE');
#4420 = CARTESIAN_POINT ( 'NONE',  ( 3.961478271157234055, 4.947754242807335778, 20.62007378821410697 ) ) ;
#4421 = DIRECTION ( 'NONE',  ( -0.0000000000000000000, 1.000000000000000000, -0.0000000000000000000 ) ) ;
#4422 = CARTESIAN_POINT ( 'NONE',  ( -6.329435102211765418, 3.367732065676335207, 22.62007378821410697 ) ) ;
#4423 = FILL_AREA_STYLE_COLOUR ( '', #6063 ) ;
#4424 = EDGE_LOOP ( 'NONE', ( #4464, #5848, #3300 ) ) ;
#4425 = COLOUR_RGB ( '',0.2509803921568627416, 0.2509803921568627416, 0.2509803921568627416 ) ;
#4426 = CARTESIAN_POINT ( 'NONE',  ( 8.747742347690317999, 11.25485771363219278, 16.22919230661571177 ) ) ;
#4427 = STYLED_ITEM ( 'NONE', ( #1270 ), #5076 ) ;
#4428 = MECHANICAL_DESIGN_GEOMETRIC_PRESENTATION_REPRESENTATION (  '', ( #3375 ), #4783 ) ;
#4429 = CYLINDRICAL_SURFACE ( 'NONE', #3023, 0.2000000000000031197 ) ;
#4430 = VERTEX_POINT ( 'NONE', #638 ) ;
#4431 =( NAMED_UNIT ( * ) PLANE_ANGLE_UNIT ( ) SI_UNIT ( $, .RADIAN. ) );
#4432 = PRESENTATION_LAYER_ASSIGNMENT (  '', '', ( #4784 ) ) ;
#4433 = CARTESIAN_POINT ( 'NONE',  ( 0.6705648977882341377, 3.367732065676335207, 15.00007378821410597 ) ) ;
#4434 = EDGE_LOOP ( 'NONE', ( #5785, #5525 ) ) ;
#4435 =( NAMED_UNIT ( * ) PLANE_ANGLE_UNIT ( ) SI_UNIT ( $, .RADIAN. ) );
#4436 = ORIENTED_EDGE ( 'NONE', *, *, #1113, .T. ) ;
#4437 = CARTESIAN_POINT ( 'NONE',  ( -4.929435102211766839, 11.96773206567633530, 14.99907378821410653 ) ) ;
#4438 = DIRECTION ( 'NONE',  ( -1.000000000000000000, -0.0000000000000000000, -0.0000000000000000000 ) ) ;
#4439 = VERTEX_POINT ( 'NONE', #3315 ) ;
#4440 = ORIENTED_EDGE ( 'NONE', *, *, #675, .T. ) ;
#4441 =( GEOMETRIC_REPRESENTATION_CONTEXT ( 3 ) GLOBAL_UNCERTAINTY_ASSIGNED_CONTEXT ( ( #2967 ) ) GLOBAL_UNIT_ASSIGNED_CONTEXT ( ( #6663, #3504, #299 ) ) REPRESENTATION_CONTEXT ( 'NONE', 'WORKASPACE' ) );
#4442 =( LENGTH_UNIT ( ) NAMED_UNIT ( * ) SI_UNIT ( .MILLI., .METRE. ) );
#4443 = CARTESIAN_POINT ( 'NONE',  ( 4.061771281970234071, 4.637754242817334394, 11.44007378821410725 ) ) ;
#4444 = EDGE_CURVE ( 'NONE', #2026, #3781, #637, .T. ) ;
#4445 = UNCERTAINTY_MEASURE_WITH_UNIT (LENGTH_MEASURE( 1.000000000000000082E-05 ), #3094, 'distance_accuracy_value', 'NONE');
#4446 = PLANE ( 'NONE',  #1836 ) ;
#4447 = EDGE_CURVE ( 'NONE', #3344, #341, #6144, .T. ) ;
#4448 = LINE ( 'NONE', #1534, #5857 ) ;
#4449 = VERTEX_POINT ( 'NONE', #4900 ) ;
#4450 = ORIENTED_EDGE ( 'NONE', *, *, #768, .T. ) ;
#4451 = PLANE ( 'NONE',  #1671 ) ;
#4452 = FILL_AREA_STYLE ('',( #204 ) ) ;
#4453 = AXIS2_PLACEMENT_3D ( 'NONE', #170, #3893, #693 ) ;
#4454 = STYLED_ITEM ( 'NONE', ( #4954 ), #5755 ) ;
#4455 = DIRECTION ( 'NONE',  ( -0.0000000000000000000, 1.000000000000000000, -0.0000000000000000000 ) ) ;
#4456 = FILL_AREA_STYLE ('',( #2873 ) ) ;
#4457 =( NAMED_UNIT ( * ) PLANE_ANGLE_UNIT ( ) SI_UNIT ( $, .RADIAN. ) );
#4458 = PRESENTATION_STYLE_ASSIGNMENT (( #3084 ) ) ;
#4459 = EDGE_CURVE ( 'NONE', #6188, #3204, #4728, .T. ) ;
#4460 = LINE ( 'NONE', #987, #387 ) ;
#4461 = ORIENTED_EDGE ( 'NONE', *, *, #1165, .T. ) ;
#4462 = CARTESIAN_POINT ( 'NONE',  ( -6.328228718029764721, 13.52775424281733585, 14.99907378821410653 ) ) ;
#4463 = ORIENTED_EDGE ( 'NONE', *, *, #5360, .F. ) ;
#4464 = ORIENTED_EDGE ( 'NONE', *, *, #4316, .T. ) ;
#4465 = FILL_AREA_STYLE_COLOUR ( '', #6076 ) ;
#4466 = FILL_AREA_STYLE ('',( #3414 ) ) ;
#4467 = CARTESIAN_POINT ( 'NONE',  ( -3.813228718029765929, 4.382754242817334500, 15.00007378821410597 ) ) ;
#4468 = CARTESIAN_POINT ( 'NONE',  ( 0.6705648977882341377, 3.367732065676335207, 15.00007378821410597 ) ) ;
#4469 = UNCERTAINTY_MEASURE_WITH_UNIT (LENGTH_MEASURE( 1.000000000000000082E-05 ), #2832, 'distance_accuracy_value', 'NONE');
#4470 = STYLED_ITEM ( 'NONE', ( #5856 ), #4602 ) ;
#4471 = CIRCLE ( 'NONE', #3112, 0.2709253584794991121 ) ;
#4472 = EDGE_CURVE ( 'NONE', #537, #2282, #476, .T. ) ;
#4473 = CARTESIAN_POINT ( 'NONE',  ( 10.42116359607401677, 12.36180701800098447, 16.47693301482636841 ) ) ;
#4474 = MECHANICAL_DESIGN_GEOMETRIC_PRESENTATION_REPRESENTATION (  '', ( #3759 ), #4824 ) ;
#4475 =( NAMED_UNIT ( * ) SI_UNIT ( $, .STERADIAN. ) SOLID_ANGLE_UNIT ( ) );
#4476 = CARTESIAN_POINT ( 'NONE',  ( 5.598034606650234224, 6.407739522834335233, 15.00007378822410686 ) ) ;
#4477 = COLOUR_RGB ( '',0.2509803921568627416, 0.2509803921568627416, 0.2509803921568627416 ) ;
#4478 = LINE ( 'NONE', #1823, #5727 ) ;
#4479 = SURFACE_STYLE_FILL_AREA ( #2254 ) ;
#4480 = FACE_OUTER_BOUND ( 'NONE', #2871, .T. ) ;
#4481 = ADVANCED_FACE ( 'NONE', ( #324 ), #4389, .F. ) ;
#4482 = CARTESIAN_POINT ( 'NONE',  ( -3.813228718029765929, 4.892754242817335175, 11.44007378821410725 ) ) ;
#4483 = LINE ( 'NONE', #1491, #409 ) ;
#4484 = CARTESIAN_POINT ( 'NONE',  ( 8.311423223710434627, 5.423418305831590125, 22.18172521085725535 ) ) ;
#4485 = DIRECTION ( 'NONE',  ( -0.0000000000000000000, -0.0000000000000000000, 1.000000000000000000 ) ) ;
#4486 = STYLED_ITEM ( 'NONE', ( #407 ), #2925 ) ;
#4487 = CARTESIAN_POINT ( 'NONE',  ( -3.303228718029766142, 12.00275424281733549, 11.44007378821410725 ) ) ;
#4488 = FILL_AREA_STYLE_COLOUR ( '', #2081 ) ;
#4489 = PRESENTATION_LAYER_ASSIGNMENT (  '', '', ( #3773 ) ) ;
#4490 =( LENGTH_UNIT ( ) NAMED_UNIT ( * ) SI_UNIT ( .MILLI., .METRE. ) );
#4491 = FILL_AREA_STYLE_COLOUR ( '', #6892 ) ;
#4492 = CYLINDRICAL_SURFACE ( 'NONE', #360, 1.000000000000000666 ) ;
#4493 = CARTESIAN_POINT ( 'NONE',  ( 3.690552912677234509, 11.94775424282733489, 22.62007378821410697 ) ) ;
#4494 = PRESENTATION_STYLE_ASSIGNMENT (( #4632 ) ) ;
#4495 =( NAMED_UNIT ( * ) SI_UNIT ( $, .STERADIAN. ) SOLID_ANGLE_UNIT ( ) );
#4496 = CARTESIAN_POINT ( 'NONE',  ( -5.328228710841765192, 13.52856633055133528, 22.62007378821410697 ) ) ;
#4497 = ORIENTED_EDGE ( 'NONE', *, *, #4929, .F. ) ;
#4498 = STYLED_ITEM ( 'NONE', ( #4808 ), #335 ) ;
#4499 = FILL_AREA_STYLE_COLOUR ( '', #5143 ) ;
#4500 = EDGE_CURVE ( 'NONE', #5446, #3906, #1227, .T. ) ;
#4501 = VERTEX_POINT ( 'NONE', #1773 ) ;
#4502 = SURFACE_STYLE_USAGE ( .BOTH. , #773 ) ;
#4503 =( NAMED_UNIT ( * ) SI_UNIT ( $, .STERADIAN. ) SOLID_ANGLE_UNIT ( ) );
#4504 = CARTESIAN_POINT ( 'NONE',  ( 4.598034606640233335, 13.52777641995833413, 15.00007378821410597 ) ) ;
#4505 = LINE ( 'NONE', #1442, #3108 ) ;
#4506 = LINE ( 'NONE', #1378, #3109 ) ;
#4507 = SURFACE_STYLE_USAGE ( .BOTH. , #783 ) ;
#4508 = ORIENTED_EDGE ( 'NONE', *, *, #5894, .F. ) ;
#4509 =( LENGTH_UNIT ( ) NAMED_UNIT ( * ) SI_UNIT ( .MILLI., .METRE. ) );
#4510 = SURFACE_SIDE_STYLE ('',( #2838 ) ) ;
#4511 = DIRECTION ( 'NONE',  ( 1.000000000000000000, -0.0000000000000000000, -0.0000000000000000000 ) ) ;
#4512 = ORIENTED_EDGE ( 'NONE', *, *, #4760, .T. ) ;
#4513 = ORIENTED_EDGE ( 'NONE', *, *, #2054, .F. ) ;
#4514 = ADVANCED_FACE ( 'NONE', ( #5299 ), #1993, .F. ) ;
#4515 = ORIENTED_EDGE ( 'NONE', *, *, #2848, .F. ) ;
#4516 =( NAMED_UNIT ( * ) PLANE_ANGLE_UNIT ( ) SI_UNIT ( $, .RADIAN. ) );
#4517 =( NAMED_UNIT ( * ) SI_UNIT ( $, .STERADIAN. ) SOLID_ANGLE_UNIT ( ) );
#4518 = PRESENTATION_LAYER_ASSIGNMENT (  '', '', ( #4174 ) ) ;
#4519 = MECHANICAL_DESIGN_GEOMETRIC_PRESENTATION_REPRESENTATION (  '', ( #3811 ), #4873 ) ;
#4520 = PLANE ( 'NONE',  #5502 ) ;
#4521 = AXIS2_PLACEMENT_3D ( 'NONE', #244, #1886, #5586 ) ;
#4522 = EDGE_CURVE ( 'NONE', #1450, #1573, #3407, .T. ) ;
#4523 = DIRECTION ( 'NONE',  ( -0.0000000000000000000, -0.0000000000000000000, 1.000000000000000000 ) ) ;
#4524 = VECTOR ( 'NONE', #6400, 1000.000000000000000 ) ;
#4525 = ORIENTED_EDGE ( 'NONE', *, *, #4060, .F. ) ;
#4526 = SURFACE_STYLE_USAGE ( .BOTH. , #808 ) ;
#4527 = CARTESIAN_POINT ( 'NONE',  ( -3.813228718029765929, 9.972754242817334358, 15.00007378821410597 ) ) ;
#4528 = CARTESIAN_POINT ( 'NONE',  ( 4.381771281970234355, 12.25775424281733450, 11.44007378821410725 ) ) ;
#4529 = ORIENTED_EDGE ( 'NONE', *, *, #5507, .T. ) ;
#4530 = ADVANCED_FACE ( 'NONE', ( #720 ), #2875, .F. ) ;
#4531 = ORIENTED_EDGE ( 'NONE', *, *, #4196, .F. ) ;
#4532 = CARTESIAN_POINT ( 'NONE',  ( 3.690552912677733666, 11.94775424282733489, 22.62007378821410697 ) ) ;
#4533 =( GEOMETRIC_REPRESENTATION_CONTEXT ( 3 ) GLOBAL_UNCERTAINTY_ASSIGNED_CONTEXT ( ( #2801 ) ) GLOBAL_UNIT_ASSIGNED_CONTEXT ( ( #6571, #3413, #217 ) ) REPRESENTATION_CONTEXT ( 'NONE', 'WORKASPACE' ) );
#4534 = CARTESIAN_POINT ( 'NONE',  ( -3.303228718029766142, 4.382754242817334500, 11.44007378821410725 ) ) ;
#4535 = EDGE_LOOP ( 'NONE', ( #4035, #4281, #2191, #6526 ) ) ;
#4536 = EDGE_CURVE ( 'NONE', #943, #1687, #63, .T. ) ;
#4537 = VECTOR ( 'NONE', #2902, 1000.000000000000000 ) ;
#4538 = EDGE_CURVE ( 'NONE', #56, #1081, #5553, .T. ) ;
#4539 = UNCERTAINTY_MEASURE_WITH_UNIT (LENGTH_MEASURE( 1.000000000000000082E-05 ), #4820, 'distance_accuracy_value', 'NONE');
#4540 = ORIENTED_EDGE ( 'NONE', *, *, #6297, .F. ) ;
#4541 = SURFACE_STYLE_USAGE ( .BOTH. , #820 ) ;
#4542 = COLOUR_RGB ( '',1.000000000000000000, 1.000000000000000000, 1.000000000000000000 ) ;
#4543 = STYLED_ITEM ( 'NONE', ( #6562 ), #775 ) ;
#4544 = ORIENTED_EDGE ( 'NONE', *, *, #1830, .T. ) ;
#4545 =( GEOMETRIC_REPRESENTATION_CONTEXT ( 3 ) GLOBAL_UNCERTAINTY_ASSIGNED_CONTEXT ( ( #683 ) ) GLOBAL_UNIT_ASSIGNED_CONTEXT ( ( #93, #3821, #617 ) ) REPRESENTATION_CONTEXT ( 'NONE', 'WORKASPACE' ) );
#4546 = STYLED_ITEM ( 'NONE', ( #4891 ), #6160 ) ;
#4547 = DIRECTION ( 'NONE',  ( 1.000000000000000000, 0.0000000000000000000, -0.0000000000000000000 ) ) ;
#4548 = FILL_AREA_STYLE ('',( #5596 ) ) ;
#4549 = ADVANCED_FACE ( 'NONE', ( #2745 ), #6300, .T. ) ;
#4550 = FILL_AREA_STYLE ('',( #3479 ) ) ;
#4551 = CIRCLE ( 'NONE', #1176, 1.781483599999990952 ) ;
#4552 = DIRECTION ( 'NONE',  ( 0.0000000000000000000, 0.0000000000000000000, -1.000000000000000000 ) ) ;
#4553 = ORIENTED_EDGE ( 'NONE', *, *, #5043, .F. ) ;
#4554 =( NAMED_UNIT ( * ) PLANE_ANGLE_UNIT ( ) SI_UNIT ( $, .RADIAN. ) );
#4555 = PRESENTATION_STYLE_ASSIGNMENT (( #254 ) ) ;
#4556 = VECTOR ( 'NONE', #138, 1000.000000000000000 ) ;
#4557 = CARTESIAN_POINT ( 'NONE',  ( 0.6717712819702342797, 13.52856633055133528, 14.36007378820410452 ) ) ;
#4558 = FACE_OUTER_BOUND ( 'NONE', #4054, .T. ) ;
#4559 = DIRECTION ( 'NONE',  ( -0.0000000000000000000, -0.0000000000000000000, 1.000000000000000000 ) ) ;
#4560 = VECTOR ( 'NONE', #5363, 1000.000000000000000 ) ;
#4561 = MECHANICAL_DESIGN_GEOMETRIC_PRESENTATION_REPRESENTATION (  '', ( #3523 ), #4914 ) ;
#4562 = MECHANICAL_DESIGN_GEOMETRIC_PRESENTATION_REPRESENTATION (  '', ( #3524 ), #4916 ) ;
#4563 = CARTESIAN_POINT ( 'NONE',  ( 3.370579423406233843, 13.52856633055133528, 22.62007378821410697 ) ) ;
#4564 = VECTOR ( 'NONE', #4852, 1000.000000000000000 ) ;
#4565 = ADVANCED_FACE ( 'NONE', ( #3650 ), #5026, .F. ) ;
#4566 = LINE ( 'NONE', #1793, #4736 ) ;
#4567 = COLOUR_RGB ( '',1.000000000000000000, 1.000000000000000000, 1.000000000000000000 ) ;
#4568 = CARTESIAN_POINT ( 'NONE',  ( -3.303228718029766142, 12.51275424281733528, 11.44007378821410725 ) ) ;
#4569 = VECTOR ( 'NONE', #4614, 1000.000000000000000 ) ;
#4570 =( NAMED_UNIT ( * ) SI_UNIT ( $, .STERADIAN. ) SOLID_ANGLE_UNIT ( ) );
#4571 = PLANE ( 'NONE',  #4765 ) ;
#4572 = VERTEX_POINT ( 'NONE', #4504 ) ;
#4573 =( LENGTH_UNIT ( ) NAMED_UNIT ( * ) SI_UNIT ( .MILLI., .METRE. ) );
#4574 = ORIENTED_EDGE ( 'NONE', *, *, #4942, .F. ) ;
#4575 = MECHANICAL_DESIGN_GEOMETRIC_PRESENTATION_REPRESENTATION (  '', ( #3864 ), #4925 ) ;
#4576 = FACE_OUTER_BOUND ( 'NONE', #6276, .T. ) ;
#4577 = FILL_AREA_STYLE ('',( #2992 ) ) ;
#4578 = EDGE_CURVE ( 'NONE', #2030, #4010, #1034, .T. ) ;
#4579 = MECHANICAL_DESIGN_GEOMETRIC_PRESENTATION_REPRESENTATION (  '', ( #3870 ), #4931 ) ;
#4580 = ORIENTED_EDGE ( 'NONE', *, *, #3394, .F. ) ;
#4581 = FILL_AREA_STYLE_COLOUR ( '', #3579 ) ;
#4582 = VECTOR ( 'NONE', #1905, 1000.000000000000000 ) ;
#4583 = ADVANCED_FACE ( 'NONE', ( #5101 ), #2430, .T. ) ;
#4584 = STYLED_ITEM ( 'NONE', ( #6131 ), #2000 ) ;
#4585 = SURFACE_STYLE_USAGE ( .BOTH. , #856 ) ;
#4586 = SURFACE_STYLE_FILL_AREA ( #142 ) ;
#4587 = VECTOR ( 'NONE', #61, 1000.000000000000000 ) ;
#4588 = SURFACE_STYLE_USAGE ( .BOTH. , #862 ) ;
#4589 = ORIENTED_EDGE ( 'NONE', *, *, #1627, .T. ) ;
#4590 =( BOUNDED_CURVE ( )  B_SPLINE_CURVE ( 3, ( #1428, #1965, #5676, #2498, #6203, #3035, #6743 ),
 .UNSPECIFIED., .F., .F. ) 
 B_SPLINE_CURVE_WITH_KNOTS ( ( 4, 3, 4 ),
 ( 1.047197576304009115, 3.141592653595616458, 5.235987730887224245 ),
 .UNSPECIFIED. ) 
 CURVE ( )  GEOMETRIC_REPRESENTATION_ITEM ( )  RATIONAL_B_SPLINE_CURVE ( ( 1.000000000000000000, 0.6666666739128708219, 0.6666666739128708219, 1.000000000000000000, 0.6666666739128708219, 0.6666666739128708219, 1.000000000000000000 ) ) 
 REPRESENTATION_ITEM ( '' )  );
#4591 = PLANE ( 'NONE',  #1120 ) ;
#4592 = CARTESIAN_POINT ( 'NONE',  ( -3.303228718029766142, 12.51275424281733528, 15.00007378821410597 ) ) ;
#4593 = DIRECTION ( 'NONE',  ( 0.0000000000000000000, -0.0000000000000000000, -1.000000000000000000 ) ) ;
#4594 = ORIENTED_EDGE ( 'NONE', *, *, #4500, .F. ) ;
#4595 = PLANE ( 'NONE',  #4012 ) ;
#4596 = EDGE_CURVE ( 'NONE', #3613, #3552, #4611, .T. ) ;
#4597 = CARTESIAN_POINT ( 'NONE',  ( -3.813228718029765929, 9.972754242817334358, 11.44007378821410725 ) ) ;
#4598 = CARTESIAN_POINT ( 'NONE',  ( -4.929435102211766839, 9.217732065676335296, 15.00007378821410597 ) ) ;
#4599 = ORIENTED_EDGE ( 'NONE', *, *, #2972, .T. ) ;
#4600 = ORIENTED_EDGE ( 'NONE', *, *, #816, .T. ) ;
#4601 = PLANE ( 'NONE',  #6195 ) ;
#4602 = ADVANCED_FACE ( 'NONE', ( #3212 ), #6692, .T. ) ;
#4603 = EDGE_LOOP ( 'NONE', ( #1001, #2618, #6889, #4513 ) ) ;
#4604 = PLANE ( 'NONE',  #5939 ) ;
#4605 = EDGE_CURVE ( 'NONE', #5701, #312, #5349, .T. ) ;
#4606 = VERTEX_POINT ( 'NONE', #6713 ) ;
#4607 = ORIENTED_EDGE ( 'NONE', *, *, #2195, .T. ) ;
#4608 = VERTEX_POINT ( 'NONE', #3553 ) ;
#4609 = SURFACE_STYLE_FILL_AREA ( #4928 ) ;
#4610 = DIRECTION ( 'NONE',  ( -0.0000000000000000000, -0.0000000000000000000, 1.000000000000000000 ) ) ;
#4611 = LINE ( 'NONE', #2454, #6029 ) ;
#4612 = CARTESIAN_POINT ( 'NONE',  ( 3.419627554198234609, 11.94775424282733489, 22.62007378821410697 ) ) ;
#4613 = EDGE_LOOP ( 'NONE', ( #4512, #3324, #6418, #3973 ) ) ;
#4614 = DIRECTION ( 'NONE',  ( 1.000000000000000000, -0.0000000000000000000, -0.0000000000000000000 ) ) ;
#4615 = ORIENTED_EDGE ( 'NONE', *, *, #4447, .F. ) ;
#4616 = VECTOR ( 'NONE', #2198, 1000.000000000000000 ) ;
#4617 = VERTEX_POINT ( 'NONE', #5600 ) ;
#4618 = SURFACE_SIDE_STYLE ('',( #3649 ) ) ;
#4619 = AXIS2_PLACEMENT_3D ( 'NONE', #2532, #6238, #3074 ) ;
#4620 =( NAMED_UNIT ( * ) SI_UNIT ( $, .STERADIAN. ) SOLID_ANGLE_UNIT ( ) );
#4621 = DIRECTION ( 'NONE',  ( 0.0000000000000000000, 1.000000000000000000, -0.0000000000000000000 ) ) ;
#4622 = FACE_OUTER_BOUND ( 'NONE', #3055, .T. ) ;
#4623 = DIRECTION ( 'NONE',  ( 0.0000000000000000000, -1.000000000000000000, -0.0000000000000000000 ) ) ;
#4624 = PLANE ( 'NONE',  #3662 ) ;
#4625 = STYLED_ITEM ( 'NONE', ( #6477 ), #286 ) ;
#4626 = UNCERTAINTY_MEASURE_WITH_UNIT (LENGTH_MEASURE( 1.000000000000000082E-05 ), #2688, 'distance_accuracy_value', 'NONE');
#4627 = EDGE_LOOP ( 'NONE', ( #1889, #5704, #845, #1213 ) ) ;
#4628 = EDGE_CURVE ( 'NONE', #1183, #6335, #4590, .T. ) ;
#4629 = PRESENTATION_STYLE_ASSIGNMENT (( #4642 ) ) ;
#4630 = ORIENTED_EDGE ( 'NONE', *, *, #4331, .F. ) ;
#4631 =( LENGTH_UNIT ( ) NAMED_UNIT ( * ) SI_UNIT ( .MILLI., .METRE. ) );
#4632 = SURFACE_STYLE_USAGE ( .BOTH. , #910 ) ;
#4633 = MECHANICAL_DESIGN_GEOMETRIC_PRESENTATION_REPRESENTATION (  '', ( #3591 ), #4980 ) ;
#4634 = ADVANCED_FACE ( 'NONE', ( #3949 ), #897, .F. ) ;
#4635 = PLANE ( 'NONE',  #3214 ) ;
#4636 = DIRECTION ( 'NONE',  ( -0.0000000000000000000, -0.0000000000000000000, 1.000000000000000000 ) ) ;
#4637 = DIRECTION ( 'NONE',  ( 0.0000000000000000000, -1.000000000000000000, 0.0000000000000000000 ) ) ;
#4638 = PRESENTATION_STYLE_ASSIGNMENT (( #4646 ) ) ;
#4639 = CARTESIAN_POINT ( 'NONE',  ( -6.329420576603766335, 7.447754242817334891, 22.62007378821410697 ) ) ;
#4640 = DIRECTION ( 'NONE',  ( -1.000000000000000000, -0.0000000000000000000, -0.0000000000000000000 ) ) ;
#4641 = COLOUR_RGB ( '',0.2509803921568627416, 0.2509803921568627416, 0.2509803921568627416 ) ;
#4642 = SURFACE_STYLE_USAGE ( .BOTH. , #919 ) ;
#4643 = DIRECTION ( 'NONE',  ( 1.000000000000000000, 0.0000000000000000000, 0.0000000000000000000 ) ) ;
#4644 = SURFACE_STYLE_FILL_AREA ( #5834 ) ;
#4645 = CARTESIAN_POINT ( 'NONE',  ( 5.970552912677237423, 8.447754242828334981, 20.59155737977270917 ) ) ;
#4646 = SURFACE_STYLE_USAGE ( .BOTH. , #923 ) ;
#4647 = VECTOR ( 'NONE', #4438, 1000.000000000000000 ) ;
#4648 = COLOUR_RGB ( '',1.000000000000000000, 1.000000000000000000, 1.000000000000000000 ) ;
#4649 = SURFACE_STYLE_FILL_AREA ( #4548 ) ;
#4650 = PRESENTATION_STYLE_ASSIGNMENT (( #1805 ) ) ;
#4651 = PRESENTATION_LAYER_ASSIGNMENT (  '', '', ( #3942 ) ) ;
#4652 = EDGE_LOOP ( 'NONE', ( #5067, #1177, #5460, #3116, #3484, #5639, #2928, #3289, #6846, #5783, #4680, #2206 ) ) ;
#4653 = DIRECTION ( 'NONE',  ( 0.0000000000000000000, 0.0000000000000000000, -1.000000000000000000 ) ) ;
#4654 = MECHANICAL_DESIGN_GEOMETRIC_PRESENTATION_REPRESENTATION (  '', ( #3944 ), #4994 ) ;
#4655 = FILL_AREA_STYLE_COLOUR ( '', #647 ) ;
#4656 = LINE ( 'NONE', #5138, #3095 ) ;
#4657 = PRESENTATION_LAYER_ASSIGNMENT (  '', '', ( #3946 ) ) ;
#4658 = EDGE_CURVE ( 'NONE', #4032, #867, #596, .T. ) ;
#4659 = FACE_OUTER_BOUND ( 'NONE', #2933, .T. ) ;
#4660 = DIRECTION ( 'NONE',  ( -0.0000000000000000000, -0.0000000000000000000, -1.000000000000000000 ) ) ;
#4661 = CARTESIAN_POINT ( 'NONE',  ( 6.970552912677233870, 12.84774289831133309, 22.39834312896510582 ) ) ;
#4662 = CARTESIAN_POINT ( 'NONE',  ( 10.05694470660219153, 4.109073435534901009, 21.89973579954157756 ) ) ;
#4663 = DIRECTION ( 'NONE',  ( -0.0000000000000000000, -0.0000000000000000000, 1.000000000000000000 ) ) ;
#4664 = ORIENTED_EDGE ( 'NONE', *, *, #5807, .F. ) ;
#4665 = PLANE ( 'NONE',  #1721 ) ;
#4666 = PLANE ( 'NONE',  #2186 ) ;
#4667 = SURFACE_STYLE_USAGE ( .BOTH. , #939 ) ;
#4668 = VERTEX_POINT ( 'NONE', #4645 ) ;
#4669 = PRESENTATION_STYLE_ASSIGNMENT (( #761 ) ) ;
#4670 =( GEOMETRIC_REPRESENTATION_CONTEXT ( 3 ) GLOBAL_UNCERTAINTY_ASSIGNED_CONTEXT ( ( #3681 ) ) GLOBAL_UNIT_ASSIGNED_CONTEXT ( ( #6488, #3321, #116 ) ) REPRESENTATION_CONTEXT ( 'NONE', 'WORKASPACE' ) );
#4671 = FACE_OUTER_BOUND ( 'NONE', #4128, .T. ) ;
#4672 = EDGE_CURVE ( 'NONE', #2383, #1092, #4694, .T. ) ;
#4673 = CARTESIAN_POINT ( 'NONE',  ( 4.061771281970234071, 12.25775424281733450, 15.00007378821410597 ) ) ;
#4674 = EDGE_CURVE ( 'NONE', #3261, #5093, #2041, .T. ) ;
#4675 = ADVANCED_FACE ( 'NONE', ( #5930 ), #3085, .F. ) ;
#4676 = VECTOR ( 'NONE', #6396, 1000.000000000000000 ) ;
#4677 =( GEOMETRIC_REPRESENTATION_CONTEXT ( 3 ) GLOBAL_UNCERTAINTY_ASSIGNED_CONTEXT ( ( #4445 ) ) GLOBAL_UNIT_ASSIGNED_CONTEXT ( ( #3094, #6800, #3622 ) ) REPRESENTATION_CONTEXT ( 'NONE', 'WORKASPACE' ) );
#4678 = COLOUR_RGB ( '',0.2509803921568627416, 0.2509803921568627416, 0.2509803921568627416 ) ;
#4679 = PRESENTATION_LAYER_ASSIGNMENT (  '', '', ( #3974 ) ) ;
#4680 = ORIENTED_EDGE ( 'NONE', *, *, #984, .F. ) ;
#4681 = DIRECTION ( 'NONE',  ( 1.000000000000000000, 0.0000000000000000000, 0.0000000000000000000 ) ) ;
#4682 = DIRECTION ( 'NONE',  ( 0.0000000000000000000, -1.000000000000000000, -0.0000000000000000000 ) ) ;
#4683 = VERTEX_POINT ( 'NONE', #6250 ) ;
#4684 = ORIENTED_EDGE ( 'NONE', *, *, #3187, .T. ) ;
#4685 = PLANE ( 'NONE',  #2009 ) ;
#4686 = CARTESIAN_POINT ( 'NONE',  ( -6.329435102211765418, 4.618273884862334810, 14.99907378821410653 ) ) ;
#4687 = ORIENTED_EDGE ( 'NONE', *, *, #6817, .T. ) ;
#4688 = SURFACE_STYLE_USAGE ( .BOTH. , #957 ) ;
#4689 = EDGE_CURVE ( 'NONE', #946, #5518, #6857, .T. ) ;
#4690 = DIRECTION ( 'NONE',  ( 0.0000000000000000000, 1.000000000000000000, 0.0000000000000000000 ) ) ;
#4691 = SURFACE_SIDE_STYLE ('',( #2483 ) ) ;
#4692 = PLANE ( 'NONE',  #1021 ) ;
#4693 = DIRECTION ( 'NONE',  ( 0.0000000000000000000, 1.000000000000000000, 0.0000000000000000000 ) ) ;
#4694 = LINE ( 'NONE', #4129, #3287 ) ;
#4695 = LINE ( 'NONE', #1599, #3288 ) ;
#4696 = ORIENTED_EDGE ( 'NONE', *, *, #5607, .T. ) ;
#4697 = STYLED_ITEM ( 'NONE', ( #5269 ), #4707 ) ;
#4698 = EDGE_CURVE ( 'NONE', #1451, #4032, #5430, .T. ) ;
#4699 = EDGE_LOOP ( 'NONE', ( #1123, #2780, #2015, #3778, #3530 ) ) ;
#4700 = MECHANICAL_DESIGN_GEOMETRIC_PRESENTATION_REPRESENTATION (  '', ( #2929 ), #5045 ) ;
#4701 = UNCERTAINTY_MEASURE_WITH_UNIT (LENGTH_MEASURE( 1.000000000000000082E-05 ), #2768, 'distance_accuracy_value', 'NONE');
#4702 = AXIS2_PLACEMENT_3D ( 'NONE', #4293, #1100, #4825 ) ;
#4703 = ORIENTED_EDGE ( 'NONE', *, *, #1058, .T. ) ;
#4704 = CARTESIAN_POINT ( 'NONE',  ( -6.328228718029764721, 13.52775424281733585, 14.36007378820410452 ) ) ;
#4705 = VERTEX_POINT ( 'NONE', #5220 ) ;
#4706 = VECTOR ( 'NONE', #3415, 1000.000000000000000 ) ;
#4707 = ADVANCED_FACE ( 'NONE', ( #6688 ), #2592, .F. ) ;
#4708 = DIRECTION ( 'NONE',  ( 1.000000000000000000, -0.0000000000000000000, -0.0000000000000000000 ) ) ;
#4709 = DIRECTION ( 'NONE',  ( -0.0000000000000000000, 1.110223024624999878E-16, 1.000000000000000000 ) ) ;
#4710 = ORIENTED_EDGE ( 'NONE', *, *, #6384, .F. ) ;
#4711 = CARTESIAN_POINT ( 'NONE',  ( 4.061771281970234071, 4.637754242817334394, 15.00007378821410597 ) ) ;
#4712 = MECHANICAL_DESIGN_GEOMETRIC_PRESENTATION_REPRESENTATION (  '', ( #3654 ), #5055 ) ;
#4713 = VECTOR ( 'NONE', #6705, 1000.000000000000000 ) ;
#4714 = VERTEX_POINT ( 'NONE', #989 ) ;
#4715 = LINE ( 'NONE', #1114, #3312 ) ;
#4716 =( LENGTH_UNIT ( ) NAMED_UNIT ( * ) SI_UNIT ( .MILLI., .METRE. ) );
#4717 = DIRECTION ( 'NONE',  ( -0.9872007530567021849, 0.0000000000000000000, 0.1594825167981750169 ) ) ;
#4718 =( GEOMETRIC_REPRESENTATION_CONTEXT ( 3 ) GLOBAL_UNCERTAINTY_ASSIGNED_CONTEXT ( ( #2548 ) ) GLOBAL_UNIT_ASSIGNED_CONTEXT ( ( #1134, #4855, #1678 ) ) REPRESENTATION_CONTEXT ( 'NONE', 'WORKASPACE' ) );
#4719 = CARTESIAN_POINT ( 'NONE',  ( 0.0000000000000000000, 0.0000000000000000000, 11.44007378821410725 ) ) ;
#4720 = COLOUR_RGB ( '',0.2509803921568627416, 0.2509803921568627416, 0.2509803921568627416 ) ;
#4721 = CYLINDRICAL_SURFACE ( 'NONE', #2277, 0.3199999999999999512 ) ;
#4722 = MECHANICAL_DESIGN_GEOMETRIC_PRESENTATION_REPRESENTATION (  '', ( #4021 ), #5063 ) ;
#4723 = VECTOR ( 'NONE', #4009, 1000.000000000000000 ) ;
#4724 =( GEOMETRIC_REPRESENTATION_CONTEXT ( 3 ) GLOBAL_UNCERTAINTY_ASSIGNED_CONTEXT ( ( #3199 ) ) GLOBAL_UNIT_ASSIGNED_CONTEXT ( ( #1818, #5524, #2350 ) ) REPRESENTATION_CONTEXT ( 'NONE', 'WORKASPACE' ) );
#4725 = LINE ( 'NONE', #3616, #3322 ) ;
#4726 = ORIENTED_EDGE ( 'NONE', *, *, #6577, .T. ) ;
#4727 = LINE ( 'NONE', #6038, #2077 ) ;
#4728 = LINE ( 'NONE', #3839, #4556 ) ;
#4729 = DIRECTION ( 'NONE',  ( 1.000000000000000000, 0.0000000000000000000, 0.0000000000000000000 ) ) ;
#4730 = FACE_OUTER_BOUND ( 'NONE', #5823, .T. ) ;
#4731 = SURFACE_STYLE_USAGE ( .BOTH. , #1005 ) ;
#4732 = FILL_AREA_STYLE ('',( #1558 ) ) ;
#4733 = FILL_AREA_STYLE ('',( #3151 ) ) ;
#4734 = VECTOR ( 'NONE', #5391, 1000.000000000000000 ) ;
#4735 =( LENGTH_UNIT ( ) NAMED_UNIT ( * ) SI_UNIT ( .MILLI., .METRE. ) );
#4736 = VECTOR ( 'NONE', #2331, 1000.000000000000000 ) ;
#4737 = EDGE_CURVE ( 'NONE', #3027, #2043, #2800, .T. ) ;
#4738 = LINE ( 'NONE', #4140, #5979 ) ;
#4739 = LINE ( 'NONE', #3969, #6907 ) ;
#4740 = CARTESIAN_POINT ( 'NONE',  ( 6.145481615111688889, 13.52775424281611549, 15.29695956889274022 ) ) ;
#4741 = UNCERTAINTY_MEASURE_WITH_UNIT (LENGTH_MEASURE( 1.000000000000000082E-05 ), #6404, 'distance_accuracy_value', 'NONE');
#4742 = ADVANCED_FACE ( 'NONE', ( #6187 ), #3675, .F. ) ;
#4743 = VECTOR ( 'NONE', #4101, 1000.000000000000000 ) ;
#4744 = ORIENTED_EDGE ( 'NONE', *, *, #334, .F. ) ;
#4745 = ORIENTED_EDGE ( 'NONE', *, *, #1913, .T. ) ;
#4746 = DIRECTION ( 'NONE',  ( -1.239088197122750804E-16, -1.000000000000000000, -0.0000000000000000000 ) ) ;
#4747 = SURFACE_STYLE_FILL_AREA ( #5377 ) ;
#4748 = CARTESIAN_POINT ( 'NONE',  ( 3.419627554198234165, 4.947754242807335778, 22.42007378821410413 ) ) ;
#4749 = ORIENTED_EDGE ( 'NONE', *, *, #1830, .F. ) ;
#4750 = CARTESIAN_POINT ( 'NONE',  ( -5.329435102211766306, 9.447739717209742594, 15.00007378821410597 ) ) ;
#4751 = LINE ( 'NONE', #2417, #5992 ) ;
#4752 = FILL_AREA_STYLE_COLOUR ( '', #4813 ) ;
#4753 = DIRECTION ( 'NONE',  ( -0.0000000000000000000, 0.0000000000000000000, -1.000000000000000000 ) ) ;
#4754 = CARTESIAN_POINT ( 'NONE',  ( 0.0000000000000000000, 0.0000000000000000000, 14.36007378821410541 ) ) ;
#4755 = CARTESIAN_POINT ( 'NONE',  ( -4.929435102211766839, 7.717732065676334408, 14.99907378821410653 ) ) ;
#4756 = FILL_AREA_STYLE_COLOUR ( '', #3012 ) ;
#4757 = ORIENTED_EDGE ( 'NONE', *, *, #2804, .F. ) ;
#4758 = CARTESIAN_POINT ( 'NONE',  ( -2.829435102211765862, 12.52777641995833591, 15.00007378821410597 ) ) ;
#4759 = FILL_AREA_STYLE ('',( #6200 ) ) ;
#4760 = EDGE_CURVE ( 'NONE', #377, #1358, #5694, .T. ) ;
#4761 = ORIENTED_EDGE ( 'NONE', *, *, #4536, .F. ) ;
#4762 = DIRECTION ( 'NONE',  ( -1.000000000000000000, 0.0000000000000000000, 0.0000000000000000000 ) ) ;
#4763 = CARTESIAN_POINT ( 'NONE',  ( 4.970552912677236534, 8.197754242828334981, 17.04621897928210572 ) ) ;
#4764 = EDGE_CURVE ( 'NONE', #1987, #2375, #2876, .T. ) ;
#4765 = AXIS2_PLACEMENT_3D ( 'NONE', #6712, #3551, #348 ) ;
#4766 = CARTESIAN_POINT ( 'NONE',  ( -5.329435102211766306, 7.447754242817334891, 22.62007378821410697 ) ) ;
#4767 = PRESENTATION_LAYER_ASSIGNMENT (  '', '', ( #5113 ) ) ;
#4768 = VERTEX_POINT ( 'NONE', #4758 ) ;
#4769 = MECHANICAL_DESIGN_GEOMETRIC_PRESENTATION_REPRESENTATION (  '', ( #3710 ), #5115 ) ;
#4770 = CARTESIAN_POINT ( 'NONE',  ( -3.813228718029765929, 12.00275424281733727, 15.00007378821410597 ) ) ;
#4771 = VECTOR ( 'NONE', #3152, 1000.000000000000000 ) ;
#4772 = EDGE_LOOP ( 'NONE', ( #4116, #5876, #5369, #1592 ) ) ;
#4773 = EDGE_LOOP ( 'NONE', ( #2621, #1292, #4049, #1164 ) ) ;
#4774 = CIRCLE ( 'NONE', #695, 0.3199999999999999512 ) ;
#4775 = DIRECTION ( 'NONE',  ( 1.000000000000000000, 0.0000000000000000000, -0.0000000000000000000 ) ) ;
#4776 = CARTESIAN_POINT ( 'NONE',  ( 11.08444181289723574, 11.91985983030433616, 16.50007378821410597 ) ) ;
#4777 = EDGE_LOOP ( 'NONE', ( #4379, #5917, #2047, #2147, #5991, #5019 ) ) ;
#4778 = VERTEX_POINT ( 'NONE', #5286 ) ;
#4779 = CARTESIAN_POINT ( 'NONE',  ( -5.328228710841765192, 13.52856633055133528, 14.36007378820410452 ) ) ;
#4780 = VERTEX_POINT ( 'NONE', #2121 ) ;
#4781 =( NAMED_UNIT ( * ) SI_UNIT ( $, .STERADIAN. ) SOLID_ANGLE_UNIT ( ) );
#4782 = AXIS2_PLACEMENT_3D ( 'NONE', #4138, #928, #4653 ) ;
#4783 =( GEOMETRIC_REPRESENTATION_CONTEXT ( 3 ) GLOBAL_UNCERTAINTY_ASSIGNED_CONTEXT ( ( #2236 ) ) GLOBAL_UNIT_ASSIGNED_CONTEXT ( ( #5455, #2290, #5998 ) ) REPRESENTATION_CONTEXT ( 'NONE', 'WORKASPACE' ) );
#4784 = STYLED_ITEM ( 'NONE', ( #339 ), #6731 ) ;
#4785 = DIRECTION ( 'NONE',  ( 0.0000000000000000000, 0.0000000000000000000, 1.000000000000000000 ) ) ;
#4786 = SURFACE_STYLE_FILL_AREA ( #4926 ) ;
#4787 = CARTESIAN_POINT ( 'NONE',  ( 8.322507277799267911, 5.551223099486087165, 16.14078778535187553 ) ) ;
#4788 = ORIENTED_EDGE ( 'NONE', *, *, #4628, .T. ) ;
#4789 = FILL_AREA_STYLE ('',( #5241 ) ) ;
#4790 = DIRECTION ( 'NONE',  ( 0.0000000000000000000, 0.0000000000000000000, -1.000000000000000000 ) ) ;
#4791 =( NAMED_UNIT ( * ) PLANE_ANGLE_UNIT ( ) SI_UNIT ( $, .RADIAN. ) );
#4792 = FILL_AREA_STYLE ('',( #4270 ) ) ;
#4793 = EDGE_LOOP ( 'NONE', ( #211, #2273, #2643, #25, #3133 ) ) ;
#4794 = VECTOR ( 'NONE', #6711, 1000.000000000000000 ) ;
#4795 = VERTEX_POINT ( 'NONE', #3172 ) ;
#4796 = FACE_OUTER_BOUND ( 'NONE', #1179, .T. ) ;
#4797 = EDGE_CURVE ( 'NONE', #1053, #6765, #1455, .T. ) ;
#4798 =( NAMED_UNIT ( * ) SI_UNIT ( $, .STERADIAN. ) SOLID_ANGLE_UNIT ( ) );
#4799 = EDGE_CURVE ( 'NONE', #6772, #3471, #2713, .T. ) ;
#4800 = PRESENTATION_STYLE_ASSIGNMENT (( #5070 ) ) ;
#4801 = FILL_AREA_STYLE_COLOUR ( '', #4678 ) ;
#4802 = FACE_OUTER_BOUND ( 'NONE', #226, .T. ) ;
#4803 = SURFACE_STYLE_FILL_AREA ( #3408 ) ;
#4804 = UNCERTAINTY_MEASURE_WITH_UNIT (LENGTH_MEASURE( 1.000000000000000082E-05 ), #1947, 'distance_accuracy_value', 'NONE');
#4805 = COLOUR_RGB ( '',0.2509803921568627416, 0.2509803921568627416, 0.2509803921568627416 ) ;
#4806 = PRESENTATION_LAYER_ASSIGNMENT (  '', '', ( #4112 ) ) ;
#4807 = AXIS2_PLACEMENT_3D ( 'NONE', #412, #1469, #4149 ) ;
#4808 = PRESENTATION_STYLE_ASSIGNMENT (( #2227 ) ) ;
#4809 = FACE_OUTER_BOUND ( 'NONE', #4777, .T. ) ;
#4810 = DIRECTION ( 'NONE',  ( 0.0000000000000000000, -1.000000000000000000, -0.0000000000000000000 ) ) ;
#4811 = CARTESIAN_POINT ( 'NONE',  ( 3.961478271157233166, 11.94775424282733489, 22.62007378821410697 ) ) ;
#4812 = LINE ( 'NONE', #1347, #6230 ) ;
#4813 = COLOUR_RGB ( '',0.2509803921568627416, 0.2509803921568627416, 0.2509803921568627416 ) ;
#4814 = CARTESIAN_POINT ( 'NONE',  ( 8.520781758688432461, 13.17114538129312429, 22.14790328966599020 ) ) ;
#4815 = EDGE_CURVE ( 'NONE', #521, #3569, #1279, .T. ) ;
#4816 = CARTESIAN_POINT ( 'NONE',  ( 3.690552912677733666, 11.94775424282733489, 22.42007378821410413 ) ) ;
#4817 = FACE_OUTER_BOUND ( 'NONE', #4699, .T. ) ;
#4818 = FILL_AREA_STYLE_COLOUR ( '', #3714 ) ;
#4819 = LINE ( 'NONE', #4381, #3429 ) ;
#4820 =( LENGTH_UNIT ( ) NAMED_UNIT ( * ) SI_UNIT ( .MILLI., .METRE. ) );
#4821 = DIRECTION ( 'NONE',  ( -1.000000000000000000, 0.0000000000000000000, 0.0000000000000000000 ) ) ;
#4822 = AXIS2_PLACEMENT_3D ( 'NONE', #1373, #5072, #1921 ) ;
#4823 = EDGE_CURVE ( 'NONE', #2568, #1548, #5677, .T. ) ;
#4824 =( GEOMETRIC_REPRESENTATION_CONTEXT ( 3 ) GLOBAL_UNCERTAINTY_ASSIGNED_CONTEXT ( ( #4626 ) ) GLOBAL_UNIT_ASSIGNED_CONTEXT ( ( #2688, #6386, #3217 ) ) REPRESENTATION_CONTEXT ( 'NONE', 'WORKASPACE' ) );
#4825 = DIRECTION ( 'NONE',  ( 1.000000000000000000, 0.0000000000000000000, 0.0000000000000000000 ) ) ;
#4826 = ORIENTED_EDGE ( 'NONE', *, *, #3605, .T. ) ;
#4827 = LINE ( 'NONE', #1258, #570 ) ;
#4828 = VECTOR ( 'NONE', #2299, 1000.000000000000000 ) ;
#4829 = DIRECTION ( 'NONE',  ( 0.0000000000000000000, 0.0000000000000000000, 1.000000000000000000 ) ) ;
#4830 =( NAMED_UNIT ( * ) SI_UNIT ( $, .STERADIAN. ) SOLID_ANGLE_UNIT ( ) );
#4831 = DIRECTION ( 'NONE',  ( 1.000000000000000000, 0.0000000000000000000, 0.0000000000000000000 ) ) ;
#4832 = CARTESIAN_POINT ( 'NONE',  ( -3.303228718029766142, 4.892754242817335175, 15.00007378821410597 ) ) ;
#4833 = VECTOR ( 'NONE', #5142, 1000.000000000000000 ) ;
#4834 = AXIS2_PLACEMENT_3D ( 'NONE', #5573, #774, #804 ) ;
#4835 = DIRECTION ( 'NONE',  ( -0.0000000000000000000, -0.0000000000000000000, 1.000000000000000000 ) ) ;
#4836 = MECHANICAL_DESIGN_GEOMETRIC_PRESENTATION_REPRESENTATION (  '', ( #3773 ), #5194 ) ;
#4837 = CARTESIAN_POINT ( 'NONE',  ( 3.690552912677234954, 4.947754242807335778, 20.62007378821410697 ) ) ;
#4838 = ORIENTED_EDGE ( 'NONE', *, *, #3253, .F. ) ;
#4839 = FACE_OUTER_BOUND ( 'NONE', #320, .T. ) ;
#4840 = ORIENTED_EDGE ( 'NONE', *, *, #826, .T. ) ;
#4841 = ORIENTED_EDGE ( 'NONE', *, *, #395, .T. ) ;
#4842 =( NAMED_UNIT ( * ) PLANE_ANGLE_UNIT ( ) SI_UNIT ( $, .RADIAN. ) );
#4843 = ORIENTED_EDGE ( 'NONE', *, *, #6748, .F. ) ;
#4844 = AXIS2_PLACEMENT_3D ( 'NONE', #2750, #6440, #3273 ) ;
#4845 = SURFACE_STYLE_USAGE ( .BOTH. , #1125 ) ;
#4846 = EDGE_CURVE ( 'NONE', #6495, #4063, #6769, .T. ) ;
#4847 = CARTESIAN_POINT ( 'NONE',  ( 6.584984569714555924, 3.540475996951580218, 15.50808113244105080 ) ) ;
#4848 = VECTOR ( 'NONE', #6787, 1000.000000000000000 ) ;
#4849 = LINE ( 'NONE', #511, #5184 ) ;
#4850 = ORIENTED_EDGE ( 'NONE', *, *, #200, .F. ) ;
#4851 = FILL_AREA_STYLE_COLOUR ( '', #5392 ) ;
#4852 = DIRECTION ( 'NONE',  ( -0.0000000000000000000, -0.0000000000000000000, 1.000000000000000000 ) ) ;
#4853 = ORIENTED_EDGE ( 'NONE', *, *, #4522, .T. ) ;
#4854 = PLANE ( 'NONE',  #3726 ) ;
#4855 =( NAMED_UNIT ( * ) PLANE_ANGLE_UNIT ( ) SI_UNIT ( $, .RADIAN. ) );
#4856 = LINE ( 'NONE', #2796, #782 ) ;
#4857 =( NAMED_UNIT ( * ) PLANE_ANGLE_UNIT ( ) SI_UNIT ( $, .RADIAN. ) );
#4858 = DIRECTION ( 'NONE',  ( -1.000000000000000000, 0.0000000000000000000, 0.0000000000000000000 ) ) ;
#4859 = CARTESIAN_POINT ( 'NONE',  ( 4.970552912677236534, 10.17620879488533525, 18.56007378821410825 ) ) ;
#4860 =( NAMED_UNIT ( * ) PLANE_ANGLE_UNIT ( ) SI_UNIT ( $, .RADIAN. ) );
#4861 = ORIENTED_EDGE ( 'NONE', *, *, #3091, .T. ) ;
#4862 = EDGE_LOOP ( 'NONE', ( #6620, #1353, #6071, #2373 ) ) ;
#4863 = VECTOR ( 'NONE', #1853, 1000.000000000000000 ) ;
#4864 = DIRECTION ( 'NONE',  ( 1.000000000000000000, -0.0000000000000000000, -0.0000000000000000000 ) ) ;
#4865 = EDGE_LOOP ( 'NONE', ( #3396, #674, #6520, #1963 ) ) ;
#4866 = FILL_AREA_STYLE_COLOUR ( '', #6552 ) ;
#4867 = ORIENTED_EDGE ( 'NONE', *, *, #3813, .F. ) ;
#4868 = LINE ( 'NONE', #1657, #619 ) ;
#4869 = CARTESIAN_POINT ( 'NONE',  ( 2.171771281970234391, 14.55775424281733521, 22.62007378821410697 ) ) ;
#4870 = ORIENTED_EDGE ( 'NONE', *, *, #583, .F. ) ;
#4871 = MECHANICAL_DESIGN_GEOMETRIC_PRESENTATION_REPRESENTATION (  '', ( #4174 ), #5225 ) ;
#4872 = PRESENTATION_STYLE_ASSIGNMENT (( #5763 ) ) ;
#4873 =( GEOMETRIC_REPRESENTATION_CONTEXT ( 3 ) GLOBAL_UNCERTAINTY_ASSIGNED_CONTEXT ( ( #1719 ) ) GLOBAL_UNIT_ASSIGNED_CONTEXT ( ( #1667, #5384, #2210 ) ) REPRESENTATION_CONTEXT ( 'NONE', 'WORKASPACE' ) );
#4874 = PRODUCT_DEFINITION ( 'UNKNOWN', '', #5230, #1634 ) ;
#4875 = EDGE_CURVE ( 'NONE', #621, #3957, #4123, .T. ) ;
#4876 = VECTOR ( 'NONE', #6246, 1000.000000000000000 ) ;
#4877 = PRESENTATION_STYLE_ASSIGNMENT (( #1446 ) ) ;
#4878 = DIRECTION ( 'NONE',  ( 0.0000000000000000000, -1.000000000000000000, -0.0000000000000000000 ) ) ;
#4879 = CARTESIAN_POINT ( 'NONE',  ( -4.129435102211766129, 11.96773206567633530, 15.00007378821410597 ) ) ;
#4880 = LINE ( 'NONE', #1920, #317 ) ;
#4881 = AXIS2_PLACEMENT_3D ( 'NONE', #2777, #6475, #3303 ) ;
#4882 = DIRECTION ( 'NONE',  ( -0.0000000000000000000, 1.000000000000000000, 0.0000000000000000000 ) ) ;
#4883 = CARTESIAN_POINT ( 'NONE',  ( -4.129435102211766129, 13.52856633055133528, 14.99907378821410653 ) ) ;
#4884 = ORIENTED_EDGE ( 'NONE', *, *, #3066, .F. ) ;
#4885 = DIRECTION ( 'NONE',  ( 1.000000000000000000, -0.0000000000000000000, -0.0000000000000000000 ) ) ;
#4886 = VECTOR ( 'NONE', #5429, 1000.000000000000000 ) ;
#4887 = PRESENTATION_LAYER_ASSIGNMENT (  '', '', ( #5244 ) ) ;
#4888 = EDGE_CURVE ( 'NONE', #4921, #1782, #2537, .T. ) ;
#4889 = SURFACE_STYLE_USAGE ( .BOTH. , #1167 ) ;
#4890 =( NAMED_UNIT ( * ) SI_UNIT ( $, .STERADIAN. ) SOLID_ANGLE_UNIT ( ) );
#4891 = PRESENTATION_STYLE_ASSIGNMENT (( #3487 ) ) ;
#4892 = PRESENTATION_STYLE_ASSIGNMENT (( #4370 ) ) ;
#4893 = SURFACE_STYLE_FILL_AREA ( #3031 ) ;
#4894 = PRESENTATION_LAYER_ASSIGNMENT (  '', '', ( #4543 ) ) ;
#4895 = VECTOR ( 'NONE', #1435, 1000.000000000000000 ) ;
#4896 = SURFACE_STYLE_FILL_AREA ( #3801 ) ;
#4897 = LINE ( 'NONE', #2746, #6156 ) ;
#4898 = AXIS2_PLACEMENT_3D ( 'NONE', #1331, #5033, #1873 ) ;
#4899 = FACE_BOUND ( 'NONE', #6046, .T. ) ;
#4900 = CARTESIAN_POINT ( 'NONE',  ( 6.320552912677235291, 6.197754242817334003, 21.62007378821410342 ) ) ;
#4901 =( NAMED_UNIT ( * ) PLANE_ANGLE_UNIT ( ) SI_UNIT ( $, .RADIAN. ) );
#4902 = LINE ( 'NONE', #4225, #3519 ) ;
#4903 = EDGE_LOOP ( 'NONE', ( #1272, #3070, #6621, #2852, #3929 ) ) ;
#4904 = ORIENTED_EDGE ( 'NONE', *, *, #5151, .F. ) ;
#4905 = SURFACE_SIDE_STYLE ('',( #898 ) ) ;
#4906 =( BOUNDED_CURVE ( )  B_SPLINE_CURVE ( 3, ( #6465, #3292, #3819, #613 ),
 .UNSPECIFIED., .F., .F. ) 
 B_SPLINE_CURVE_WITH_KNOTS ( ( 4, 4 ),
 ( 4.213241678513215405, 4.802019694842419639 ),
 .UNSPECIFIED. ) 
 CURVE ( )  GEOMETRIC_REPRESENTATION_ITEM ( )  RATIONAL_B_SPLINE_CURVE ( ( 1.000000000000000000, 0.9713197355948161027, 0.9713197355948161027, 1.000000000000000000 ) ) 
 REPRESENTATION_ITEM ( '' )  );
#4907 = CARTESIAN_POINT ( 'NONE',  ( 5.598034606640234223, 12.52777641995833413, 14.36007378821410541 ) ) ;
#4908 = DIRECTION ( 'NONE',  ( 0.0000000000000000000, 0.0000000000000000000, 1.000000000000000000 ) ) ;
#4909 = ORIENTED_EDGE ( 'NONE', *, *, #52, .T. ) ;
#4910 = DIRECTION ( 'NONE',  ( -0.0000000000000000000, -0.0000000000000000000, 1.000000000000000000 ) ) ;
#4911 = ORIENTED_EDGE ( 'NONE', *, *, #1551, .T. ) ;
#4912 = PLANE ( 'NONE',  #3342 ) ;
#4913 = AXIS2_PLACEMENT_3D ( 'NONE', #2464, #6170, #3001 ) ;
#4914 =( GEOMETRIC_REPRESENTATION_CONTEXT ( 3 ) GLOBAL_UNCERTAINTY_ASSIGNED_CONTEXT ( ( #5926 ) ) GLOBAL_UNIT_ASSIGNED_CONTEXT ( ( #1141, #4860, #1684 ) ) REPRESENTATION_CONTEXT ( 'NONE', 'WORKASPACE' ) );
#4915 =( NAMED_UNIT ( * ) PLANE_ANGLE_UNIT ( ) SI_UNIT ( $, .RADIAN. ) );
#4916 =( GEOMETRIC_REPRESENTATION_CONTEXT ( 3 ) GLOBAL_UNCERTAINTY_ASSIGNED_CONTEXT ( ( #1350 ) ) GLOBAL_UNIT_ASSIGNED_CONTEXT ( ( #2103, #5803, #2633 ) ) REPRESENTATION_CONTEXT ( 'NONE', 'WORKASPACE' ) );
#4917 = FILL_AREA_STYLE_COLOUR ( '', #3824 ) ;
#4918 = VERTEX_POINT ( 'NONE', #5565 ) ;
#4919 = VECTOR ( 'NONE', #5814, 1000.000000000000000 ) ;
#4920 = DIRECTION ( 'NONE',  ( 1.000000000000000000, -0.0000000000000000000, -0.0000000000000000000 ) ) ;
#4921 = VERTEX_POINT ( 'NONE', #4496 ) ;
#4922 = CARTESIAN_POINT ( 'NONE',  ( 11.27177128197023137, 11.77056347727433483, 16.50007378821410597 ) ) ;
#4923 = SURFACE_SIDE_STYLE ('',( #3841 ) ) ;
#4924 = SURFACE_SIDE_STYLE ('',( #3086 ) ) ;
#4925 =( GEOMETRIC_REPRESENTATION_CONTEXT ( 3 ) GLOBAL_UNCERTAINTY_ASSIGNED_CONTEXT ( ( #6658 ) ) GLOBAL_UNIT_ASSIGNED_CONTEXT ( ( #702, #4431, #1249 ) ) REPRESENTATION_CONTEXT ( 'NONE', 'WORKASPACE' ) );
#4926 = FILL_AREA_STYLE ('',( #4396 ) ) ;
#4927 = DIRECTION ( 'NONE',  ( -0.0000000000000000000, -1.000000000000000000, -0.0000000000000000000 ) ) ;
#4928 = FILL_AREA_STYLE ('',( #4399 ) ) ;
#4929 = EDGE_CURVE ( 'NONE', #5367, #5340, #937, .T. ) ;
#4930 = ORIENTED_EDGE ( 'NONE', *, *, #3129, .T. ) ;
#4931 =( GEOMETRIC_REPRESENTATION_CONTEXT ( 3 ) GLOBAL_UNCERTAINTY_ASSIGNED_CONTEXT ( ( #6336 ) ) GLOBAL_UNIT_ASSIGNED_CONTEXT ( ( #5993, #2837, #6525 ) ) REPRESENTATION_CONTEXT ( 'NONE', 'WORKASPACE' ) );
#4932 = DIRECTION ( 'NONE',  ( 0.0000000000000000000, -1.110223024625156540E-16, -1.000000000000000000 ) ) ;
#4933 = CARTESIAN_POINT ( 'NONE',  ( -6.329435102211765418, 3.367732065676335207, 15.00007378821410597 ) ) ;
#4934 = ORIENTED_EDGE ( 'NONE', *, *, #6737, .F. ) ;
#4935 = AXIS2_PLACEMENT_3D ( 'NONE', #4816, #566, #4309 ) ;
#4936 = STYLED_ITEM ( 'NONE', ( #4302 ), #5659 ) ;
#4937 = VERTEX_POINT ( 'NONE', #6631 ) ;
#4938 = ORIENTED_EDGE ( 'NONE', *, *, #5869, .T. ) ;
#4939 = PRESENTATION_STYLE_ASSIGNMENT (( #1804 ) ) ;
#4940 = CARTESIAN_POINT ( 'NONE',  ( -3.303228718029766142, 6.922754242817335424, 11.44007378821410725 ) ) ;
#4941 = EDGE_LOOP ( 'NONE', ( #4599, #390, #495, #2285 ) ) ;
#4942 = EDGE_CURVE ( 'NONE', #28, #377, #5345, .T. ) ;
#4943 = ORIENTED_EDGE ( 'NONE', *, *, #3758, .T. ) ;
#4944 = CARTESIAN_POINT ( 'NONE',  ( 8.791340464802043897, 3.999776571163471406, 16.24060015594953654 ) ) ;
#4945 = SURFACE_SIDE_STYLE ('',( #4586 ) ) ;
#4946 = CARTESIAN_POINT ( 'NONE',  ( 4.381771281970234355, 4.637754242817334394, 11.44007378821410725 ) ) ;
#4947 = DIRECTION ( 'NONE',  ( -0.0000000000000000000, 1.000000000000000000, 0.0000000000000000000 ) ) ;
#4948 = LINE ( 'NONE', #5435, #4223 ) ;
#4949 = DIRECTION ( 'NONE',  ( -2.224004456380522889E-16, 1.000000000000000000, -7.509345749786909896E-17 ) ) ;
#4950 = ORIENTED_EDGE ( 'NONE', *, *, #6002, .T. ) ;
#4951 = EDGE_CURVE ( 'NONE', #4449, #3027, #2368, .T. ) ;
#4952 = SURFACE_STYLE_FILL_AREA ( #4733 ) ;
#4953 = PLANE ( 'NONE',  #6427 ) ;
#4954 = PRESENTATION_STYLE_ASSIGNMENT (( #1515 ) ) ;
#4955 = CARTESIAN_POINT ( 'NONE',  ( 8.961092997612626121, 11.21584331969515169, 16.27435217405850665 ) ) ;
#4956 = ORIENTED_EDGE ( 'NONE', *, *, #283, .F. ) ;
#4957 = LINE ( 'NONE', #2124, #2148 ) ;
#4958 = VECTOR ( 'NONE', #4059, 1000.000000000000000 ) ;
#4959 = CARTESIAN_POINT ( 'NONE',  ( 5.970552912677237423, 8.697754242828334981, 20.57392859714610722 ) ) ;
#4960 = SURFACE_STYLE_FILL_AREA ( #6146 ) ;
#4961 = CARTESIAN_POINT ( 'NONE',  ( 5.970552912677237423, 6.719299690771334710, 19.06007378821410470 ) ) ;
#4962 = FACE_OUTER_BOUND ( 'NONE', #195, .T. ) ;
#4963 = PRESENTATION_LAYER_ASSIGNMENT (  '', '', ( #4271 ) ) ;
#4964 = VECTOR ( 'NONE', #1138, 1000.000000000000000 ) ;
#4965 = DIRECTION ( 'NONE',  ( -0.0000000000000000000, -0.0000000000000000000, 1.000000000000000000 ) ) ;
#4966 = DIRECTION ( 'NONE',  ( 1.000000000000000000, 0.0000000000000000000, 0.0000000000000000000 ) ) ;
#4967 =( NAMED_UNIT ( * ) SI_UNIT ( $, .STERADIAN. ) SOLID_ANGLE_UNIT ( ) );
#4968 = FACE_OUTER_BOUND ( 'NONE', #457, .T. ) ;
#4969 = SURFACE_SIDE_STYLE ('',( #2291 ) ) ;
#4970 = SURFACE_SIDE_STYLE ('',( #2007 ) ) ;
#4971 = VERTEX_POINT ( 'NONE', #3464 ) ;
#4972 = VECTOR ( 'NONE', #6755, 1000.000000000000000 ) ;
#4973 = LINE ( 'NONE', #2040, #2164 ) ;
#4974 = AXIS2_PLACEMENT_3D ( 'NONE', #979, #4708, #1532 ) ;
#4975 = CARTESIAN_POINT ( 'NONE',  ( -5.328228808214765522, 13.52775424281733585, 22.62007378821410697 ) ) ;
#4976 = SURFACE_STYLE_USAGE ( .BOTH. , #1269 ) ;
#4977 = EDGE_CURVE ( 'NONE', #167, #6097, #2197, .T. ) ;
#4978 = COLOUR_RGB ( '',0.2509803921568627416, 0.2509803921568627416, 0.2509803921568627416 ) ;
#4979 = DIRECTION ( 'NONE',  ( 1.000000000000000000, -0.0000000000000000000, -0.0000000000000000000 ) ) ;
#4980 =( GEOMETRIC_REPRESENTATION_CONTEXT ( 3 ) GLOBAL_UNCERTAINTY_ASSIGNED_CONTEXT ( ( #600 ) ) GLOBAL_UNIT_ASSIGNED_CONTEXT ( ( #3174, #6884, #3700 ) ) REPRESENTATION_CONTEXT ( 'NONE', 'WORKASPACE' ) );
#4981 = SURFACE_STYLE_USAGE ( .BOTH. , #1275 ) ;
#4982 = DIRECTION ( 'NONE',  ( -0.0000000000000000000, -0.0000000000000000000, 1.000000000000000000 ) ) ;
#4983 = FILL_AREA_STYLE ('',( #2878 ) ) ;
#4984 = ORIENTED_EDGE ( 'NONE', *, *, #6227, .F. ) ;
#4985 = SURFACE_STYLE_USAGE ( .BOTH. , #1284 ) ;
#4986 = CARTESIAN_POINT ( 'NONE',  ( -2.829435102211765862, 12.52777641995833413, 14.36007378821410541 ) ) ;
#4987 = ADVANCED_FACE ( 'NONE', ( #5003 ), #293, .F. ) ;
#4988 = UNCERTAINTY_MEASURE_WITH_UNIT (LENGTH_MEASURE( 1.000000000000000082E-05 ), #6373, 'distance_accuracy_value', 'NONE');
#4989 = CARTESIAN_POINT ( 'NONE',  ( 9.747401236917845324, 12.65187495376815008, 16.40710253976181221 ) ) ;
#4990 = UNCERTAINTY_MEASURE_WITH_UNIT (LENGTH_MEASURE( 1.000000000000000082E-05 ), #441, 'distance_accuracy_value', 'NONE');
#4991 = LINE ( 'NONE', #1421, #925 ) ;
#4992 = CARTESIAN_POINT ( 'NONE',  ( 5.970552912677237423, 8.197754242828334981, 20.57392859714610722 ) ) ;
#4993 = MECHANICAL_DESIGN_GEOMETRIC_PRESENTATION_REPRESENTATION (  '', ( #3942 ), #5355 ) ;
#4994 =( GEOMETRIC_REPRESENTATION_CONTEXT ( 3 ) GLOBAL_UNCERTAINTY_ASSIGNED_CONTEXT ( ( #5412 ) ) GLOBAL_UNIT_ASSIGNED_CONTEXT ( ( #5035, #1875, #5581 ) ) REPRESENTATION_CONTEXT ( 'NONE', 'WORKASPACE' ) );
#4995 = ORIENTED_EDGE ( 'NONE', *, *, #86, .F. ) ;
#4996 = CARTESIAN_POINT ( 'NONE',  ( -4.129435102211766129, 4.967732065676335296, 14.99907378821410653 ) ) ;
#4997 = MECHANICAL_DESIGN_GEOMETRIC_PRESENTATION_REPRESENTATION (  '', ( #3946 ), #5358 ) ;
#4998 = VERTEX_POINT ( 'NONE', #2951 ) ;
#4999 = EDGE_CURVE ( 'NONE', #6696, #2950, #1694, .T. ) ;
#5000 = VERTEX_POINT ( 'NONE', #318 ) ;
#5001 = CARTESIAN_POINT ( 'NONE',  ( 5.870552912677234225, 10.57349017410540704, 22.57604839096599036 ) ) ;
#5002 = DIRECTION ( 'NONE',  ( -0.0000000000000000000, -0.0000000000000000000, 1.000000000000000000 ) ) ;
#5003 = FACE_OUTER_BOUND ( 'NONE', #4265, .T. ) ;
#5004 = DIRECTION ( 'NONE',  ( -0.0000000000000000000, -1.000000000000000000, -0.0000000000000000000 ) ) ;
#5005 = PLANE ( 'NONE',  #4898 ) ;
#5006 =( NAMED_UNIT ( * ) SI_UNIT ( $, .STERADIAN. ) SOLID_ANGLE_UNIT ( ) );
#5007 = DIRECTION ( 'NONE',  ( 1.000000000000000000, 0.0000000000000000000, 0.0000000000000000000 ) ) ;
#5008 = EDGE_CURVE ( 'NONE', #5093, #3781, #3123, .T. ) ;
#5009 = EDGE_CURVE ( 'NONE', #300, #607, #2955, .T. ) ;
#5010 = VECTOR ( 'NONE', #2118, 1000.000000000000000 ) ;
#5011 = ORIENTED_EDGE ( 'NONE', *, *, #873, .T. ) ;
#5012 = ORIENTED_EDGE ( 'NONE', *, *, #873, .F. ) ;
#5013 = EDGE_LOOP ( 'NONE', ( #1014, #4497, #3463, #1229 ) ) ;
#5014 =( LENGTH_UNIT ( ) NAMED_UNIT ( * ) SI_UNIT ( .MILLI., .METRE. ) );
#5015 = CARTESIAN_POINT ( 'NONE',  ( 5.970552912677237423, 8.197754242828334981, 17.04621897928210572 ) ) ;
#5016 = MECHANICAL_DESIGN_GEOMETRIC_PRESENTATION_REPRESENTATION (  '', ( #3974 ), #5383 ) ;
#5017 = ORIENTED_EDGE ( 'NONE', *, *, #583, .T. ) ;
#5018 =( NAMED_UNIT ( * ) PLANE_ANGLE_UNIT ( ) SI_UNIT ( $, .RADIAN. ) );
#5019 = ORIENTED_EDGE ( 'NONE', *, *, #3281, .F. ) ;
#5020 = DIRECTION ( 'NONE',  ( 0.0000000000000000000, 0.0000000000000000000, 1.000000000000000000 ) ) ;
#5021 = CIRCLE ( 'NONE', #1838, 0.3199999999999999512 ) ;
#5022 = ADVANCED_FACE ( 'NONE', ( #106 ), #5084, .F. ) ;
#5023 = LINE ( 'NONE', #6049, #6447 ) ;
#5024 = CARTESIAN_POINT ( 'NONE',  ( 3.961478271157233166, 11.94775424282733489, 22.62007378821410697 ) ) ;
#5025 = ORIENTED_EDGE ( 'NONE', *, *, #2039, .T. ) ;
#5026 = PLANE ( 'NONE',  #2709 ) ;
#5027 = EDGE_CURVE ( 'NONE', #101, #223, #6513, .T. ) ;
#5028 = ORIENTED_EDGE ( 'NONE', *, *, #872, .F. ) ;
#5029 = VERTEX_POINT ( 'NONE', #4092 ) ;
#5030 =( NAMED_UNIT ( * ) PLANE_ANGLE_UNIT ( ) SI_UNIT ( $, .RADIAN. ) );
#5031 = UNCERTAINTY_MEASURE_WITH_UNIT (LENGTH_MEASURE( 1.000000000000000082E-05 ), #6872, 'distance_accuracy_value', 'NONE');
#5032 = EDGE_LOOP ( 'NONE', ( #5616, #6780, #6007, #5686 ) ) ;
#5033 = DIRECTION ( 'NONE',  ( 0.0000000000000000000, -1.000000000000000000, 0.0000000000000000000 ) ) ;
#5034 =( NAMED_UNIT ( * ) SI_UNIT ( $, .STERADIAN. ) SOLID_ANGLE_UNIT ( ) );
#5035 =( LENGTH_UNIT ( ) NAMED_UNIT ( * ) SI_UNIT ( .MILLI., .METRE. ) );
#5036 = CARTESIAN_POINT ( 'NONE',  ( -4.081961051698764997, 12.25775424281733450, 22.42007378821411478 ) ) ;
#5037 = VECTOR ( 'NONE', #5716, 1000.000000000000000 ) ;
#5038 = LINE ( 'NONE', #3032, #806 ) ;
#5039 = COLOUR_RGB ( '',0.2509803921568627416, 0.2509803921568627416, 0.2509803921568627416 ) ;
#5040 = AXIS2_PLACEMENT_3D ( 'NONE', #2571, #6272, #3104 ) ;
#5041 =( BOUNDED_CURVE ( )  B_SPLINE_CURVE ( 3, ( #3746, #536, #4278, #1079 ),
 .UNSPECIFIED., .F., .F. ) 
 B_SPLINE_CURVE_WITH_KNOTS ( ( 4, 4 ),
 ( 4.712388980376518433, 5.957467791439576388 ),
 .UNSPECIFIED. ) 
 CURVE ( )  GEOMETRIC_REPRESENTATION_ITEM ( )  RATIONAL_B_SPLINE_CURVE ( ( 1.000000000000000000, 0.8749335667791365845, 0.8749335667791365845, 1.000000000000000000 ) ) 
 REPRESENTATION_ITEM ( '' )  );
#5042 = LINE ( 'NONE', #3313, #3652 ) ;
#5043 = EDGE_CURVE ( 'NONE', #4025, #4408, #2278, .T. ) ;
#5044 = DIRECTION ( 'NONE',  ( -1.000000000000000000, -0.0000000000000000000, -0.0000000000000000000 ) ) ;
#5045 =( GEOMETRIC_REPRESENTATION_CONTEXT ( 3 ) GLOBAL_UNCERTAINTY_ASSIGNED_CONTEXT ( ( #6583 ) ) GLOBAL_UNIT_ASSIGNED_CONTEXT ( ( #5757, #2585, #6287 ) ) REPRESENTATION_CONTEXT ( 'NONE', 'WORKASPACE' ) );
#5046 = AXIS2_PLACEMENT_3D ( 'NONE', #5314, #2144, #5850 ) ;
#5047 = CARTESIAN_POINT ( 'NONE',  ( 3.619627554198237007, 4.947754242807335778, 22.62007378821410697 ) ) ;
#5048 = ADVANCED_FACE ( 'NONE', ( #1024 ), #4429, .T. ) ;
#5049 = VECTOR ( 'NONE', #5919, 1000.000000000000000 ) ;
#5050 = FILL_AREA_STYLE_COLOUR ( '', #2150 ) ;
#5051 = CARTESIAN_POINT ( 'NONE',  ( -6.328228718029764721, 13.52775424281733585, 15.00007378821410597 ) ) ;
#5052 =( NAMED_UNIT ( * ) PLANE_ANGLE_UNIT ( ) SI_UNIT ( $, .RADIAN. ) );
#5053 = VECTOR ( 'NONE', #545, 1000.000000000000000 ) ;
#5054 = FILL_AREA_STYLE_COLOUR ( '', #2295 ) ;
#5055 =( GEOMETRIC_REPRESENTATION_CONTEXT ( 3 ) GLOBAL_UNCERTAINTY_ASSIGNED_CONTEXT ( ( #5183 ) ) GLOBAL_UNIT_ASSIGNED_CONTEXT ( ( #2209, #5915, #2757 ) ) REPRESENTATION_CONTEXT ( 'NONE', 'WORKASPACE' ) );
#5056 = SURFACE_STYLE_FILL_AREA ( #929 ) ;
#5057 = DIRECTION ( 'NONE',  ( 1.000000000000000000, -0.0000000000000000000, -0.0000000000000000000 ) ) ;
#5058 = FILL_AREA_STYLE ('',( #1283 ) ) ;
#5059 = DIRECTION ( 'NONE',  ( -1.000000000000000000, 0.0000000000000000000, 0.0000000000000000000 ) ) ;
#5060 = DIRECTION ( 'NONE',  ( -3.701020865947254760E-30, -1.110223024625041909E-16, -1.000000000000000000 ) ) ;
#5061 = FACE_BOUND ( 'NONE', #4188, .T. ) ;
#5062 = ADVANCED_FACE ( 'NONE', ( #1779 ), #5158, .F. ) ;
#5063 =( GEOMETRIC_REPRESENTATION_CONTEXT ( 3 ) GLOBAL_UNCERTAINTY_ASSIGNED_CONTEXT ( ( #673 ) ) GLOBAL_UNIT_ASSIGNED_CONTEXT ( ( #6271, #3103, #6811 ) ) REPRESENTATION_CONTEXT ( 'NONE', 'WORKASPACE' ) );
#5064 = VECTOR ( 'NONE', #342, 1000.000000000000000 ) ;
#5065 =( NAMED_UNIT ( * ) PLANE_ANGLE_UNIT ( ) SI_UNIT ( $, .RADIAN. ) );
#5066 = EDGE_LOOP ( 'NONE', ( #1629, #4187, #5185, #2766 ) ) ;
#5067 = ORIENTED_EDGE ( 'NONE', *, *, #1689, .F. ) ;
#5068 = CARTESIAN_POINT ( 'NONE',  ( 2.170564897788234138, 5.397732065676335900, 15.00007378821410597 ) ) ;
#5069 = SURFACE_STYLE_USAGE ( .BOTH. , #1368 ) ;
#5070 = SURFACE_STYLE_USAGE ( .BOTH. , #1371 ) ;
#5071 = DIRECTION ( 'NONE',  ( 1.000000000000000000, -0.0000000000000000000, -0.0000000000000000000 ) ) ;
#5072 = DIRECTION ( 'NONE',  ( 0.0000000000000000000, 0.0000000000000000000, -1.000000000000000000 ) ) ;
#5073 = FACE_OUTER_BOUND ( 'NONE', #4613, .T. ) ;
#5074 = B_SPLINE_CURVE_WITH_KNOTS ( 'NONE', 3,
 ( #5440, #6008, #3370, #178, #3901, #698, #4426, #1243, #4955, #1787, #5490, #2322, #6036 ),
 .UNSPECIFIED., .F., .F.,
 ( 4, 2, 2, 1, 2, 2, 4 ),
 ( 0.0000000000000000000, 0.2499999999999936717, 0.3749999999999904521, 0.4374999999999888423, 0.4687499999999881206, 0.4999999999999874545, 1.000000000000000000 ),
 .UNSPECIFIED. ) ;
#5075 = ORIENTED_EDGE ( 'NONE', *, *, #6538, .T. ) ;
#5076 = ADVANCED_FACE ( 'NONE', ( #6763 ), #5729, .F. ) ;
#5077 = CARTESIAN_POINT ( 'NONE',  ( -4.929435102211766839, 9.217732065676335296, 14.99907378821410653 ) ) ;
#5078 = DIRECTION ( 'NONE',  ( 0.0000000000000000000, 0.0000000000000000000, -1.000000000000000000 ) ) ;
#5079 = EDGE_CURVE ( 'NONE', #1713, #6347, #3449, .T. ) ;
#5080 = VECTOR ( 'NONE', #1027, 1000.000000000000000 ) ;
#5081 = EDGE_LOOP ( 'NONE', ( #3890, #4909, #2447, #6717 ) ) ;
#5082 = EDGE_LOOP ( 'NONE', ( #5257, #2657, #5765, #618 ) ) ;
#5083 = ORIENTED_EDGE ( 'NONE', *, *, #967, .F. ) ;
#5084 = PLANE ( 'NONE',  #855 ) ;
#5085 = SURFACE_STYLE_FILL_AREA ( #2507 ) ;
#5086 = DIRECTION ( 'NONE',  ( -1.000000000000000000, 0.0000000000000000000, 0.0000000000000000000 ) ) ;
#5087 = ORIENTED_EDGE ( 'NONE', *, *, #3117, .T. ) ;
#5088 = UNCERTAINTY_MEASURE_WITH_UNIT (LENGTH_MEASURE( 1.000000000000000082E-05 ), #187, 'distance_accuracy_value', 'NONE');
#5089 = DIRECTION ( 'NONE',  ( 0.0000000000000000000, -1.000000000000000000, 0.0000000000000000000 ) ) ;
#5090 = CARTESIAN_POINT ( 'NONE',  ( 4.970552912677236534, 8.197754242828334981, 20.57392859714610722 ) ) ;
#5091 = CARTESIAN_POINT ( 'NONE',  ( -6.328228718029764721, 13.52775424281733585, 22.62007378821410697 ) ) ;
#5092 = ADVANCED_FACE ( 'NONE', ( #4839 ), #1484, .F. ) ;
#5093 = VERTEX_POINT ( 'NONE', #2036 ) ;
#5094 = STYLED_ITEM ( 'NONE', ( #5245 ), #3806 ) ;
#5095 = CARTESIAN_POINT ( 'NONE',  ( 4.598034606640233335, 12.52777641995833413, 14.36007378821410541 ) ) ;
#5096 = SURFACE_SIDE_STYLE ('',( #2070 ) ) ;
#5097 = ORIENTED_EDGE ( 'NONE', *, *, #5378, .T. ) ;
#5098 =( NAMED_UNIT ( * ) SI_UNIT ( $, .STERADIAN. ) SOLID_ANGLE_UNIT ( ) );
#5099 = ORIENTED_EDGE ( 'NONE', *, *, #5582, .F. ) ;
#5100 = LINE ( 'NONE', #6556, #859 ) ;
#5101 = FACE_OUTER_BOUND ( 'NONE', #1960, .T. ) ;
#5102 = SURFACE_STYLE_USAGE ( .BOTH. , #1404 ) ;
#5103 = UNCERTAINTY_MEASURE_WITH_UNIT (LENGTH_MEASURE( 1.000000000000000082E-05 ), #1070, 'distance_accuracy_value', 'NONE');
#5104 = FILL_AREA_STYLE ('',( #4581 ) ) ;
#5105 = EDGE_CURVE ( 'NONE', #6867, #5523, #1528, .T. ) ;
#5106 = ORIENTED_EDGE ( 'NONE', *, *, #3869, .F. ) ;
#5107 = CYLINDRICAL_SURFACE ( 'NONE', #6454, 8.004428399999998334 ) ;
#5108 = EDGE_CURVE ( 'NONE', #6094, #6274, #99, .T. ) ;
#5109 = UNCERTAINTY_MEASURE_WITH_UNIT (LENGTH_MEASURE( 1.000000000000000082E-05 ), #148, 'distance_accuracy_value', 'NONE');
#5110 =( NAMED_UNIT ( * ) PLANE_ANGLE_UNIT ( ) SI_UNIT ( $, .RADIAN. ) );
#5111 = PRESENTATION_LAYER_ASSIGNMENT (  '', '', ( #4409 ) ) ;
#5112 =( NAMED_UNIT ( * ) PLANE_ANGLE_UNIT ( ) SI_UNIT ( $, .RADIAN. ) );
#5113 = STYLED_ITEM ( 'NONE', ( #3748 ), #2597 ) ;
#5114 = UNCERTAINTY_MEASURE_WITH_UNIT (LENGTH_MEASURE( 1.000000000000000082E-05 ), #3366, 'distance_accuracy_value', 'NONE');
#5115 =( GEOMETRIC_REPRESENTATION_CONTEXT ( 3 ) GLOBAL_UNCERTAINTY_ASSIGNED_CONTEXT ( ( #3592 ) ) GLOBAL_UNIT_ASSIGNED_CONTEXT ( ( #3040, #6746, #3576 ) ) REPRESENTATION_CONTEXT ( 'NONE', 'WORKASPACE' ) );
#5116 = ADVANCED_FACE ( 'NONE', ( #1357 ), #4203, .T. ) ;
#5117 = EDGE_LOOP ( 'NONE', ( #3275, #780, #6380, #4749, #5198, #3729, #1359, #1724, #6716, #2601, #1542, #3194, #5427, #206, #3618, #1036, #3627, #6407, #2529, #6623, #5316, #3398, #900, #496, #1276, #4214, #3952, #4594, #4272, #2898, #1591, #686, #1237, #1980, #6172, #5099, #6022, #1098 ) ) ;
#5118 = SURFACE_SIDE_STYLE ('',( #460 ) ) ;
#5119 = DIRECTION ( 'NONE',  ( 0.0000000000000000000, -1.000000000000000000, 0.0000000000000000000 ) ) ;
#5120 = DIRECTION ( 'NONE',  ( 1.000000000000000000, -0.0000000000000000000, -0.0000000000000000000 ) ) ;
#5121 = CARTESIAN_POINT ( 'NONE',  ( -4.929435102211766839, 6.467732065676334408, 15.00007378821410597 ) ) ;
#5122 = LINE ( 'NONE', #3102, #881 ) ;
#5123 = DIRECTION ( 'NONE',  ( 0.0000000000000000000, 0.0000000000000000000, -1.000000000000000000 ) ) ;
#5124 = ORIENTED_EDGE ( 'NONE', *, *, #225, .T. ) ;
#5125 = DIRECTION ( 'NONE',  ( -0.0000000000000000000, 1.000000000000000000, -0.0000000000000000000 ) ) ;
#5126 = ORIENTED_EDGE ( 'NONE', *, *, #4235, .T. ) ;
#5127 = B_SPLINE_CURVE_WITH_KNOTS ( 'NONE', 3,
 ( #5838, #523, #1067, #4787, #1613, #5320 ),
 .UNSPECIFIED., .F., .F.,
 ( 4, 2, 4 ),
 ( 0.0000000000000000000, 0.5000000000000000000, 1.000000000000000000 ),
 .UNSPECIFIED. ) ;
#5128 = FILL_AREA_STYLE_COLOUR ( '', #4477 ) ;
#5129 = PRESENTATION_STYLE_ASSIGNMENT (( #5102 ) ) ;
#5130 = PRESENTATION_LAYER_ASSIGNMENT (  '', '', ( #4427 ) ) ;
#5131 = VECTOR ( 'NONE', #6064, 1000.000000000000000 ) ;
#5132 = CIRCLE ( 'NONE', #5779, 0.6792775000100133020 ) ;
#5133 = DIRECTION ( 'NONE',  ( 0.0000000000000000000, 0.0000000000000000000, 1.000000000000000000 ) ) ;
#5134 = SURFACE_STYLE_FILL_AREA ( #2109 ) ;
#5135 = UNCERTAINTY_MEASURE_WITH_UNIT (LENGTH_MEASURE( 1.000000000000000082E-05 ), #3549, 'distance_accuracy_value', 'NONE');
#5136 = CARTESIAN_POINT ( 'NONE',  ( -6.329435102211765418, 3.367732065676335207, 14.99907378821410653 ) ) ;
#5137 = AXIS2_PLACEMENT_3D ( 'NONE', #3232, #3756, #5890 ) ;
#5138 = CARTESIAN_POINT ( 'NONE',  ( 6.170552912677236712, 10.69775424281733400, 21.62007378821410342 ) ) ;
#5139 = ORIENTED_EDGE ( 'NONE', *, *, #1118, .T. ) ;
#5140 = CARTESIAN_POINT ( 'NONE',  ( 3.190552912677234954, 4.947754242807335778, 20.62007378821410697 ) ) ;
#5141 = FACE_OUTER_BOUND ( 'NONE', #6515, .T. ) ;
#5142 = DIRECTION ( 'NONE',  ( 0.0000000000000000000, 0.0000000000000000000, 1.000000000000000000 ) ) ;
#5143 = COLOUR_RGB ( '',0.7921568627450980005, 0.8196078431372548767, 0.9333333333333333481 ) ;
#5144 = DIRECTION ( 'NONE',  ( 1.000000000000000000, 0.0000000000000000000, -0.0000000000000000000 ) ) ;
#5145 = CARTESIAN_POINT ( 'NONE',  ( 4.061771281970234071, 4.637754242817334394, 11.44007378821410725 ) ) ;
#5146 =( LENGTH_UNIT ( ) NAMED_UNIT ( * ) SI_UNIT ( .MILLI., .METRE. ) );
#5147 = CARTESIAN_POINT ( 'NONE',  ( -6.328228718029764721, 13.52775424281733585, 14.99907378821410653 ) ) ;
#5148 = SURFACE_SIDE_STYLE ('',( #6776 ) ) ;
#5149 = AXIS2_PLACEMENT_3D ( 'NONE', #2984, #6686, #3527 ) ;
#5150 = CYLINDRICAL_SURFACE ( 'NONE', #5474, 0.3199999999999999512 ) ;
#5151 = EDGE_CURVE ( 'NONE', #6533, #4971, #3687, .T. ) ;
#5152 = CARTESIAN_POINT ( 'NONE',  ( 4.970552912677236534, 6.719299690771334710, 19.06007378821410470 ) ) ;
#5153 = EDGE_CURVE ( 'NONE', #2549, #5922, #2272, .T. ) ;
#5154 = ADVANCED_FACE ( 'NONE', ( #2112 ), #2111, .F. ) ;
#5155 = DIRECTION ( 'NONE',  ( -1.453704501471005947E-13, 1.215627860315856168E-13, 1.000000000000000000 ) ) ;
#5156 = MECHANICAL_DESIGN_GEOMETRIC_PRESENTATION_REPRESENTATION (  '', ( #4112 ), #5516 ) ;
#5157 = MECHANICAL_DESIGN_GEOMETRIC_PRESENTATION_REPRESENTATION (  '', ( #4454 ), #5517 ) ;
#5158 = PLANE ( 'NONE',  #4782 ) ;
#5159 = VERTEX_POINT ( 'NONE', #4748 ) ;
#5160 =( NAMED_UNIT ( * ) SI_UNIT ( $, .STERADIAN. ) SOLID_ANGLE_UNIT ( ) );
#5161 =( NAMED_UNIT ( * ) PLANE_ANGLE_UNIT ( ) SI_UNIT ( $, .RADIAN. ) );
#5162 = UNCERTAINTY_MEASURE_WITH_UNIT (LENGTH_MEASURE( 1.000000000000000082E-05 ), #6316, 'distance_accuracy_value', 'NONE');
#5163 = SURFACE_SIDE_STYLE ('',( #904 ) ) ;
#5164 = PLANE ( 'NONE',  #6127 ) ;
#5165 = CARTESIAN_POINT ( 'NONE',  ( 6.467434046974287476, 3.367732065662703889, 22.47962210156133622 ) ) ;
#5166 = EDGE_CURVE ( 'NONE', #5278, #5254, #3029, .T. ) ;
#5167 = LINE ( 'NONE', #2944, #1088 ) ;
#5168 = DIRECTION ( 'NONE',  ( 1.000000000000000000, -0.0000000000000000000, -0.0000000000000000000 ) ) ;
#5169 = CARTESIAN_POINT ( 'NONE',  ( -3.303228718029766142, 12.51275424281733528, 11.44007378821410725 ) ) ;
#5170 =( NAMED_UNIT ( * ) PLANE_ANGLE_UNIT ( ) SI_UNIT ( $, .RADIAN. ) );
#5171 = CARTESIAN_POINT ( 'NONE',  ( 2.170564897788234138, 4.397732065676335900, 22.62007378821410697 ) ) ;
#5172 = DIRECTION ( 'NONE',  ( 1.000000000000000000, 0.0000000000000000000, 0.0000000000000000000 ) ) ;
#5173 = EDGE_LOOP ( 'NONE', ( #370, #2983, #4508, #601 ) ) ;
#5174 = ORIENTED_EDGE ( 'NONE', *, *, #3986, .T. ) ;
#5175 =( NAMED_UNIT ( * ) PLANE_ANGLE_UNIT ( ) SI_UNIT ( $, .RADIAN. ) );
#5176 = PRESENTATION_LAYER_ASSIGNMENT (  '', '', ( #4470 ) ) ;
#5177 = ORIENTED_EDGE ( 'NONE', *, *, #456, .F. ) ;
#5178 = EDGE_CURVE ( 'NONE', #3781, #2162, #5127, .T. ) ;
#5179 = VECTOR ( 'NONE', #2687, 1000.000000000000000 ) ;
#5180 = FILL_AREA_STYLE_COLOUR ( '', #3935 ) ;
#5181 = CARTESIAN_POINT ( 'NONE',  ( -2.829435102211765862, 4.367732065676334763, 15.00007378821410597 ) ) ;
#5182 = PLANE ( 'NONE',  #6759 ) ;
#5183 = UNCERTAINTY_MEASURE_WITH_UNIT (LENGTH_MEASURE( 1.000000000000000082E-05 ), #2209, 'distance_accuracy_value', 'NONE');
#5184 = VECTOR ( 'NONE', #1050, 1000.000000000000000 ) ;
#5185 = ORIENTED_EDGE ( 'NONE', *, *, #800, .T. ) ;
#5186 = ADVANCED_FACE ( 'NONE', ( #5682 ), #5858, .F. ) ;
#5187 = DIRECTION ( 'NONE',  ( -0.0000000000000000000, -0.0000000000000000000, -1.000000000000000000 ) ) ;
#5188 = DIRECTION ( 'NONE',  ( -0.0000000000000000000, 1.000000000000000000, -0.0000000000000000000 ) ) ;
#5189 = ORIENTED_EDGE ( 'NONE', *, *, #746, .F. ) ;
#5190 = CARTESIAN_POINT ( 'NONE',  ( 3.690552912677234954, 4.947754242807335778, 22.62007378821410697 ) ) ;
#5191 = ORIENTED_EDGE ( 'NONE', *, *, #5468, .T. ) ;
#5192 = MECHANICAL_DESIGN_GEOMETRIC_PRESENTATION_REPRESENTATION (  '', ( #4486 ), #5557 ) ;
#5193 = CARTESIAN_POINT ( 'NONE',  ( 5.970552912677237423, 8.697754242828334981, 19.06007378821410470 ) ) ;
#5194 =( GEOMETRIC_REPRESENTATION_CONTEXT ( 3 ) GLOBAL_UNCERTAINTY_ASSIGNED_CONTEXT ( ( #6241 ) ) GLOBAL_UNIT_ASSIGNED_CONTEXT ( ( #2651, #6351, #3186 ) ) REPRESENTATION_CONTEXT ( 'NONE', 'WORKASPACE' ) );
#5195 = DIRECTION ( 'NONE',  ( -2.520259888162985258E-29, -1.110223024625079873E-16, -1.000000000000000000 ) ) ;
#5196 = ORIENTED_EDGE ( 'NONE', *, *, #1539, .T. ) ;
#5197 =( NAMED_UNIT ( * ) PLANE_ANGLE_UNIT ( ) SI_UNIT ( $, .RADIAN. ) );
#5198 = ORIENTED_EDGE ( 'NONE', *, *, #3131, .F. ) ;
#5199 = DIRECTION ( 'NONE',  ( 1.000000000000000000, 0.0000000000000000000, 0.0000000000000000000 ) ) ;
#5200 = PRESENTATION_LAYER_ASSIGNMENT (  '', '', ( #4498 ) ) ;
#5201 = VECTOR ( 'NONE', #2664, 1000.000000000000000 ) ;
#5202 = COLOUR_RGB ( '',0.2509803921568627416, 0.2509803921568627416, 0.2509803921568627416 ) ;
#5203 = ORIENTED_EDGE ( 'NONE', *, *, #6030, .T. ) ;
#5204 = ORIENTED_EDGE ( 'NONE', *, *, #5438, .F. ) ;
#5205 = ORIENTED_EDGE ( 'NONE', *, *, #3665, .T. ) ;
#5206 = EDGE_CURVE ( 'NONE', #4683, #4572, #2002, .T. ) ;
#5207 = FILL_AREA_STYLE_COLOUR ( '', #2029 ) ;
#5208 = CARTESIAN_POINT ( 'NONE',  ( 0.6705648977882336936, 5.397732065676336788, 22.62007378821410697 ) ) ;
#5209 = CIRCLE ( 'NONE', #6129, 0.3199999999999999512 ) ;
#5210 = LINE ( 'NONE', #4343, #2401 ) ;
#5211 = SURFACE_SIDE_STYLE ('',( #1978 ) ) ;
#5212 =( NAMED_UNIT ( * ) PLANE_ANGLE_UNIT ( ) SI_UNIT ( $, .RADIAN. ) );
#5213 = FACE_OUTER_BOUND ( 'NONE', #5082, .T. ) ;
#5214 =( LENGTH_UNIT ( ) NAMED_UNIT ( * ) SI_UNIT ( .MILLI., .METRE. ) );
#5215 = FACE_OUTER_BOUND ( 'NONE', #1022, .T. ) ;
#5216 = PRESENTATION_STYLE_ASSIGNMENT (( #3904 ) ) ;
#5217 = LINE ( 'NONE', #1737, #975 ) ;
#5218 = FILL_AREA_STYLE ('',( #1500 ) ) ;
#5219 = VECTOR ( 'NONE', #5336, 1000.000000000000000 ) ;
#5220 = CARTESIAN_POINT ( 'NONE',  ( -3.303228718029766142, 9.462754242817334571, 11.44007378821410725 ) ) ;
#5221 = DIRECTION ( 'NONE',  ( -0.0000000000000000000, 0.0000000000000000000, -1.000000000000000000 ) ) ;
#5222 = ADVANCED_FACE ( 'NONE', ( #3244 ), #2152, .T. ) ;
#5223 = SURFACE_STYLE_FILL_AREA ( #5234 ) ;
#5224 = SURFACE_STYLE_FILL_AREA ( #1635 ) ;
#5225 =( GEOMETRIC_REPRESENTATION_CONTEXT ( 3 ) GLOBAL_UNCERTAINTY_ASSIGNED_CONTEXT ( ( #1219 ) ) GLOBAL_UNIT_ASSIGNED_CONTEXT ( ( #90, #3814, #611 ) ) REPRESENTATION_CONTEXT ( 'NONE', 'WORKASPACE' ) );
#5226 = DIRECTION ( 'NONE',  ( 0.0000000000000000000, 0.0000000000000000000, -1.000000000000000000 ) ) ;
#5227 = VECTOR ( 'NONE', #133, 1000.000000000000000 ) ;
#5228 = DIRECTION ( 'NONE',  ( 0.0000000000000000000, -0.0000000000000000000, -1.000000000000000000 ) ) ;
#5229 = SURFACE_STYLE_FILL_AREA ( #2020 ) ;
#5230 = PRODUCT_DEFINITION_FORMATION_WITH_SPECIFIED_SOURCE ( 'ANY', '', #2522, .NOT_KNOWN. ) ;
#5231 = EDGE_CURVE ( 'NONE', #3017, #4918, #4163, .T. ) ;
#5232 = DIRECTION ( 'NONE',  ( 1.000000000000000000, 0.0000000000000000000, 0.0000000000000000000 ) ) ;
#5233 = LINE ( 'NONE', #3668, #6486 ) ;
#5234 = FILL_AREA_STYLE ('',( #4182 ) ) ;
#5235 = AXIS2_PLACEMENT_3D ( 'NONE', #2203, #5912, #2753 ) ;
#5236 = CARTESIAN_POINT ( 'NONE',  ( 3.690552912677734110, 4.947754242807335778, 22.42007378821410413 ) ) ;
#5237 = DIRECTION ( 'NONE',  ( 1.000000000000000000, 0.0000000000000000000, 0.0000000000000000000 ) ) ;
#5238 = VERTEX_POINT ( 'NONE', #70 ) ;
#5239 = PRESENTATION_STYLE_ASSIGNMENT (( #1095 ) ) ;
#5240 =( NAMED_UNIT ( * ) SI_UNIT ( $, .STERADIAN. ) SOLID_ANGLE_UNIT ( ) );
#5241 = FILL_AREA_STYLE_COLOUR ( '', #3069 ) ;
#5242 = DIRECTION ( 'NONE',  ( 1.000000000000000000, 0.0000000000000000000, -0.0000000000000000000 ) ) ;
#5243 = ORIENTED_EDGE ( 'NONE', *, *, #6840, .T. ) ;
#5244 = STYLED_ITEM ( 'NONE', ( #4669 ), #3514 ) ;
#5245 = PRESENTATION_STYLE_ASSIGNMENT (( #273 ) ) ;
#5246 = EDGE_CURVE ( 'NONE', #1092, #6183, #1326, .T. ) ;
#5247 = CARTESIAN_POINT ( 'NONE',  ( 6.787001268193598058, 13.17533526378724318, 15.59658665975971736 ) ) ;
#5248 = MECHANICAL_DESIGN_GEOMETRIC_PRESENTATION_REPRESENTATION (  '', ( #4543 ), #5611 ) ;
#5249 = LINE ( 'NONE', #2182, #1169 ) ;
#5250 = DIRECTION ( 'NONE',  ( 0.0000000000000000000, 1.000000000000000000, 0.0000000000000000000 ) ) ;
#5251 = AXIS2_PLACEMENT_3D ( 'NONE', #649, #4376, #1188 ) ;
#5252 = ORIENTED_EDGE ( 'NONE', *, *, #5595, .F. ) ;
#5253 = PRESENTATION_LAYER_ASSIGNMENT (  '', '', ( #4546 ) ) ;
#5254 = VERTEX_POINT ( 'NONE', #2744 ) ;
#5255 = SURFACE_SIDE_STYLE ('',( #5591 ) ) ;
#5256 = DIRECTION ( 'NONE',  ( 0.0000000000000000000, 1.000000000000000000, 0.0000000000000000000 ) ) ;
#5257 = ORIENTED_EDGE ( 'NONE', *, *, #3947, .T. ) ;
#5258 = EDGE_LOOP ( 'NONE', ( #5017, #5598, #5706, #2976 ) ) ;
#5259 = DIRECTION ( 'NONE',  ( 0.0000000000000000000, -1.000000000000000000, 0.0000000000000000000 ) ) ;
#5260 =( NAMED_UNIT ( * ) PLANE_ANGLE_UNIT ( ) SI_UNIT ( $, .RADIAN. ) );
#5261 = ADVANCED_FACE ( 'NONE', ( #2755 ), #5390, .F. ) ;
#5262 = CARTESIAN_POINT ( 'NONE',  ( 4.190552912677234509, 11.94775424282733489, 20.62007378821410697 ) ) ;
#5263 = ORIENTED_EDGE ( 'NONE', *, *, #4977, .T. ) ;
#5264 = CARTESIAN_POINT ( 'NONE',  ( -0.8294351022117658623, 13.52777641995833413, 15.00007378821410597 ) ) ;
#5265 = LINE ( 'NONE', #6470, #4403 ) ;
#5266 = SURFACE_STYLE_USAGE ( .BOTH. , #1564 ) ;
#5267 = ORIENTED_EDGE ( 'NONE', *, *, #6113, .F. ) ;
#5268 =( NAMED_UNIT ( * ) SI_UNIT ( $, .STERADIAN. ) SOLID_ANGLE_UNIT ( ) );
#5269 = PRESENTATION_STYLE_ASSIGNMENT (( #3127 ) ) ;
#5270 = FILL_AREA_STYLE_COLOUR ( '', #1399 ) ;
#5271 = FACE_OUTER_BOUND ( 'NONE', #1031, .T. ) ;
#5272 = ORIENTED_EDGE ( 'NONE', *, *, #5438, .T. ) ;
#5273 = AXIS2_PLACEMENT_3D ( 'NONE', #2440, #6151, #2977 ) ;
#5274 = ORIENTED_EDGE ( 'NONE', *, *, #6054, .F. ) ;
#5275 = CARTESIAN_POINT ( 'NONE',  ( 4.598034606640233335, 13.52777641995833413, 14.36007378821410541 ) ) ;
#5276 = CARTESIAN_POINT ( 'NONE',  ( -3.303228718029766142, 12.00275424281733549, 15.00007378821410597 ) ) ;
#5277 = DIRECTION ( 'NONE',  ( -0.0000000000000000000, -0.0000000000000000000, -1.000000000000000000 ) ) ;
#5278 = VERTEX_POINT ( 'NONE', #5408 ) ;
#5279 = FILL_AREA_STYLE ('',( #4752 ) ) ;
#5280 = DIRECTION ( 'NONE',  ( 1.000000000000000000, 0.0000000000000000000, -0.0000000000000000000 ) ) ;
#5281 = CARTESIAN_POINT ( 'NONE',  ( 3.190552912677234509, 11.94775424282733489, 20.62007378821410697 ) ) ;
#5282 = VECTOR ( 'NONE', #5693, 1000.000000000000000 ) ;
#5283 = CARTESIAN_POINT ( 'NONE',  ( -4.929435102211766839, 11.96773206567633707, 15.00007378821410597 ) ) ;
#5284 = EDGE_CURVE ( 'NONE', #5504, #5446, #2241, .T. ) ;
#5285 = ORIENTED_EDGE ( 'NONE', *, *, #3547, .T. ) ;
#5286 = CARTESIAN_POINT ( 'NONE',  ( -3.813228718029765929, 12.51275424281733528, 15.00007378821410597 ) ) ;
#5287 = CARTESIAN_POINT ( 'NONE',  ( 2.170564897788234138, 5.397732065676335900, 22.62007378821410697 ) ) ;
#5288 = FILL_AREA_STYLE_COLOUR ( '', #3404 ) ;
#5289 = PRESENTATION_LAYER_ASSIGNMENT (  '', '', ( #4584 ) ) ;
#5290 = ADVANCED_FACE ( 'NONE', ( #6312 ), #151, .F. ) ;
#5291 = SURFACE_STYLE_FILL_AREA ( #6740 ) ;
#5292 = AXIS2_PLACEMENT_3D ( 'NONE', #2987, #6690, #3532 ) ;
#5293 = VERTEX_POINT ( 'NONE', #2813 ) ;
#5294 = CARTESIAN_POINT ( 'NONE',  ( -3.813228718029765929, 7.432754242817335211, 11.44007378821410725 ) ) ;
#5295 = ORIENTED_EDGE ( 'NONE', *, *, #2603, .F. ) ;
#5296 = EDGE_LOOP ( 'NONE', ( #5243, #4029, #1402, #5920 ) ) ;
#5297 = COLOUR_RGB ( '',0.2509803921568627416, 0.2509803921568627416, 0.2509803921568627416 ) ;
#5298 = DIRECTION ( 'NONE',  ( 1.000000000000000000, 0.0000000000000000000, -0.0000000000000000000 ) ) ;
#5299 = FACE_OUTER_BOUND ( 'NONE', #6880, .T. ) ;
#5300 = PLANE ( 'NONE',  #1516 ) ;
#5301 = EDGE_CURVE ( 'NONE', #3830, #539, #2999, .T. ) ;
#5302 = DIRECTION ( 'NONE',  ( 0.0000000000000000000, -1.000000000000000000, 1.110223024624999878E-16 ) ) ;
#5303 = LINE ( 'NONE', #1280, #2325 ) ;
#5304 = LINE ( 'NONE', #2623, #6727 ) ;
#5305 = FILL_AREA_STYLE_COLOUR ( '', #4333 ) ;
#5306 = ORIENTED_EDGE ( 'NONE', *, *, #2957, .F. ) ;
#5307 = PRESENTATION_STYLE_ASSIGNMENT (( #2311 ) ) ;
#5308 =( BOUNDED_CURVE ( )  B_SPLINE_CURVE ( 3, ( #1182, #4371, #2814, #6508 ),
 .UNSPECIFIED., .F., .F. ) 
 B_SPLINE_CURVE_WITH_KNOTS ( ( 4, 4 ),
 ( 4.712388980384692339, 6.283185307179586232 ),
 .UNSPECIFIED. ) 
 CURVE ( )  GEOMETRIC_REPRESENTATION_ITEM ( )  RATIONAL_B_SPLINE_CURVE ( ( 1.000000000000000000, 0.8047378541243654926, 0.8047378541243654926, 1.000000000000000000 ) ) 
 REPRESENTATION_ITEM ( '' )  );
#5309 = CARTESIAN_POINT ( 'NONE',  ( 3.761478271157229880, 11.94775424282733489, 22.42007378821410413 ) ) ;
#5310 = SURFACE_STYLE_FILL_AREA ( #2397 ) ;
#5311 = EDGE_CURVE ( 'NONE', #6347, #1064, #1580, .T. ) ;
#5312 = LINE ( 'NONE', #671, #2849 ) ;
#5313 = FILL_AREA_STYLE ('',( #4262 ) ) ;
#5314 = CARTESIAN_POINT ( 'NONE',  ( 0.0000000000000000000, 0.0000000000000000000, 14.36007378821410363 ) ) ;
#5315 = VECTOR ( 'NONE', #1493, 1000.000000000000000 ) ;
#5316 = ORIENTED_EDGE ( 'NONE', *, *, #2563, .F. ) ;
#5317 = ORIENTED_EDGE ( 'NONE', *, *, #2542, .F. ) ;
#5318 = CARTESIAN_POINT ( 'NONE',  ( 6.970552912687234759, 5.547765587313334912, 21.14727454486182268 ) ) ;
#5319 = LINE ( 'NONE', #2230, #3921 ) ;
#5320 = CARTESIAN_POINT ( 'NONE',  ( 6.970552912677233870, 5.547765587323335801, 15.67423777296410670 ) ) ;
#5321 = SURFACE_STYLE_USAGE ( .BOTH. , #1615 ) ;
#5322 = FILL_AREA_STYLE_COLOUR ( '', #3663 ) ;
#5323 = SURFACE_STYLE_USAGE ( .BOTH. , #1620 ) ;
#5324 = MECHANICAL_DESIGN_GEOMETRIC_PRESENTATION_REPRESENTATION (  '', ( #4271 ), #5697 ) ;
#5325 = CARTESIAN_POINT ( 'NONE',  ( -3.813228718029765929, 12.51275424281733528, 11.44007378821410725 ) ) ;
#5326 = EDGE_LOOP ( 'NONE', ( #2127, #4440, #6422, #2470 ) ) ;
#5327 = FACE_OUTER_BOUND ( 'NONE', #1457, .T. ) ;
#5328 = LINE ( 'NONE', #129, #1262 ) ;
#5329 = CARTESIAN_POINT ( 'NONE',  ( 6.320552912677235291, 10.39775424281733507, 21.62007378821410342 ) ) ;
#5330 = CARTESIAN_POINT ( 'NONE',  ( -2.829435102211765862, 13.52777641995833413, 14.36007378821410541 ) ) ;
#5331 = ORIENTED_EDGE ( 'NONE', *, *, #2906, .F. ) ;
#5332 = AXIS2_PLACEMENT_3D ( 'NONE', #2021, #4119, #954 ) ;
#5333 = EDGE_CURVE ( 'NONE', #363, #1987, #5810, .T. ) ;
#5334 = SURFACE_STYLE_FILL_AREA ( #1997 ) ;
#5335 = ORIENTED_EDGE ( 'NONE', *, *, #4578, .T. ) ;
#5336 = DIRECTION ( 'NONE',  ( 1.000000000000000000, -0.0000000000000000000, -0.0000000000000000000 ) ) ;
#5337 = ORIENTED_EDGE ( 'NONE', *, *, #6323, .F. ) ;
#5338 = DIRECTION ( 'NONE',  ( -0.0000000000000000000, 1.000000000000000000, -0.0000000000000000000 ) ) ;
#5339 = FILL_AREA_STYLE_COLOUR ( '', #5202 ) ;
#5340 = VERTEX_POINT ( 'NONE', #5994 ) ;
#5341 = CARTESIAN_POINT ( 'NONE',  ( 3.690552912677734110, 4.947754242807335778, 20.62007378821410697 ) ) ;
#5342 = SURFACE_SIDE_STYLE ('',( #5224 ) ) ;
#5343 = FILL_AREA_STYLE_COLOUR ( '', #1897 ) ;
#5344 = UNCERTAINTY_MEASURE_WITH_UNIT (LENGTH_MEASURE( 1.000000000000000082E-05 ), #3146, 'distance_accuracy_value', 'NONE');
#5345 = LINE ( 'NONE', #268, #3771 ) ;
#5346 = FILL_AREA_STYLE ('',( #4818 ) ) ;
#5347 = ORIENTED_EDGE ( 'NONE', *, *, #2146, .T. ) ;
#5348 =( NAMED_UNIT ( * ) SI_UNIT ( $, .STERADIAN. ) SOLID_ANGLE_UNIT ( ) );
#5349 = LINE ( 'NONE', #349, #1287 ) ;
#5350 = ORIENTED_EDGE ( 'NONE', *, *, #1352, .F. ) ;
#5351 = VERTEX_POINT ( 'NONE', #4922 ) ;
#5352 = ORIENTED_EDGE ( 'NONE', *, *, #1094, .T. ) ;
#5353 = COLOUR_RGB ( '',0.2509803921568627416, 0.2509803921568627416, 0.2509803921568627416 ) ;
#5354 = DIRECTION ( 'NONE',  ( -0.0000000000000000000, -1.000000000000000000, -0.0000000000000000000 ) ) ;
#5355 =( GEOMETRIC_REPRESENTATION_CONTEXT ( 3 ) GLOBAL_UNCERTAINTY_ASSIGNED_CONTEXT ( ( #2645 ) ) GLOBAL_UNIT_ASSIGNED_CONTEXT ( ( #506, #4249, #1043 ) ) REPRESENTATION_CONTEXT ( 'NONE', 'WORKASPACE' ) );
#5356 = VERTEX_POINT ( 'NONE', #5451 ) ;
#5357 = STYLED_ITEM ( 'NONE', ( #3409 ), #1509 ) ;
#5358 =( GEOMETRIC_REPRESENTATION_CONTEXT ( 3 ) GLOBAL_UNCERTAINTY_ASSIGNED_CONTEXT ( ( #3888 ) ) GLOBAL_UNIT_ASSIGNED_CONTEXT ( ( #6034, #2867, #6560 ) ) REPRESENTATION_CONTEXT ( 'NONE', 'WORKASPACE' ) );
#5359 = CARTESIAN_POINT ( 'NONE',  ( 6.970552912677233870, 8.447754242828334981, 17.02859018821411397 ) ) ;
#5360 = EDGE_CURVE ( 'NONE', #4025, #2026, #1403, .T. ) ;
#5361 = CARTESIAN_POINT ( 'NONE',  ( 4.061771281970234071, 12.25775424281733450, 11.44007378821410725 ) ) ;
#5362 = CARTESIAN_POINT ( 'NONE',  ( -2.829435102211765862, 12.52777641995833413, 14.36007378821410541 ) ) ;
#5363 = DIRECTION ( 'NONE',  ( -1.000000000000000000, -0.0000000000000000000, -0.0000000000000000000 ) ) ;
#5364 = LINE ( 'NONE', #5171, #2562 ) ;
#5365 = ORIENTED_EDGE ( 'NONE', *, *, #1764, .T. ) ;
#5366 = CARTESIAN_POINT ( 'NONE',  ( -4.129435102211766129, 7.717732065676334408, 14.99907378821410653 ) ) ;
#5367 = VERTEX_POINT ( 'NONE', #1752 ) ;
#5368 = VECTOR ( 'NONE', #4288, 1000.000000000000000 ) ;
#5369 = ORIENTED_EDGE ( 'NONE', *, *, #3494, .F. ) ;
#5370 = VERTEX_POINT ( 'NONE', #710 ) ;
#5371 =( NAMED_UNIT ( * ) PLANE_ANGLE_UNIT ( ) SI_UNIT ( $, .RADIAN. ) );
#5372 = COLOUR_RGB ( '',0.2509803921568627416, 0.2509803921568627416, 0.2509803921568627416 ) ;
#5373 = DIRECTION ( 'NONE',  ( 1.000000000000000000, 0.0000000000000000000, -0.0000000000000000000 ) ) ;
#5374 = AXIS2_PLACEMENT_3D ( 'NONE', #3861, #667, #4395 ) ;
#5375 = VECTOR ( 'NONE', #68, 1000.000000000000114 ) ;
#5376 = EDGE_CURVE ( 'NONE', #6765, #4768, #4243, .T. ) ;
#5377 = FILL_AREA_STYLE ('',( #3775 ) ) ;
#5378 = EDGE_CURVE ( 'NONE', #5701, #363, #5469, .T. ) ;
#5379 = STYLED_ITEM ( 'NONE', ( #3097 ), #510 ) ;
#5380 = SURFACE_STYLE_USAGE ( .BOTH. , #1585 ) ;
#5381 = CARTESIAN_POINT ( 'NONE',  ( 5.970552912677237423, 8.197754242818334092, 18.56007378821410825 ) ) ;
#5382 = LINE ( 'NONE', #5152, #6808 ) ;
#5383 =( GEOMETRIC_REPRESENTATION_CONTEXT ( 3 ) GLOBAL_UNCERTAINTY_ASSIGNED_CONTEXT ( ( #4400 ) ) GLOBAL_UNIT_ASSIGNED_CONTEXT ( ( #2157, #5866, #2703 ) ) REPRESENTATION_CONTEXT ( 'NONE', 'WORKASPACE' ) );
#5384 =( NAMED_UNIT ( * ) PLANE_ANGLE_UNIT ( ) SI_UNIT ( $, .RADIAN. ) );
#5385 = LINE ( 'NONE', #680, #2578 ) ;
#5386 = STYLED_ITEM ( 'NONE', ( #5307 ), #6083 ) ;
#5387 = LINE ( 'NONE', #2188, #5049 ) ;
#5388 = CARTESIAN_POINT ( 'NONE',  ( 6.898204950594022833, 3.833541435162935773, 15.64046347902305101 ) ) ;
#5389 = CIRCLE ( 'NONE', #2419, 0.2999999999999990452 ) ;
#5390 = PLANE ( 'NONE',  #6302 ) ;
#5391 = DIRECTION ( 'NONE',  ( -0.0000000000000000000, -0.0000000000000000000, -1.000000000000000000 ) ) ;
#5392 = COLOUR_RGB ( '',0.2509803921568627416, 0.2509803921568627416, 0.2509803921568627416 ) ;
#5393 = FACE_OUTER_BOUND ( 'NONE', #3943, .T. ) ;
#5394 = LINE ( 'NONE', #5756, #2586 ) ;
#5395 = PLANE ( 'NONE',  #1220 ) ;
#5396 = EDGE_CURVE ( 'NONE', #4199, #1643, #2667, .T. ) ;
#5397 = DIRECTION ( 'NONE',  ( -0.0000000000000000000, 1.000000000000000000, -0.0000000000000000000 ) ) ;
#5398 = SURFACE_SIDE_STYLE ('',( #6223 ) ) ;
#5399 = VECTOR ( 'NONE', #177, 1000.000000000000000 ) ;
#5400 = CARTESIAN_POINT ( 'NONE',  ( -0.8294351022117658623, 4.367732065676334763, 15.00007378821410597 ) ) ;
#5401 = FILL_AREA_STYLE_COLOUR ( '', #3192 ) ;
#5402 = PRESENTATION_LAYER_ASSIGNMENT (  '', '', ( #4697 ) ) ;
#5403 = EDGE_CURVE ( 'NONE', #2058, #3539, #1231, .T. ) ;
#5404 = ORIENTED_EDGE ( 'NONE', *, *, #5871, .T. ) ;
#5405 = DIRECTION ( 'NONE',  ( 1.453704501471005947E-13, 1.215627860315856168E-13, 1.000000000000000000 ) ) ;
#5406 = ORIENTED_EDGE ( 'NONE', *, *, #996, .F. ) ;
#5407 = LINE ( 'NONE', #3446, #2606 ) ;
#5408 = CARTESIAN_POINT ( 'NONE',  ( 6.170552912677236712, 10.69775424281733400, 21.62007378821410342 ) ) ;
#5409 = DIRECTION ( 'NONE',  ( -0.0000000000000000000, -0.0000000000000000000, 1.000000000000000000 ) ) ;
#5410 = FILL_AREA_STYLE_COLOUR ( '', #3191 ) ;
#5411 = SURFACE_SIDE_STYLE ('',( #1389 ) ) ;
#5412 = UNCERTAINTY_MEASURE_WITH_UNIT (LENGTH_MEASURE( 1.000000000000000082E-05 ), #5035, 'distance_accuracy_value', 'NONE');
#5413 = PLANE ( 'NONE',  #1202 ) ;
#5414 = UNCERTAINTY_MEASURE_WITH_UNIT (LENGTH_MEASURE( 1.000000000000000082E-05 ), #6056, 'distance_accuracy_value', 'NONE');
#5415 = ORIENTED_EDGE ( 'NONE', *, *, #3314, .T. ) ;
#5416 = CARTESIAN_POINT ( 'NONE',  ( -0.8294351022117658623, 13.52777641995833413, 14.36007378821410541 ) ) ;
#5417 = CARTESIAN_POINT ( 'NONE',  ( -5.329435102211766306, 12.27856632156533401, 22.62007378821410697 ) ) ;
#5418 = STYLED_ITEM ( 'NONE', ( #1061 ), #4197 ) ;
#5419 = EDGE_LOOP ( 'NONE', ( #4046, #5189, #2520, #4115 ) ) ;
#5420 = VERTEX_POINT ( 'NONE', #4462 ) ;
#5421 = ORIENTED_EDGE ( 'NONE', *, *, #6376, .T. ) ;
#5422 =( NAMED_UNIT ( * ) PLANE_ANGLE_UNIT ( ) SI_UNIT ( $, .RADIAN. ) );
#5423 = CARTESIAN_POINT ( 'NONE',  ( 4.970552912677236534, 8.447754242818334092, 18.81007378821410825 ) ) ;
#5424 = PRESENTATION_LAYER_ASSIGNMENT (  '', '', ( #5789 ) ) ;
#5425 = ORIENTED_EDGE ( 'NONE', *, *, #3196, .F. ) ;
#5426 = STYLED_ITEM ( 'NONE', ( #4555 ), #5597 ) ;
#5427 = ORIENTED_EDGE ( 'NONE', *, *, #6002, .F. ) ;
#5428 = DIRECTION ( 'NONE',  ( -1.000000000000000000, 0.0000000000000000000, -0.0000000000000000000 ) ) ;
#5429 = DIRECTION ( 'NONE',  ( -0.0000000000000000000, -0.0000000000000000000, -1.000000000000000000 ) ) ;
#5430 = LINE ( 'NONE', #4170, #2628 ) ;
#5431 = EDGE_LOOP ( 'NONE', ( #321, #4841, #5203, #5415 ) ) ;
#5432 = CARTESIAN_POINT ( 'NONE',  ( 0.6717712819702342797, 15.55775425740435125, 14.36007378820410452 ) ) ;
#5433 = ORIENTED_EDGE ( 'NONE', *, *, #2603, .T. ) ;
#5434 =( LENGTH_UNIT ( ) NAMED_UNIT ( * ) SI_UNIT ( .MILLI., .METRE. ) );
#5435 = CARTESIAN_POINT ( 'NONE',  ( -3.303228718029766142, 9.972754242817334358, 11.44007378821410725 ) ) ;
#5436 = SURFACE_STYLE_USAGE ( .BOTH. , #1734 ) ;
#5437 = CARTESIAN_POINT ( 'NONE',  ( 5.598034606650234224, 4.367732065676334763, 15.00007378822410686 ) ) ;
#5438 = EDGE_CURVE ( 'NONE', #3362, #5844, #2841, .T. ) ;
#5439 = ORIENTED_EDGE ( 'NONE', *, *, #3740, .F. ) ;
#5440 = CARTESIAN_POINT ( 'NONE',  ( 6.970552912677233870, 11.34774289831133487, 15.67423777296410670 ) ) ;
#5441 = ORIENTED_EDGE ( 'NONE', *, *, #5105, .T. ) ;
#5442 = SURFACE_STYLE_FILL_AREA ( #2004 ) ;
#5443 = FILL_AREA_STYLE ('',( #4917 ) ) ;
#5444 = ORIENTED_EDGE ( 'NONE', *, *, #5403, .T. ) ;
#5445 = FACE_OUTER_BOUND ( 'NONE', #5860, .T. ) ;
#5446 = VERTEX_POINT ( 'NONE', #5531 ) ;
#5447 = SURFACE_SIDE_STYLE ('',( #1911 ) ) ;
#5448 = COLOUR_RGB ( '',0.2509803921568627416, 0.2509803921568627416, 0.2509803921568627416 ) ;
#5449 = PRESENTATION_STYLE_ASSIGNMENT (( #6202 ) ) ;
#5450 = UNCERTAINTY_MEASURE_WITH_UNIT (LENGTH_MEASURE( 1.000000000000000082E-05 ), #4003, 'distance_accuracy_value', 'NONE');
#5451 = CARTESIAN_POINT ( 'NONE',  ( -3.303228718029766142, 4.892754242817335175, 11.44007378821410725 ) ) ;
#5452 = AXIS2_PLACEMENT_3D ( 'NONE', #2887, #6584, #3427 ) ;
#5453 = ORIENTED_EDGE ( 'NONE', *, *, #2774, .F. ) ;
#5454 =( LENGTH_UNIT ( ) NAMED_UNIT ( * ) SI_UNIT ( .MILLI., .METRE. ) );
#5455 =( LENGTH_UNIT ( ) NAMED_UNIT ( * ) SI_UNIT ( .MILLI., .METRE. ) );
#5456 = SURFACE_STYLE_USAGE ( .BOTH. , #1759 ) ;
#5457 = FACE_OUTER_BOUND ( 'NONE', #4865, .T. ) ;
#5458 = CARTESIAN_POINT ( 'NONE',  ( -3.813228718029765929, 9.972754242817334358, 15.00007378821410597 ) ) ;
#5459 = ORIENTED_EDGE ( 'NONE', *, *, #410, .T. ) ;
#5460 = ORIENTED_EDGE ( 'NONE', *, *, #3410, .F. ) ;
#5461 = SURFACE_STYLE_USAGE ( .BOTH. , #1762 ) ;
#5462 = LINE ( 'NONE', #1842, #1405 ) ;
#5463 = EDGE_CURVE ( 'NONE', #4386, #3147, #2493, .T. ) ;
#5464 = FACE_OUTER_BOUND ( 'NONE', #1339, .T. ) ;
#5465 = CARTESIAN_POINT ( 'NONE',  ( 6.970552912687234759, 11.34774289832133576, 15.00007378822410686 ) ) ;
#5466 = DIRECTION ( 'NONE',  ( 1.000000000000000000, 0.0000000000000000000, -0.0000000000000000000 ) ) ;
#5467 = ORIENTED_EDGE ( 'NONE', *, *, #6360, .T. ) ;
#5468 = EDGE_CURVE ( 'NONE', #6075, #6199, #5303, .T. ) ;
#5469 = LINE ( 'NONE', #4437, #6895 ) ;
#5470 = SURFACE_STYLE_FILL_AREA ( #3190 ) ;
#5471 = MECHANICAL_DESIGN_GEOMETRIC_PRESENTATION_REPRESENTATION (  '', ( #4409 ), #5832 ) ;
#5472 = DIRECTION ( 'NONE',  ( 0.0000000000000000000, 0.0000000000000000000, 1.000000000000000000 ) ) ;
#5473 = PRESENTATION_STYLE_ASSIGNMENT (( #5924 ) ) ;
#5474 = AXIS2_PLACEMENT_3D ( 'NONE', #4443, #6027, #6576 ) ;
#5475 = SURFACE_STYLE_FILL_AREA ( #1775 ) ;
#5476 = VECTOR ( 'NONE', #4979, 1000.000000000000000 ) ;
#5477 = VECTOR ( 'NONE', #121, 1000.000000000000000 ) ;
#5478 = COLOUR_RGB ( '',0.2509803921568627416, 0.2509803921568627416, 0.2509803921568627416 ) ;
#5479 = CARTESIAN_POINT ( 'NONE',  ( 3.690552912677234509, 11.94775424282733489, 20.62007378821410697 ) ) ;
#5480 = CARTESIAN_POINT ( 'NONE',  ( 9.003780005884381765, 4.038731673381663612, 16.28479940945532078 ) ) ;
#5481 = CIRCLE ( 'NONE', #3135, 0.4999999999999991673 ) ;
#5482 = SURFACE_SIDE_STYLE ('',( #5475 ) ) ;
#5483 = ORIENTED_EDGE ( 'NONE', *, *, #4472, .F. ) ;
#5484 =( LENGTH_UNIT ( ) NAMED_UNIT ( * ) SI_UNIT ( .MILLI., .METRE. ) );
#5485 = ORIENTED_EDGE ( 'NONE', *, *, #5079, .T. ) ;
#5486 = CARTESIAN_POINT ( 'NONE',  ( 7.440235126653234055, 3.357106363522334824, 16.50007378822410686 ) ) ;
#5487 = DIRECTION ( 'NONE',  ( -0.0000000000000000000, -0.0000000000000000000, 1.000000000000000000 ) ) ;
#5488 = CARTESIAN_POINT ( 'NONE',  ( 5.870552912677236002, 3.367732065676333875, 22.57604839096599036 ) ) ;
#5489 = SURFACE_SIDE_STYLE ('',( #4005 ) ) ;
#5490 = CARTESIAN_POINT ( 'NONE',  ( 9.705021248735675954, 11.06385475382707462, 16.41981948971536909 ) ) ;
#5491 = MECHANICAL_DESIGN_GEOMETRIC_PRESENTATION_REPRESENTATION (  '', ( #4427 ), #5851 ) ;
#5492 = PRESENTATION_STYLE_ASSIGNMENT (( #2881 ) ) ;
#5493 = AXIS2_PLACEMENT_3D ( 'NONE', #5486, #2314, #6025 ) ;
#5494 = DIRECTION ( 'NONE',  ( 1.000000000000000000, 0.0000000000000000000, 0.0000000000000000000 ) ) ;
#5495 = MECHANICAL_DESIGN_GEOMETRIC_PRESENTATION_REPRESENTATION (  '', ( #4784 ), #5855 ) ;
#5496 = CARTESIAN_POINT ( 'NONE',  ( 4.970552912677236534, 6.719299690771334710, 18.56007378821410825 ) ) ;
#5497 = VERTEX_POINT ( 'NONE', #760 ) ;
#5498 = CARTESIAN_POINT ( 'NONE',  ( 0.0000000000000000000, 0.0000000000000000000, 14.99907378821410653 ) ) ;
#5499 = FILL_AREA_STYLE_COLOUR ( '', #543 ) ;
#5500 = DIRECTION ( 'NONE',  ( -0.0000000000000000000, 1.000000000000000000, -0.0000000000000000000 ) ) ;
#5501 = FILL_AREA_STYLE_COLOUR ( '', #1259 ) ;
#5502 = AXIS2_PLACEMENT_3D ( 'NONE', #825, #4547, #1367 ) ;
#5503 = DIRECTION ( 'NONE',  ( 1.000000000000000000, 0.0000000000000000000, 0.0000000000000000000 ) ) ;
#5504 = VERTEX_POINT ( 'NONE', #3956 ) ;
#5505 = VERTEX_POINT ( 'NONE', #4487 ) ;
#5506 =( LENGTH_UNIT ( ) NAMED_UNIT ( * ) SI_UNIT ( .MILLI., .METRE. ) );
#5507 = EDGE_CURVE ( 'NONE', #5861, #1525, #3583, .T. ) ;
#5508 = ORIENTED_EDGE ( 'NONE', *, *, #4999, .T. ) ;
#5509 =( LENGTH_UNIT ( ) NAMED_UNIT ( * ) SI_UNIT ( .MILLI., .METRE. ) );
#5510 = EDGE_CURVE ( 'NONE', #1465, #5029, #6388, .T. ) ;
#5511 = VERTEX_POINT ( 'NONE', #2378 ) ;
#5512 = UNCERTAINTY_MEASURE_WITH_UNIT (LENGTH_MEASURE( 1.000000000000000082E-05 ), #4735, 'distance_accuracy_value', 'NONE');
#5513 = DIRECTION ( 'NONE',  ( -0.0000000000000000000, -0.0000000000000000000, -1.000000000000000000 ) ) ;
#5514 = VECTOR ( 'NONE', #5826, 1000.000000000000000 ) ;
#5515 =( NAMED_UNIT ( * ) PLANE_ANGLE_UNIT ( ) SI_UNIT ( $, .RADIAN. ) );
#5516 =( GEOMETRIC_REPRESENTATION_CONTEXT ( 3 ) GLOBAL_UNCERTAINTY_ASSIGNED_CONTEXT ( ( #1203 ) ) GLOBAL_UNIT_ASSIGNED_CONTEXT ( ( #4442, #1261, #4967 ) ) REPRESENTATION_CONTEXT ( 'NONE', 'WORKASPACE' ) );
#5517 =( GEOMETRIC_REPRESENTATION_CONTEXT ( 3 ) GLOBAL_UNCERTAINTY_ASSIGNED_CONTEXT ( ( #2130 ) ) GLOBAL_UNIT_ASSIGNED_CONTEXT ( ( #5214, #2049, #5761 ) ) REPRESENTATION_CONTEXT ( 'NONE', 'WORKASPACE' ) );
#5518 = VERTEX_POINT ( 'NONE', #6087 ) ;
#5519 = ORIENTED_EDGE ( 'NONE', *, *, #283, .T. ) ;
#5520 = SURFACE_SIDE_STYLE ('',( #636 ) ) ;
#5521 = ADVANCED_FACE ( 'NONE', ( #4962 ), #2922, .F. ) ;
#5522 = ORIENTED_EDGE ( 'NONE', *, *, #6715, .T. ) ;
#5523 = VERTEX_POINT ( 'NONE', #6622 ) ;
#5524 =( NAMED_UNIT ( * ) PLANE_ANGLE_UNIT ( ) SI_UNIT ( $, .RADIAN. ) );
#5525 = ORIENTED_EDGE ( 'NONE', *, *, #1855, .F. ) ;
#5526 = CARTESIAN_POINT ( 'NONE',  ( -5.329435102211766306, 4.618273884862334810, 22.62007378821410697 ) ) ;
#5527 = PRODUCT_DEFINITION_SHAPE ( 'NONE', 'NONE',  #4874 ) ;
#5528 = DIRECTION ( 'NONE',  ( 0.0000000000000000000, -1.000000000000000000, 0.0000000000000000000 ) ) ;
#5529 = ORIENTED_EDGE ( 'NONE', *, *, #4977, .F. ) ;
#5530 = EDGE_CURVE ( 'NONE', #5351, #2568, #1649, .T. ) ;
#5531 = CARTESIAN_POINT ( 'NONE',  ( -4.929435102211766839, 4.967732065676335296, 15.00007378821410597 ) ) ;
#5532 = SURFACE_STYLE_USAGE ( .BOTH. , #1824 ) ;
#5533 = CARTESIAN_POINT ( 'NONE',  ( -0.8294351022117658623, 12.52777641995833413, 14.36007378821410541 ) ) ;
#5534 =( NAMED_UNIT ( * ) PLANE_ANGLE_UNIT ( ) SI_UNIT ( $, .RADIAN. ) );
#5535 = CARTESIAN_POINT ( 'NONE',  ( -6.329435102211765418, 3.367732065676335207, 22.62007378821410697 ) ) ;
#5536 = DIRECTION ( 'NONE',  ( 7.135250709491280969E-30, 1.110223024624969926E-16, 1.000000000000000000 ) ) ;
#5537 = FACE_OUTER_BOUND ( 'NONE', #3689, .T. ) ;
#5538 = MECHANICAL_DESIGN_GEOMETRIC_PRESENTATION_REPRESENTATION (  '', ( #4470 ), #5893 ) ;
#5539 = EDGE_CURVE ( 'NONE', #167, #4608, #4478, .T. ) ;
#5540 = CARTESIAN_POINT ( 'NONE',  ( 9.251105215970701678, 12.80377589955131512, 16.33248927903661141 ) ) ;
#5541 = STYLED_ITEM ( 'NONE', ( #3149 ), #932 ) ;
#5542 = VERTEX_POINT ( 'NONE', #2306 ) ;
#5543 = DIRECTION ( 'NONE',  ( 0.0000000000000000000, -1.000000000000000000, 0.0000000000000000000 ) ) ;
#5544 = CARTESIAN_POINT ( 'NONE',  ( -5.328228808214765522, 3.367732065676335207, 15.00007378821410597 ) ) ;
#5545 = ORIENTED_EDGE ( 'NONE', *, *, #6737, .T. ) ;
#5546 = LINE ( 'NONE', #6398, #2735 ) ;
#5547 = VERTEX_POINT ( 'NONE', #6014 ) ;
#5548 = VECTOR ( 'NONE', #4152, 1000.000000000000000 ) ;
#5549 = DIRECTION ( 'NONE',  ( -1.239088197122750804E-16, 1.000000000000000000, -0.0000000000000000000 ) ) ;
#5550 = LINE ( 'NONE', #45, #1314 ) ;
#5551 = COLOUR_RGB ( '',1.000000000000000000, 1.000000000000000000, 1.000000000000000000 ) ;
#5552 = VECTOR ( 'NONE', #6158, 1000.000000000000000 ) ;
#5553 = CIRCLE ( 'NONE', #2686, 0.6792775000100133020 ) ;
#5554 = CARTESIAN_POINT ( 'NONE',  ( 3.419627554198234609, 11.94775424282733489, 20.62007378821410697 ) ) ;
#5555 = CARTESIAN_POINT ( 'NONE',  ( 11.27177128197023137, 6.510585654415335100, 21.70348027693310655 ) ) ;
#5556 = FILL_AREA_STYLE ('',( #757 ) ) ;
#5557 =( GEOMETRIC_REPRESENTATION_CONTEXT ( 3 ) GLOBAL_UNCERTAINTY_ASSIGNED_CONTEXT ( ( #2014 ) ) GLOBAL_UNIT_ASSIGNED_CONTEXT ( ( #1915, #5617, #2449 ) ) REPRESENTATION_CONTEXT ( 'NONE', 'WORKASPACE' ) );
#5558 = DIRECTION ( 'NONE',  ( -0.0000000000000000000, -0.0000000000000000000, 1.000000000000000000 ) ) ;
#5559 = DIRECTION ( 'NONE',  ( 0.0000000000000000000, 0.0000000000000000000, 1.000000000000000000 ) ) ;
#5560 = CARTESIAN_POINT ( 'NONE',  ( 0.0000000000000000000, 0.0000000000000000000, 11.44007378821410725 ) ) ;
#5561 = DIRECTION ( 'NONE',  ( -0.0000000000000000000, -0.0000000000000000000, 1.000000000000000000 ) ) ;
#5562 = DIRECTION ( 'NONE',  ( -0.0000000000000000000, -0.0000000000000000000, 1.000000000000000000 ) ) ;
#5563 = ADVANCED_FACE ( 'NONE', ( #3080 ), #4624, .F. ) ;
#5564 = SURFACE_STYLE_FILL_AREA ( #2764 ) ;
#5565 = CARTESIAN_POINT ( 'NONE',  ( 6.970552912677235646, 8.447754242828334981, 17.02859018821411397 ) ) ;
#5566 = MECHANICAL_DESIGN_GEOMETRIC_PRESENTATION_REPRESENTATION (  '', ( #4498 ), #5913 ) ;
#5567 =( NAMED_UNIT ( * ) SI_UNIT ( $, .STERADIAN. ) SOLID_ANGLE_UNIT ( ) );
#5568 = FACE_OUTER_BOUND ( 'NONE', #33, .T. ) ;
#5569 = FILL_AREA_STYLE_COLOUR ( '', #1003 ) ;
#5570 = EDGE_CURVE ( 'NONE', #4058, #5861, #2404, .T. ) ;
#5571 = PRESENTATION_STYLE_ASSIGNMENT (( #5266 ) ) ;
#5572 = LINE ( 'NONE', #5465, #2594 ) ;
#5573 = CARTESIAN_POINT ( 'NONE',  ( 4.061771281970234071, 12.25775424281733450, 11.44007378821410725 ) ) ;
#5574 = DIRECTION ( 'NONE',  ( 1.239088197122750557E-16, -1.000000000000000000, 0.0000000000000000000 ) ) ;
#5575 = ORIENTED_EDGE ( 'NONE', *, *, #4194, .F. ) ;
#5576 = SURFACE_SIDE_STYLE ('',( #807 ) ) ;
#5577 = CARTESIAN_POINT ( 'NONE',  ( 6.970552912677233870, 8.447754242828334981, 18.81007378821410470 ) ) ;
#5578 = ADVANCED_FACE ( 'NONE', ( #5215 ), #731, .F. ) ;
#5579 = CARTESIAN_POINT ( 'NONE',  ( -6.329435102211765418, 0.0000000000000000000, 0.0000000000000000000 ) ) ;
#5580 = ORIENTED_EDGE ( 'NONE', *, *, #4279, .T. ) ;
#5581 =( NAMED_UNIT ( * ) SI_UNIT ( $, .STERADIAN. ) SOLID_ANGLE_UNIT ( ) );
#5582 = EDGE_CURVE ( 'NONE', #2375, #5861, #474, .T. ) ;
#5583 = DIRECTION ( 'NONE',  ( 1.000000000000000000, 0.0000000000000000000, 0.0000000000000000000 ) ) ;
#5584 = VECTOR ( 'NONE', #6609, 1000.000000000000000 ) ;
#5585 = CARTESIAN_POINT ( 'NONE',  ( 6.320552912677235291, 6.497754242817333825, 21.62007378821410342 ) ) ;
#5586 = DIRECTION ( 'NONE',  ( 1.000000000000000000, 0.0000000000000000000, 0.0000000000000000000 ) ) ;
#5587 = DIRECTION ( 'NONE',  ( -0.0000000000000000000, 1.110223024624999878E-16, 1.000000000000000000 ) ) ;
#5588 = ORIENTED_EDGE ( 'NONE', *, *, #3423, .F. ) ;
#5589 = VERTEX_POINT ( 'NONE', #4482 ) ;
#5590 = AXIS2_PLACEMENT_3D ( 'NONE', #109, #3835, #634 ) ;
#5591 = SURFACE_STYLE_FILL_AREA ( #1547 ) ;
#5592 = ORIENTED_EDGE ( 'NONE', *, *, #5206, .T. ) ;
#5593 = PRODUCT_RELATED_PRODUCT_CATEGORY ( 'part', '', ( #2522 ) ) ;
#5594 = ORIENTED_EDGE ( 'NONE', *, *, #4447, .T. ) ;
#5595 = EDGE_CURVE ( 'NONE', #867, #2884, #5961, .T. ) ;
#5596 = FILL_AREA_STYLE_COLOUR ( '', #1832 ) ;
#5597 = ADVANCED_FACE ( 'NONE', ( #322 ), #3951, .F. ) ;
#5598 = ORIENTED_EDGE ( 'NONE', *, *, #6081, .F. ) ;
#5599 = STYLED_ITEM ( 'NONE', ( #5833 ), #3636 ) ;
#5600 = CARTESIAN_POINT ( 'NONE',  ( 4.598034606640234223, 12.52777641995833591, 15.00007378821410597 ) ) ;
#5601 = PRESENTATION_STYLE_ASSIGNMENT (( #4585 ) ) ;
#5602 = FILL_AREA_STYLE_COLOUR ( '', #5645 ) ;
#5603 = SURFACE_STYLE_USAGE ( .BOTH. , #1900 ) ;
#5604 = CARTESIAN_POINT ( 'NONE',  ( -4.129435102211766129, 9.217732065676335296, 15.00007378821410597 ) ) ;
#5605 = AXIS2_PLACEMENT_3D ( 'NONE', #3917, #713, #739 ) ;
#5606 = DIRECTION ( 'NONE',  ( -0.0000000000000000000, -0.0000000000000000000, 1.000000000000000000 ) ) ;
#5607 = EDGE_CURVE ( 'NONE', #2139, #5351, #1225, .T. ) ;
#5608 = ORIENTED_EDGE ( 'NONE', *, *, #1982, .T. ) ;
#5609 = EDGE_LOOP ( 'NONE', ( #5699, #5629, #276, #1885 ) ) ;
#5610 = LINE ( 'NONE', #4422, #6521 ) ;
#5611 =( GEOMETRIC_REPRESENTATION_CONTEXT ( 3 ) GLOBAL_UNCERTAINTY_ASSIGNED_CONTEXT ( ( #6403 ) ) GLOBAL_UNIT_ASSIGNED_CONTEXT ( ( #1511, #5212, #2046 ) ) REPRESENTATION_CONTEXT ( 'NONE', 'WORKASPACE' ) );
#5612 = AXIS2_PLACEMENT_3D ( 'NONE', #1161, #4882, #1709 ) ;
#5613 = MECHANICAL_DESIGN_GEOMETRIC_PRESENTATION_REPRESENTATION (  '', ( #4546 ), #5963 ) ;
#5614 = ADVANCED_FACE ( 'NONE', ( #2658 ), #280, .F. ) ;
#5615 = CARTESIAN_POINT ( 'NONE',  ( 3.419627554198233721, 4.947754242807335778, 22.42007378821410413 ) ) ;
#5616 = ORIENTED_EDGE ( 'NONE', *, *, #2074, .F. ) ;
#5617 =( NAMED_UNIT ( * ) PLANE_ANGLE_UNIT ( ) SI_UNIT ( $, .RADIAN. ) );
#5618 = VECTOR ( 'NONE', #264, 1000.000000000000000 ) ;
#5619 =( NAMED_UNIT ( * ) PLANE_ANGLE_UNIT ( ) SI_UNIT ( $, .RADIAN. ) );
#5620 = VERTEX_POINT ( 'NONE', #5554 ) ;
#5621 = PLANE ( 'NONE',  #3685 ) ;
#5622 = CARTESIAN_POINT ( 'NONE',  ( 12.47177132807620126, 11.07774315426099321, 21.50961998366928185 ) ) ;
#5623 = DIRECTION ( 'NONE',  ( -0.0000000000000000000, -1.000000000000000000, 1.110223024624999878E-16 ) ) ;
#5624 = VERTEX_POINT ( 'NONE', #304 ) ;
#5625 = VECTOR ( 'NONE', #75, 1000.000000000000000 ) ;
#5626 = B_SPLINE_CURVE_WITH_KNOTS ( 'NONE', 3,
 ( #3240, #3762, #2740, #6428, #3262, #69, #3785, #581, #4325, #1127, #4847, #1672, #5388, #2212 ),
 .UNSPECIFIED., .F., .F.,
 ( 4, 2, 2, 1, 1, 2, 2, 4 ),
 ( 0.0000000000000000000, 0.2499999999999991673, 0.3749999999999996114, 0.4375000000000007772, 0.4687500000000001665, 0.4843749999999999445, 0.4999999999999996669, 1.000000000000000000 ),
 .UNSPECIFIED. ) ;
#5627 = DIRECTION ( 'NONE',  ( -1.000000000000000000, 0.0000000000000000000, 0.0000000000000000000 ) ) ;
#5628 = UNCERTAINTY_MEASURE_WITH_UNIT (LENGTH_MEASURE( 1.000000000000000082E-05 ), #4050, 'distance_accuracy_value', 'NONE');
#5629 = ORIENTED_EDGE ( 'NONE', *, *, #1395, .F. ) ;
#5630 = CARTESIAN_POINT ( 'NONE',  ( 11.27177128197023137, 10.38492283121933468, 15.00007378820410153 ) ) ;
#5631 = DIRECTION ( 'NONE',  ( -0.0000000000000000000, -0.0000000000000000000, 1.000000000000000000 ) ) ;
#5632 = LINE ( 'NONE', #2589, #139 ) ;
#5633 = VECTOR ( 'NONE', #5125, 1000.000000000000000 ) ;
#5634 = ADVANCED_FACE ( 'NONE', ( #3405 ), #6666, .F. ) ;
#5635 = STYLED_ITEM ( 'NONE', ( #5601 ), #5022 ) ;
#5636 = STYLED_ITEM ( 'NONE', ( #5473 ), #1348 ) ;
#5637 = STYLED_ITEM ( 'NONE', ( #6157 ), #6678 ) ;
#5638 = CARTESIAN_POINT ( 'NONE',  ( 4.190552912677234509, 4.947754242807335778, 20.62007378821410697 ) ) ;
#5639 = ORIENTED_EDGE ( 'NONE', *, *, #6360, .F. ) ;
#5640 = ORIENTED_EDGE ( 'NONE', *, *, #513, .F. ) ;
#5641 = UNCERTAINTY_MEASURE_WITH_UNIT (LENGTH_MEASURE( 1.000000000000000082E-05 ), #509, 'distance_accuracy_value', 'NONE');
#5642 = CARTESIAN_POINT ( 'NONE',  ( -4.129435102211766129, 3.367732065676335207, 14.99907378821410653 ) ) ;
#5643 = FILL_AREA_STYLE ('',( #325 ) ) ;
#5644 = SURFACE_SIDE_STYLE ('',( #4164 ) ) ;
#5645 = COLOUR_RGB ( '',0.2509803921568627416, 0.2509803921568627416, 0.2509803921568627416 ) ;
#5646 = FILL_AREA_STYLE_COLOUR ( '', #5551 ) ;
#5647 = VECTOR ( 'NONE', #2788, 1000.000000000000000 ) ;
#5648 = FACE_OUTER_BOUND ( 'NONE', #3857, .T. ) ;
#5649 = DIRECTION ( 'NONE',  ( 0.0000000000000000000, -0.0000000000000000000, 1.000000000000000000 ) ) ;
#5650 =( LENGTH_UNIT ( ) NAMED_UNIT ( * ) SI_UNIT ( .MILLI., .METRE. ) );
#5651 = CARTESIAN_POINT ( 'NONE',  ( 0.0000000000000000000, 0.0000000000000000000, 15.00007378821410597 ) ) ;
#5652 = STYLED_ITEM ( 'NONE', ( #5962 ), #3088 ) ;
#5653 = LINE ( 'NONE', #73, #1583 ) ;
#5654 = EDGE_CURVE ( 'NONE', #1623, #1196, #5722, .T. ) ;
#5655 =( NAMED_UNIT ( * ) PLANE_ANGLE_UNIT ( ) SI_UNIT ( $, .RADIAN. ) );
#5656 = EDGE_CURVE ( 'NONE', #5505, #4346, #2907, .T. ) ;
#5657 = STYLED_ITEM ( 'NONE', ( #3898 ), #4514 ) ;
#5658 = LINE ( 'NONE', #1207, #1239 ) ;
#5659 = ADVANCED_FACE ( 'NONE', ( #4155 ), #1943, .F. ) ;
#5660 = SURFACE_STYLE_USAGE ( .BOTH. , #1950 ) ;
#5661 = VECTOR ( 'NONE', #1771, 1000.000000000000000 ) ;
#5662 = LINE ( 'NONE', #3272, #4251 ) ;
#5663 = VECTOR ( 'NONE', #1268, 1000.000000000000000 ) ;
#5664 = MECHANICAL_DESIGN_GEOMETRIC_PRESENTATION_REPRESENTATION (  '', ( #4584 ), #6009 ) ;
#5665 = PRESENTATION_LAYER_ASSIGNMENT (  '', '', ( #4936 ) ) ;
#5666 = ORIENTED_EDGE ( 'NONE', *, *, #4951, .T. ) ;
#5667 = UNCERTAINTY_MEASURE_WITH_UNIT (LENGTH_MEASURE( 1.000000000000000082E-05 ), #1330, 'distance_accuracy_value', 'NONE');
#5668 = ORIENTED_EDGE ( 'NONE', *, *, #2411, .T. ) ;
#5669 =( LENGTH_UNIT ( ) NAMED_UNIT ( * ) SI_UNIT ( .MILLI., .METRE. ) );
#5670 = SURFACE_STYLE_FILL_AREA ( #340 ) ;
#5671 = CARTESIAN_POINT ( 'NONE',  ( 4.970552912677236534, 8.197754242828334981, 17.04621897928210572 ) ) ;
#5672 = DIRECTION ( 'NONE',  ( 1.000000000000000000, 0.0000000000000000000, 0.0000000000000000000 ) ) ;
#5673 = EDGE_CURVE ( 'NONE', #2487, #450, #6461, .T. ) ;
#5674 = CARTESIAN_POINT ( 'NONE',  ( -2.829435102211765862, 3.367732065676335207, 14.36007378821410363 ) ) ;
#5675 = PLANE ( 'NONE',  #5 ) ;
#5676 = CARTESIAN_POINT ( 'NONE',  ( 12.47177132808023714, 6.510585641850434868, 21.50961998366862815 ) ) ;
#5677 = B_SPLINE_CURVE_WITH_KNOTS ( 'NONE', 3,
 ( #4776, #1054, #4473, #1290, #4989, #1834, #5540, #2365, #6070, #2910 ),
 .UNSPECIFIED., .F., .F.,
 ( 4, 2, 2, 2, 4 ),
 ( 0.0000000000000000000, 0.2499999999999997780, 0.3749999999999997780, 0.4999999999999997780, 1.000000000000000000 ),
 .UNSPECIFIED. ) ;
#5678 = DIRECTION ( 'NONE',  ( -0.0000000000000000000, -1.000000000000000000, -0.0000000000000000000 ) ) ;
#5679 = EDGE_LOOP ( 'NONE', ( #831, #2630, #5267, #5285 ) ) ;
#5680 = FILL_AREA_STYLE ('',( #1972 ) ) ;
#5681 = EDGE_CURVE ( 'NONE', #1196, #4358, #5038, .T. ) ;
#5682 = FACE_OUTER_BOUND ( 'NONE', #2811, .T. ) ;
#5683 = SURFACE_STYLE_FILL_AREA ( #6596 ) ;
#5684 = FILL_AREA_STYLE_COLOUR ( '', #3200 ) ;
#5685 = CARTESIAN_POINT ( 'NONE',  ( -6.328228718029764721, 12.27856632156533401, 14.99907378821410653 ) ) ;
#5686 = ORIENTED_EDGE ( 'NONE', *, *, #1295, .F. ) ;
#5687 = CARTESIAN_POINT ( 'NONE',  ( 4.381771281970234355, 12.25775424281733450, 15.00007378821410597 ) ) ;
#5688 = ORIENTED_EDGE ( 'NONE', *, *, #4039, .T. ) ;
#5689 = UNCERTAINTY_MEASURE_WITH_UNIT (LENGTH_MEASURE( 1.000000000000000082E-05 ), #4631, 'distance_accuracy_value', 'NONE');
#5690 = ADVANCED_FACE ( 'NONE', ( #2231 ), #368, .F. ) ;
#5691 = CARTESIAN_POINT ( 'NONE',  ( -3.303228718029766142, 9.462754242817334571, 15.00007378821410597 ) ) ;
#5692 = EDGE_LOOP ( 'NONE', ( #2969, #1861, #4853, #4956, #1938, #3786, #3380, #6848 ) ) ;
#5693 = DIRECTION ( 'NONE',  ( -0.0000000000000000000, -0.0000000000000000000, -1.000000000000000000 ) ) ;
#5694 = LINE ( 'NONE', #3697, #203 ) ;
#5695 = DIRECTION ( 'NONE',  ( -1.000000000000000000, 0.0000000000000000000, 0.0000000000000000000 ) ) ;
#5696 =( NAMED_UNIT ( * ) SI_UNIT ( $, .STERADIAN. ) SOLID_ANGLE_UNIT ( ) );
#5697 =( GEOMETRIC_REPRESENTATION_CONTEXT ( 3 ) GLOBAL_UNCERTAINTY_ASSIGNED_CONTEXT ( ( #3064 ) ) GLOBAL_UNIT_ASSIGNED_CONTEXT ( ( #6263, #3096, #6803 ) ) REPRESENTATION_CONTEXT ( 'NONE', 'WORKASPACE' ) );
#5698 = DIRECTION ( 'NONE',  ( 0.9999999317964582968, 0.0003693332892958156111, 0.0000000000000000000 ) ) ;
#5699 = ORIENTED_EDGE ( 'NONE', *, *, #5607, .F. ) ;
#5700 = FILL_AREA_STYLE_COLOUR ( '', #880 ) ;
#5701 = VERTEX_POINT ( 'NONE', #6739 ) ;
#5702 =( LENGTH_UNIT ( ) NAMED_UNIT ( * ) SI_UNIT ( .MILLI., .METRE. ) );
#5703 = PRESENTATION_STYLE_ASSIGNMENT (( #6315 ) ) ;
#5704 = ORIENTED_EDGE ( 'NONE', *, *, #3117, .F. ) ;
#5705 = PRESENTATION_LAYER_ASSIGNMENT (  '', '', ( #4625 ) ) ;
#5706 = ORIENTED_EDGE ( 'NONE', *, *, #6664, .F. ) ;
#5707 = EDGE_CURVE ( 'NONE', #3229, #2715, #5799, .T. ) ;
#5708 = FILL_AREA_STYLE ('',( #5684 ) ) ;
#5709 = DIRECTION ( 'NONE',  ( 0.0000000000000000000, 0.0000000000000000000, -1.000000000000000000 ) ) ;
#5710 = LINE ( 'NONE', #1233, #48 ) ;
#5711 = UNCERTAINTY_MEASURE_WITH_UNIT (LENGTH_MEASURE( 1.000000000000000082E-05 ), #632, 'distance_accuracy_value', 'NONE');
#5712 =( LENGTH_UNIT ( ) NAMED_UNIT ( * ) SI_UNIT ( .MILLI., .METRE. ) );
#5713 = SURFACE_SIDE_STYLE ('',( #5442 ) ) ;
#5714 = CARTESIAN_POINT ( 'NONE',  ( 6.970552912677233870, 4.047765587323334913, 22.39834312896510582 ) ) ;
#5715 = ORIENTED_EDGE ( 'NONE', *, *, #1180, .F. ) ;
#5716 = DIRECTION ( 'NONE',  ( 1.000000000000000000, -0.0000000000000000000, -0.0000000000000000000 ) ) ;
#5717 = ORIENTED_EDGE ( 'NONE', *, *, #4444, .F. ) ;
#5718 = SURFACE_SIDE_STYLE ('',( #1569 ) ) ;
#5719 = VERTEX_POINT ( 'NONE', #5169 ) ;
#5720 = CARTESIAN_POINT ( 'NONE',  ( -4.929435102211766839, 6.467732065676334408, 14.99907378821410653 ) ) ;
#5721 = CIRCLE ( 'NONE', #4702, 0.6792775000100133020 ) ;
#5722 = LINE ( 'NONE', #4047, #230 ) ;
#5723 = ADVANCED_FACE ( 'NONE', ( #2986 ), #6536, .F. ) ;
#5724 = SURFACE_STYLE_FILL_AREA ( #5680 ) ;
#5725 = LINE ( 'NONE', #1852, #234 ) ;
#5726 = ORIENTED_EDGE ( 'NONE', *, *, #5151, .T. ) ;
#5727 = VECTOR ( 'NONE', #4013, 1000.000000000000000 ) ;
#5728 = VECTOR ( 'NONE', #2822, 1000.000000000000000 ) ;
#5729 = PLANE ( 'NONE',  #19 ) ;
#5730 = AXIS2_PLACEMENT_3D ( 'NONE', #4532, #1356, #5059 ) ;
#5731 = PLANE ( 'NONE',  #5747 ) ;
#5732 = EDGE_CURVE ( 'NONE', #4608, #1380, #1046, .T. ) ;
#5733 = SURFACE_SIDE_STYLE ('',( #5229 ) ) ;
#5734 =( BOUNDED_CURVE ( )  B_SPLINE_CURVE ( 3, ( #5318, #6390, #3749, #540 ),
 .UNSPECIFIED., .F., .F. ) 
 B_SPLINE_CURVE_WITH_KNOTS ( ( 4, 4 ),
 ( 4.771100500415014878, 4.802019694308340192 ),
 .UNSPECIFIED. ) 
 CURVE ( )  GEOMETRIC_REPRESENTATION_ITEM ( )  RATIONAL_B_SPLINE_CURVE ( ( 1.000000000000000000, 0.9999203352074191864, 0.9999203352074191864, 1.000000000000000000 ) ) 
 REPRESENTATION_ITEM ( '' )  );
#5735 = CARTESIAN_POINT ( 'NONE',  ( 8.520781758690295860, 3.724363104319891260, 22.14790328966568822 ) ) ;
#5736 = DIRECTION ( 'NONE',  ( 1.000000000000000000, 0.0000000000000000000, 0.0000000000000000000 ) ) ;
#5737 = SURFACE_STYLE_FILL_AREA ( #3690 ) ;
#5738 = SURFACE_SIDE_STYLE ('',( #3491 ) ) ;
#5739 = CARTESIAN_POINT ( 'NONE',  ( -6.328228718029764721, 12.27856632156533401, 22.62007378821410697 ) ) ;
#5740 = SURFACE_SIDE_STYLE ('',( #1311 ) ) ;
#5741 = AXIS2_PLACEMENT_3D ( 'NONE', #643, #4373, #1185 ) ;
#5742 = COLOUR_RGB ( '',1.000000000000000000, 1.000000000000000000, 1.000000000000000000 ) ;
#5743 = EDGE_CURVE ( 'NONE', #6533, #352, #3885, .T. ) ;
#5744 = FILL_AREA_STYLE ('',( #940 ) ) ;
#5745 = EDGE_CURVE ( 'NONE', #6347, #28, #5122, .T. ) ;
#5746 = ORIENTED_EDGE ( 'NONE', *, *, #225, .F. ) ;
#5747 = AXIS2_PLACEMENT_3D ( 'NONE', #948, #4682, #1508 ) ;
#5748 = LINE ( 'NONE', #5845, #1588 ) ;
#5749 = PRESENTATION_LAYER_ASSIGNMENT (  '', '', ( #6101 ) ) ;
#5750 = PRESENTATION_LAYER_ASSIGNMENT (  '', '', ( #5386 ) ) ;
#5751 = CARTESIAN_POINT ( 'NONE',  ( 5.970552912677237423, 10.17620879488533525, 18.56007378821410825 ) ) ;
#5752 = ORIENTED_EDGE ( 'NONE', *, *, #6881, .T. ) ;
#5753 = FILL_AREA_STYLE_COLOUR ( '', #3510 ) ;
#5754 = DIRECTION ( 'NONE',  ( -0.0000000000000000000, 1.000000000000000000, -0.0000000000000000000 ) ) ;
#5755 = ADVANCED_FACE ( 'NONE', ( #2309 ), #429, .T. ) ;
#5756 = CARTESIAN_POINT ( 'NONE',  ( 4.970552912677236534, 8.197754242818334092, 18.56007378821410825 ) ) ;
#5757 =( LENGTH_UNIT ( ) NAMED_UNIT ( * ) SI_UNIT ( .MILLI., .METRE. ) );
#5758 = EDGE_CURVE ( 'NONE', #934, #2282, #4460, .T. ) ;
#5759 = PRESENTATION_STYLE_ASSIGNMENT (( #2708 ) ) ;
#5760 = DIRECTION ( 'NONE',  ( -0.0000000000000000000, -1.000000000000000000, -0.0000000000000000000 ) ) ;
#5761 =( NAMED_UNIT ( * ) SI_UNIT ( $, .STERADIAN. ) SOLID_ANGLE_UNIT ( ) );
#5762 = EDGE_LOOP ( 'NONE', ( #5768, #375, #1718, #1518 ) ) ;
#5763 = SURFACE_STYLE_USAGE ( .BOTH. , #2050 ) ;
#5764 = ORIENTED_EDGE ( 'NONE', *, *, #1255, .T. ) ;
#5765 = ORIENTED_EDGE ( 'NONE', *, *, #4522, .F. ) ;
#5766 = CARTESIAN_POINT ( 'NONE',  ( 6.935635480056936863, 12.95112631966286187, 15.65881929915892101 ) ) ;
#5767 = MECHANICAL_DESIGN_GEOMETRIC_PRESENTATION_REPRESENTATION (  '', ( #4697 ), #6122 ) ;
#5768 = ORIENTED_EDGE ( 'NONE', *, *, #4942, .T. ) ;
#5769 = EDGE_CURVE ( 'NONE', #6772, #6093, #1808, .T. ) ;
#5770 = STYLED_ITEM ( 'NONE', ( #5703 ), #1040 ) ;
#5771 = COLOUR_RGB ( '',0.2509803921568627416, 0.2509803921568627416, 0.2509803921568627416 ) ;
#5772 = FACE_BOUND ( 'NONE', #853, .T. ) ;
#5773 = VERTEX_POINT ( 'NONE', #452 ) ;
#5774 = SURFACE_STYLE_USAGE ( .BOTH. , #2072 ) ;
#5775 = UNCERTAINTY_MEASURE_WITH_UNIT (LENGTH_MEASURE( 1.000000000000000082E-05 ), #4273, 'distance_accuracy_value', 'NONE');
#5776 = FILL_AREA_STYLE ('',( #980 ) ) ;
#5777 = SURFACE_SIDE_STYLE ('',( #559 ) ) ;
#5778 = EDGE_LOOP ( 'NONE', ( #4664, #942, #2105, #4861 ) ) ;
#5779 = AXIS2_PLACEMENT_3D ( 'NONE', #5935, #2778, #6480 ) ;
#5780 = CARTESIAN_POINT ( 'NONE',  ( -4.929435102211766839, 4.967732065676335296, 14.99907378821410653 ) ) ;
#5781 = CARTESIAN_POINT ( 'NONE',  ( 3.761478271157230768, 4.947754242807335778, 22.42007378821410413 ) ) ;
#5782 = AXIS2_PLACEMENT_3D ( 'NONE', #2219, #5250, #2088 ) ;
#5783 = ORIENTED_EDGE ( 'NONE', *, *, #745, .F. ) ;
#5784 = CARTESIAN_POINT ( 'NONE',  ( 6.620552912677234225, 6.497754242817333825, 21.62007378821410342 ) ) ;
#5785 = ORIENTED_EDGE ( 'NONE', *, *, #6245, .F. ) ;
#5786 = LINE ( 'NONE', #3206, #1714 ) ;
#5787 = LINE ( 'NONE', #6118, #1555 ) ;
#5788 = CARTESIAN_POINT ( 'NONE',  ( 6.693954916149087886, 13.26984313296355467, 15.55658791948715525 ) ) ;
#5789 = STYLED_ITEM ( 'NONE', ( #4872 ), #1937 ) ;
#5790 = ADVANCED_FACE ( 'NONE', ( #1638 ), #4666, .F. ) ;
#5791 = AXIS2_PLACEMENT_3D ( 'NONE', #2894, #6591, #3431 ) ;
#5792 = ORIENTED_EDGE ( 'NONE', *, *, #4578, .F. ) ;
#5793 = DIRECTION ( 'NONE',  ( -0.0000000000000000000, -0.0000000000000000000, 1.000000000000000000 ) ) ;
#5794 = ORIENTED_EDGE ( 'NONE', *, *, #2016, .F. ) ;
#5795 =( LENGTH_UNIT ( ) NAMED_UNIT ( * ) SI_UNIT ( .MILLI., .METRE. ) );
#5796 = ORIENTED_EDGE ( 'NONE', *, *, #560, .F. ) ;
#5797 = CARTESIAN_POINT ( 'NONE',  ( -3.813228718029765929, 7.432754242817335211, 11.44007378821410725 ) ) ;
#5798 = CARTESIAN_POINT ( 'NONE',  ( 11.27177128198023404, 6.510585654405335099, 15.00007378822410686 ) ) ;
#5799 = LINE ( 'NONE', #4125, #315 ) ;
#5800 = CARTESIAN_POINT ( 'NONE',  ( 5.598034606640234223, 13.52777641995833413, 14.36007378821410541 ) ) ;
#5801 = COLOUR_RGB ( '',0.2509803921568627416, 0.2509803921568627416, 0.2509803921568627416 ) ;
#5802 = DIRECTION ( 'NONE',  ( 0.9872007530580221291, 0.0000000000000000000, -0.1594825167900039975 ) ) ;
#5803 =( NAMED_UNIT ( * ) PLANE_ANGLE_UNIT ( ) SI_UNIT ( $, .RADIAN. ) );
#5804 = ORIENTED_EDGE ( 'NONE', *, *, #5743, .F. ) ;
#5805 = ORIENTED_EDGE ( 'NONE', *, *, #4698, .T. ) ;
#5806 = CARTESIAN_POINT ( 'NONE',  ( 11.08444181289723574, 3.367732065676335207, 16.50007378821410597 ) ) ;
#5807 = EDGE_CURVE ( 'NONE', #521, #473, #2564, .T. ) ;
#5808 = FILL_AREA_STYLE ('',( #5270 ) ) ;
#5809 = FACE_OUTER_BOUND ( 'NONE', #4941, .T. ) ;
#5810 = LINE ( 'NONE', #1206, #1411 ) ;
#5811 = LINE ( 'NONE', #5905, #4394 ) ;
#5812 = SURFACE_SIDE_STYLE ('',( #5134 ) ) ;
#5813 = VECTOR ( 'NONE', #1675, 1000.000000000000000 ) ;
#5814 = DIRECTION ( 'NONE',  ( -0.0000000000000000000, -1.000000000000000000, -0.0000000000000000000 ) ) ;
#5815 = LINE ( 'NONE', #3403, #5661 ) ;
#5816 = CARTESIAN_POINT ( 'NONE',  ( 4.970552912677236534, 8.197754242818334092, 18.56007378821410825 ) ) ;
#5817 = SURFACE_STYLE_USAGE ( .BOTH. , #2114 ) ;
#5818 = ADVANCED_FACE ( 'NONE', ( #3794 ), #1632, .F. ) ;
#5819 = FILL_AREA_STYLE_COLOUR ( '', #2669 ) ;
#5820 = PRESENTATION_LAYER_ASSIGNMENT (  '', '', ( #5094 ) ) ;
#5821 = DIRECTION ( 'NONE',  ( -0.0000000000000000000, -0.0000000000000000000, 1.000000000000000000 ) ) ;
#5822 = ORIENTED_EDGE ( 'NONE', *, *, #2685, .F. ) ;
#5823 = EDGE_LOOP ( 'NONE', ( #21, #4148, #5666, #3276, #2076, #5174, #5545, #2445 ) ) ;
#5824 = FILL_AREA_STYLE ('',( #2119 ) ) ;
#5825 = UNCERTAINTY_MEASURE_WITH_UNIT (LENGTH_MEASURE( 1.000000000000000082E-05 ), #4573, 'distance_accuracy_value', 'NONE');
#5826 = DIRECTION ( 'NONE',  ( -0.0000000000000000000, -0.0000000000000000000, -1.000000000000000000 ) ) ;
#5827 = ORIENTED_EDGE ( 'NONE', *, *, #1901, .F. ) ;
#5828 = LINE ( 'NONE', #6154, #3022 ) ;
#5829 = EDGE_CURVE ( 'NONE', #2569, #4768, #3513, .T. ) ;
#5830 = DIRECTION ( 'NONE',  ( 0.0000000000000000000, -1.000000000000000000, 0.0000000000000000000 ) ) ;
#5831 = EDGE_CURVE ( 'NONE', #706, #3361, #4897, .T. ) ;
#5832 =( GEOMETRIC_REPRESENTATION_CONTEXT ( 3 ) GLOBAL_UNCERTAINTY_ASSIGNED_CONTEXT ( ( #1444 ) ) GLOBAL_UNIT_ASSIGNED_CONTEXT ( ( #3034, #6741, #3574 ) ) REPRESENTATION_CONTEXT ( 'NONE', 'WORKASPACE' ) );
#5833 = PRESENTATION_STYLE_ASSIGNMENT (( #625 ) ) ;
#5834 = FILL_AREA_STYLE ('',( #1042 ) ) ;
#5835 = MECHANICAL_DESIGN_GEOMETRIC_PRESENTATION_REPRESENTATION (  '', ( #5113 ), #6194 ) ;
#5836 = STYLED_ITEM ( 'NONE', ( #4638 ), #6239 ) ;
#5837 = ORIENTED_EDGE ( 'NONE', *, *, #2259, .F. ) ;
#5838 = CARTESIAN_POINT ( 'NONE',  ( 11.08444181289723574, 6.411647514223335342, 16.50007378821410597 ) ) ;
#5839 = PRESENTATION_STYLE_ASSIGNMENT (( #3223 ) ) ;
#5840 = SURFACE_SIDE_STYLE ('',( #5737 ) ) ;
#5841 = CARTESIAN_POINT ( 'NONE',  ( 7.440235126643234054, 13.53840212210233496, 15.00007378821410597 ) ) ;
#5842 = UNCERTAINTY_MEASURE_WITH_UNIT (LENGTH_MEASURE( 1.000000000000000082E-05 ), #795, 'distance_accuracy_value', 'NONE');
#5843 = SURFACE_STYLE_FILL_AREA ( #5708 ) ;
#5844 = VERTEX_POINT ( 'NONE', #6432 ) ;
#5845 = CARTESIAN_POINT ( 'NONE',  ( -4.929435102211766839, 7.717732065676334408, 15.00007378821410597 ) ) ;
#5846 = EDGE_LOOP ( 'NONE', ( #2312, #663, #3688, #6544, #4193, #4840, #6132, #2531, #2897, #2390, #5485, #4131, #2732, #5196 ) ) ;
#5847 = DIRECTION ( 'NONE',  ( 0.0000000000000000000, 0.0000000000000000000, -1.000000000000000000 ) ) ;
#5848 = ORIENTED_EDGE ( 'NONE', *, *, #355, .T. ) ;
#5849 = SURFACE_STYLE_USAGE ( .BOTH. , #2143 ) ;
#5850 = DIRECTION ( 'NONE',  ( 1.000000000000000000, 0.0000000000000000000, 0.0000000000000000000 ) ) ;
#5851 =( GEOMETRIC_REPRESENTATION_CONTEXT ( 3 ) GLOBAL_UNCERTAINTY_ASSIGNED_CONTEXT ( ( #6244 ) ) GLOBAL_UNIT_ASSIGNED_CONTEXT ( ( #3092, #6798, #3621 ) ) REPRESENTATION_CONTEXT ( 'NONE', 'WORKASPACE' ) );
#5852 = EDGE_LOOP ( 'NONE', ( #4017, #5592, #4387, #582, #6453 ) ) ;
#5853 = ORIENTED_EDGE ( 'NONE', *, *, #2115, .F. ) ;
#5854 = AXIS2_PLACEMENT_3D ( 'NONE', #3365, #168, #3892 ) ;
#5855 =( GEOMETRIC_REPRESENTATION_CONTEXT ( 3 ) GLOBAL_UNCERTAINTY_ASSIGNED_CONTEXT ( ( #679 ) ) GLOBAL_UNIT_ASSIGNED_CONTEXT ( ( #2752, #6448, #3278 ) ) REPRESENTATION_CONTEXT ( 'NONE', 'WORKASPACE' ) );
#5856 = PRESENTATION_STYLE_ASSIGNMENT (( #850 ) ) ;
#5857 = VECTOR ( 'NONE', #4709, 1000.000000000000000 ) ;
#5858 = PLANE ( 'NONE',  #1668 ) ;
#5859 =( NAMED_UNIT ( * ) PLANE_ANGLE_UNIT ( ) SI_UNIT ( $, .RADIAN. ) );
#5860 = EDGE_LOOP ( 'NONE', ( #2734, #2224, #5317, #6777, #1304, #6442, #104, #213, #4372, #5580 ) ) ;
#5861 = VERTEX_POINT ( 'NONE', #544 ) ;
#5862 = CARTESIAN_POINT ( 'NONE',  ( -0.8294351022117658623, 4.367732065676334763, 14.36007378821410363 ) ) ;
#5863 = PRESENTATION_STYLE_ASSIGNMENT (( #3271 ) ) ;
#5864 = DIRECTION ( 'NONE',  ( 0.0000000000000000000, -1.000000000000000000, -0.0000000000000000000 ) ) ;
#5865 = UNCERTAINTY_MEASURE_WITH_UNIT (LENGTH_MEASURE( 1.000000000000000082E-05 ), #6785, 'distance_accuracy_value', 'NONE');
#5866 =( NAMED_UNIT ( * ) PLANE_ANGLE_UNIT ( ) SI_UNIT ( $, .RADIAN. ) );
#5867 = CARTESIAN_POINT ( 'NONE',  ( -4.929435102211766839, 6.467732065676334408, 14.99907378821410653 ) ) ;
#5868 = STYLED_ITEM ( 'NONE', ( #4156 ), #3189 ) ;
#5869 = EDGE_CURVE ( 'NONE', #537, #3830, #3335, .T. ) ;
#5870 = DIRECTION ( 'NONE',  ( -0.0000000000000000000, -0.0000000000000000000, 1.000000000000000000 ) ) ;
#5871 = EDGE_CURVE ( 'NONE', #1344, #5293, #6319, .T. ) ;
#5872 = SURFACE_SIDE_STYLE ('',( #271 ) ) ;
#5873 = COLOUR_RGB ( '',0.2509803921568627416, 0.2509803921568627416, 0.2509803921568627416 ) ;
#5874 = DIRECTION ( 'NONE',  ( -1.000000000000000000, -0.0000000000000000000, -0.0000000000000000000 ) ) ;
#5875 = SURFACE_STYLE_FILL_AREA ( #4789 ) ;
#5876 = ORIENTED_EDGE ( 'NONE', *, *, #2905, .F. ) ;
#5877 = AXIS2_PLACEMENT_3D ( 'NONE', #5036, #1876, #5583 ) ;
#5878 = ORIENTED_EDGE ( 'NONE', *, *, #628, .F. ) ;
#5879 = EDGE_LOOP ( 'NONE', ( #6503, #1665, #599, #4308 ) ) ;
#5880 = FILL_AREA_STYLE ('',( #5339 ) ) ;
#5881 = DIRECTION ( 'NONE',  ( -1.000000000000000000, 0.0000000000000000000, 0.0000000000000000000 ) ) ;
#5882 =( LENGTH_UNIT ( ) NAMED_UNIT ( * ) SI_UNIT ( .MILLI., .METRE. ) );
#5883 = EDGE_CURVE ( 'NONE', #3936, #4606, #652, .T. ) ;
#5884 = SURFACE_SIDE_STYLE ('',( #1306 ) ) ;
#5885 = VECTOR ( 'NONE', #1430, 1000.000000000000000 ) ;
#5886 = SURFACE_STYLE_USAGE ( .BOTH. , #2176 ) ;
#5887 = FACE_OUTER_BOUND ( 'NONE', #1214, .T. ) ;
#5888 = CYLINDRICAL_SURFACE ( 'NONE', #1015, 0.8000000000000003775 ) ;
#5889 = CIRCLE ( 'NONE', #5493, 8.004428400000003663 ) ;
#5890 = DIRECTION ( 'NONE',  ( -1.000000000000000000, 0.0000000000000000000, 0.0000000000000000000 ) ) ;
#5891 = DIRECTION ( 'NONE',  ( 0.0000000000000000000, 0.0000000000000000000, 1.000000000000000000 ) ) ;
#5892 = PRESENTATION_STYLE_ASSIGNMENT (( #5532 ) ) ;
#5893 =( GEOMETRIC_REPRESENTATION_CONTEXT ( 3 ) GLOBAL_UNCERTAINTY_ASSIGNED_CONTEXT ( ( #5825 ) ) GLOBAL_UNIT_ASSIGNED_CONTEXT ( ( #4573, #1398, #5098 ) ) REPRESENTATION_CONTEXT ( 'NONE', 'WORKASPACE' ) );
#5894 = EDGE_CURVE ( 'NONE', #2260, #5701, #484, .T. ) ;
#5895 = COLOUR_RGB ( '',0.2509803921568627416, 0.2509803921568627416, 0.2509803921568627416 ) ;
#5896 = AXIS2_PLACEMENT_3D ( 'NONE', #3745, #5089, #1939 ) ;
#5897 = CARTESIAN_POINT ( 'NONE',  ( 5.970552912677237423, 8.197754242818334092, 19.06007378821410470 ) ) ;
#5898 = CIRCLE ( 'NONE', #7, 5.085906700000001557 ) ;
#5899 = VECTOR ( 'NONE', #3543, 1000.000000000000000 ) ;
#5900 = DIRECTION ( 'NONE',  ( 1.000000000000000000, -0.0000000000000000000, -0.0000000000000000000 ) ) ;
#5901 = DIRECTION ( 'NONE',  ( -1.000000000000000000, 0.0000000000000000000, -0.0000000000000000000 ) ) ;
#5902 = ORIENTED_EDGE ( 'NONE', *, *, #1849, .F. ) ;
#5903 = DIRECTION ( 'NONE',  ( -0.0000000000000000000, -1.000000000000000000, -0.0000000000000000000 ) ) ;
#5904 = DIRECTION ( 'NONE',  ( 0.0000000000000000000, -0.0000000000000000000, -1.000000000000000000 ) ) ;
#5905 = CARTESIAN_POINT ( 'NONE',  ( 1.471771281970234213, 13.52856633055133528, 22.62007378821410697 ) ) ;
#5906 = CARTESIAN_POINT ( 'NONE',  ( -4.929435102211766839, 10.46773206567633707, 14.99907378821410653 ) ) ;
#5907 = FILL_AREA_STYLE ('',( #2222 ) ) ;
#5908 = CARTESIAN_POINT ( 'NONE',  ( -3.813228718029765929, 12.51275424281733528, 11.44007378821410725 ) ) ;
#5909 = STYLED_ITEM ( 'NONE', ( #243 ), #4099 ) ;
#5910 = ORIENTED_EDGE ( 'NONE', *, *, #2506, .T. ) ;
#5911 = SURFACE_STYLE_USAGE ( .BOTH. , #2201 ) ;
#5912 = DIRECTION ( 'NONE',  ( -0.0000000000000000000, 0.0000000000000000000, 1.000000000000000000 ) ) ;
#5913 =( GEOMETRIC_REPRESENTATION_CONTEXT ( 3 ) GLOBAL_UNCERTAINTY_ASSIGNED_CONTEXT ( ( #3101 ) ) GLOBAL_UNIT_ASSIGNED_CONTEXT ( ( #5927, #2771, #6471 ) ) REPRESENTATION_CONTEXT ( 'NONE', 'WORKASPACE' ) );
#5914 = FACE_OUTER_BOUND ( 'NONE', #1929, .T. ) ;
#5915 =( NAMED_UNIT ( * ) PLANE_ANGLE_UNIT ( ) SI_UNIT ( $, .RADIAN. ) );
#5916 = EDGE_CURVE ( 'NONE', #2031, #5523, #5977, .T. ) ;
#5917 = ORIENTED_EDGE ( 'NONE', *, *, #1849, .T. ) ;
#5918 = ORIENTED_EDGE ( 'NONE', *, *, #4459, .T. ) ;
#5919 = DIRECTION ( 'NONE',  ( -0.0000000000000000000, -0.0000000000000000000, 1.000000000000000000 ) ) ;
#5920 = ORIENTED_EDGE ( 'NONE', *, *, #1504, .F. ) ;
#5921 = CARTESIAN_POINT ( 'NONE',  ( 1.470564897788234404, 4.397732065676335900, 22.62007378821410697 ) ) ;
#5922 = VERTEX_POINT ( 'NONE', #1157 ) ;
#5923 = PLANE ( 'NONE',  #5741 ) ;
#5924 = SURFACE_STYLE_USAGE ( .BOTH. , #2218 ) ;
#5925 = DIRECTION ( 'NONE',  ( 0.0000000000000000000, 1.000000000000000000, -0.0000000000000000000 ) ) ;
#5926 = UNCERTAINTY_MEASURE_WITH_UNIT (LENGTH_MEASURE( 1.000000000000000082E-05 ), #1141, 'distance_accuracy_value', 'NONE');
#5927 =( LENGTH_UNIT ( ) NAMED_UNIT ( * ) SI_UNIT ( .MILLI., .METRE. ) );
#5928 = EDGE_CURVE ( 'NONE', #4501, #56, #3007, .T. ) ;
#5929 = CARTESIAN_POINT ( 'NONE',  ( 6.170552912677234048, 10.39775424281733507, 21.62007378821410342 ) ) ;
#5930 = FACE_OUTER_BOUND ( 'NONE', #1370, .T. ) ;
#5931 = VECTOR ( 'NONE', #1073, 1000.000000000000000 ) ;
#5932 = PLANE ( 'NONE',  #829 ) ;
#5933 = ORIENTED_EDGE ( 'NONE', *, *, #1150, .T. ) ;
#5934 = ORIENTED_EDGE ( 'NONE', *, *, #3629, .F. ) ;
#5935 = CARTESIAN_POINT ( 'NONE',  ( -4.081961051698764997, 12.25775424281733450, 22.62007378821410697 ) ) ;
#5936 = CARTESIAN_POINT ( 'NONE',  ( -6.329435102211765418, 13.52856633055133528, 15.00007378821410597 ) ) ;
#5937 = STYLED_ITEM ( 'NONE', ( #4892 ), #5290 ) ;
#5938 = ORIENTED_EDGE ( 'NONE', *, *, #2320, .T. ) ;
#5939 = AXIS2_PLACEMENT_3D ( 'NONE', #6456, #3286, #85 ) ;
#5940 = EDGE_CURVE ( 'NONE', #4063, #6335, #3170, .T. ) ;
#5941 = ORIENTED_EDGE ( 'NONE', *, *, #172, .T. ) ;
#5942 = CIRCLE ( 'NONE', #5877, 0.6792775000100133020 ) ;
#5943 = CARTESIAN_POINT ( 'NONE',  ( -4.929435102211766839, 4.967732065676335296, 14.99907378821410653 ) ) ;
#5944 = DIRECTION ( 'NONE',  ( -0.0000000000000000000, -1.000000000000000000, -0.0000000000000000000 ) ) ;
#5945 = PRESENTATION_LAYER_ASSIGNMENT (  '', '', ( #5599 ) ) ;
#5946 = ORIENTED_EDGE ( 'NONE', *, *, #3617, .T. ) ;
#5947 = SURFACE_SIDE_STYLE ('',( #1677 ) ) ;
#5948 = DIRECTION ( 'NONE',  ( -0.0000000000000000000, -0.0000000000000000000, 1.000000000000000000 ) ) ;
#5949 = VECTOR ( 'NONE', #4074, 1000.000000000000000 ) ;
#5950 =( LENGTH_UNIT ( ) NAMED_UNIT ( * ) SI_UNIT ( .MILLI., .METRE. ) );
#5951 = EDGE_LOOP ( 'NONE', ( #2104, #6505, #3895, #5594 ) ) ;
#5952 = CARTESIAN_POINT ( 'NONE',  ( -4.129435102211766129, 6.467732065676334408, 14.99907378821410653 ) ) ;
#5953 = SURFACE_SIDE_STYLE ('',( #2916 ) ) ;
#5954 = MECHANICAL_DESIGN_GEOMETRIC_PRESENTATION_REPRESENTATION (  '', ( #5244 ), #6321 ) ;
#5955 = EDGE_CURVE ( 'NONE', #4714, #312, #158, .T. ) ;
#5956 = DIRECTION ( 'NONE',  ( 0.0000000000000000000, 0.0000000000000000000, -1.000000000000000000 ) ) ;
#5957 = VECTOR ( 'NONE', #2428, 1000.000000000000000 ) ;
#5958 = PRESENTATION_STYLE_ASSIGNMENT (( #6816 ) ) ;
#5959 = STYLED_ITEM ( 'NONE', ( #6112 ), #2488 ) ;
#5960 = VERTEX_POINT ( 'NONE', #3319 ) ;
#5961 = LINE ( 'NONE', #1845, #3160 ) ;
#5962 = PRESENTATION_STYLE_ASSIGNMENT (( #2349 ) ) ;
#5963 =( GEOMETRIC_REPRESENTATION_CONTEXT ( 3 ) GLOBAL_UNCERTAINTY_ASSIGNED_CONTEXT ( ( #373 ) ) GLOBAL_UNIT_ASSIGNED_CONTEXT ( ( #285, #4014, #812 ) ) REPRESENTATION_CONTEXT ( 'NONE', 'WORKASPACE' ) );
#5964 = VECTOR ( 'NONE', #5965, 1000.000000000000000 ) ;
#5965 = DIRECTION ( 'NONE',  ( 1.000000000000000000, -0.0000000000000000000, -0.0000000000000000000 ) ) ;
#5966 = UNCERTAINTY_MEASURE_WITH_UNIT (LENGTH_MEASURE( 1.000000000000000082E-05 ), #2433, 'distance_accuracy_value', 'NONE');
#5967 = CARTESIAN_POINT ( 'NONE',  ( -6.329435102211765418, 3.367732065676335207, 15.00007378821410597 ) ) ;
#5968 = DIRECTION ( 'NONE',  ( -0.0000000000000000000, -0.0000000000000000000, 1.000000000000000000 ) ) ;
#5969 = LINE ( 'NONE', #5262, #1919 ) ;
#5970 = SURFACE_STYLE_FILL_AREA ( #3791 ) ;
#5971 = DIRECTION ( 'NONE',  ( 0.0000000000000000000, 1.000000000000000000, 0.0000000000000000000 ) ) ;
#5972 =( NAMED_UNIT ( * ) SI_UNIT ( $, .STERADIAN. ) SOLID_ANGLE_UNIT ( ) );
#5973 = DIRECTION ( 'NONE',  ( 1.000000000000000000, -0.0000000000000000000, -0.0000000000000000000 ) ) ;
#5974 =( NAMED_UNIT ( * ) PLANE_ANGLE_UNIT ( ) SI_UNIT ( $, .RADIAN. ) );
#5975 = CARTESIAN_POINT ( 'NONE',  ( 6.970552912687234759, 11.34774289832133576, 21.14727454486182268 ) ) ;
#5976 = CARTESIAN_POINT ( 'NONE',  ( -5.328228808214765522, 3.367732065676335207, 15.00007378821410597 ) ) ;
#5977 = LINE ( 'NONE', #5921, #5813 ) ;
#5978 = VECTOR ( 'NONE', #2304, 1000.000000000000000 ) ;
#5979 = VECTOR ( 'NONE', #5754, 1000.000000000000000 ) ;
#5980 = PLANE ( 'NONE',  #4298 ) ;
#5981 = DIRECTION ( 'NONE',  ( 1.000000000000000000, 0.0000000000000000000, 0.0000000000000000000 ) ) ;
#5982 = PRESENTATION_STYLE_ASSIGNMENT (( #3056 ) ) ;
#5983 = PRESENTATION_LAYER_ASSIGNMENT (  '', '', ( #5635 ) ) ;
#5984 = VERTEX_POINT ( 'NONE', #115 ) ;
#5985 = VERTEX_POINT ( 'NONE', #641 ) ;
#5986 = AXIS2_PLACEMENT_3D ( 'NONE', #4779, #2193, #5904 ) ;
#5987 = CARTESIAN_POINT ( 'NONE',  ( 3.190552912677234509, 11.94775424282733489, 20.62007378821410697 ) ) ;
#5988 = AXIS2_PLACEMENT_3D ( 'NONE', #3168, #6878, #3695 ) ;
#5989 = CYLINDRICAL_SURFACE ( 'NONE', #5137, 0.2709253584794991121 ) ;
#5990 = SURFACE_STYLE_USAGE ( .BOTH. , #2280 ) ;
#5991 = ORIENTED_EDGE ( 'NONE', *, *, #1395, .T. ) ;
#5992 = VECTOR ( 'NONE', #2956, 1000.000000000000000 ) ;
#5993 =( LENGTH_UNIT ( ) NAMED_UNIT ( * ) SI_UNIT ( .MILLI., .METRE. ) );
#5994 = CARTESIAN_POINT ( 'NONE',  ( 5.598034606640234223, 4.367732065676334763, 14.36007378821410541 ) ) ;
#5995 = CARTESIAN_POINT ( 'NONE',  ( 6.023131538444234323, 13.52775424281733585, 15.23425859490910739 ) ) ;
#5996 =( NAMED_UNIT ( * ) SI_UNIT ( $, .STERADIAN. ) SOLID_ANGLE_UNIT ( ) );
#5997 = PRESENTATION_STYLE_ASSIGNMENT (( #1776 ) ) ;
#5998 =( NAMED_UNIT ( * ) SI_UNIT ( $, .STERADIAN. ) SOLID_ANGLE_UNIT ( ) );
#5999 = AXIS2_PLACEMENT_3D ( 'NONE', #1792, #5494, #2329 ) ;
#6000 =( NAMED_UNIT ( * ) PLANE_ANGLE_UNIT ( ) SI_UNIT ( $, .RADIAN. ) );
#6001 = LINE ( 'NONE', #4338, #3358 ) ;
#6002 = EDGE_CURVE ( 'NONE', #165, #4608, #1415, .T. ) ;
#6003 =( NAMED_UNIT ( * ) PLANE_ANGLE_UNIT ( ) SI_UNIT ( $, .RADIAN. ) );
#6004 = EDGE_CURVE ( 'NONE', #4780, #3639, #5308, .T. ) ;
#6005 = AXIS2_PLACEMENT_3D ( 'NONE', #162, #3883, #684 ) ;
#6006 = ORIENTED_EDGE ( 'NONE', *, *, #5743, .T. ) ;
#6007 = ORIENTED_EDGE ( 'NONE', *, *, #6802, .T. ) ;
#6008 = CARTESIAN_POINT ( 'NONE',  ( 7.318691478861913957, 11.36820618564144780, 15.81357446846311277 ) ) ;
#6009 =( GEOMETRIC_REPRESENTATION_CONTEXT ( 3 ) GLOBAL_UNCERTAINTY_ASSIGNED_CONTEXT ( ( #2660 ) ) GLOBAL_UNIT_ASSIGNED_CONTEXT ( ( #1135, #4857, #1679 ) ) REPRESENTATION_CONTEXT ( 'NONE', 'WORKASPACE' ) );
#6010 = MECHANICAL_DESIGN_GEOMETRIC_PRESENTATION_REPRESENTATION (  '', ( #4936 ), #6369 ) ;
#6011 = EDGE_LOOP ( 'NONE', ( #435, #797 ) ) ;
#6012 = CARTESIAN_POINT ( 'NONE',  ( 3.761478271157229880, 11.94775424282733489, 22.62007378821410697 ) ) ;
#6013 = ORIENTED_EDGE ( 'NONE', *, *, #5928, .F. ) ;
#6014 = CARTESIAN_POINT ( 'NONE',  ( 2.170564897788234138, 5.397732065676335900, 15.00007378821410597 ) ) ;
#6015 = EDGE_LOOP ( 'NONE', ( #5331, #4943, #1296 ) ) ;
#6016 = FILL_AREA_STYLE_COLOUR ( '', #2661 ) ;
#6017 = EDGE_CURVE ( 'NONE', #950, #6703, #2846, .T. ) ;
#6018 = ORIENTED_EDGE ( 'NONE', *, *, #1323, .T. ) ;
#6019 = CARTESIAN_POINT ( 'NONE',  ( 9.068280943708629138, 4.052033959304031541, 16.29749454285293808 ) ) ;
#6020 =( LENGTH_UNIT ( ) NAMED_UNIT ( * ) SI_UNIT ( .MILLI., .METRE. ) );
#6021 = ORIENTED_EDGE ( 'NONE', *, *, #5376, .F. ) ;
#6022 = ORIENTED_EDGE ( 'NONE', *, *, #2396, .F. ) ;
#6023 =( NAMED_UNIT ( * ) SI_UNIT ( $, .STERADIAN. ) SOLID_ANGLE_UNIT ( ) );
#6024 = VECTOR ( 'NONE', #2225, 1000.000000000000000 ) ;
#6025 = DIRECTION ( 'NONE',  ( -0.4786770492222107709, -0.8779910492413446343, 0.0000000000000000000 ) ) ;
#6026 = CARTESIAN_POINT ( 'NONE',  ( 4.190552912677234509, 11.94775424282733489, 20.62007378821410697 ) ) ;
#6027 = DIRECTION ( 'NONE',  ( -0.0000000000000000000, -0.0000000000000000000, 1.000000000000000000 ) ) ;
#6028 = DIRECTION ( 'NONE',  ( -0.0000000000000000000, -0.0000000000000000000, -1.000000000000000000 ) ) ;
#6029 = VECTOR ( 'NONE', #5623, 1000.000000000000000 ) ;
#6030 = EDGE_CURVE ( 'NONE', #5159, #5370, #5658, .T. ) ;
#6031 = ORIENTED_EDGE ( 'NONE', *, *, #4605, .T. ) ;
#6032 = ORIENTED_EDGE ( 'NONE', *, *, #5231, .T. ) ;
#6033 = SURFACE_STYLE_FILL_AREA ( #2749 ) ;
#6034 =( LENGTH_UNIT ( ) NAMED_UNIT ( * ) SI_UNIT ( .MILLI., .METRE. ) );
#6035 = ORIENTED_EDGE ( 'NONE', *, *, #4180, .T. ) ;
#6036 = CARTESIAN_POINT ( 'NONE',  ( 11.08444181289723574, 10.48386097141133355, 16.50007378821410597 ) ) ;
#6037 = VECTOR ( 'NONE', #5188, 1000.000000000000000 ) ;
#6038 = CARTESIAN_POINT ( 'NONE',  ( -3.813228718029765929, 4.892754242817335175, 15.00007378821410597 ) ) ;
#6039 = CARTESIAN_POINT ( 'NONE',  ( 3.370579423396234287, 15.55775424281733521, 15.00007378821410420 ) ) ;
#6040 = ORIENTED_EDGE ( 'NONE', *, *, #2927, .F. ) ;
#6041 = UNCERTAINTY_MEASURE_WITH_UNIT (LENGTH_MEASURE( 1.000000000000000082E-05 ), #834, 'distance_accuracy_value', 'NONE');
#6042 = DIRECTION ( 'NONE',  ( 1.000000000000000000, 0.0000000000000000000, -0.0000000000000000000 ) ) ;
#6043 = ORIENTED_EDGE ( 'NONE', *, *, #1751, .T. ) ;
#6044 = DIRECTION ( 'NONE',  ( -1.000000000000000000, -0.0000000000000000000, -0.0000000000000000000 ) ) ;
#6045 = FACE_OUTER_BOUND ( 'NONE', #3526, .T. ) ;
#6046 = EDGE_LOOP ( 'NONE', ( #6372, #3683, #6021, #4365 ) ) ;
#6047 = SURFACE_SIDE_STYLE ('',( #4106 ) ) ;
#6048 = CARTESIAN_POINT ( 'NONE',  ( -3.813228718029765929, 4.892754242817335175, 11.44007378821410725 ) ) ;
#6049 = CARTESIAN_POINT ( 'NONE',  ( -6.329420576603766335, 9.447739717209742594, 22.62007378821410697 ) ) ;
#6050 =( NAMED_UNIT ( * ) SI_UNIT ( $, .STERADIAN. ) SOLID_ANGLE_UNIT ( ) );
#6051 =( NAMED_UNIT ( * ) SI_UNIT ( $, .STERADIAN. ) SOLID_ANGLE_UNIT ( ) );
#6052 = PRESENTATION_STYLE_ASSIGNMENT (( #3931 ) ) ;
#6053 = MECHANICAL_DESIGN_GEOMETRIC_PRESENTATION_REPRESENTATION (  '', ( #4625 ), #6405 ) ;
#6054 = EDGE_CURVE ( 'NONE', #6075, #1380, #2674, .T. ) ;
#6055 = LINE ( 'NONE', #6502, #3236 ) ;
#6056 =( LENGTH_UNIT ( ) NAMED_UNIT ( * ) SI_UNIT ( .MILLI., .METRE. ) );
#6057 = CARTESIAN_POINT ( 'NONE',  ( -3.303228718029766142, 12.51275424281733528, 11.44007378821410725 ) ) ;
#6058 = LINE ( 'NONE', #1257, #4647 ) ;
#6059 = PRESENTATION_STYLE_ASSIGNMENT (( #563 ) ) ;
#6060 = VECTOR ( 'NONE', #2425, 1000.000000000000114 ) ;
#6061 = CARTESIAN_POINT ( 'NONE',  ( 5.870552912677234225, 10.39775424281733329, 21.62007378821410342 ) ) ;
#6062 = SHAPE_DEFINITION_REPRESENTATION ( #5527, #180 ) ;
#6063 = COLOUR_RGB ( '',0.2509803921568627416, 0.2509803921568627416, 0.2509803921568627416 ) ;
#6064 = DIRECTION ( 'NONE',  ( -0.0000000000000000000, -0.0000000000000000000, 1.000000000000000000 ) ) ;
#6065 =( NAMED_UNIT ( * ) PLANE_ANGLE_UNIT ( ) SI_UNIT ( $, .RADIAN. ) );
#6066 = CARTESIAN_POINT ( 'NONE',  ( 4.598034606640233335, 13.52777641995833413, 15.00007378821410597 ) ) ;
#6067 = LINE ( 'NONE', #3561, #5899 ) ;
#6068 = SURFACE_STYLE_FILL_AREA ( #2827 ) ;
#6069 = CARTESIAN_POINT ( 'NONE',  ( 6.023124048472234371, 4.367732065676334763, 15.00007378821410597 ) ) ;
#6070 = CARTESIAN_POINT ( 'NONE',  ( 7.711183774497037291, 13.00225033285154019, 15.96778771949998088 ) ) ;
#6071 = ORIENTED_EDGE ( 'NONE', *, *, #826, .F. ) ;
#6072 = CARTESIAN_POINT ( 'NONE',  ( 5.598034606640234223, 4.367732065676334763, 14.36007378821410541 ) ) ;
#6073 = CARTESIAN_POINT ( 'NONE',  ( 6.170552912677234936, 6.197754242817334003, 21.62007378821410342 ) ) ;
#6074 = STYLED_ITEM ( 'NONE', ( #5839 ), #5186 ) ;
#6075 = VERTEX_POINT ( 'NONE', #5995 ) ;
#6076 = COLOUR_RGB ( '',1.000000000000000000, 1.000000000000000000, 1.000000000000000000 ) ;
#6077 = AXIS2_PLACEMENT_3D ( 'NONE', #6627, #2382, #6117 ) ;
#6078 = COLOUR_RGB ( '',0.2509803921568627416, 0.2509803921568627416, 0.2509803921568627416 ) ;
#6079 = FILL_AREA_STYLE_COLOUR ( '', #1226 ) ;
#6080 = STYLED_ITEM ( 'NONE', ( #1927 ), #6871 ) ;
#6081 = EDGE_CURVE ( 'NONE', #5511, #3362, #3907, .T. ) ;
#6082 = CARTESIAN_POINT ( 'NONE',  ( 5.970552912677237423, 8.447754242828334981, 18.81007378821410470 ) ) ;
#6083 = ADVANCED_FACE ( 'NONE', ( #6730 ), #1754, .F. ) ;
#6084 = FILL_AREA_STYLE_COLOUR ( '', #1738 ) ;
#6085 = SURFACE_STYLE_USAGE ( .BOTH. , #2376 ) ;
#6086 = LINE ( 'NONE', #366, #4676 ) ;
#6087 = CARTESIAN_POINT ( 'NONE',  ( 3.190552912677234954, 4.947754242807335778, 22.62007378821410697 ) ) ;
#6088 = FILL_AREA_STYLE_COLOUR ( '', #1325 ) ;
#6089 = ORIENTED_EDGE ( 'NONE', *, *, #4846, .T. ) ;
#6090 = DIRECTION ( 'NONE',  ( 1.000000000000000000, 0.0000000000000000000, -0.0000000000000000000 ) ) ;
#6091 = STYLED_ITEM ( 'NONE', ( #2264 ), #3454 ) ;
#6092 = CARTESIAN_POINT ( 'NONE',  ( -2.829435102211765862, 4.367732065676334763, 14.36007378821410363 ) ) ;
#6093 = VERTEX_POINT ( 'NONE', #1230 ) ;
#6094 = VERTEX_POINT ( 'NONE', #4961 ) ;
#6095 = EDGE_CURVE ( 'NONE', #1525, #833, #6058, .T. ) ;
#6096 = EDGE_CURVE ( 'NONE', #5542, #6199, #1999, .T. ) ;
#6097 = VERTEX_POINT ( 'NONE', #1802 ) ;
#6098 = APPLICATION_PROTOCOL_DEFINITION ( 'draft international standard', 'automotive_design', 1998, #6633 ) ;
#6099 = PRESENTATION_LAYER_ASSIGNMENT (  '', '', ( #5379 ) ) ;
#6100 = FILL_AREA_STYLE ('',( #5569 ) ) ;
#6101 = STYLED_ITEM ( 'NONE', ( #1037 ), #2437 ) ;
#6102 = MECHANICAL_DESIGN_GEOMETRIC_PRESENTATION_REPRESENTATION (  '', ( #5386 ), #6458 ) ;
#6103 = DIRECTION ( 'NONE',  ( -0.0000000000000000000, 1.110223024624999878E-16, 1.000000000000000000 ) ) ;
#6104 = SURFACE_SIDE_STYLE ('',( #5310 ) ) ;
#6105 = PRESENTATION_STYLE_ASSIGNMENT (( #4667 ) ) ;
#6106 = LINE ( 'NONE', #3735, #1879 ) ;
#6107 = ORIENTED_EDGE ( 'NONE', *, *, #440, .F. ) ;
#6108 = FILL_AREA_STYLE_COLOUR ( '', #5297 ) ;
#6109 = CARTESIAN_POINT ( 'NONE',  ( -4.929435102211766839, 11.96773206567633530, 15.00007378821410597 ) ) ;
#6110 =( LENGTH_UNIT ( ) NAMED_UNIT ( * ) SI_UNIT ( .MILLI., .METRE. ) );
#6111 = ORIENTED_EDGE ( 'NONE', *, *, #6185, .T. ) ;
#6112 = PRESENTATION_STYLE_ASSIGNMENT (( #5436 ) ) ;
#6113 = EDGE_CURVE ( 'NONE', #5238, #3057, #3242, .T. ) ;
#6114 = DIRECTION ( 'NONE',  ( 1.000000000000000000, 0.0000000000000000000, 0.0000000000000000000 ) ) ;
#6115 = ORIENTED_EDGE ( 'NONE', *, *, #3041, .T. ) ;
#6116 = DIRECTION ( 'NONE',  ( 0.0000000000000000000, 0.0000000000000000000, -1.000000000000000000 ) ) ;
#6117 = DIRECTION ( 'NONE',  ( 0.6414938043978152260, -0.7671282154367792261, 0.0000000000000000000 ) ) ;
#6118 = CARTESIAN_POINT ( 'NONE',  ( 6.970552912687234759, 12.84774289832133398, 15.00007378822410686 ) ) ;
#6119 = EDGE_LOOP ( 'NONE', ( #5822, #3548, #3367, #4788, #2110, #1033 ) ) ;
#6120 = ADVANCED_FACE ( 'NONE', ( #4809 ), #3996, .F. ) ;
#6121 = LINE ( 'NONE', #742, #4706 ) ;
#6122 =( GEOMETRIC_REPRESENTATION_CONTEXT ( 3 ) GLOBAL_UNCERTAINTY_ASSIGNED_CONTEXT ( ( #877 ) ) GLOBAL_UNIT_ASSIGNED_CONTEXT ( ( #6834, #3659, #455 ) ) REPRESENTATION_CONTEXT ( 'NONE', 'WORKASPACE' ) );
#6123 = EDGE_CURVE ( 'NONE', #6689, #1533, #5389, .T. ) ;
#6124 = ORIENTED_EDGE ( 'NONE', *, *, #1829, .T. ) ;
#6125 = DIRECTION ( 'NONE',  ( 1.000000000000000000, 0.0000000000000000000, 0.0000000000000000000 ) ) ;
#6126 = LINE ( 'NONE', #5642, #5949 ) ;
#6127 = AXIS2_PLACEMENT_3D ( 'NONE', #6828, #3653, #448 ) ;
#6128 = APPLICATION_CONTEXT ( 'automotive_design' ) ;
#6129 = AXIS2_PLACEMENT_3D ( 'NONE', #5145, #1984, #5695 ) ;
#6130 = VERTEX_POINT ( 'NONE', #1310 ) ;
#6131 = PRESENTATION_STYLE_ASSIGNMENT (( #4332 ) ) ;
#6132 = ORIENTED_EDGE ( 'NONE', *, *, #3783, .F. ) ;
#6133 = SURFACE_SIDE_STYLE ('',( #1992 ) ) ;
#6134 = VECTOR ( 'NONE', #5168, 1000.000000000000000 ) ;
#6135 = PRESENTATION_STYLE_ASSIGNMENT (( #1945 ) ) ;
#6136 = DIRECTION ( 'NONE',  ( -1.000000000000000000, 0.0000000000000000000, 0.0000000000000000000 ) ) ;
#6137 = LINE ( 'NONE', #6109, #4723 ) ;
#6138 = AXIS2_PLACEMENT_3D ( 'NONE', #3283, #84, #3805 ) ;
#6139 = CIRCLE ( 'NONE', #1066, 0.3199999999999999512 ) ;
#6140 = ORIENTED_EDGE ( 'NONE', *, *, #126, .F. ) ;
#6141 = PRESENTATION_LAYER_ASSIGNMENT (  '', '', ( #5418 ) ) ;
#6142 = LINE ( 'NONE', #6012, #3327 ) ;
#6143 = ADVANCED_FACE ( 'NONE', ( #6818 ), #5005, .F. ) ;
#6144 = LINE ( 'NONE', #1178, #4886 ) ;
#6145 =( NAMED_UNIT ( * ) PLANE_ANGLE_UNIT ( ) SI_UNIT ( $, .RADIAN. ) );
#6146 = FILL_AREA_STYLE ('',( #4018 ) ) ;
#6147 = FILL_AREA_STYLE_COLOUR ( '', #4215 ) ;
#6148 = LINE ( 'NONE', #2882, #2079 ) ;
#6149 = AXIS2_PLACEMENT_3D ( 'NONE', #3610, #5195, #432 ) ;
#6150 = PRESENTATION_LAYER_ASSIGNMENT (  '', '', ( #5426 ) ) ;
#6151 = DIRECTION ( 'NONE',  ( 1.000000000000000000, 0.0000000000000000000, 0.0000000000000000000 ) ) ;
#6152 = PRESENTATION_STYLE_ASSIGNMENT (( #6259 ) ) ;
#6153 = PRESENTATION_STYLE_ASSIGNMENT (( #4335 ) ) ;
#6154 = CARTESIAN_POINT ( 'NONE',  ( 6.970552912687234759, 3.367732065666334318, 15.67423777297410581 ) ) ;
#6155 =( BOUNDED_CURVE ( )  B_SPLINE_CURVE ( 3, ( #6434, #3789, #4328, #1132 ),
 .UNSPECIFIED., .F., .F. ) 
 B_SPLINE_CURVE_WITH_KNOTS ( ( 4, 4 ),
 ( 3.141592653589793560, 4.712388980384693227 ),
 .UNSPECIFIED. ) 
 CURVE ( )  GEOMETRIC_REPRESENTATION_ITEM ( )  RATIONAL_B_SPLINE_CURVE ( ( 1.000000000000000000, 0.8047378541243643824, 0.8047378541243643824, 1.000000000000000000 ) ) 
 REPRESENTATION_ITEM ( '' )  );
#6156 = VECTOR ( 'NONE', #3264, 1000.000000000000000 ) ;
#6157 = PRESENTATION_STYLE_ASSIGNMENT (( #6361 ) ) ;
#6158 = DIRECTION ( 'NONE',  ( 1.239088197122750557E-16, 1.000000000000000000, -0.0000000000000000000 ) ) ;
#6159 = LINE ( 'NONE', #1807, #2094 ) ;
#6160 = ADVANCED_FACE ( 'NONE', ( #6309 ), #150, .F. ) ;
#6161 = SURFACE_STYLE_FILL_AREA ( #2514 ) ;
#6162 = FILL_AREA_STYLE_COLOUR ( '', #5801 ) ;
#6163 = CARTESIAN_POINT ( 'NONE',  ( 11.87177130872730935, 10.03851268101188765, 21.60655012971061240 ) ) ;
#6164 = EDGE_LOOP ( 'NONE', ( #3918, #5640, #1864, #2223 ) ) ;
#6165 = FILL_AREA_STYLE_COLOUR ( '', #372 ) ;
#6166 = ORIENTED_EDGE ( 'NONE', *, *, #2039, .F. ) ;
#6167 = CARTESIAN_POINT ( 'NONE',  ( 3.370579423406233843, 13.52856633055133528, 22.62007378821410697 ) ) ;
#6168 = ORIENTED_EDGE ( 'NONE', *, *, #5231, .F. ) ;
#6169 = EDGE_CURVE ( 'NONE', #3293, #1053, #2997, .T. ) ;
#6170 = DIRECTION ( 'NONE',  ( -3.845602496073480282E-13, -2.096606402642284913E-13, -1.000000000000000000 ) ) ;
#6171 = CARTESIAN_POINT ( 'NONE',  ( 6.023124048472234371, 3.367732065676335207, 15.23425467915210696 ) ) ;
#6172 = ORIENTED_EDGE ( 'NONE', *, *, #5507, .F. ) ;
#6173 = ADVANCED_FACE ( 'NONE', ( #5809 ), #6672, .F. ) ;
#6174 = CARTESIAN_POINT ( 'NONE',  ( 5.870552912677234225, 10.39775424281733329, 21.62007378821410342 ) ) ;
#6175 = SURFACE_STYLE_USAGE ( .BOTH. , #2469 ) ;
#6176 = ORIENTED_EDGE ( 'NONE', *, *, #4823, .T. ) ;
#6177 =( LENGTH_UNIT ( ) NAMED_UNIT ( * ) SI_UNIT ( .MILLI., .METRE. ) );
#6178 = FILL_AREA_STYLE ('',( #5646 ) ) ;
#6179 = MECHANICAL_DESIGN_GEOMETRIC_PRESENTATION_REPRESENTATION (  '', ( #5094 ), #6530 ) ;
#6180 = CARTESIAN_POINT ( 'NONE',  ( 6.805921667947245624, 11.33678848220937496, 22.00841217632481772 ) ) ;
#6181 =( NAMED_UNIT ( * ) SI_UNIT ( $, .STERADIAN. ) SOLID_ANGLE_UNIT ( ) );
#6182 = DIRECTION ( 'NONE',  ( 1.000000000000000000, 0.0000000000000000000, -0.0000000000000000000 ) ) ;
#6183 = VERTEX_POINT ( 'NONE', #2432 ) ;
#6184 =( NAMED_UNIT ( * ) PLANE_ANGLE_UNIT ( ) SI_UNIT ( $, .RADIAN. ) );
#6185 = EDGE_CURVE ( 'NONE', #1175, #621, #6548, .T. ) ;
#6186 = ADVANCED_FACE ( 'NONE', ( #1057 ), #331, .F. ) ;
#6187 = FACE_OUTER_BOUND ( 'NONE', #5609, .T. ) ;
#6188 = VERTEX_POINT ( 'NONE', #4056 ) ;
#6189 = EDGE_CURVE ( 'NONE', #1465, #6602, #1822, .T. ) ;
#6190 = DIRECTION ( 'NONE',  ( 1.000000000000000000, -0.0000000000000000000, 0.0000000000000000000 ) ) ;
#6191 = EDGE_LOOP ( 'NONE', ( #3456, #2296, #2216, #4826 ) ) ;
#6192 = LINE ( 'NONE', #5908, #3374 ) ;
#6193 = CARTESIAN_POINT ( 'NONE',  ( 3.419627554198233721, 4.947754242807335778, 22.62007378821410697 ) ) ;
#6194 =( GEOMETRIC_REPRESENTATION_CONTEXT ( 3 ) GLOBAL_UNCERTAINTY_ASSIGNED_CONTEXT ( ( #39 ) ) GLOBAL_UNIT_ASSIGNED_CONTEXT ( ( #3962, #766, #4495 ) ) REPRESENTATION_CONTEXT ( 'NONE', 'WORKASPACE' ) );
#6195 = AXIS2_PLACEMENT_3D ( 'NONE', #899, #4623, #1452 ) ;
#6196 = CARTESIAN_POINT ( 'NONE',  ( 6.723752724424892691, 11.34774289831133487, 22.43821375816129304 ) ) ;
#6197 =( NAMED_UNIT ( * ) SI_UNIT ( $, .STERADIAN. ) SOLID_ANGLE_UNIT ( ) );
#6198 = CARTESIAN_POINT ( 'NONE',  ( 2.171771281970234391, 15.55775424281733521, 22.62007378821410697 ) ) ;
#6199 = VERTEX_POINT ( 'NONE', #4085 ) ;
#6200 = FILL_AREA_STYLE_COLOUR ( '', #1581 ) ;
#6201 = DIRECTION ( 'NONE',  ( -0.0000000000000000000, 0.0000000000000000000, -1.000000000000000000 ) ) ;
#6202 = SURFACE_STYLE_USAGE ( .BOTH. , #2496 ) ;
#6203 = CARTESIAN_POINT ( 'NONE',  ( 12.47177132807216537, 5.124945020896920056, 21.50961998366993555 ) ) ;
#6204 = VECTOR ( 'NONE', #3346, 1000.000000000000000 ) ;
#6205 = SURFACE_STYLE_USAGE ( .BOTH. , #2500 ) ;
#6206 = ADVANCED_FACE ( 'NONE', ( #3234 ), #4601, .F. ) ;
#6207 = EDGE_LOOP ( 'NONE', ( #6043, #2736, #3179, #2864 ) ) ;
#6208 = ORIENTED_EDGE ( 'NONE', *, *, #3638, .F. ) ;
#6209 = EDGE_LOOP ( 'NONE', ( #6290, #5804, #5746, #6107 ) ) ;
#6210 = SURFACE_SIDE_STYLE ('',( #5085 ) ) ;
#6211 = STYLED_ITEM ( 'NONE', ( #6639 ), #1406 ) ;
#6212 = CARTESIAN_POINT ( 'NONE',  ( 4.970552912677236534, 8.697754242828334981, 20.57392859714610722 ) ) ;
#6213 = CYLINDRICAL_SURFACE ( 'NONE', #3284, 0.2999999999999990452 ) ;
#6214 = SURFACE_STYLE_FILL_AREA ( #4550 ) ;
#6215 = LINE ( 'NONE', #803, #3406 ) ;
#6216 = VECTOR ( 'NONE', #2307, 1000.000000000000000 ) ;
#6217 = DIRECTION ( 'NONE',  ( 1.076273396268222067E-33, 1.000000000000000000, -1.110223024624863306E-16 ) ) ;
#6218 = SURFACE_SIDE_STYLE ('',( #6161 ) ) ;
#6219 = VECTOR ( 'NONE', #3489, 1000.000000000000000 ) ;
#6220 = PLANE ( 'NONE',  #6138 ) ;
#6221 = DIRECTION ( 'NONE',  ( -0.0000000000000000000, -1.000000000000000000, -0.0000000000000000000 ) ) ;
#6222 = CARTESIAN_POINT ( 'NONE',  ( 0.0000000000000000000, 0.0000000000000000000, 11.44007378821410725 ) ) ;
#6223 = SURFACE_STYLE_FILL_AREA ( #1683 ) ;
#6224 = SURFACE_SIDE_STYLE ('',( #140 ) ) ;
#6225 =( NAMED_UNIT ( * ) SI_UNIT ( $, .STERADIAN. ) SOLID_ANGLE_UNIT ( ) );
#6226 = PRESENTATION_LAYER_ASSIGNMENT (  '', '', ( #5868 ) ) ;
#6227 = EDGE_CURVE ( 'NONE', #3837, #6274, #5382, .T. ) ;
#6228 = CARTESIAN_POINT ( 'NONE',  ( 4.598034606640233335, 4.367732065676334763, 15.00007378821410597 ) ) ;
#6229 = EDGE_CURVE ( 'NONE', #6357, #5367, #3987, .T. ) ;
#6230 = VECTOR ( 'NONE', #4523, 1000.000000000000000 ) ;
#6231 = FACE_OUTER_BOUND ( 'NONE', #5173, .T. ) ;
#6232 = AXIS2_PLACEMENT_3D ( 'NONE', #173, #3896, #694 ) ;
#6233 = LINE ( 'NONE', #5488, #3426 ) ;
#6234 = AXIS2_PLACEMENT_3D ( 'NONE', #4493, #1313, #5007 ) ;
#6235 = AXIS2_PLACEMENT_3D ( 'NONE', #5781, #2614, #6645 ) ;
#6236 = SURFACE_STYLE_USAGE ( .BOTH. , #2526 ) ;
#6237 = CARTESIAN_POINT ( 'NONE',  ( -2.829435102211765862, 3.367732065676335207, 15.00007378821410597 ) ) ;
#6238 = DIRECTION ( 'NONE',  ( -1.000000000000000000, 0.0000000000000000000, 0.0000000000000000000 ) ) ;
#6239 = ADVANCED_FACE ( 'NONE', ( #5213 ), #3063, .F. ) ;
#6240 =( NAMED_UNIT ( * ) SI_UNIT ( $, .STERADIAN. ) SOLID_ANGLE_UNIT ( ) );
#6241 = UNCERTAINTY_MEASURE_WITH_UNIT (LENGTH_MEASURE( 1.000000000000000082E-05 ), #2651, 'distance_accuracy_value', 'NONE');
#6242 =( LENGTH_UNIT ( ) NAMED_UNIT ( * ) SI_UNIT ( .MILLI., .METRE. ) );
#6243 = CARTESIAN_POINT ( 'NONE',  ( 6.023124048472234371, 3.367732065676335207, 22.55140048763810512 ) ) ;
#6244 = UNCERTAINTY_MEASURE_WITH_UNIT (LENGTH_MEASURE( 1.000000000000000082E-05 ), #3092, 'distance_accuracy_value', 'NONE');
#6245 = EDGE_CURVE ( 'NONE', #4010, #4795, #6139, .T. ) ;
#6246 = DIRECTION ( 'NONE',  ( -0.0000000000000000000, -1.000000000000000000, -0.0000000000000000000 ) ) ;
#6247 =( LENGTH_UNIT ( ) NAMED_UNIT ( * ) SI_UNIT ( .MILLI., .METRE. ) );
#6248 = CARTESIAN_POINT ( 'NONE',  ( -2.829435102211765862, 13.52777641995833413, 15.00007378821410597 ) ) ;
#6249 = SURFACE_SIDE_STYLE ('',( #3226 ) ) ;
#6250 = CARTESIAN_POINT ( 'NONE',  ( 4.598034606640233335, 13.52775424281733585, 15.00007378821410597 ) ) ;
#6251 = EDGE_LOOP ( 'NONE', ( #5902, #4850, #37, #1888 ) ) ;
#6252 = VECTOR ( 'NONE', #2357, 1000.000000000000000 ) ;
#6253 = DIRECTION ( 'NONE',  ( 0.0000000000000000000, -1.000000000000000000, 0.0000000000000000000 ) ) ;
#6254 = EDGE_CURVE ( 'NONE', #4449, #3037, #4725, .T. ) ;
#6255 = LINE ( 'NONE', #5671, #4833 ) ;
#6256 = PRESENTATION_LAYER_ASSIGNMENT (  '', '', ( #5541 ) ) ;
#6257 = ORIENTED_EDGE ( 'NONE', *, *, #2868, .F. ) ;
#6258 = SURFACE_STYLE_USAGE ( .BOTH. , #2554 ) ;
#6259 = SURFACE_STYLE_USAGE ( .BOTH. , #2556 ) ;
#6260 = VECTOR ( 'NONE', #2579, 1000.000000000000000 ) ;
#6261 = ORIENTED_EDGE ( 'NONE', *, *, #4672, .F. ) ;
#6262 = ORIENTED_EDGE ( 'NONE', *, *, #5108, .T. ) ;
#6263 =( LENGTH_UNIT ( ) NAMED_UNIT ( * ) SI_UNIT ( .MILLI., .METRE. ) );
#6264 = SURFACE_SIDE_STYLE ('',( #1833 ) ) ;
#6265 = ORIENTED_EDGE ( 'NONE', *, *, #3665, .F. ) ;
#6266 = STYLED_ITEM ( 'NONE', ( #3998 ), #2943 ) ;
#6267 = COLOUR_RGB ( '',1.000000000000000000, 1.000000000000000000, 1.000000000000000000 ) ;
#6268 =( LENGTH_UNIT ( ) NAMED_UNIT ( * ) SI_UNIT ( .MILLI., .METRE. ) );
#6269 = DIRECTION ( 'NONE',  ( 1.000000000000000000, -0.0000000000000000000, -0.0000000000000000000 ) ) ;
#6270 = AXIS2_PLACEMENT_3D ( 'NONE', #3713, #508, #4253 ) ;
#6271 =( LENGTH_UNIT ( ) NAMED_UNIT ( * ) SI_UNIT ( .MILLI., .METRE. ) );
#6272 = DIRECTION ( 'NONE',  ( 1.000000000000000000, -0.0000000000000000000, 0.0000000000000000000 ) ) ;
#6273 = SURFACE_STYLE_FILL_AREA ( #6416 ) ;
#6274 = VERTEX_POINT ( 'NONE', #418 ) ;
#6275 = ADVANCED_FACE ( 'NONE', ( #633 ), #2032, .F. ) ;
#6276 = EDGE_LOOP ( 'NONE', ( #3402, #5827, #788, #4336 ) ) ;
#6277 = CIRCLE ( 'NONE', #5251, 0.4999999999999991673 ) ;
#6278 = UNCERTAINTY_MEASURE_WITH_UNIT (LENGTH_MEASURE( 1.000000000000000082E-05 ), #3648, 'distance_accuracy_value', 'NONE');
#6279 = EDGE_CURVE ( 'NONE', #4683, #1380, #6887, .T. ) ;
#6280 = ORIENTED_EDGE ( 'NONE', *, *, #5869, .F. ) ;
#6281 = FILL_AREA_STYLE ('',( #5753 ) ) ;
#6282 = EDGE_LOOP ( 'NONE', ( #676, #3201 ) ) ;
#6283 = FILL_AREA_STYLE ('',( #6308 ) ) ;
#6284 = PRESENTATION_STYLE_ASSIGNMENT (( #3716 ) ) ;
#6285 = VECTOR ( 'NONE', #218, 1000.000000000000000 ) ;
#6286 = UNCERTAINTY_MEASURE_WITH_UNIT (LENGTH_MEASURE( 1.000000000000000082E-05 ), #4263, 'distance_accuracy_value', 'NONE');
#6287 =( NAMED_UNIT ( * ) SI_UNIT ( $, .STERADIAN. ) SOLID_ANGLE_UNIT ( ) );
#6288 = ORIENTED_EDGE ( 'NONE', *, *, #6169, .T. ) ;
#6289 = DIRECTION ( 'NONE',  ( 0.0000000000000000000, 0.0000000000000000000, 1.000000000000000000 ) ) ;
#6290 = ORIENTED_EDGE ( 'NONE', *, *, #1180, .T. ) ;
#6291 = TOROIDAL_SURFACE ( 'NONE', #4935, 0.07092535847949600625, 0.2000000000000030920 ) ;
#6292 = ORIENTED_EDGE ( 'NONE', *, *, #4316, .F. ) ;
#6293 = CARTESIAN_POINT ( 'NONE',  ( 0.0000000000000000000, 0.0000000000000000000, 15.00007378821410597 ) ) ;
#6294 = FACE_OUTER_BOUND ( 'NONE', #5013, .T. ) ;
#6295 =( NAMED_UNIT ( * ) PLANE_ANGLE_UNIT ( ) SI_UNIT ( $, .RADIAN. ) );
#6296 = SURFACE_SIDE_STYLE ('',( #4041 ) ) ;
#6297 = EDGE_CURVE ( 'NONE', #5340, #3099, #2833, .T. ) ;
#6298 = LINE ( 'NONE', #4639, #6134 ) ;
#6299 = COLOUR_RGB ( '',1.000000000000000000, 1.000000000000000000, 1.000000000000000000 ) ;
#6300 = CYLINDRICAL_SURFACE ( 'NONE', #902, 0.3199999999999999512 ) ;
#6301 = VECTOR ( 'NONE', #4982, 1000.000000000000000 ) ;
#6302 = AXIS2_PLACEMENT_3D ( 'NONE', #1155, #4878, #1702 ) ;
#6303 = CARTESIAN_POINT ( 'NONE',  ( 5.970552912677237423, 6.719299690771334710, 19.06007378821410470 ) ) ;
#6304 = VECTOR ( 'NONE', #4347, 1000.000000000000114 ) ;
#6305 = AXIS2_PLACEMENT_3D ( 'NONE', #2936, #6643, #3482 ) ;
#6306 = CARTESIAN_POINT ( 'NONE',  ( 3.961478271157233166, 11.94775424282733489, 22.42007378821410413 ) ) ;
#6307 = EDGE_CURVE ( 'NONE', #1548, #6075, #6646, .T. ) ;
#6308 = FILL_AREA_STYLE_COLOUR ( '', #5478 ) ;
#6309 = FACE_OUTER_BOUND ( 'NONE', #5692, .T. ) ;
#6310 = ADVANCED_FACE ( 'NONE', ( #5457 ), #6213, .F. ) ;
#6311 =( NAMED_UNIT ( * ) PLANE_ANGLE_UNIT ( ) SI_UNIT ( $, .RADIAN. ) );
#6312 = FACE_OUTER_BOUND ( 'NONE', #3741, .T. ) ;
#6313 = MECHANICAL_DESIGN_GEOMETRIC_PRESENTATION_REPRESENTATION (  '', ( #5599 ), #6667 ) ;
#6314 = FACE_OUTER_BOUND ( 'NONE', #4233, .T. ) ;
#6315 = SURFACE_STYLE_USAGE ( .BOTH. , #2609 ) ;
#6316 =( LENGTH_UNIT ( ) NAMED_UNIT ( * ) SI_UNIT ( .MILLI., .METRE. ) );
#6317 = CYLINDRICAL_SURFACE ( 'NONE', #3970, 1.781483599999990952 ) ;
#6318 = DIRECTION ( 'NONE',  ( 0.0000000000000000000, 0.0000000000000000000, 1.000000000000000000 ) ) ;
#6319 = LINE ( 'NONE', #585, #4734 ) ;
#6320 = DIRECTION ( 'NONE',  ( -0.0000000000000000000, -1.000000000000000000, -0.0000000000000000000 ) ) ;
#6321 =( GEOMETRIC_REPRESENTATION_CONTEXT ( 3 ) GLOBAL_UNCERTAINTY_ASSIGNED_CONTEXT ( ( #1556 ) ) GLOBAL_UNIT_ASSIGNED_CONTEXT ( ( #4490, #1312, #5006 ) ) REPRESENTATION_CONTEXT ( 'NONE', 'WORKASPACE' ) );
#6322 = FACE_BOUND ( 'NONE', #6282, .T. ) ;
#6323 = EDGE_CURVE ( 'NONE', #352, #117, #4957, .T. ) ;
#6324 = CARTESIAN_POINT ( 'NONE',  ( 6.627944198446450663, 13.32431124012275525, 15.52745213354516451 ) ) ;
#6325 = LINE ( 'NONE', #4592, #2097 ) ;
#6326 = EDGE_LOOP ( 'NONE', ( #6392, #4574, #184, #528, #5519, #2257 ) ) ;
#6327 = VERTEX_POINT ( 'NONE', #4763 ) ;
#6328 = AXIS2_PLACEMENT_3D ( 'NONE', #4711, #1535, #5237 ) ;
#6329 = PRESENTATION_LAYER_ASSIGNMENT (  '', '', ( #5959 ) ) ;
#6330 = PRESENTATION_LAYER_ASSIGNMENT (  '', '', ( #6685 ) ) ;
#6331 =( NAMED_UNIT ( * ) SI_UNIT ( $, .STERADIAN. ) SOLID_ANGLE_UNIT ( ) );
#6332 = ORIENTED_EDGE ( 'NONE', *, *, #174, .T. ) ;
#6333 = ORIENTED_EDGE ( 'NONE', *, *, #615, .T. ) ;
#6334 = SURFACE_SIDE_STYLE ('',( #3165 ) ) ;
#6335 = VERTEX_POINT ( 'NONE', #6368 ) ;
#6336 = UNCERTAINTY_MEASURE_WITH_UNIT (LENGTH_MEASURE( 1.000000000000000082E-05 ), #5993, 'distance_accuracy_value', 'NONE');
#6337 = DIRECTION ( 'NONE',  ( 1.000000000000000000, 0.0000000000000000000, 0.0000000000000000000 ) ) ;
#6338 = SURFACE_STYLE_FILL_AREA ( #3183 ) ;
#6339 = ORIENTED_EDGE ( 'NONE', *, *, #2701, .T. ) ;
#6340 = SURFACE_STYLE_USAGE ( .BOTH. , #2638 ) ;
#6341 = ADVANCED_FACE ( 'NONE', ( #4796 ), #1039, .F. ) ;
#6342 = MECHANICAL_DESIGN_GEOMETRIC_PRESENTATION_REPRESENTATION (  '', ( #5635 ), #6698 ) ;
#6343 = PRESENTATION_LAYER_ASSIGNMENT (  '', '', ( #5636 ) ) ;
#6344 = COLOUR_RGB ( '',1.000000000000000000, 1.000000000000000000, 1.000000000000000000 ) ;
#6345 = PRESENTATION_LAYER_ASSIGNMENT (  '', '', ( #5637 ) ) ;
#6346 =( LENGTH_UNIT ( ) NAMED_UNIT ( * ) SI_UNIT ( .MILLI., .METRE. ) );
#6347 = VERTEX_POINT ( 'NONE', #3198 ) ;
#6348 = UNCERTAINTY_MEASURE_WITH_UNIT (LENGTH_MEASURE( 1.000000000000000082E-05 ), #2591, 'distance_accuracy_value', 'NONE');
#6349 = CARTESIAN_POINT ( 'NONE',  ( 6.170552912677236712, 10.69775424281733400, 21.62007378821410342 ) ) ;
#6350 = DIRECTION ( 'NONE',  ( 1.000000000000000000, -0.0000000000000000000, -0.0000000000000000000 ) ) ;
#6351 =( NAMED_UNIT ( * ) PLANE_ANGLE_UNIT ( ) SI_UNIT ( $, .RADIAN. ) );
#6352 = PLANE ( 'NONE',  #4321 ) ;
#6353 = ORIENTED_EDGE ( 'NONE', *, *, #1618, .F. ) ;
#6354 = UNCERTAINTY_MEASURE_WITH_UNIT (LENGTH_MEASURE( 1.000000000000000082E-05 ), #1716, 'distance_accuracy_value', 'NONE');
#6355 = CARTESIAN_POINT ( 'NONE',  ( -3.303228718029766142, 6.922754242817335424, 11.44007378821410725 ) ) ;
#6356 = ORIENTED_EDGE ( 'NONE', *, *, #3038, .F. ) ;
#6357 = VERTEX_POINT ( 'NONE', #18 ) ;
#6358 = PRESENTATION_LAYER_ASSIGNMENT (  '', '', ( #5652 ) ) ;
#6359 = FACE_OUTER_BOUND ( 'NONE', #6768, .T. ) ;
#6360 = EDGE_CURVE ( 'NONE', #6199, #256, #5041, .T. ) ;
#6361 = SURFACE_STYLE_USAGE ( .BOTH. , #2655 ) ;
#6362 = EDGE_CURVE ( 'NONE', #5356, #3642, #4301, .T. ) ;
#6363 = UNCERTAINTY_MEASURE_WITH_UNIT (LENGTH_MEASURE( 1.000000000000000082E-05 ), #2267, 'distance_accuracy_value', 'NONE');
#6364 = PRESENTATION_LAYER_ASSIGNMENT (  '', '', ( #5657 ) ) ;
#6365 = CARTESIAN_POINT ( 'NONE',  ( -0.8294351022117658623, 12.52777641995833413, 15.00007378821410597 ) ) ;
#6366 = VERTEX_POINT ( 'NONE', #6387 ) ;
#6367 = DIRECTION ( 'NONE',  ( -0.0000000000000000000, -0.0000000000000000000, -1.000000000000000000 ) ) ;
#6368 = CARTESIAN_POINT ( 'NONE',  ( 11.27177128197023137, 5.124945008360334953, 21.70348027693310655 ) ) ;
#6369 =( GEOMETRIC_REPRESENTATION_CONTEXT ( 3 ) GLOBAL_UNCERTAINTY_ASSIGNED_CONTEXT ( ( #5135 ) ) GLOBAL_UNIT_ASSIGNED_CONTEXT ( ( #3549, #345, #4080 ) ) REPRESENTATION_CONTEXT ( 'NONE', 'WORKASPACE' ) );
#6370 = SURFACE_STYLE_USAGE ( .BOTH. , #2672 ) ;
#6371 = VECTOR ( 'NONE', #5487, 1000.000000000000000 ) ;
#6372 = ORIENTED_EDGE ( 'NONE', *, *, #6169, .F. ) ;
#6373 =( LENGTH_UNIT ( ) NAMED_UNIT ( * ) SI_UNIT ( .MILLI., .METRE. ) );
#6374 = VECTOR ( 'NONE', #4212, 1000.000000000000000 ) ;
#6375 = FACE_OUTER_BOUND ( 'NONE', #5852, .T. ) ;
#6376 = EDGE_CURVE ( 'NONE', #3184, #4501, #5721, .T. ) ;
#6377 = CARTESIAN_POINT ( 'NONE',  ( -3.303228718029766142, 7.432754242817335211, 15.00007378821410597 ) ) ;
#6378 = COLOUR_RGB ( '',0.2509803921568627416, 0.2509803921568627416, 0.2509803921568627416 ) ;
#6379 = CARTESIAN_POINT ( 'NONE',  ( 5.970552912677237423, 8.197754242828334981, 17.04621897928210572 ) ) ;
#6380 = ORIENTED_EDGE ( 'NONE', *, *, #6635, .T. ) ;
#6381 = UNCERTAINTY_MEASURE_WITH_UNIT (LENGTH_MEASURE( 1.000000000000000082E-05 ), #1917, 'distance_accuracy_value', 'NONE');
#6382 = CARTESIAN_POINT ( 'NONE',  ( 6.970552912687234759, 5.547765587313334912, 21.14727454486182268 ) ) ;
#6383 = LINE ( 'NONE', #6695, #4958 ) ;
#6384 = EDGE_CURVE ( 'NONE', #4111, #1124, #59, .T. ) ;
#6385 = FACE_OUTER_BOUND ( 'NONE', #3674, .T. ) ;
#6386 =( NAMED_UNIT ( * ) PLANE_ANGLE_UNIT ( ) SI_UNIT ( $, .RADIAN. ) );
#6387 = CARTESIAN_POINT ( 'NONE',  ( -5.328228808214765522, 13.52775424281733585, 15.00007378821410597 ) ) ;
#6388 = LINE ( 'NONE', #1308, #6551 ) ;
#6389 = FACE_BOUND ( 'NONE', #1880, .T. ) ;
#6390 = CARTESIAN_POINT ( 'NONE',  ( 6.888194951633499485, 5.552606487089373211, 21.57806482177215557 ) ) ;
#6391 = LINE ( 'NONE', #2244, #156 ) ;
#6392 = ORIENTED_EDGE ( 'NONE', *, *, #4760, .F. ) ;
#6393 = SURFACE_SIDE_STYLE ('',( #1606 ) ) ;
#6394 = LINE ( 'NONE', #3053, #4972 ) ;
#6395 = PRESENTATION_STYLE_ASSIGNMENT (( #5817 ) ) ;
#6396 = DIRECTION ( 'NONE',  ( -0.0000000000000000000, -0.0000000000000000000, -1.000000000000000000 ) ) ;
#6397 = CARTESIAN_POINT ( 'NONE',  ( -3.303228718029766142, 6.922754242817335424, 15.00007378821410597 ) ) ;
#6398 = CARTESIAN_POINT ( 'NONE',  ( -2.829435102211765862, 13.52777641995833413, 14.36007378821410541 ) ) ;
#6399 = STYLED_ITEM ( 'NONE', ( #489 ), #4040 ) ;
#6400 = DIRECTION ( 'NONE',  ( -1.000000000000000000, -0.0000000000000000000, -0.0000000000000000000 ) ) ;
#6401 = VECTOR ( 'NONE', #3416, 1000.000000000000000 ) ;
#6402 = CARTESIAN_POINT ( 'NONE',  ( 0.6717712819702342797, 15.55775425740435125, 22.62007378821410697 ) ) ;
#6403 = UNCERTAINTY_MEASURE_WITH_UNIT (LENGTH_MEASURE( 1.000000000000000082E-05 ), #1511, 'distance_accuracy_value', 'NONE');
#6404 =( LENGTH_UNIT ( ) NAMED_UNIT ( * ) SI_UNIT ( .MILLI., .METRE. ) );
#6405 =( GEOMETRIC_REPRESENTATION_CONTEXT ( 3 ) GLOBAL_UNCERTAINTY_ASSIGNED_CONTEXT ( ( #4322 ) ) GLOBAL_UNIT_ASSIGNED_CONTEXT ( ( #2608, #6311, #3145 ) ) REPRESENTATION_CONTEXT ( 'NONE', 'WORKASPACE' ) );
#6406 = EDGE_CURVE ( 'NONE', #3361, #577, #5550, .T. ) ;
#6407 = ORIENTED_EDGE ( 'NONE', *, *, #5105, .F. ) ;
#6408 = DIRECTION ( 'NONE',  ( 1.000000000000000000, 0.0000000000000000000, 0.0000000000000000000 ) ) ;
#6409 = FILL_AREA_STYLE_COLOUR ( '', #4648 ) ;
#6410 = SURFACE_STYLE_USAGE ( .BOTH. , #2718 ) ;
#6411 = CARTESIAN_POINT ( 'NONE',  ( 10.05694470659468998, 12.78643505008091097, 21.89973579954279614 ) ) ;
#6412 = LINE ( 'NONE', #5090, #758 ) ;
#6413 =( NAMED_UNIT ( * ) SI_UNIT ( $, .STERADIAN. ) SOLID_ANGLE_UNIT ( ) );
#6414 =( LENGTH_UNIT ( ) NAMED_UNIT ( * ) SI_UNIT ( .MILLI., .METRE. ) );
#6415 =( NAMED_UNIT ( * ) PLANE_ANGLE_UNIT ( ) SI_UNIT ( $, .RADIAN. ) );
#6416 = FILL_AREA_STYLE ('',( #3230 ) ) ;
#6417 = VERTEX_POINT ( 'NONE', #5897 ) ;
#6418 = ORIENTED_EDGE ( 'NONE', *, *, #6604, .F. ) ;
#6419 = DIRECTION ( 'NONE',  ( -1.000000000000000000, -0.0000000000000000000, -0.0000000000000000000 ) ) ;
#6420 = UNCERTAINTY_MEASURE_WITH_UNIT (LENGTH_MEASURE( 1.000000000000000082E-05 ), #367, 'distance_accuracy_value', 'NONE');
#6421 = DIRECTION ( 'NONE',  ( -0.0000000000000000000, 1.000000000000000000, -0.0000000000000000000 ) ) ;
#6422 = ORIENTED_EDGE ( 'NONE', *, *, #5656, .T. ) ;
#6423 = VECTOR ( 'NONE', #1856, 1000.000000000000000 ) ;
#6424 = CARTESIAN_POINT ( 'NONE',  ( -6.328228718029764721, 13.52775424281733585, 15.00007378821410597 ) ) ;
#6425 = AXIS2_PLACEMENT_3D ( 'NONE', #1595, #5298, #2129 ) ;
#6426 = PRESENTATION_LAYER_ASSIGNMENT (  '', '', ( #5357 ) ) ;
#6427 = AXIS2_PLACEMENT_3D ( 'NONE', #201, #3923, #723 ) ;
#6428 = CARTESIAN_POINT ( 'NONE',  ( 6.391929543093010757, 3.436868487429966645, 15.41766771073819697 ) ) ;
#6429 = EDGE_CURVE ( 'NONE', #958, #612, #2741, .T. ) ;
#6430 = VECTOR ( 'NONE', #494, 1000.000000000000000 ) ;
#6431 = ORIENTED_EDGE ( 'NONE', *, *, #4472, .T. ) ;
#6432 = CARTESIAN_POINT ( 'NONE',  ( -5.329435102211766306, 12.27856632156533401, 14.99907378821410653 ) ) ;
#6433 = ORIENTED_EDGE ( 'NONE', *, *, #2474, .T. ) ;
#6434 = CARTESIAN_POINT ( 'NONE',  ( 6.620552912677234225, 6.497754242817333825, 22.45488571232946740 ) ) ;
#6435 = ORIENTED_EDGE ( 'NONE', *, *, #3826, .F. ) ;
#6436 = FILL_AREA_STYLE ('',( #3266 ) ) ;
#6437 = DIRECTION ( 'NONE',  ( 0.0000000000000000000, 1.000000000000000000, 0.0000000000000000000 ) ) ;
#6438 = DIRECTION ( 'NONE',  ( -0.9872007530580221291, 0.0000000000000000000, 0.1594825167900039975 ) ) ;
#6439 = SURFACE_SIDE_STYLE ('',( #6033 ) ) ;
#6440 = DIRECTION ( 'NONE',  ( -1.000000000000000000, -2.224004456380522889E-16, 0.0000000000000000000 ) ) ;
#6441 = CARTESIAN_POINT ( 'NONE',  ( -3.813228718029765929, 12.51275424281733528, 15.00007378821410597 ) ) ;
#6442 = ORIENTED_EDGE ( 'NONE', *, *, #3353, .T. ) ;
#6443 = PRESENTATION_LAYER_ASSIGNMENT (  '', '', ( #6091 ) ) ;
#6444 = ORIENTED_EDGE ( 'NONE', *, *, #4194, .T. ) ;
#6445 = FACE_OUTER_BOUND ( 'NONE', #1388, .T. ) ;
#6446 = EDGE_CURVE ( 'NONE', #539, #1641, #6804, .T. ) ;
#6447 = VECTOR ( 'NONE', #2340, 1000.000000000000000 ) ;
#6448 =( NAMED_UNIT ( * ) PLANE_ANGLE_UNIT ( ) SI_UNIT ( $, .RADIAN. ) );
#6449 = EDGE_CURVE ( 'NONE', #5922, #4094, #2903, .T. ) ;
#6450 = CARTESIAN_POINT ( 'NONE',  ( -3.813228718029765929, 6.922754242817335424, 11.44007378821410725 ) ) ;
#6451 = VERTEX_POINT ( 'NONE', #2733 ) ;
#6452 = MECHANICAL_DESIGN_GEOMETRIC_PRESENTATION_REPRESENTATION (  '', ( #5379 ), #6821 ) ;
#6453 = ORIENTED_EDGE ( 'NONE', *, *, #4406, .T. ) ;
#6454 = AXIS2_PLACEMENT_3D ( 'NONE', #5841, #3732, #3228 ) ;
#6455 = ORIENTED_EDGE ( 'NONE', *, *, #5883, .F. ) ;
#6456 = CARTESIAN_POINT ( 'NONE',  ( 11.27177128197023137, 6.510585654415335100, 14.36007378820410452 ) ) ;
#6457 = VERTEX_POINT ( 'NONE', #5381 ) ;
#6458 =( GEOMETRIC_REPRESENTATION_CONTEXT ( 3 ) GLOBAL_UNCERTAINTY_ASSIGNED_CONTEXT ( ( #4100 ) ) GLOBAL_UNIT_ASSIGNED_CONTEXT ( ( #6020, #2859, #6550 ) ) REPRESENTATION_CONTEXT ( 'NONE', 'WORKASPACE' ) );
#6459 = CARTESIAN_POINT ( 'NONE',  ( 1.471771281970234213, 14.55775424281733521, 15.00007378821410597 ) ) ;
#6460 = VECTOR ( 'NONE', #3060, 1000.000000000000000 ) ;
#6461 = LINE ( 'NONE', #5674, #968 ) ;
#6462 = SURFACE_SIDE_STYLE ('',( #5564 ) ) ;
#6463 = CARTESIAN_POINT ( 'NONE',  ( -4.129435102211766129, 11.96773206567633530, 14.99907378821410653 ) ) ;
#6464 = VECTOR ( 'NONE', #3953, 1000.000000000000000 ) ;
#6465 = CARTESIAN_POINT ( 'NONE',  ( 11.27177128197023137, 10.38492283121933468, 21.70348027693310655 ) ) ;
#6466 =( NAMED_UNIT ( * ) PLANE_ANGLE_UNIT ( ) SI_UNIT ( $, .RADIAN. ) );
#6467 = EDGE_CURVE ( 'NONE', #1449, #2653, #5209, .T. ) ;
#6468 = CARTESIAN_POINT ( 'NONE',  ( 11.27177128197023137, 6.510585654415335100, 16.50007378821410597 ) ) ;
#6469 = SURFACE_SIDE_STYLE ('',( #6782 ) ) ;
#6470 = CARTESIAN_POINT ( 'NONE',  ( 6.023124048482235260, 3.367732065666334318, 15.00007378822410686 ) ) ;
#6471 =( NAMED_UNIT ( * ) SI_UNIT ( $, .STERADIAN. ) SOLID_ANGLE_UNIT ( ) );
#6472 = PRESENTATION_STYLE_ASSIGNMENT (( #4981 ) ) ;
#6473 = LINE ( 'NONE', #5359, #2240 ) ;
#6474 = DIRECTION ( 'NONE',  ( 1.000000000000000000, 0.0000000000000000000, 0.0000000000000000000 ) ) ;
#6475 = DIRECTION ( 'NONE',  ( 0.0000000000000000000, -1.000000000000000000, 0.0000000000000000000 ) ) ;
#6476 = EDGE_CURVE ( 'NONE', #6417, #6094, #3802, .T. ) ;
#6477 = PRESENTATION_STYLE_ASSIGNMENT (( #5774 ) ) ;
#6478 = FACE_OUTER_BOUND ( 'NONE', #2459, .T. ) ;
#6479 = PRESENTATION_LAYER_ASSIGNMENT (  '', '', ( #5770 ) ) ;
#6480 = DIRECTION ( 'NONE',  ( 1.000000000000000000, 0.0000000000000000000, 0.0000000000000000000 ) ) ;
#6481 = STYLED_ITEM ( 'NONE', ( #623 ), #6600 ) ;
#6482 = FILL_AREA_STYLE_COLOUR ( '', #3250 ) ;
#6483 = LINE ( 'NONE', #498, #2422 ) ;
#6484 = CARTESIAN_POINT ( 'NONE',  ( 4.598034606640233335, 12.52777641995833413, 14.36007378821410541 ) ) ;
#6485 = DIRECTION ( 'NONE',  ( -0.0000000000000000000, -0.0000000000000000000, 1.000000000000000000 ) ) ;
#6486 = VECTOR ( 'NONE', #463, 1000.000000000000000 ) ;
#6487 = ORIENTED_EDGE ( 'NONE', *, *, #3394, .T. ) ;
#6488 =( LENGTH_UNIT ( ) NAMED_UNIT ( * ) SI_UNIT ( .MILLI., .METRE. ) );
#6489 = STYLED_ITEM ( 'NONE', ( #2326 ), #2996 ) ;
#6490 =( NAMED_UNIT ( * ) SI_UNIT ( $, .STERADIAN. ) SOLID_ANGLE_UNIT ( ) );
#6491 = SURFACE_STYLE_FILL_AREA ( #549 ) ;
#6492 = DIRECTION ( 'NONE',  ( 0.0000000000000000000, 0.0000000000000000000, 1.000000000000000000 ) ) ;
#6493 =( LENGTH_UNIT ( ) NAMED_UNIT ( * ) SI_UNIT ( .MILLI., .METRE. ) );
#6494 = MECHANICAL_DESIGN_GEOMETRIC_PRESENTATION_REPRESENTATION (  '', ( #5418 ), #6856 ) ;
#6495 = VERTEX_POINT ( 'NONE', #2516 ) ;
#6496 = DIRECTION ( 'NONE',  ( 1.000000000000000000, 0.0000000000000000000, 0.0000000000000000000 ) ) ;
#6497 = CARTESIAN_POINT ( 'NONE',  ( 5.870552912677235113, 6.497754242817333825, 22.57604839096599036 ) ) ;
#6498 = MECHANICAL_DESIGN_GEOMETRIC_PRESENTATION_REPRESENTATION (  '', ( #5789 ), #6860 ) ;
#6499 = MECHANICAL_DESIGN_GEOMETRIC_PRESENTATION_REPRESENTATION (  '', ( #5426 ), #6861 ) ;
#6500 = LINE ( 'NONE', #2263, #2441 ) ;
#6501 = FACE_OUTER_BOUND ( 'NONE', #2434, .T. ) ;
#6502 = CARTESIAN_POINT ( 'NONE',  ( 3.370579423396234287, 15.55775424281733521, 22.62007378821410697 ) ) ;
#6503 = ORIENTED_EDGE ( 'NONE', *, *, #2482, .T. ) ;
#6504 = ORIENTED_EDGE ( 'NONE', *, *, #927, .T. ) ;
#6505 = ORIENTED_EDGE ( 'NONE', *, *, #6185, .F. ) ;
#6506 = ORIENTED_EDGE ( 'NONE', *, *, #2793, .T. ) ;
#6507 = CARTESIAN_POINT ( 'NONE',  ( 5.970552912677237423, 10.17620879488533525, 19.06007378821410470 ) ) ;
#6508 = CARTESIAN_POINT ( 'NONE',  ( 5.870552912677235113, 6.497754242817333825, 22.57604839096599036 ) ) ;
#6509 = ORIENTED_EDGE ( 'NONE', *, *, #2685, .T. ) ;
#6510 = FILL_AREA_STYLE_COLOUR ( '', #1010 ) ;
#6511 = CARTESIAN_POINT ( 'NONE',  ( 1.471771281970234213, 13.52856633055133528, 22.62007378821410697 ) ) ;
#6512 = CARTESIAN_POINT ( 'NONE',  ( -5.329435102211766306, 7.447754242817334891, 14.99907378821410653 ) ) ;
#6513 = LINE ( 'NONE', #6726, #2456 ) ;
#6514 = CARTESIAN_POINT ( 'NONE',  ( -4.129435102211766129, 10.46773206567633707, 14.99907378821410653 ) ) ;
#6515 = EDGE_LOOP ( 'NONE', ( #1896, #1400, #5575, #5933 ) ) ;
#6516 = EDGE_CURVE ( 'NONE', #6602, #2523, #3982, .T. ) ;
#6517 = SURFACE_SIDE_STYLE ('',( #6068 ) ) ;
#6518 = FILL_AREA_STYLE ('',( #1195 ) ) ;
#6519 = ORIENTED_EDGE ( 'NONE', *, *, #1267, .T. ) ;
#6520 = ORIENTED_EDGE ( 'NONE', *, *, #6254, .T. ) ;
#6521 = VECTOR ( 'NONE', #2317, 1000.000000000000000 ) ;
#6522 = DIRECTION ( 'NONE',  ( 6.195440985613755251E-17, -1.000000000000000000, 0.0000000000000000000 ) ) ;
#6523 =( NAMED_UNIT ( * ) PLANE_ANGLE_UNIT ( ) SI_UNIT ( $, .RADIAN. ) );
#6524 = SURFACE_STYLE_FILL_AREA ( #2963 ) ;
#6525 =( NAMED_UNIT ( * ) SI_UNIT ( $, .STERADIAN. ) SOLID_ANGLE_UNIT ( ) );
#6526 = ORIENTED_EDGE ( 'NONE', *, *, #3783, .T. ) ;
#6527 = LINE ( 'NONE', #32, #2472 ) ;
#6528 = CARTESIAN_POINT ( 'NONE',  ( 6.970552912677233870, 4.047765587323334913, 15.67423777296410670 ) ) ;
#6529 = CARTESIAN_POINT ( 'NONE',  ( -6.329420576603766335, 9.447739717209742594, 14.99907378821410653 ) ) ;
#6530 =( GEOMETRIC_REPRESENTATION_CONTEXT ( 3 ) GLOBAL_UNCERTAINTY_ASSIGNED_CONTEXT ( ( #5450 ) ) GLOBAL_UNIT_ASSIGNED_CONTEXT ( ( #4003, #796, #4517 ) ) REPRESENTATION_CONTEXT ( 'NONE', 'WORKASPACE' ) );
#6531 = CARTESIAN_POINT ( 'NONE',  ( 5.970552912677237423, 8.697754242828334981, 19.06007378821410470 ) ) ;
#6532 = SURFACE_STYLE_USAGE ( .BOTH. , #2844 ) ;
#6533 = VERTEX_POINT ( 'NONE', #4124 ) ;
#6534 = EDGE_CURVE ( 'NONE', #659, #4210, #3647, .T. ) ;
#6535 = DIRECTION ( 'NONE',  ( 1.000000000000000000, -0.0000000000000000000, -0.0000000000000000000 ) ) ;
#6536 = CYLINDRICAL_SURFACE ( 'NONE', #4807, 0.2999999999999999334 ) ;
#6537 = CARTESIAN_POINT ( 'NONE',  ( 6.620552912677234225, 10.39775424281733507, 22.45488571232946740 ) ) ;
#6538 = EDGE_CURVE ( 'NONE', #5293, #6130, #1128, .T. ) ;
#6539 = EDGE_LOOP ( 'NONE', ( #6124, #1851, #6261, #3486 ) ) ;
#6540 = STYLED_ITEM ( 'NONE', ( #2308 ), #847 ) ;
#6541 = FILL_AREA_STYLE_COLOUR ( '', #3990 ) ;
#6542 = CARTESIAN_POINT ( 'NONE',  ( 6.970552912677233870, 11.34774289831133487, 15.67423777296410670 ) ) ;
#6543 = STYLED_ITEM ( 'NONE', ( #247 ), #2631 ) ;
#6544 = ORIENTED_EDGE ( 'NONE', *, *, #6476, .T. ) ;
#6545 = PRESENTATION_LAYER_ASSIGNMENT (  '', '', ( #5836 ) ) ;
#6546 = UNCERTAINTY_MEASURE_WITH_UNIT (LENGTH_MEASURE( 1.000000000000000082E-05 ), #3243, 'distance_accuracy_value', 'NONE');
#6547 = SURFACE_SIDE_STYLE ('',( #6723 ) ) ;
#6548 = LINE ( 'NONE', #6167, #2323 ) ;
#6549 = CARTESIAN_POINT ( 'NONE',  ( 9.735570936178586265, 4.228320770989488331, 16.40845302987635890 ) ) ;
#6550 =( NAMED_UNIT ( * ) SI_UNIT ( $, .STERADIAN. ) SOLID_ANGLE_UNIT ( ) );
#6551 = VECTOR ( 'NONE', #5558, 1000.000000000000000 ) ;
#6552 = COLOUR_RGB ( '',1.000000000000000000, 1.000000000000000000, 1.000000000000000000 ) ;
#6553 = VECTOR ( 'NONE', #3158, 1000.000000000000000 ) ;
#6554 = CARTESIAN_POINT ( 'NONE',  ( -0.8294351022117658623, 3.367732065676335207, 14.36007378821410363 ) ) ;
#6555 = SURFACE_SIDE_STYLE ('',( #1143 ) ) ;
#6556 = CARTESIAN_POINT ( 'NONE',  ( 3.190552912677234509, 11.94775424282733489, 20.62007378821410697 ) ) ;
#6557 = CARTESIAN_POINT ( 'NONE',  ( 3.741771281970234231, 4.637754242817334394, 11.44007378821410725 ) ) ;
#6558 = ORIENTED_EDGE ( 'NONE', *, *, #1236, .T. ) ;
#6559 = VECTOR ( 'NONE', #4398, 1000.000000000000000 ) ;
#6560 =( NAMED_UNIT ( * ) SI_UNIT ( $, .STERADIAN. ) SOLID_ANGLE_UNIT ( ) );
#6561 = CARTESIAN_POINT ( 'NONE',  ( 3.619627554198237895, 11.94775424282733489, 22.62007378821410697 ) ) ;
#6562 = PRESENTATION_STYLE_ASSIGNMENT (( #4688 ) ) ;
#6563 = STYLED_ITEM ( 'NONE', ( #578 ), #5092 ) ;
#6564 = ORIENTED_EDGE ( 'NONE', *, *, #1165, .F. ) ;
#6565 = ORIENTED_EDGE ( 'NONE', *, *, #5883, .T. ) ;
#6566 = SURFACE_STYLE_FILL_AREA ( #6599 ) ;
#6567 = PRESENTATION_LAYER_ASSIGNMENT (  '', '', ( #6211 ) ) ;
#6568 = AXIS2_PLACEMENT_3D ( 'NONE', #5929, #2775, #6474 ) ;
#6569 = CARTESIAN_POINT ( 'NONE',  ( -5.328228808214765522, 13.52775424281733585, 22.62007378821410697 ) ) ;
#6570 = DIRECTION ( 'NONE',  ( 0.9872007530567021849, 0.0000000000000000000, -0.1594825167981750169 ) ) ;
#6571 =( LENGTH_UNIT ( ) NAMED_UNIT ( * ) SI_UNIT ( .MILLI., .METRE. ) );
#6572 = ORIENTED_EDGE ( 'NONE', *, *, #6449, .T. ) ;
#6573 = DIRECTION ( 'NONE',  ( -0.0000000000000000000, -0.0000000000000000000, 1.000000000000000000 ) ) ;
#6574 = MECHANICAL_DESIGN_GEOMETRIC_PRESENTATION_REPRESENTATION (  '', ( #5868 ), #35 ) ;
#6575 = CARTESIAN_POINT ( 'NONE',  ( 11.27177128197023137, 10.38492283121933468, 16.50007378821410597 ) ) ;
#6576 = DIRECTION ( 'NONE',  ( 1.000000000000000000, 0.0000000000000000000, 0.0000000000000000000 ) ) ;
#6577 = EDGE_CURVE ( 'NONE', #3204, #1623, #965, .T. ) ;
#6578 = CARTESIAN_POINT ( 'NONE',  ( 5.598034606640234223, 12.52777641995833413, 14.36007378821410541 ) ) ;
#6579 = EDGE_CURVE ( 'NONE', #858, #5504, #805, .T. ) ;
#6580 = FILL_AREA_STYLE ('',( #2886 ) ) ;
#6581 = STYLED_ITEM ( 'NONE', ( #4650 ), #419 ) ;
#6582 = SURFACE_STYLE_FILL_AREA ( #5058 ) ;
#6583 = UNCERTAINTY_MEASURE_WITH_UNIT (LENGTH_MEASURE( 1.000000000000000082E-05 ), #5757, 'distance_accuracy_value', 'NONE');
#6584 = DIRECTION ( 'NONE',  ( -0.0000000000000000000, 1.000000000000000000, 0.0000000000000000000 ) ) ;
#6585 = AXIS2_PLACEMENT_3D ( 'NONE', #2862, #2316, #5503 ) ;
#6586 = AXIS2_PLACEMENT_3D ( 'NONE', #6293, #3125, #6833 ) ;
#6587 = ORIENTED_EDGE ( 'NONE', *, *, #3255, .T. ) ;
#6588 =( NAMED_UNIT ( * ) SI_UNIT ( $, .STERADIAN. ) SOLID_ANGLE_UNIT ( ) );
#6589 = ORIENTED_EDGE ( 'NONE', *, *, #2636, .F. ) ;
#6590 = DIRECTION ( 'NONE',  ( 1.000000000000000000, 0.0000000000000000000, -0.0000000000000000000 ) ) ;
#6591 = DIRECTION ( 'NONE',  ( 1.000000000000000000, 0.0000000000000000000, 0.0000000000000000000 ) ) ;
#6592 = EDGE_LOOP ( 'NONE', ( #3209, #5796, #431, #3465 ) ) ;
#6593 = EDGE_CURVE ( 'NONE', #3433, #4199, #6298, .T. ) ;
#6594 = SURFACE_STYLE_FILL_AREA ( #4023 ) ;
#6595 = DIRECTION ( 'NONE',  ( 0.0000000000000000000, 0.0000000000000000000, 1.000000000000000000 ) ) ;
#6596 = FILL_AREA_STYLE ('',( #6626 ) ) ;
#6597 = DIRECTION ( 'NONE',  ( 0.0000000000000000000, 0.0000000000000000000, 1.000000000000000000 ) ) ;
#6598 = CARTESIAN_POINT ( 'NONE',  ( -0.8294351022117658623, 12.52777641995833413, 14.36007378821410541 ) ) ;
#6599 = FILL_AREA_STYLE ('',( #2362 ) ) ;
#6600 = ADVANCED_FACE ( 'NONE', ( #3316 ), #4665, .F. ) ;
#6601 = VECTOR ( 'NONE', #4231, 1000.000000000000000 ) ;
#6602 = VERTEX_POINT ( 'NONE', #3609 ) ;
#6603 = STYLED_ITEM ( 'NONE', ( #1104 ), #4634 ) ;
#6604 = EDGE_CURVE ( 'NONE', #1064, #586, #4227, .T. ) ;
#6605 = ORIENTED_EDGE ( 'NONE', *, *, #1524, .T. ) ;
#6606 = CARTESIAN_POINT ( 'NONE',  ( 11.27177128197023137, 5.124945008360334953, 14.36007378820410452 ) ) ;
#6607 = ORIENTED_EDGE ( 'NONE', *, *, #356, .F. ) ;
#6608 = MECHANICAL_DESIGN_GEOMETRIC_PRESENTATION_REPRESENTATION (  '', ( #5541 ), #67 ) ;
#6609 = DIRECTION ( 'NONE',  ( 1.000000000000000000, 0.0000000000000000000, 0.0000000000000000000 ) ) ;
#6610 = EDGE_LOOP ( 'NONE', ( #454, #5083, #6607, #6710 ) ) ;
#6611 = DIRECTION ( 'NONE',  ( -0.0000000000000000000, -0.0000000000000000000, 1.000000000000000000 ) ) ;
#6612 = ORIENTED_EDGE ( 'NONE', *, *, #6831, .T. ) ;
#6613 = DIRECTION ( 'NONE',  ( 0.0000000000000000000, 0.0000000000000000000, 1.000000000000000000 ) ) ;
#6614 = FILL_AREA_STYLE ('',( #6084 ) ) ;
#6615 = CARTESIAN_POINT ( 'NONE',  ( 5.970552912677237423, 8.697754242828334981, 18.56007378821410825 ) ) ;
#6616 =( NAMED_UNIT ( * ) PLANE_ANGLE_UNIT ( ) SI_UNIT ( $, .RADIAN. ) );
#6617 = AXIS2_PLACEMENT_3D ( 'NONE', #2985, #6687, #3528 ) ;
#6618 = FACE_OUTER_BOUND ( 'NONE', #4027, .T. ) ;
#6619 = PRESENTATION_STYLE_ASSIGNMENT (( #6410 ) ) ;
#6620 = ORIENTED_EDGE ( 'NONE', *, *, #266, .T. ) ;
#6621 = ORIENTED_EDGE ( 'NONE', *, *, #3758, .F. ) ;
#6622 = CARTESIAN_POINT ( 'NONE',  ( 1.470564897788234404, 4.397732065676335900, 15.00007378821410597 ) ) ;
#6623 = ORIENTED_EDGE ( 'NONE', *, *, #3965, .F. ) ;
#6624 = SURFACE_SIDE_STYLE ('',( #2754 ) ) ;
#6625 = PRESENTATION_LAYER_ASSIGNMENT (  '', '', ( #5909 ) ) ;
#6626 = FILL_AREA_STYLE_COLOUR ( '', #4269 ) ;
#6627 = CARTESIAN_POINT ( 'NONE',  ( 8.009193664050235029, 9.026487515243335480, 15.00007378821410597 ) ) ;
#6628 = VECTOR ( 'NONE', #1666, 1000.000000000000000 ) ;
#6629 = PRESENTATION_STYLE_ASSIGNMENT (( #2610 ) ) ;
#6630 = CIRCLE ( 'NONE', #5590, 11.12653749999999242 ) ;
#6631 = CARTESIAN_POINT ( 'NONE',  ( 5.970552912677237423, 8.697754242828334981, 17.04621897928210572 ) ) ;
#6632 = STYLED_ITEM ( 'NONE', ( #1499 ), #353 ) ;
#6633 = APPLICATION_CONTEXT ( 'automotive_design' ) ;
#6634 = COLOUR_RGB ( '',0.2509803921568627416, 0.2509803921568627416, 0.2509803921568627416 ) ;
#6635 = EDGE_CURVE ( 'NONE', #3939, #950, #5632, .T. ) ;
#6636 = SURFACE_STYLE_FILL_AREA ( #3376 ) ;
#6637 = CIRCLE ( 'NONE', #2461, 1.781483591558604473 ) ;
#6638 = CARTESIAN_POINT ( 'NONE',  ( -6.329435102211765418, 3.367732065676335207, 14.99907378821410653 ) ) ;
#6639 = PRESENTATION_STYLE_ASSIGNMENT (( #3386 ) ) ;
#6640 =( LENGTH_UNIT ( ) NAMED_UNIT ( * ) SI_UNIT ( .MILLI., .METRE. ) );
#6641 = ADVANCED_FACE ( 'NONE', ( #4061 ), #3124, .F. ) ;
#6642 = CYLINDRICAL_SURFACE ( 'NONE', #5332, 0.2999999999999999334 ) ;
#6643 = DIRECTION ( 'NONE',  ( 0.0000000000000000000, -1.000000000000000000, 0.0000000000000000000 ) ) ;
#6644 =( NAMED_UNIT ( * ) SI_UNIT ( $, .STERADIAN. ) SOLID_ANGLE_UNIT ( ) );
#6645 = DIRECTION ( 'NONE',  ( 0.0000000000000000000, 0.0000000000000000000, -1.000000000000000000 ) ) ;
#6646 = B_SPLINE_CURVE_WITH_KNOTS ( 'NONE', 3,
 ( #2595, #5766, #1540, #5247, #2080, #5788, #2620, #6324, #3153, #6858, #3678, #480, #4216, #1020, #4740, #1568 ),
 .UNSPECIFIED., .F., .F.,
 ( 4, 2, 2, 1, 1, 2, 2, 2, 4 ),
 ( 0.0000000000000000000, 0.2500000000000178191, 0.3750000000000252021, 0.4375000000000277001, 0.4687500000000308087, 0.4843750000000316969, 0.5000000000000325295, 0.7500000000000162093, 1.000000000000000000 ),
 .UNSPECIFIED. ) ;
#6647 = SURFACE_SIDE_STYLE ('',( #3506 ) ) ;
#6648 = FACE_OUTER_BOUND ( 'NONE', #6209, .T. ) ;
#6649 = EDGE_CURVE ( 'NONE', #4608, #4617, #3568, .T. ) ;
#6650 = CARTESIAN_POINT ( 'NONE',  ( -6.328228718029764721, 13.52775424281733585, 14.36007378820410452 ) ) ;
#6651 = PRESENTATION_STYLE_ASSIGNMENT (( #2557 ) ) ;
#6652 = PRESENTATION_STYLE_ASSIGNMENT (( #2321 ) ) ;
#6653 = LINE ( 'NONE', #1550, #2426 ) ;
#6654 = DIRECTION ( 'NONE',  ( -1.000000000000000000, -0.0000000000000000000, -0.0000000000000000000 ) ) ;
#6655 = ORIENTED_EDGE ( 'NONE', *, *, #4444, .T. ) ;
#6656 = UNCERTAINTY_MEASURE_WITH_UNIT (LENGTH_MEASURE( 1.000000000000000082E-05 ), #1827, 'distance_accuracy_value', 'NONE');
#6657 = CARTESIAN_POINT ( 'NONE',  ( 4.190552912677234509, 4.947754242807335778, 22.62007378821410697 ) ) ;
#6658 = UNCERTAINTY_MEASURE_WITH_UNIT (LENGTH_MEASURE( 1.000000000000000082E-05 ), #702, 'distance_accuracy_value', 'NONE');
#6659 = PRESENTATION_LAYER_ASSIGNMENT (  '', '', ( #5937 ) ) ;
#6660 = ADVANCED_FACE ( 'NONE', ( #879 ), #1013, .F. ) ;
#6661 = ORIENTED_EDGE ( 'NONE', *, *, #5654, .F. ) ;
#6662 = VECTOR ( 'NONE', #772, 1000.000000000000000 ) ;
#6663 =( LENGTH_UNIT ( ) NAMED_UNIT ( * ) SI_UNIT ( .MILLI., .METRE. ) );
#6664 = EDGE_CURVE ( 'NONE', #43, #5511, #6483, .T. ) ;
#6665 = DIRECTION ( 'NONE',  ( -0.0000000000000000000, -0.0000000000000000000, 1.000000000000000000 ) ) ;
#6666 = PLANE ( 'NONE',  #5292 ) ;
#6667 =( GEOMETRIC_REPRESENTATION_CONTEXT ( 3 ) GLOBAL_UNCERTAINTY_ASSIGNED_CONTEXT ( ( #2276 ) ) GLOBAL_UNIT_ASSIGNED_CONTEXT ( ( #4357, #1168, #4890 ) ) REPRESENTATION_CONTEXT ( 'NONE', 'WORKASPACE' ) );
#6668 = CARTESIAN_POINT ( 'NONE',  ( -4.129435102211766129, 9.217732065676335296, 14.99907378821410653 ) ) ;
#6669 = SURFACE_SIDE_STYLE ('',( #6524 ) ) ;
#6670 = LINE ( 'NONE', #5330, #2443 ) ;
#6671 = ORIENTED_EDGE ( 'NONE', *, *, #2054, .T. ) ;
#6672 = PLANE ( 'NONE',  #1936 ) ;
#6673 = EDGE_LOOP ( 'NONE', ( #960, #6862, #2287, #4275 ) ) ;
#6674 = SURFACE_STYLE_USAGE ( .BOTH. , #2971 ) ;
#6675 = CARTESIAN_POINT ( 'NONE',  ( 8.009193664050235029, 7.869020970391334302, 15.00007378821410597 ) ) ;
#6676 = ORIENTED_EDGE ( 'NONE', *, *, #1235, .T. ) ;
#6677 = VERTEX_POINT ( 'NONE', #5283 ) ;
#6678 = ADVANCED_FACE ( 'NONE', ( #3667, #991, #2249, #824, #6322, #5061, #4899, #3517 ), #6855, .F. ) ;
#6679 = EDGE_CURVE ( 'NONE', #833, #4998, #5748, .T. ) ;
#6680 = ORIENTED_EDGE ( 'NONE', *, *, #2998, .F. ) ;
#6681 = CARTESIAN_POINT ( 'NONE',  ( -4.929435102211766839, 6.467732065676334408, 15.00007378821410597 ) ) ;
#6682 = AXIS2_PLACEMENT_3D ( 'NONE', #2587, #6289, #3122 ) ;
#6683 = CARTESIAN_POINT ( 'NONE',  ( 3.690552912677734110, 4.947754242807335778, 22.62007378821410697 ) ) ;
#6684 = MECHANICAL_DESIGN_GEOMETRIC_PRESENTATION_REPRESENTATION (  '', ( #5959 ), #135 ) ;
#6685 = STYLED_ITEM ( 'NONE', ( #4241 ), #6173 ) ;
#6686 = DIRECTION ( 'NONE',  ( 0.0000000000000000000, -1.110223024624999878E-16, -1.000000000000000000 ) ) ;
#6687 = DIRECTION ( 'NONE',  ( 0.0000000000000000000, 0.0000000000000000000, 1.000000000000000000 ) ) ;
#6688 = FACE_OUTER_BOUND ( 'NONE', #767, .T. ) ;
#6689 = VERTEX_POINT ( 'NONE', #2138 ) ;
#6690 = DIRECTION ( 'NONE',  ( -0.0000000000000000000, 1.000000000000000000, 0.0000000000000000000 ) ) ;
#6691 = FILL_AREA_STYLE ('',( #6162 ) ) ;
#6692 = PLANE ( 'NONE',  #65 ) ;
#6693 = VERTEX_POINT ( 'NONE', #6382 ) ;
#6694 = ADVANCED_FACE ( 'NONE', ( #2931 ), #999, .F. ) ;
#6695 = CARTESIAN_POINT ( 'NONE',  ( 5.970552912677237423, 8.697754242828334981, 20.57392859714610722 ) ) ;
#6696 = VERTEX_POINT ( 'NONE', #2707 ) ;
#6697 = UNCERTAINTY_MEASURE_WITH_UNIT (LENGTH_MEASURE( 1.000000000000000082E-05 ), #1809, 'distance_accuracy_value', 'NONE');
#6698 =( GEOMETRIC_REPRESENTATION_CONTEXT ( 3 ) GLOBAL_UNCERTAINTY_ASSIGNED_CONTEXT ( ( #3067 ) ) GLOBAL_UNIT_ASSIGNED_CONTEXT ( ( #1412, #5110, #1954 ) ) REPRESENTATION_CONTEXT ( 'NONE', 'WORKASPACE' ) );
#6699 = DIRECTION ( 'NONE',  ( -0.0000000000000000000, -1.000000000000000000, -0.0000000000000000000 ) ) ;
#6700 = LINE ( 'NONE', #4612, #5282 ) ;
#6701 = MECHANICAL_DESIGN_GEOMETRIC_PRESENTATION_REPRESENTATION (  '', ( #5636 ), #153 ) ;
#6702 = MECHANICAL_DESIGN_GEOMETRIC_PRESENTATION_REPRESENTATION (  '', ( #5637 ), #155 ) ;
#6703 = VERTEX_POINT ( 'NONE', #6402 ) ;
#6704 = ORIENTED_EDGE ( 'NONE', *, *, #395, .F. ) ;
#6705 = DIRECTION ( 'NONE',  ( 0.0000000000000000000, -1.000000000000000000, 1.110223024625156540E-16 ) ) ;
#6706 =( NAMED_UNIT ( * ) PLANE_ANGLE_UNIT ( ) SI_UNIT ( $, .RADIAN. ) );
#6707 =( NAMED_UNIT ( * ) SI_UNIT ( $, .STERADIAN. ) SOLID_ANGLE_UNIT ( ) );
#6708 = ADVANCED_FACE ( 'NONE', ( #3832 ), #5989, .T. ) ;
#6709 = SURFACE_STYLE_USAGE ( .BOTH. , #3015 ) ;
#6710 = ORIENTED_EDGE ( 'NONE', *, *, #560, .T. ) ;
#6711 = DIRECTION ( 'NONE',  ( 0.0000000000000000000, -1.000000000000000000, 1.110223024624863306E-16 ) ) ;
#6712 = CARTESIAN_POINT ( 'NONE',  ( -5.328228808214765522, 13.52775424281733585, 14.36007378820410452 ) ) ;
#6713 = CARTESIAN_POINT ( 'NONE',  ( 4.190552912677235398, 4.947754242807335778, 22.62007378821410697 ) ) ;
#6714 = MECHANICAL_DESIGN_GEOMETRIC_PRESENTATION_REPRESENTATION (  '', ( #5652 ), #169 ) ;
#6715 = EDGE_CURVE ( 'NONE', #4234, #4572, #497, .T. ) ;
#6716 = ORIENTED_EDGE ( 'NONE', *, *, #2762, .T. ) ;
#6717 = ORIENTED_EDGE ( 'NONE', *, *, #5043, .T. ) ;
#6718 = DIRECTION ( 'NONE',  ( -0.0000000000000000000, 1.000000000000000000, 0.0000000000000000000 ) ) ;
#6719 = EDGE_CURVE ( 'NONE', #4937, #5984, #1932, .T. ) ;
#6720 = SURFACE_STYLE_FILL_AREA ( #4008 ) ;
#6721 = MECHANICAL_DESIGN_GEOMETRIC_PRESENTATION_REPRESENTATION (  '', ( #5657 ), #175 ) ;
#6722 = PRESENTATION_STYLE_ASSIGNMENT (( #4502 ) ) ;
#6723 = SURFACE_STYLE_FILL_AREA ( #2857 ) ;
#6724 = STYLED_ITEM ( 'NONE', ( #2644 ), #2033 ) ;
#6725 = VECTOR ( 'NONE', #3412, 1000.000000000000000 ) ;
#6726 = CARTESIAN_POINT ( 'NONE',  ( -3.303228718029766142, 9.462754242817334571, 15.00007378821410597 ) ) ;
#6727 = VECTOR ( 'NONE', #5793, 1000.000000000000000 ) ;
#6728 = DIRECTION ( 'NONE',  ( 1.239088197122750557E-16, 1.000000000000000000, 0.0000000000000000000 ) ) ;
#6729 = ORIENTED_EDGE ( 'NONE', *, *, #628, .T. ) ;
#6730 = FACE_OUTER_BOUND ( 'NONE', #6610, .T. ) ;
#6731 = ADVANCED_FACE ( 'NONE', ( #4576 ), #1662, .F. ) ;
#6732 = COLOUR_RGB ( '',1.000000000000000000, 1.000000000000000000, 1.000000000000000000 ) ;
#6733 = CARTESIAN_POINT ( 'NONE',  ( -3.303228718029766142, 4.892754242817335175, 11.44007378821410725 ) ) ;
#6734 = VECTOR ( 'NONE', #2268, 1000.000000000000000 ) ;
#6735 = CARTESIAN_POINT ( 'NONE',  ( -3.813228718029765929, 4.892754242817335175, 15.00007378821410597 ) ) ;
#6736 = SURFACE_SIDE_STYLE ('',( #4893 ) ) ;
#6737 = EDGE_CURVE ( 'NONE', #5278, #943, #1250, .T. ) ;
#6738 = SURFACE_STYLE_FILL_AREA ( #4166 ) ;
#6739 = CARTESIAN_POINT ( 'NONE',  ( -4.129435102211766129, 11.96773206567633530, 14.99907378821410653 ) ) ;
#6740 = FILL_AREA_STYLE ('',( #2475 ) ) ;
#6741 =( NAMED_UNIT ( * ) PLANE_ANGLE_UNIT ( ) SI_UNIT ( $, .RADIAN. ) );
#6742 = ORIENTED_EDGE ( 'NONE', *, *, #5829, .F. ) ;
#6743 = CARTESIAN_POINT ( 'NONE',  ( 11.27177128197023137, 5.124945008360334953, 21.70348027693310655 ) ) ;
#6744 = VERTEX_POINT ( 'NONE', #5400 ) ;
#6745 = VECTOR ( 'NONE', #4910, 1000.000000000000000 ) ;
#6746 =( NAMED_UNIT ( * ) PLANE_ANGLE_UNIT ( ) SI_UNIT ( $, .RADIAN. ) );
#6747 =( GEOMETRIC_REPRESENTATION_CONTEXT ( 3 ) GLOBAL_UNCERTAINTY_ASSIGNED_CONTEXT ( ( #2649 ) ) GLOBAL_UNIT_ASSIGNED_CONTEXT ( ( #2920, #6616, #3457 ) ) REPRESENTATION_CONTEXT ( 'NONE', 'WORKASPACE' ) );
#6748 = EDGE_CURVE ( 'NONE', #4705, #223, #5319, .T. ) ;
#6749 =( LENGTH_UNIT ( ) NAMED_UNIT ( * ) SI_UNIT ( .MILLI., .METRE. ) );
#6750 = VECTOR ( 'NONE', #4965, 1000.000000000000000 ) ;
#6751 = FILL_AREA_STYLE_COLOUR ( '', #1329 ) ;
#6752 = CIRCLE ( 'NONE', #468, 1.781483591557202928 ) ;
#6753 = DIRECTION ( 'NONE',  ( -0.0000000000000000000, -0.0000000000000000000, 1.000000000000000000 ) ) ;
#6754 = ORIENTED_EDGE ( 'NONE', *, *, #1433, .T. ) ;
#6755 = DIRECTION ( 'NONE',  ( -0.0000000000000000000, -0.0000000000000000000, 1.000000000000000000 ) ) ;
#6756 = CARTESIAN_POINT ( 'NONE',  ( 5.598034606640234223, 4.367732065676334763, 15.00007378821410597 ) ) ;
#6757 =( LENGTH_UNIT ( ) NAMED_UNIT ( * ) SI_UNIT ( .MILLI., .METRE. ) );
#6758 = DIRECTION ( 'NONE',  ( 1.000000000000000000, 0.0000000000000000000, -0.0000000000000000000 ) ) ;
#6759 = AXIS2_PLACEMENT_3D ( 'NONE', #422, #4161, #951 ) ;
#6760 = DIRECTION ( 'NONE',  ( -0.0000000000000000000, 1.000000000000000000, -0.0000000000000000000 ) ) ;
#6761 =( LENGTH_UNIT ( ) NAMED_UNIT ( * ) SI_UNIT ( .MILLI., .METRE. ) );
#6762 = CARTESIAN_POINT ( 'NONE',  ( 6.620552912677234225, 10.39775424281733507, 21.62007378821410342 ) ) ;
#6763 = FACE_OUTER_BOUND ( 'NONE', #4862, .T. ) ;
#6764 = ORIENTED_EDGE ( 'NONE', *, *, #52, .F. ) ;
#6765 = VERTEX_POINT ( 'NONE', #624 ) ;
#6766 = DIRECTION ( 'NONE',  ( 0.0000000000000000000, 0.0000000000000000000, -1.000000000000000000 ) ) ;
#6767 = ADVANCED_FACE ( 'NONE', ( #2511 ), #562, .F. ) ;
#6768 = EDGE_LOOP ( 'NONE', ( #2785, #146, #3277, #3641 ) ) ;
#6769 = LINE ( 'NONE', #6606, #3941 ) ;
#6770 = EDGE_CURVE ( 'NONE', #2680, #1053, #4819, .T. ) ;
#6771 =( NAMED_UNIT ( * ) PLANE_ANGLE_UNIT ( ) SI_UNIT ( $, .RADIAN. ) );
#6772 = VERTEX_POINT ( 'NONE', #128 ) ;
#6773 = CARTESIAN_POINT ( 'NONE',  ( 6.620552912677234225, 10.39775424281733507, 21.62007378821410342 ) ) ;
#6774 = CARTESIAN_POINT ( 'NONE',  ( 4.970552912677236534, 6.719299690771334710, 18.56007378821410825 ) ) ;
#6775 = ORIENTED_EDGE ( 'NONE', *, *, #2180, .F. ) ;
#6776 = SURFACE_STYLE_FILL_AREA ( #1448 ) ;
#6777 = ORIENTED_EDGE ( 'NONE', *, *, #3129, .F. ) ;
#6778 = CARTESIAN_POINT ( 'NONE',  ( -3.813228718029765929, 6.922754242817335424, 11.44007378821410725 ) ) ;
#6779 =( NAMED_UNIT ( * ) SI_UNIT ( $, .STERADIAN. ) SOLID_ANGLE_UNIT ( ) );
#6780 = ORIENTED_EDGE ( 'NONE', *, *, #6123, .F. ) ;
#6781 = ORIENTED_EDGE ( 'NONE', *, *, #3924, .T. ) ;
#6782 = SURFACE_STYLE_FILL_AREA ( #5907 ) ;
#6783 = CARTESIAN_POINT ( 'NONE',  ( -4.929435102211766839, 4.967732065676335296, 14.99907378821410653 ) ) ;
#6784 =( NAMED_UNIT ( * ) SI_UNIT ( $, .STERADIAN. ) SOLID_ANGLE_UNIT ( ) );
#6785 =( LENGTH_UNIT ( ) NAMED_UNIT ( * ) SI_UNIT ( .MILLI., .METRE. ) );
#6786 = ORIENTED_EDGE ( 'NONE', *, *, #3495, .T. ) ;
#6787 = DIRECTION ( 'NONE',  ( -0.0000000000000000000, 1.110223024624999878E-16, 1.000000000000000000 ) ) ;
#6788 = DIRECTION ( 'NONE',  ( -0.0000000000000000000, -0.0000000000000000000, 1.000000000000000000 ) ) ;
#6789 = LINE ( 'NONE', #3197, #1806 ) ;
#6790 = ORIENTED_EDGE ( 'NONE', *, *, #4672, .T. ) ;
#6791 = ORIENTED_EDGE ( 'NONE', *, *, #3131, .T. ) ;
#6792 = LINE ( 'NONE', #3227, #5368 ) ;
#6793 = EDGE_LOOP ( 'NONE', ( #4930, #875, #5075, #6506, #5444, #5688, #3521, #5272, #1026, #3882, #2615, #1544, #5097, #3043, #5941, #4284, #6339, #512, #4118, #3343, #6519, #3696, #2305, #6504 ) ) ;
#6794 = UNCERTAINTY_MEASURE_WITH_UNIT (LENGTH_MEASURE( 1.000000000000000082E-05 ), #6807, 'distance_accuracy_value', 'NONE');
#6795 = ORIENTED_EDGE ( 'NONE', *, *, #5758, .T. ) ;
#6796 = PRESENTATION_LAYER_ASSIGNMENT (  '', '', ( #6074 ) ) ;
#6797 = VECTOR ( 'NONE', #6760, 1000.000000000000000 ) ;
#6798 =( NAMED_UNIT ( * ) PLANE_ANGLE_UNIT ( ) SI_UNIT ( $, .RADIAN. ) );
#6799 = MECHANICAL_DESIGN_GEOMETRIC_PRESENTATION_REPRESENTATION (  '', ( #5357 ), #248 ) ;
#6800 =( NAMED_UNIT ( * ) PLANE_ANGLE_UNIT ( ) SI_UNIT ( $, .RADIAN. ) );
#6801 = PRESENTATION_LAYER_ASSIGNMENT (  '', '', ( #6080 ) ) ;
#6802 = EDGE_CURVE ( 'NONE', #6689, #3701, #2012, .T. ) ;
#6803 =( NAMED_UNIT ( * ) SI_UNIT ( $, .STERADIAN. ) SOLID_ANGLE_UNIT ( ) );
#6804 = LINE ( 'NONE', #3782, #2572 ) ;
#6805 = COLOUR_RGB ( '',0.2509803921568627416, 0.2509803921568627416, 0.2509803921568627416 ) ;
#6806 = ADVANCED_FACE ( 'NONE', ( #4659 ), #5980, .T. ) ;
#6807 =( LENGTH_UNIT ( ) NAMED_UNIT ( * ) SI_UNIT ( .MILLI., .METRE. ) );
#6808 = VECTOR ( 'NONE', #5678, 1000.000000000000000 ) ;
#6809 =( NAMED_UNIT ( * ) SI_UNIT ( $, .STERADIAN. ) SOLID_ANGLE_UNIT ( ) );
#6810 = FACE_OUTER_BOUND ( 'NONE', #3110, .T. ) ;
#6811 =( NAMED_UNIT ( * ) SI_UNIT ( $, .STERADIAN. ) SOLID_ANGLE_UNIT ( ) );
#6812 = LINE ( 'NONE', #4246, #3991 ) ;
#6813 = FILL_AREA_STYLE_COLOUR ( '', #1194 ) ;
#6814 = MECHANICAL_DESIGN_GEOMETRIC_PRESENTATION_REPRESENTATION (  '', ( #6091 ), #263 ) ;
#6815 = EDGE_CURVE ( 'NONE', #6327, #4430, #1336, .T. ) ;
#6816 = SURFACE_STYLE_USAGE ( .BOTH. , #3106 ) ;
#6817 = EDGE_CURVE ( 'NONE', #4705, #1465, #2763, .T. ) ;
#6818 = FACE_OUTER_BOUND ( 'NONE', #5296, .T. ) ;
#6819 = VECTOR ( 'NONE', #1674, 1000.000000000000000 ) ;
#6820 = LINE ( 'NONE', #4568, #2756 ) ;
#6821 =( GEOMETRIC_REPRESENTATION_CONTEXT ( 3 ) GLOBAL_UNCERTAINTY_ASSIGNED_CONTEXT ( ( #3222 ) ) GLOBAL_UNIT_ASSIGNED_CONTEXT ( ( #3645, #442, #4178 ) ) REPRESENTATION_CONTEXT ( 'NONE', 'WORKASPACE' ) );
#6822 = MECHANICAL_DESIGN_GEOMETRIC_PRESENTATION_REPRESENTATION (  '', ( #6101 ), #274 ) ;
#6823 = SURFACE_SIDE_STYLE ('',( #763 ) ) ;
#6824 = SURFACE_STYLE_USAGE ( .BOTH. , #3113 ) ;
#6825 = FACE_OUTER_BOUND ( 'NONE', #3848, .T. ) ;
#6826 = SURFACE_SIDE_STYLE ('',( #1926 ) ) ;
#6827 = PLANE ( 'NONE',  #2731 ) ;
#6828 = CARTESIAN_POINT ( 'NONE',  ( 5.970552912677237423, 6.719299690771334710, 18.56007378821410825 ) ) ;
#6829 = DIRECTION ( 'NONE',  ( -0.0000000000000000000, -0.0000000000000000000, 1.000000000000000000 ) ) ;
#6830 = ORIENTED_EDGE ( 'NONE', *, *, #594, .T. ) ;
#6831 = EDGE_CURVE ( 'NONE', #2696, #145, #5572, .T. ) ;
#6832 = FILL_AREA_STYLE_COLOUR ( '', #5448 ) ;
#6833 = DIRECTION ( 'NONE',  ( 1.000000000000000000, 0.0000000000000000000, -0.0000000000000000000 ) ) ;
#6834 =( LENGTH_UNIT ( ) NAMED_UNIT ( * ) SI_UNIT ( .MILLI., .METRE. ) );
#6835 = ORIENTED_EDGE ( 'NONE', *, *, #949, .T. ) ;
#6836 = VECTOR ( 'NONE', #2369, 1000.000000000000000 ) ;
#6837 = DIRECTION ( 'NONE',  ( 1.000000000000000000, -0.0000000000000000000, -0.0000000000000000000 ) ) ;
#6838 = ADVANCED_FACE ( 'NONE', ( #6825 ), #4953, .F. ) ;
#6839 = STYLED_ITEM ( 'NONE', ( #2123 ), #4742 ) ;
#6840 = EDGE_CURVE ( 'NONE', #1643, #6130, #6159, .T. ) ;
#6841 = MECHANICAL_DESIGN_GEOMETRIC_PRESENTATION_REPRESENTATION (  '', ( #5770 ), #295 ) ;
#6842 = PRESENTATION_LAYER_ASSIGNMENT (  '', '', ( #6481 ) ) ;
#6843 = VERTEX_POINT ( 'NONE', #4975 ) ;
#6844 = ORIENTED_EDGE ( 'NONE', *, *, #1969, .T. ) ;
#6845 = DIRECTION ( 'NONE',  ( -1.000000000000000000, 0.0000000000000000000, 0.0000000000000000000 ) ) ;
#6846 = ORIENTED_EDGE ( 'NONE', *, *, #5758, .F. ) ;
#6847 = ORIENTED_EDGE ( 'NONE', *, *, #6577, .F. ) ;
#6848 = ORIENTED_EDGE ( 'NONE', *, *, #1788, .T. ) ;
#6849 = SURFACE_SIDE_STYLE ('',( #6905 ) ) ;
#6850 = ORIENTED_EDGE ( 'NONE', *, *, #4406, .F. ) ;
#6851 =( NAMED_UNIT ( * ) PLANE_ANGLE_UNIT ( ) SI_UNIT ( $, .RADIAN. ) );
#6852 =( NAMED_UNIT ( * ) SI_UNIT ( $, .STERADIAN. ) SOLID_ANGLE_UNIT ( ) );
#6853 = PRESENTATION_LAYER_ASSIGNMENT (  '', '', ( #6489 ) ) ;
#6854 = VERTEX_POINT ( 'NONE', #2346 ) ;
#6855 = PLANE ( 'NONE',  #1221 ) ;
#6856 =( GEOMETRIC_REPRESENTATION_CONTEXT ( 3 ) GLOBAL_UNCERTAINTY_ASSIGNED_CONTEXT ( ( #1299 ) ) GLOBAL_UNIT_ASSIGNED_CONTEXT ( ( #6346, #3180, #6886 ) ) REPRESENTATION_CONTEXT ( 'NONE', 'WORKASPACE' ) );
#6857 = LINE ( 'NONE', #433, #1369 ) ;
#6858 = CARTESIAN_POINT ( 'NONE',  ( 6.601436877384170288, 13.34360097411962620, 15.51553255028027145 ) ) ;
#6859 = EDGE_LOOP ( 'NONE', ( #1692, #4615, #5946, #261, #1862, #635, #3763 ) ) ;
#6860 =( GEOMETRIC_REPRESENTATION_CONTEXT ( 3 ) GLOBAL_UNCERTAINTY_ASSIGNED_CONTEXT ( ( #6348 ) ) GLOBAL_UNIT_ASSIGNED_CONTEXT ( ( #2591, #6295, #3126 ) ) REPRESENTATION_CONTEXT ( 'NONE', 'WORKASPACE' ) );
#6861 =( GEOMETRIC_REPRESENTATION_CONTEXT ( 3 ) GLOBAL_UNCERTAINTY_ASSIGNED_CONTEXT ( ( #1964 ) ) GLOBAL_UNIT_ASSIGNED_CONTEXT ( ( #3983, #778, #4503 ) ) REPRESENTATION_CONTEXT ( 'NONE', 'WORKASPACE' ) );
#6862 = ORIENTED_EDGE ( 'NONE', *, *, #1751, .F. ) ;
#6863 = CARTESIAN_POINT ( 'NONE',  ( 11.67177128197023350, 5.817765331388334182, 15.00007378821410597 ) ) ;
#6864 =( BOUNDED_CURVE ( )  B_SPLINE_CURVE ( 3, ( #255, #5001, #233, #3984 ),
 .UNSPECIFIED., .F., .F. ) 
 B_SPLINE_CURVE_WITH_KNOTS ( ( 4, 4 ),
 ( -5.329070518200751394E-15, 1.570796326794905662 ),
 .UNSPECIFIED. ) 
 CURVE ( )  GEOMETRIC_REPRESENTATION_ITEM ( )  RATIONAL_B_SPLINE_CURVE ( ( 1.000000000000000000, 0.8047378541243617178, 0.8047378541243617178, 1.000000000000000000 ) ) 
 REPRESENTATION_ITEM ( '' )  );
#6865 = CARTESIAN_POINT ( 'NONE',  ( 5.598034606640234223, 4.367732065676334763, 14.36007378821410541 ) ) ;
#6866 = CARTESIAN_POINT ( 'NONE',  ( -5.328228808214765522, 13.52812357609851190, 15.00007378821410597 ) ) ;
#6867 = VERTEX_POINT ( 'NONE', #1242 ) ;
#6868 = DIRECTION ( 'NONE',  ( 0.0000000000000000000, 0.0000000000000000000, -1.000000000000000000 ) ) ;
#6869 = PRESENTATION_STYLE_ASSIGNMENT (( #4731 ) ) ;
#6870 = DIRECTION ( 'NONE',  ( -0.0000000000000000000, -1.000000000000000000, -0.0000000000000000000 ) ) ;
#6871 = ADVANCED_FACE ( 'NONE', ( #654 ), #4451, .F. ) ;
#6872 =( LENGTH_UNIT ( ) NAMED_UNIT ( * ) SI_UNIT ( .MILLI., .METRE. ) );
#6873 = CARTESIAN_POINT ( 'NONE',  ( -3.813228718029765929, 4.382754242817334500, 11.44007378821410725 ) ) ;
#6874 = ORIENTED_EDGE ( 'NONE', *, *, #5539, .T. ) ;
#6875 = VECTOR ( 'NONE', #4636, 1000.000000000000000 ) ;
#6876 = EDGE_LOOP ( 'NONE', ( #2885, #130, #6835, #1529 ) ) ;
#6877 = LINE ( 'NONE', #2817, #2137 ) ;
#6878 = DIRECTION ( 'NONE',  ( 0.0000000000000000000, 0.0000000000000000000, -1.000000000000000000 ) ) ;
#6879 = UNCERTAINTY_MEASURE_WITH_UNIT (LENGTH_MEASURE( 1.000000000000000082E-05 ), #1557, 'distance_accuracy_value', 'NONE');
#6880 = EDGE_LOOP ( 'NONE', ( #305, #87, #3114, #1907 ) ) ;
#6881 = EDGE_CURVE ( 'NONE', #5340, #165, #4252, .T. ) ;
#6882 = PRESENTATION_STYLE_ASSIGNMENT (( #986 ) ) ;
#6883 = FACE_OUTER_BOUND ( 'NONE', #4535, .T. ) ;
#6884 =( NAMED_UNIT ( * ) PLANE_ANGLE_UNIT ( ) SI_UNIT ( $, .RADIAN. ) );
#6885 = ORIENTED_EDGE ( 'NONE', *, *, #3391, .T. ) ;
#6886 =( NAMED_UNIT ( * ) SI_UNIT ( $, .STERADIAN. ) SOLID_ANGLE_UNIT ( ) );
#6887 = LINE ( 'NONE', #3130, #1906 ) ;
#6888 = ORIENTED_EDGE ( 'NONE', *, *, #5008, .T. ) ;
#6889 = ORIENTED_EDGE ( 'NONE', *, *, #4260, .F. ) ;
#6890 = VECTOR ( 'NONE', #6611, 1000.000000000000000 ) ;
#6891 = SURFACE_SIDE_STYLE ('',( #6338 ) ) ;
#6892 = COLOUR_RGB ( '',0.2509803921568627416, 0.2509803921568627416, 0.2509803921568627416 ) ;
#6893 = SURFACE_SIDE_STYLE ('',( #952 ) ) ;
#6894 = SURFACE_SIDE_STYLE ('',( #5470 ) ) ;
#6895 = VECTOR ( 'NONE', #6044, 1000.000000000000000 ) ;
#6896 = AXIS2_PLACEMENT_3D ( 'NONE', #6683, #3525, #319 ) ;
#6897 = CARTESIAN_POINT ( 'NONE',  ( 11.27177128197023137, 6.510585654415335100, 21.70348027693310655 ) ) ;
#6898 = UNCERTAINTY_MEASURE_WITH_UNIT (LENGTH_MEASURE( 1.000000000000000082E-05 ), #1181, 'distance_accuracy_value', 'NONE');
#6899 = FACE_OUTER_BOUND ( 'NONE', #2480, .T. ) ;
#6900 =( NAMED_UNIT ( * ) PLANE_ANGLE_UNIT ( ) SI_UNIT ( $, .RADIAN. ) );
#6901 = VECTOR ( 'NONE', #1728, 1000.000000000000000 ) ;
#6902 = CARTESIAN_POINT ( 'NONE',  ( 3.961478271157234055, 4.947754242807335778, 22.62007378821410697 ) ) ;
#6903 = FACE_OUTER_BOUND ( 'NONE', #1628, .T. ) ;
#6904 = LINE ( 'NONE', #5952, #5477 ) ;
#6905 = SURFACE_STYLE_FILL_AREA ( #6283 ) ;
#6906 = EDGE_CURVE ( 'NONE', #943, #5985, #4739, .T. ) ;
#6907 = VECTOR ( 'NONE', #3445, 1000.000000000000000 ) ;
ENDSEC;
END-ISO-10303-21;
