ISO-10303-21;
HEADER;
FILE_DESCRIPTION(('STEP AP214'),'1');
FILE_NAME('CON4_1X4_TU_TSW','2026-01-18T01:50:11',(''),(''),'','','');
FILE_SCHEMA(('AUTOMOTIVE_DESIGN'));
ENDSEC;
DATA;
#1=SHAPE_DEFINITION_REPRESENTATION(#2,#3);
#2=PRODUCT_DEFINITION_SHAPE('',$,#4);
#3=SHAPE_REPRESENTATION('',(#188,#2641,#2643,#3625,#3627,#4609,#4611,#5593,#5595,#19),#11);
#4=PRODUCT_DEFINITION('design','example product_definition',#6,#5);
#5=PRODUCT_DEFINITION_CONTEXT('3D Mechanical Parts',#10,'design');
#6=PRODUCT_DEFINITION_FORMATION('1.0','first version',#8);
#7=APPLICATION_PROTOCOL_DEFINITION('international standard','automotive_design',2003,#10);
#8=PRODUCT('product','part','',(#9));
#9=PRODUCT_CONTEXT('3D Mechanical Parts',#10,'mechanical');
#10=APPLICATION_CONTEXT('Core Data for Automotive Mechanical Design Process');
#11=(GEOMETRIC_REPRESENTATION_CONTEXT(3) GLOBAL_UNCERTAINTY_ASSIGNED_CONTEXT((#12)) GLOBAL_UNIT_ASSIGNED_CONTEXT((#13,#14,#18)) REPRESENTATION_CONTEXT('ID1','3D'));
#12=UNCERTAINTY_MEASURE_WITH_UNIT(LENGTH_MEASURE(1.E-005),#13,'DISTANCE_ACCURACY_VALUE','Maximum model space distance between geometric entities at asserted connectivities');
#13=(LENGTH_UNIT() NAMED_UNIT(*) SI_UNIT(.MILLI.,.METRE.));
#14=(CONVERSION_BASED_UNIT('degree',#16) NAMED_UNIT(#15) PLANE_ANGLE_UNIT());
#15=DIMENSIONAL_EXPONENTS(0.,0.,0.,0.,0.,0.,0.);
#16=MEASURE_WITH_UNIT(PLANE_ANGLE_MEASURE(0.01745329252),#17);
#17=(NAMED_UNIT(*) PLANE_ANGLE_UNIT() SI_UNIT($,.RADIAN.));
#18=(NAMED_UNIT(*) SI_UNIT($,.STERADIAN.) SOLID_ANGLE_UNIT());
#19=AXIS2_PLACEMENT_3D('',#20,#21,#22);
#20=CARTESIAN_POINT('',(0.0,0.0,0.0));
#21=DIRECTION('',(0.0,0.0,1.0));
#22=DIRECTION('',(1.0,0.0,0.0));
#25=MECHANICAL_DESIGN_GEOMETRIC_PRESENTATION_REPRESENTATION($,(#190,#239,#288,#337,#386,#435,#484,#533,#582,#631,#680,#729,#778,#827,#876,#925,#974,#1023,#1072,#1121,#1170,#1219,#1268,#1317,#1366,#1415,#1464,#1513,#1562,#1611,#1660,#1709,#1758,#1807,#1856,#1905,#1954,#2003,#2052,#2101,#2150,#2199,#2248,#2297,#2346,#2395,#2444,#2493,#2542,#2591,#2645,#2694,#2743,#2792,#2841,#2890,#2939,#2988,#3037,#3086,#3135,#3184,#3233,#3282,#3331,#3380,#3429,#3478,#3527,#3576,#3629,#3678,#3727,#3776,#3825,#3874,#3923,#3972,#4021,#4070,#4119,#4168,#4217,#4266,#4315,#4364,#4413,#4462,#4511,#4560,#4613,#4662,#4711,#4760,#4809,#4858,#4907,#4956,#5005,#5054,#5103,#5152,#5201,#5250,#5299,#5348,#5397,#5446,#5495,#5544,#5597,#5646,#5695,#5744,#5793,#5842,#5891,#5940,#5989,#6038,#6087,#6136,#6185,#6234,#6283,#6332,#6381,#6430,#6479,#6528),#11);
#26=PRODUCT_CATEGORY_RELATIONSHIP('','',#27,#28);
#27=PRODUCT_CATEGORY('part','');
#28=PRODUCT_RELATED_PRODUCT_CATEGORY('','',(#8));
#34=PRESENTATION_STYLE_ASSIGNMENT((#35,#40));
#35=SURFACE_STYLE_USAGE(.BOTH.,#36);
#36=SURFACE_SIDE_STYLE('',(#37));
#37=SURFACE_STYLE_FILL_AREA(#38);
#38=FILL_AREA_STYLE('',(#39));
#39=FILL_AREA_STYLE_COLOUR('',#41);
#40=CURVE_STYLE('',#42,POSITIVE_LENGTH_MEASURE(0.1),#41);
#41=COLOUR_RGB('Gold',0.843,0.686,0.0);
#42=DRAUGHTING_PRE_DEFINED_CURVE_FONT('continuous');
#43=PRESENTATION_STYLE_ASSIGNMENT((#44,#49));
#44=SURFACE_STYLE_USAGE(.BOTH.,#45);
#45=SURFACE_SIDE_STYLE('',(#46));
#46=SURFACE_STYLE_FILL_AREA(#47);
#47=FILL_AREA_STYLE('',(#48));
#48=FILL_AREA_STYLE_COLOUR('',#50);
#49=CURVE_STYLE('',#51,POSITIVE_LENGTH_MEASURE(0.1),#50);
#50=COLOUR_RGB('Black',0.196,0.196,0.196);
#51=DRAUGHTING_PRE_DEFINED_CURVE_FONT('continuous');
#52=PRESENTATION_STYLE_ASSIGNMENT((#53,#58));
#53=SURFACE_STYLE_USAGE(.BOTH.,#54);
#54=SURFACE_SIDE_STYLE('',(#55));
#55=SURFACE_STYLE_FILL_AREA(#56);
#56=FILL_AREA_STYLE('',(#57));
#57=FILL_AREA_STYLE_COLOUR('',#59);
#58=CURVE_STYLE('',#60,POSITIVE_LENGTH_MEASURE(0.1),#59);
#59=COLOUR_RGB('Shroud',0.235,0.235,0.235);
#60=DRAUGHTING_PRE_DEFINED_CURVE_FONT('continuous');
#61=PRESENTATION_STYLE_ASSIGNMENT((#62,#67));
#62=SURFACE_STYLE_USAGE(.BOTH.,#63);
#63=SURFACE_SIDE_STYLE('',(#64));
#64=SURFACE_STYLE_FILL_AREA(#65);
#65=FILL_AREA_STYLE('',(#66));
#66=FILL_AREA_STYLE_COLOUR('',#68);
#67=CURVE_STYLE('',#69,POSITIVE_LENGTH_MEASURE(0.1),#68);
#68=COLOUR_RGB('HeatTab',0.588,0.588,0.588);
#69=DRAUGHTING_PRE_DEFINED_CURVE_FONT('continuous');
#70=PRESENTATION_STYLE_ASSIGNMENT((#71,#76));
#71=SURFACE_STYLE_USAGE(.BOTH.,#72);
#72=SURFACE_SIDE_STYLE('',(#73));
#73=SURFACE_STYLE_FILL_AREA(#74);
#74=FILL_AREA_STYLE('',(#75));
#75=FILL_AREA_STYLE_COLOUR('',#77);
#76=CURVE_STYLE('',#78,POSITIVE_LENGTH_MEASURE(0.1),#77);
#77=COLOUR_RGB('Aluminum',0.725,0.725,0.725);
#78=DRAUGHTING_PRE_DEFINED_CURVE_FONT('continuous');
#79=PRESENTATION_STYLE_ASSIGNMENT((#80,#85));
#80=SURFACE_STYLE_USAGE(.BOTH.,#81);
#81=SURFACE_SIDE_STYLE('',(#82));
#82=SURFACE_STYLE_FILL_AREA(#83);
#83=FILL_AREA_STYLE('',(#84));
#84=FILL_AREA_STYLE_COLOUR('',#86);
#85=CURVE_STYLE('',#87,POSITIVE_LENGTH_MEASURE(0.1),#86);
#86=COLOUR_RGB('Brown',0.459,0.345,0.176);
#87=DRAUGHTING_PRE_DEFINED_CURVE_FONT('continuous');
#88=PRESENTATION_STYLE_ASSIGNMENT((#89,#94));
#89=SURFACE_STYLE_USAGE(.BOTH.,#90);
#90=SURFACE_SIDE_STYLE('',(#91));
#91=SURFACE_STYLE_FILL_AREA(#92);
#92=FILL_AREA_STYLE('',(#93));
#93=FILL_AREA_STYLE_COLOUR('',#95);
#94=CURVE_STYLE('',#96,POSITIVE_LENGTH_MEASURE(0.1),#95);
#95=COLOUR_RGB('Tan',0.784,0.686,0.51);
#96=DRAUGHTING_PRE_DEFINED_CURVE_FONT('continuous');
#97=PRESENTATION_STYLE_ASSIGNMENT((#98,#103));
#98=SURFACE_STYLE_USAGE(.BOTH.,#99);
#99=SURFACE_SIDE_STYLE('',(#100));
#100=SURFACE_STYLE_FILL_AREA(#101);
#101=FILL_AREA_STYLE('',(#102));
#102=FILL_AREA_STYLE_COLOUR('',#104);
#103=CURVE_STYLE('',#105,POSITIVE_LENGTH_MEASURE(0.1),#104);
#104=COLOUR_RGB('Gray',0.431,0.431,0.431);
#105=DRAUGHTING_PRE_DEFINED_CURVE_FONT('continuous');
#106=PRESENTATION_STYLE_ASSIGNMENT((#107,#112));
#107=SURFACE_STYLE_USAGE(.BOTH.,#108);
#108=SURFACE_SIDE_STYLE('',(#109));
#109=SURFACE_STYLE_FILL_AREA(#110);
#110=FILL_AREA_STYLE('',(#111));
#111=FILL_AREA_STYLE_COLOUR('',#113);
#112=CURVE_STYLE('',#114,POSITIVE_LENGTH_MEASURE(0.1),#113);
#113=COLOUR_RGB('Red',0.6,0.0,0.0);
#114=DRAUGHTING_PRE_DEFINED_CURVE_FONT('continuous');
#115=PRESENTATION_STYLE_ASSIGNMENT((#116,#121));
#116=SURFACE_STYLE_USAGE(.BOTH.,#117);
#117=SURFACE_SIDE_STYLE('',(#118));
#118=SURFACE_STYLE_FILL_AREA(#119);
#119=FILL_AREA_STYLE('',(#120));
#120=FILL_AREA_STYLE_COLOUR('',#122);
#121=CURVE_STYLE('',#123,POSITIVE_LENGTH_MEASURE(0.1),#122);
#122=COLOUR_RGB('Blue',0.157,0.157,0.588);
#123=DRAUGHTING_PRE_DEFINED_CURVE_FONT('continuous');
#124=PRESENTATION_STYLE_ASSIGNMENT((#125,#130));
#125=SURFACE_STYLE_USAGE(.BOTH.,#126);
#126=SURFACE_SIDE_STYLE('',(#127));
#127=SURFACE_STYLE_FILL_AREA(#128);
#128=FILL_AREA_STYLE('',(#129));
#129=FILL_AREA_STYLE_COLOUR('',#131);
#130=CURVE_STYLE('',#132,POSITIVE_LENGTH_MEASURE(0.1),#131);
#131=COLOUR_RGB('Maroon',0.294,0.0,0.0);
#132=DRAUGHTING_PRE_DEFINED_CURVE_FONT('continuous');
#133=PRESENTATION_STYLE_ASSIGNMENT((#134,#139));
#134=SURFACE_STYLE_USAGE(.BOTH.,#135);
#135=SURFACE_SIDE_STYLE('',(#136));
#136=SURFACE_STYLE_FILL_AREA(#137);
#137=FILL_AREA_STYLE('',(#138));
#138=FILL_AREA_STYLE_COLOUR('',#140);
#139=CURVE_STYLE('',#141,POSITIVE_LENGTH_MEASURE(0.1),#140);
#140=COLOUR_RGB('Green',0.0,0.294,0.0);
#141=DRAUGHTING_PRE_DEFINED_CURVE_FONT('continuous');
#142=PRESENTATION_STYLE_ASSIGNMENT((#143,#148));
#143=SURFACE_STYLE_USAGE(.BOTH.,#144);
#144=SURFACE_SIDE_STYLE('',(#145));
#145=SURFACE_STYLE_FILL_AREA(#146);
#146=FILL_AREA_STYLE('',(#147));
#147=FILL_AREA_STYLE_COLOUR('',#149);
#148=CURVE_STYLE('',#150,POSITIVE_LENGTH_MEASURE(0.1),#149);
#149=COLOUR_RGB('Pin1',0.588,0.588,0.059);
#150=DRAUGHTING_PRE_DEFINED_CURVE_FONT('continuous');
#151=PRESENTATION_STYLE_ASSIGNMENT((#152,#157));
#152=SURFACE_STYLE_USAGE(.BOTH.,#153);
#153=SURFACE_SIDE_STYLE('',(#154));
#154=SURFACE_STYLE_FILL_AREA(#155);
#155=FILL_AREA_STYLE('',(#156));
#156=FILL_AREA_STYLE_COLOUR('',#158);
#157=CURVE_STYLE('',#159,POSITIVE_LENGTH_MEASURE(0.1),#158);
#158=COLOUR_RGB('Pin1Wrap',0.98,0.706,0.176);
#159=DRAUGHTING_PRE_DEFINED_CURVE_FONT('continuous');
#160=PRESENTATION_STYLE_ASSIGNMENT((#161,#166));
#161=SURFACE_STYLE_USAGE(.BOTH.,#162);
#162=SURFACE_SIDE_STYLE('',(#163));
#163=SURFACE_STYLE_FILL_AREA(#164);
#164=FILL_AREA_STYLE('',(#165));
#165=FILL_AREA_STYLE_COLOUR('',#167);
#166=CURVE_STYLE('',#168,POSITIVE_LENGTH_MEASURE(0.1),#167);
#167=COLOUR_RGB('Pin1Rad',0.588,0.588,0.588);
#168=DRAUGHTING_PRE_DEFINED_CURVE_FONT('continuous');
#169=PRESENTATION_STYLE_ASSIGNMENT((#170,#175));
#170=SURFACE_STYLE_USAGE(.BOTH.,#171);
#171=SURFACE_SIDE_STYLE('',(#172));
#172=SURFACE_STYLE_FILL_AREA(#173);
#173=FILL_AREA_STYLE('',(#174));
#174=FILL_AREA_STYLE_COLOUR('',#176);
#175=CURVE_STYLE('',#177,POSITIVE_LENGTH_MEASURE(0.1),#176);
#176=COLOUR_RGB('Pin1Axial',0.98,0.706,0.176);
#177=DRAUGHTING_PRE_DEFINED_CURVE_FONT('continuous');
#178=PRESENTATION_STYLE_ASSIGNMENT((#179,#184));
#179=SURFACE_STYLE_USAGE(.BOTH.,#180);
#180=SURFACE_SIDE_STYLE('',(#181));
#181=SURFACE_STYLE_FILL_AREA(#182);
#182=FILL_AREA_STYLE('',(#183));
#183=FILL_AREA_STYLE_COLOUR('',#185);
#184=CURVE_STYLE('',#186,POSITIVE_LENGTH_MEASURE(0.1),#185);
#185=COLOUR_RGB('Pin1Tant',0.459,0.345,0.176);
#186=DRAUGHTING_PRE_DEFINED_CURVE_FONT('continuous');
#188=MANIFOLD_SOLID_BREP($,#189);
#189=CLOSED_SHELL('',(#191,#240,#289,#338,#387,#436,#485,#534,#583,#632,#681,#730,#779,#828,#877,#926,#975,#1024,#1073,#1122,#1171,#1220,#1269,#1318,#1367,#1416,#1465,#1514,#1563,#1612,#1661,#1710,#1759,#1808,#1857,#1906,#1955,#2004,#2053,#2102,#2151,#2200,#2249,#2298,#2347,#2396,#2445,#2494,#2543,#2592));
#190=STYLED_ITEM('',(#43),#191);
#191=ADVANCED_FACE('',(#197),#192,.T.);
#192=PLANE('',#193);
#193=AXIS2_PLACEMENT_3D('',#194,#195,#196);
#194=CARTESIAN_POINT('',(5.08,-1.111,8.001));
#195=DIRECTION('',(0.881,0.0,0.472));
#196=DIRECTION('',(0.,0.,1.));
#197=FACE_OUTER_BOUND('',#198,.T.);
#198=EDGE_LOOP('',(#199,#209,#219,#229));
#202=CARTESIAN_POINT('',(5.08,1.111,8.001));
#201=VERTEX_POINT('',#202);
#204=CARTESIAN_POINT('',(5.08,-1.111,8.001));
#203=VERTEX_POINT('',#204);
#200=EDGE_CURVE('',#201,#203,#205,.T.);
#205=LINE('',#202,#207);
#207=VECTOR('',#208,2.2224873);
#208=DIRECTION('',(0.0,-1.0,0.0));
#199=ORIENTED_EDGE('',*,*,#200,.F.);
#212=CARTESIAN_POINT('',(4.604,1.27,8.89));
#211=VERTEX_POINT('',#212);
#210=EDGE_CURVE('',#211,#201,#215,.T.);
#215=LINE('',#212,#217);
#217=VECTOR('',#218,1.02094469816788);
#218=DIRECTION('',(0.466,-0.155,-0.871));
#209=ORIENTED_EDGE('',*,*,#210,.F.);
#222=CARTESIAN_POINT('',(4.604,-1.27,8.89));
#221=VERTEX_POINT('',#222);
#220=EDGE_CURVE('',#221,#211,#225,.T.);
#225=LINE('',#222,#227);
#227=VECTOR('',#228,2.54);
#228=DIRECTION('',(0.0,1.0,0.0));
#219=ORIENTED_EDGE('',*,*,#220,.F.);
#230=EDGE_CURVE('',#203,#221,#235,.T.);
#235=LINE('',#204,#237);
#237=VECTOR('',#238,1.02094469816788);
#238=DIRECTION('',(-0.466,-0.155,0.871));
#229=ORIENTED_EDGE('',*,*,#230,.F.);
#239=STYLED_ITEM('',(#43),#240);
#240=ADVANCED_FACE('',(#246),#241,.T.);
#241=PLANE('',#242);
#242=AXIS2_PLACEMENT_3D('',#243,#244,#245);
#243=CARTESIAN_POINT('',(3.016,-1.27,8.89));
#244=DIRECTION('',(0.0,0.0,1.0));
#245=DIRECTION('',(0.,1.,0.));
#246=FACE_OUTER_BOUND('',#247,.T.);
#247=EDGE_LOOP('',(#248,#258,#268,#278));
#253=CARTESIAN_POINT('',(3.016,-1.27,8.89));
#252=VERTEX_POINT('',#253);
#249=EDGE_CURVE('',#221,#252,#254,.T.);
#254=LINE('',#222,#256);
#256=VECTOR('',#257,1.5875127);
#257=DIRECTION('',(-1.0,0.0,0.0));
#248=ORIENTED_EDGE('',*,*,#249,.F.);
#258=ORIENTED_EDGE('',*,*,#220,.T.);
#271=CARTESIAN_POINT('',(3.016,1.27,8.89));
#270=VERTEX_POINT('',#271);
#269=EDGE_CURVE('',#270,#211,#274,.T.);
#274=LINE('',#271,#276);
#276=VECTOR('',#277,1.5875127);
#277=DIRECTION('',(1.0,0.0,0.0));
#268=ORIENTED_EDGE('',*,*,#269,.F.);
#279=EDGE_CURVE('',#252,#270,#284,.T.);
#284=LINE('',#253,#286);
#286=VECTOR('',#287,2.54);
#287=DIRECTION('',(0.0,1.0,0.0));
#278=ORIENTED_EDGE('',*,*,#279,.F.);
#288=STYLED_ITEM('',(#43),#289);
#289=ADVANCED_FACE('',(#295),#290,.T.);
#290=PLANE('',#291);
#291=AXIS2_PLACEMENT_3D('',#292,#293,#294);
#292=CARTESIAN_POINT('',(2.54,-1.111,8.001));
#293=DIRECTION('',(-0.881,0.0,0.472));
#294=DIRECTION('',(0.,0.,1.));
#295=FACE_OUTER_BOUND('',#296,.T.);
#296=EDGE_LOOP('',(#297,#307,#317,#327));
#302=CARTESIAN_POINT('',(2.54,-1.111,8.001));
#301=VERTEX_POINT('',#302);
#298=EDGE_CURVE('',#252,#301,#303,.T.);
#303=LINE('',#253,#305);
#305=VECTOR('',#306,1.02094469816788);
#306=DIRECTION('',(-0.466,0.155,-0.871));
#297=ORIENTED_EDGE('',*,*,#298,.F.);
#307=ORIENTED_EDGE('',*,*,#279,.T.);
#320=CARTESIAN_POINT('',(2.54,1.111,8.001));
#319=VERTEX_POINT('',#320);
#318=EDGE_CURVE('',#319,#270,#323,.T.);
#323=LINE('',#320,#325);
#325=VECTOR('',#326,1.02094469816788);
#326=DIRECTION('',(0.466,0.155,0.871));
#317=ORIENTED_EDGE('',*,*,#318,.F.);
#328=EDGE_CURVE('',#301,#319,#333,.T.);
#333=LINE('',#302,#335);
#335=VECTOR('',#336,2.2224873);
#336=DIRECTION('',(0.0,1.0,0.0));
#327=ORIENTED_EDGE('',*,*,#328,.F.);
#337=STYLED_ITEM('',(#43),#338);
#338=ADVANCED_FACE('',(#344),#339,.T.);
#339=PLANE('',#340);
#340=AXIS2_PLACEMENT_3D('',#341,#342,#343);
#341=CARTESIAN_POINT('',(5.08,-1.111,2.223));
#342=DIRECTION('',(1.0,0.0,0.0));
#343=DIRECTION('',(0.,0.,1.));
#344=FACE_OUTER_BOUND('',#345,.T.);
#345=EDGE_LOOP('',(#346,#356,#366,#376));
#349=CARTESIAN_POINT('',(5.08,1.111,2.223));
#348=VERTEX_POINT('',#349);
#351=CARTESIAN_POINT('',(5.08,-1.111,2.223));
#350=VERTEX_POINT('',#351);
#347=EDGE_CURVE('',#348,#350,#352,.T.);
#352=LINE('',#349,#354);
#354=VECTOR('',#355,2.2224873);
#355=DIRECTION('',(0.0,-1.0,0.0));
#346=ORIENTED_EDGE('',*,*,#347,.F.);
#357=EDGE_CURVE('',#201,#348,#362,.T.);
#362=LINE('',#202,#364);
#364=VECTOR('',#365,5.77848349);
#365=DIRECTION('',(0.0,0.0,-1.0));
#356=ORIENTED_EDGE('',*,*,#357,.F.);
#366=ORIENTED_EDGE('',*,*,#200,.T.);
#377=EDGE_CURVE('',#350,#203,#382,.T.);
#382=LINE('',#351,#384);
#384=VECTOR('',#385,5.77848349);
#385=DIRECTION('',(0.0,0.0,1.0));
#376=ORIENTED_EDGE('',*,*,#377,.F.);
#386=STYLED_ITEM('',(#43),#387);
#387=ADVANCED_FACE('',(#393),#388,.T.);
#388=PLANE('',#389);
#389=AXIS2_PLACEMENT_3D('',#390,#391,#392);
#390=CARTESIAN_POINT('',(5.08,1.111,2.223));
#391=DIRECTION('',(0.316,0.949,0.0));
#392=DIRECTION('',(0.,0.,1.));
#393=FACE_OUTER_BOUND('',#394,.T.);
#394=EDGE_LOOP('',(#395,#405,#415,#425));
#398=CARTESIAN_POINT('',(4.604,1.27,0.0));
#397=VERTEX_POINT('',#398);
#396=EDGE_CURVE('',#397,#348,#401,.T.);
#401=LINE('',#398,#403);
#403=VECTOR('',#404,2.27848406119529);
#404=DIRECTION('',(0.209,-0.07,0.975));
#395=ORIENTED_EDGE('',*,*,#396,.F.);
#406=EDGE_CURVE('',#211,#397,#411,.T.);
#411=LINE('',#212,#413);
#413=VECTOR('',#414,8.8899746);
#414=DIRECTION('',(0.0,0.0,-1.0));
#405=ORIENTED_EDGE('',*,*,#406,.F.);
#415=ORIENTED_EDGE('',*,*,#210,.T.);
#425=ORIENTED_EDGE('',*,*,#357,.T.);
#435=STYLED_ITEM('',(#43),#436);
#436=ADVANCED_FACE('',(#442),#437,.T.);
#437=PLANE('',#438);
#438=AXIS2_PLACEMENT_3D('',#439,#440,#441);
#439=CARTESIAN_POINT('',(4.604,1.27,0.0));
#440=DIRECTION('',(0.0,1.0,0.0));
#441=DIRECTION('',(0.,0.,1.));
#442=FACE_OUTER_BOUND('',#443,.T.);
#443=EDGE_LOOP('',(#444,#454,#464,#474));
#447=CARTESIAN_POINT('',(3.016,1.27,0.0));
#446=VERTEX_POINT('',#447);
#445=EDGE_CURVE('',#446,#397,#450,.T.);
#450=LINE('',#447,#452);
#452=VECTOR('',#453,1.5875127);
#453=DIRECTION('',(1.0,0.0,0.0));
#444=ORIENTED_EDGE('',*,*,#445,.F.);
#455=EDGE_CURVE('',#270,#446,#460,.T.);
#460=LINE('',#271,#462);
#462=VECTOR('',#463,8.8899746);
#463=DIRECTION('',(0.0,0.0,-1.0));
#454=ORIENTED_EDGE('',*,*,#455,.F.);
#464=ORIENTED_EDGE('',*,*,#269,.T.);
#474=ORIENTED_EDGE('',*,*,#406,.T.);
#484=STYLED_ITEM('',(#43),#485);
#485=ADVANCED_FACE('',(#491),#486,.T.);
#486=PLANE('',#487);
#487=AXIS2_PLACEMENT_3D('',#488,#489,#490);
#488=CARTESIAN_POINT('',(3.016,1.27,0.0));
#489=DIRECTION('',(-0.316,0.949,0.0));
#490=DIRECTION('',(0.,0.,1.));
#491=FACE_OUTER_BOUND('',#492,.T.);
#492=EDGE_LOOP('',(#493,#503,#513,#523));
#496=CARTESIAN_POINT('',(2.54,1.111,2.223));
#495=VERTEX_POINT('',#496);
#494=EDGE_CURVE('',#495,#446,#499,.T.);
#499=LINE('',#496,#501);
#501=VECTOR('',#502,2.27848406119529);
#502=DIRECTION('',(0.209,0.07,-0.975));
#493=ORIENTED_EDGE('',*,*,#494,.F.);
#504=EDGE_CURVE('',#319,#495,#509,.T.);
#509=LINE('',#320,#511);
#511=VECTOR('',#512,5.77848349);
#512=DIRECTION('',(0.0,0.0,-1.0));
#503=ORIENTED_EDGE('',*,*,#504,.F.);
#513=ORIENTED_EDGE('',*,*,#318,.T.);
#523=ORIENTED_EDGE('',*,*,#455,.T.);
#533=STYLED_ITEM('',(#43),#534);
#534=ADVANCED_FACE('',(#540),#535,.T.);
#535=PLANE('',#536);
#536=AXIS2_PLACEMENT_3D('',#537,#538,#539);
#537=CARTESIAN_POINT('',(2.54,-1.111,2.223));
#538=DIRECTION('',(-0.316,-0.949,0.0));
#539=DIRECTION('',(0.,0.,1.));
#540=FACE_OUTER_BOUND('',#541,.T.);
#541=EDGE_LOOP('',(#542,#552,#562,#572));
#545=CARTESIAN_POINT('',(3.016,-1.27,0.0));
#544=VERTEX_POINT('',#545);
#547=CARTESIAN_POINT('',(2.54,-1.111,2.223));
#546=VERTEX_POINT('',#547);
#543=EDGE_CURVE('',#544,#546,#548,.T.);
#548=LINE('',#545,#550);
#550=VECTOR('',#551,2.27848406119529);
#551=DIRECTION('',(-0.209,0.07,0.975));
#542=ORIENTED_EDGE('',*,*,#543,.F.);
#553=EDGE_CURVE('',#252,#544,#558,.T.);
#558=LINE('',#253,#560);
#560=VECTOR('',#561,8.8899746);
#561=DIRECTION('',(0.0,0.0,-1.0));
#552=ORIENTED_EDGE('',*,*,#553,.F.);
#562=ORIENTED_EDGE('',*,*,#298,.T.);
#573=EDGE_CURVE('',#546,#301,#578,.T.);
#578=LINE('',#547,#580);
#580=VECTOR('',#581,5.77848349);
#581=DIRECTION('',(0.0,0.0,1.0));
#572=ORIENTED_EDGE('',*,*,#573,.F.);
#582=STYLED_ITEM('',(#43),#583);
#583=ADVANCED_FACE('',(#589),#584,.T.);
#584=PLANE('',#585);
#585=AXIS2_PLACEMENT_3D('',#586,#587,#588);
#586=CARTESIAN_POINT('',(3.016,-1.27,0.0));
#587=DIRECTION('',(0.0,-1.0,0.0));
#588=DIRECTION('',(0.,0.,1.));
#589=FACE_OUTER_BOUND('',#590,.T.);
#590=EDGE_LOOP('',(#591,#601,#611,#621));
#594=CARTESIAN_POINT('',(4.604,-1.27,0.0));
#593=VERTEX_POINT('',#594);
#592=EDGE_CURVE('',#593,#544,#597,.T.);
#597=LINE('',#594,#599);
#599=VECTOR('',#600,1.5875127);
#600=DIRECTION('',(-1.0,0.0,0.0));
#591=ORIENTED_EDGE('',*,*,#592,.F.);
#602=EDGE_CURVE('',#221,#593,#607,.T.);
#607=LINE('',#222,#609);
#609=VECTOR('',#610,8.8899746);
#610=DIRECTION('',(0.0,0.0,-1.0));
#601=ORIENTED_EDGE('',*,*,#602,.F.);
#611=ORIENTED_EDGE('',*,*,#249,.T.);
#621=ORIENTED_EDGE('',*,*,#553,.T.);
#631=STYLED_ITEM('',(#43),#632);
#632=ADVANCED_FACE('',(#638),#633,.T.);
#633=PLANE('',#634);
#634=AXIS2_PLACEMENT_3D('',#635,#636,#637);
#635=CARTESIAN_POINT('',(4.604,-1.27,0.0));
#636=DIRECTION('',(0.316,-0.949,0.0));
#637=DIRECTION('',(0.,0.,1.));
#638=FACE_OUTER_BOUND('',#639,.T.);
#639=EDGE_LOOP('',(#640,#650,#660,#670));
#641=EDGE_CURVE('',#350,#593,#646,.T.);
#646=LINE('',#351,#648);
#648=VECTOR('',#649,2.27848406119529);
#649=DIRECTION('',(-0.209,-0.07,-0.975));
#640=ORIENTED_EDGE('',*,*,#641,.F.);
#650=ORIENTED_EDGE('',*,*,#377,.T.);
#660=ORIENTED_EDGE('',*,*,#230,.T.);
#670=ORIENTED_EDGE('',*,*,#602,.T.);
#680=STYLED_ITEM('',(#43),#681);
#681=ADVANCED_FACE('',(#687),#682,.T.);
#682=PLANE('',#683);
#683=AXIS2_PLACEMENT_3D('',#684,#685,#686);
#684=CARTESIAN_POINT('',(4.604,-1.27,0.0));
#685=DIRECTION('',(0.978,0.0,-0.21));
#686=DIRECTION('',(0.,0.,1.));
#687=FACE_OUTER_BOUND('',#688,.T.);
#688=EDGE_LOOP('',(#689,#699,#709,#719));
#690=EDGE_CURVE('',#397,#593,#695,.T.);
#695=LINE('',#398,#697);
#697=VECTOR('',#698,2.54);
#698=DIRECTION('',(0.0,-1.0,0.0));
#689=ORIENTED_EDGE('',*,*,#690,.F.);
#699=ORIENTED_EDGE('',*,*,#396,.T.);
#709=ORIENTED_EDGE('',*,*,#347,.T.);
#719=ORIENTED_EDGE('',*,*,#641,.T.);
#729=STYLED_ITEM('',(#43),#730);
#730=ADVANCED_FACE('',(#736),#731,.T.);
#731=PLANE('',#732);
#732=AXIS2_PLACEMENT_3D('',#733,#734,#735);
#733=CARTESIAN_POINT('',(3.016,1.27,0.0));
#734=DIRECTION('',(0.0,0.0,-1.0));
#735=DIRECTION('',(0.,1.,0.));
#736=FACE_OUTER_BOUND('',#737,.T.);
#737=EDGE_LOOP('',(#738,#748,#758,#768));
#738=ORIENTED_EDGE('',*,*,#445,.T.);
#748=ORIENTED_EDGE('',*,*,#690,.T.);
#758=ORIENTED_EDGE('',*,*,#592,.T.);
#769=EDGE_CURVE('',#446,#544,#774,.T.);
#774=LINE('',#447,#776);
#776=VECTOR('',#777,2.54);
#777=DIRECTION('',(0.0,-1.0,0.0));
#768=ORIENTED_EDGE('',*,*,#769,.F.);
#778=STYLED_ITEM('',(#43),#779);
#779=ADVANCED_FACE('',(#785),#780,.T.);
#780=PLANE('',#781);
#781=AXIS2_PLACEMENT_3D('',#782,#783,#784);
#782=CARTESIAN_POINT('',(3.016,1.27,0.0));
#783=DIRECTION('',(-0.978,0.0,-0.21));
#784=DIRECTION('',(0.,0.,1.));
#785=FACE_OUTER_BOUND('',#786,.T.);
#786=EDGE_LOOP('',(#787,#797,#807,#817));
#787=ORIENTED_EDGE('',*,*,#769,.T.);
#797=ORIENTED_EDGE('',*,*,#543,.T.);
#808=EDGE_CURVE('',#495,#546,#813,.T.);
#813=LINE('',#496,#815);
#815=VECTOR('',#816,2.2224873);
#816=DIRECTION('',(0.0,-1.0,0.0));
#807=ORIENTED_EDGE('',*,*,#808,.F.);
#817=ORIENTED_EDGE('',*,*,#494,.T.);
#827=STYLED_ITEM('',(#43),#828);
#828=ADVANCED_FACE('',(#834),#829,.T.);
#829=PLANE('',#830);
#830=AXIS2_PLACEMENT_3D('',#831,#832,#833);
#831=CARTESIAN_POINT('',(2.54,-1.111,8.001));
#832=DIRECTION('',(0.881,0.0,0.472));
#833=DIRECTION('',(0.,0.,1.));
#834=FACE_OUTER_BOUND('',#835,.T.);
#835=EDGE_LOOP('',(#836,#846,#856,#866));
#836=ORIENTED_EDGE('',*,*,#328,.T.);
#849=CARTESIAN_POINT('',(2.064,1.27,8.89));
#848=VERTEX_POINT('',#849);
#847=EDGE_CURVE('',#848,#319,#852,.T.);
#852=LINE('',#849,#854);
#854=VECTOR('',#855,1.02094469816788);
#855=DIRECTION('',(0.466,-0.155,-0.871));
#846=ORIENTED_EDGE('',*,*,#847,.F.);
#859=CARTESIAN_POINT('',(2.064,-1.27,8.89));
#858=VERTEX_POINT('',#859);
#857=EDGE_CURVE('',#858,#848,#862,.T.);
#862=LINE('',#859,#864);
#864=VECTOR('',#865,2.54);
#865=DIRECTION('',(0.0,1.0,0.0));
#856=ORIENTED_EDGE('',*,*,#857,.F.);
#867=EDGE_CURVE('',#301,#858,#872,.T.);
#872=LINE('',#302,#874);
#874=VECTOR('',#875,1.02094469816788);
#875=DIRECTION('',(-0.466,-0.155,0.871));
#866=ORIENTED_EDGE('',*,*,#867,.F.);
#876=STYLED_ITEM('',(#43),#877);
#877=ADVANCED_FACE('',(#883),#878,.T.);
#878=PLANE('',#879);
#879=AXIS2_PLACEMENT_3D('',#880,#881,#882);
#880=CARTESIAN_POINT('',(0.476,-1.27,8.89));
#881=DIRECTION('',(0.0,0.0,1.0));
#882=DIRECTION('',(0.,1.,0.));
#883=FACE_OUTER_BOUND('',#884,.T.);
#884=EDGE_LOOP('',(#885,#895,#905,#915));
#890=CARTESIAN_POINT('',(0.476,-1.27,8.89));
#889=VERTEX_POINT('',#890);
#886=EDGE_CURVE('',#858,#889,#891,.T.);
#891=LINE('',#859,#893);
#893=VECTOR('',#894,1.5875127);
#894=DIRECTION('',(-1.0,0.0,0.0));
#885=ORIENTED_EDGE('',*,*,#886,.F.);
#895=ORIENTED_EDGE('',*,*,#857,.T.);
#908=CARTESIAN_POINT('',(0.476,1.27,8.89));
#907=VERTEX_POINT('',#908);
#906=EDGE_CURVE('',#907,#848,#911,.T.);
#911=LINE('',#908,#913);
#913=VECTOR('',#914,1.5875127);
#914=DIRECTION('',(1.0,0.0,0.0));
#905=ORIENTED_EDGE('',*,*,#906,.F.);
#916=EDGE_CURVE('',#889,#907,#921,.T.);
#921=LINE('',#890,#923);
#923=VECTOR('',#924,2.54);
#924=DIRECTION('',(0.0,1.0,0.0));
#915=ORIENTED_EDGE('',*,*,#916,.F.);
#925=STYLED_ITEM('',(#43),#926);
#926=ADVANCED_FACE('',(#932),#927,.T.);
#927=PLANE('',#928);
#928=AXIS2_PLACEMENT_3D('',#929,#930,#931);
#929=CARTESIAN_POINT('',(0.0,-1.111,8.001));
#930=DIRECTION('',(-0.881,0.0,0.472));
#931=DIRECTION('',(0.,0.,1.));
#932=FACE_OUTER_BOUND('',#933,.T.);
#933=EDGE_LOOP('',(#934,#944,#954,#964));
#939=CARTESIAN_POINT('',(0.0,-1.111,8.001));
#938=VERTEX_POINT('',#939);
#935=EDGE_CURVE('',#889,#938,#940,.T.);
#940=LINE('',#890,#942);
#942=VECTOR('',#943,1.02094469816788);
#943=DIRECTION('',(-0.466,0.155,-0.871));
#934=ORIENTED_EDGE('',*,*,#935,.F.);
#944=ORIENTED_EDGE('',*,*,#916,.T.);
#957=CARTESIAN_POINT('',(0.0,1.111,8.001));
#956=VERTEX_POINT('',#957);
#955=EDGE_CURVE('',#956,#907,#960,.T.);
#960=LINE('',#957,#962);
#962=VECTOR('',#963,1.02094469816788);
#963=DIRECTION('',(0.466,0.155,0.871));
#954=ORIENTED_EDGE('',*,*,#955,.F.);
#965=EDGE_CURVE('',#938,#956,#970,.T.);
#970=LINE('',#939,#972);
#972=VECTOR('',#973,2.2224873);
#973=DIRECTION('',(0.0,1.0,0.0));
#964=ORIENTED_EDGE('',*,*,#965,.F.);
#974=STYLED_ITEM('',(#43),#975);
#975=ADVANCED_FACE('',(#981),#976,.T.);
#976=PLANE('',#977);
#977=AXIS2_PLACEMENT_3D('',#978,#979,#980);
#978=CARTESIAN_POINT('',(2.54,1.111,2.223));
#979=DIRECTION('',(0.316,0.949,0.0));
#980=DIRECTION('',(0.,0.,1.));
#981=FACE_OUTER_BOUND('',#982,.T.);
#982=EDGE_LOOP('',(#983,#993,#1003,#1013));
#986=CARTESIAN_POINT('',(2.064,1.27,0.0));
#985=VERTEX_POINT('',#986);
#984=EDGE_CURVE('',#985,#495,#989,.T.);
#989=LINE('',#986,#991);
#991=VECTOR('',#992,2.27848406119529);
#992=DIRECTION('',(0.209,-0.07,0.975));
#983=ORIENTED_EDGE('',*,*,#984,.F.);
#994=EDGE_CURVE('',#848,#985,#999,.T.);
#999=LINE('',#849,#1001);
#1001=VECTOR('',#1002,8.8899746);
#1002=DIRECTION('',(0.0,0.0,-1.0));
#993=ORIENTED_EDGE('',*,*,#994,.F.);
#1003=ORIENTED_EDGE('',*,*,#847,.T.);
#1013=ORIENTED_EDGE('',*,*,#504,.T.);
#1023=STYLED_ITEM('',(#43),#1024);
#1024=ADVANCED_FACE('',(#1030),#1025,.T.);
#1025=PLANE('',#1026);
#1026=AXIS2_PLACEMENT_3D('',#1027,#1028,#1029);
#1027=CARTESIAN_POINT('',(2.064,1.27,0.0));
#1028=DIRECTION('',(0.0,1.0,0.0));
#1029=DIRECTION('',(0.,0.,1.));
#1030=FACE_OUTER_BOUND('',#1031,.T.);
#1031=EDGE_LOOP('',(#1032,#1042,#1052,#1062));
#1035=CARTESIAN_POINT('',(0.476,1.27,0.0));
#1034=VERTEX_POINT('',#1035);
#1033=EDGE_CURVE('',#1034,#985,#1038,.T.);
#1038=LINE('',#1035,#1040);
#1040=VECTOR('',#1041,1.5875127);
#1041=DIRECTION('',(1.0,0.0,0.0));
#1032=ORIENTED_EDGE('',*,*,#1033,.F.);
#1043=EDGE_CURVE('',#907,#1034,#1048,.T.);
#1048=LINE('',#908,#1050);
#1050=VECTOR('',#1051,8.8899746);
#1051=DIRECTION('',(0.0,0.0,-1.0));
#1042=ORIENTED_EDGE('',*,*,#1043,.F.);
#1052=ORIENTED_EDGE('',*,*,#906,.T.);
#1062=ORIENTED_EDGE('',*,*,#994,.T.);
#1072=STYLED_ITEM('',(#43),#1073);
#1073=ADVANCED_FACE('',(#1079),#1074,.T.);
#1074=PLANE('',#1075);
#1075=AXIS2_PLACEMENT_3D('',#1076,#1077,#1078);
#1076=CARTESIAN_POINT('',(0.476,1.27,0.0));
#1077=DIRECTION('',(-0.316,0.949,0.0));
#1078=DIRECTION('',(0.,0.,1.));
#1079=FACE_OUTER_BOUND('',#1080,.T.);
#1080=EDGE_LOOP('',(#1081,#1091,#1101,#1111));
#1084=CARTESIAN_POINT('',(0.0,1.111,2.223));
#1083=VERTEX_POINT('',#1084);
#1082=EDGE_CURVE('',#1083,#1034,#1087,.T.);
#1087=LINE('',#1084,#1089);
#1089=VECTOR('',#1090,2.27848406119529);
#1090=DIRECTION('',(0.209,0.07,-0.975));
#1081=ORIENTED_EDGE('',*,*,#1082,.F.);
#1092=EDGE_CURVE('',#956,#1083,#1097,.T.);
#1097=LINE('',#957,#1099);
#1099=VECTOR('',#1100,5.77848349);
#1100=DIRECTION('',(0.0,0.0,-1.0));
#1091=ORIENTED_EDGE('',*,*,#1092,.F.);
#1101=ORIENTED_EDGE('',*,*,#955,.T.);
#1111=ORIENTED_EDGE('',*,*,#1043,.T.);
#1121=STYLED_ITEM('',(#43),#1122);
#1122=ADVANCED_FACE('',(#1128),#1123,.T.);
#1123=PLANE('',#1124);
#1124=AXIS2_PLACEMENT_3D('',#1125,#1126,#1127);
#1125=CARTESIAN_POINT('',(0.0,-1.111,2.223));
#1126=DIRECTION('',(-0.316,-0.949,0.0));
#1127=DIRECTION('',(0.,0.,1.));
#1128=FACE_OUTER_BOUND('',#1129,.T.);
#1129=EDGE_LOOP('',(#1130,#1140,#1150,#1160));
#1133=CARTESIAN_POINT('',(0.476,-1.27,0.0));
#1132=VERTEX_POINT('',#1133);
#1135=CARTESIAN_POINT('',(0.0,-1.111,2.223));
#1134=VERTEX_POINT('',#1135);
#1131=EDGE_CURVE('',#1132,#1134,#1136,.T.);
#1136=LINE('',#1133,#1138);
#1138=VECTOR('',#1139,2.27848406119529);
#1139=DIRECTION('',(-0.209,0.07,0.975));
#1130=ORIENTED_EDGE('',*,*,#1131,.F.);
#1141=EDGE_CURVE('',#889,#1132,#1146,.T.);
#1146=LINE('',#890,#1148);
#1148=VECTOR('',#1149,8.8899746);
#1149=DIRECTION('',(0.0,0.0,-1.0));
#1140=ORIENTED_EDGE('',*,*,#1141,.F.);
#1150=ORIENTED_EDGE('',*,*,#935,.T.);
#1161=EDGE_CURVE('',#1134,#938,#1166,.T.);
#1166=LINE('',#1135,#1168);
#1168=VECTOR('',#1169,5.77848349);
#1169=DIRECTION('',(0.0,0.0,1.0));
#1160=ORIENTED_EDGE('',*,*,#1161,.F.);
#1170=STYLED_ITEM('',(#43),#1171);
#1171=ADVANCED_FACE('',(#1177),#1172,.T.);
#1172=PLANE('',#1173);
#1173=AXIS2_PLACEMENT_3D('',#1174,#1175,#1176);
#1174=CARTESIAN_POINT('',(0.476,-1.27,0.0));
#1175=DIRECTION('',(0.0,-1.0,0.0));
#1176=DIRECTION('',(0.,0.,1.));
#1177=FACE_OUTER_BOUND('',#1178,.T.);
#1178=EDGE_LOOP('',(#1179,#1189,#1199,#1209));
#1182=CARTESIAN_POINT('',(2.064,-1.27,0.0));
#1181=VERTEX_POINT('',#1182);
#1180=EDGE_CURVE('',#1181,#1132,#1185,.T.);
#1185=LINE('',#1182,#1187);
#1187=VECTOR('',#1188,1.5875127);
#1188=DIRECTION('',(-1.0,0.0,0.0));
#1179=ORIENTED_EDGE('',*,*,#1180,.F.);
#1190=EDGE_CURVE('',#858,#1181,#1195,.T.);
#1195=LINE('',#859,#1197);
#1197=VECTOR('',#1198,8.8899746);
#1198=DIRECTION('',(0.0,0.0,-1.0));
#1189=ORIENTED_EDGE('',*,*,#1190,.F.);
#1199=ORIENTED_EDGE('',*,*,#886,.T.);
#1209=ORIENTED_EDGE('',*,*,#1141,.T.);
#1219=STYLED_ITEM('',(#43),#1220);
#1220=ADVANCED_FACE('',(#1226),#1221,.T.);
#1221=PLANE('',#1222);
#1222=AXIS2_PLACEMENT_3D('',#1223,#1224,#1225);
#1223=CARTESIAN_POINT('',(2.064,-1.27,0.0));
#1224=DIRECTION('',(0.316,-0.949,0.0));
#1225=DIRECTION('',(0.,0.,1.));
#1226=FACE_OUTER_BOUND('',#1227,.T.);
#1227=EDGE_LOOP('',(#1228,#1238,#1248,#1258));
#1229=EDGE_CURVE('',#546,#1181,#1234,.T.);
#1234=LINE('',#547,#1236);
#1236=VECTOR('',#1237,2.27848406119529);
#1237=DIRECTION('',(-0.209,-0.07,-0.975));
#1228=ORIENTED_EDGE('',*,*,#1229,.F.);
#1238=ORIENTED_EDGE('',*,*,#573,.T.);
#1248=ORIENTED_EDGE('',*,*,#867,.T.);
#1258=ORIENTED_EDGE('',*,*,#1190,.T.);
#1268=STYLED_ITEM('',(#43),#1269);
#1269=ADVANCED_FACE('',(#1275),#1270,.T.);
#1270=PLANE('',#1271);
#1271=AXIS2_PLACEMENT_3D('',#1272,#1273,#1274);
#1272=CARTESIAN_POINT('',(2.064,-1.27,0.0));
#1273=DIRECTION('',(0.978,0.0,-0.21));
#1274=DIRECTION('',(0.,0.,1.));
#1275=FACE_OUTER_BOUND('',#1276,.T.);
#1276=EDGE_LOOP('',(#1277,#1287,#1297,#1307));
#1278=EDGE_CURVE('',#985,#1181,#1283,.T.);
#1283=LINE('',#986,#1285);
#1285=VECTOR('',#1286,2.54);
#1286=DIRECTION('',(0.0,-1.0,0.0));
#1277=ORIENTED_EDGE('',*,*,#1278,.F.);
#1287=ORIENTED_EDGE('',*,*,#984,.T.);
#1297=ORIENTED_EDGE('',*,*,#808,.T.);
#1307=ORIENTED_EDGE('',*,*,#1229,.T.);
#1317=STYLED_ITEM('',(#43),#1318);
#1318=ADVANCED_FACE('',(#1324),#1319,.T.);
#1319=PLANE('',#1320);
#1320=AXIS2_PLACEMENT_3D('',#1321,#1322,#1323);
#1321=CARTESIAN_POINT('',(0.476,-1.27,0.0));
#1322=DIRECTION('',(0.0,0.0,-1.0));
#1323=DIRECTION('',(0.,1.,0.));
#1324=FACE_OUTER_BOUND('',#1325,.T.);
#1325=EDGE_LOOP('',(#1326,#1336,#1346,#1356));
#1327=EDGE_CURVE('',#1034,#1132,#1332,.T.);
#1332=LINE('',#1035,#1334);
#1334=VECTOR('',#1335,2.54);
#1335=DIRECTION('',(0.0,-1.0,0.0));
#1326=ORIENTED_EDGE('',*,*,#1327,.F.);
#1336=ORIENTED_EDGE('',*,*,#1033,.T.);
#1346=ORIENTED_EDGE('',*,*,#1278,.T.);
#1356=ORIENTED_EDGE('',*,*,#1180,.T.);
#1366=STYLED_ITEM('',(#43),#1367);
#1367=ADVANCED_FACE('',(#1373),#1368,.T.);
#1368=PLANE('',#1369);
#1369=AXIS2_PLACEMENT_3D('',#1370,#1371,#1372);
#1370=CARTESIAN_POINT('',(0.0,-1.111,2.223));
#1371=DIRECTION('',(-0.978,0.0,-0.21));
#1372=DIRECTION('',(0.,0.,1.));
#1373=FACE_OUTER_BOUND('',#1374,.T.);
#1374=EDGE_LOOP('',(#1375,#1385,#1395,#1405));
#1376=EDGE_CURVE('',#1083,#1134,#1381,.T.);
#1381=LINE('',#1084,#1383);
#1383=VECTOR('',#1384,2.2224873);
#1384=DIRECTION('',(0.0,-1.0,0.0));
#1375=ORIENTED_EDGE('',*,*,#1376,.F.);
#1385=ORIENTED_EDGE('',*,*,#1082,.T.);
#1395=ORIENTED_EDGE('',*,*,#1327,.T.);
#1405=ORIENTED_EDGE('',*,*,#1131,.T.);
#1415=STYLED_ITEM('',(#43),#1416);
#1416=ADVANCED_FACE('',(#1422),#1417,.T.);
#1417=PLANE('',#1418);
#1418=AXIS2_PLACEMENT_3D('',#1419,#1420,#1421);
#1419=CARTESIAN_POINT('',(0.0,-1.111,8.001));
#1420=DIRECTION('',(0.881,0.0,0.472));
#1421=DIRECTION('',(0.,0.,1.));
#1422=FACE_OUTER_BOUND('',#1423,.T.);
#1423=EDGE_LOOP('',(#1424,#1434,#1444,#1454));
#1424=ORIENTED_EDGE('',*,*,#965,.T.);
#1437=CARTESIAN_POINT('',(-0.476,1.27,8.89));
#1436=VERTEX_POINT('',#1437);
#1435=EDGE_CURVE('',#1436,#956,#1440,.T.);
#1440=LINE('',#1437,#1442);
#1442=VECTOR('',#1443,1.02094469816788);
#1443=DIRECTION('',(0.466,-0.155,-0.871));
#1434=ORIENTED_EDGE('',*,*,#1435,.F.);
#1447=CARTESIAN_POINT('',(-0.476,-1.27,8.89));
#1446=VERTEX_POINT('',#1447);
#1445=EDGE_CURVE('',#1446,#1436,#1450,.T.);
#1450=LINE('',#1447,#1452);
#1452=VECTOR('',#1453,2.54);
#1453=DIRECTION('',(0.0,1.0,0.0));
#1444=ORIENTED_EDGE('',*,*,#1445,.F.);
#1455=EDGE_CURVE('',#938,#1446,#1460,.T.);
#1460=LINE('',#939,#1462);
#1462=VECTOR('',#1463,1.02094469816788);
#1463=DIRECTION('',(-0.466,-0.155,0.871));
#1454=ORIENTED_EDGE('',*,*,#1455,.F.);
#1464=STYLED_ITEM('',(#43),#1465);
#1465=ADVANCED_FACE('',(#1471),#1466,.T.);
#1466=PLANE('',#1467);
#1467=AXIS2_PLACEMENT_3D('',#1468,#1469,#1470);
#1468=CARTESIAN_POINT('',(-2.064,-1.27,8.89));
#1469=DIRECTION('',(0.0,0.0,1.0));
#1470=DIRECTION('',(0.,1.,0.));
#1471=FACE_OUTER_BOUND('',#1472,.T.);
#1472=EDGE_LOOP('',(#1473,#1483,#1493,#1503));
#1478=CARTESIAN_POINT('',(-2.064,-1.27,8.89));
#1477=VERTEX_POINT('',#1478);
#1474=EDGE_CURVE('',#1446,#1477,#1479,.T.);
#1479=LINE('',#1447,#1481);
#1481=VECTOR('',#1482,1.5875127);
#1482=DIRECTION('',(-1.0,0.0,0.0));
#1473=ORIENTED_EDGE('',*,*,#1474,.F.);
#1483=ORIENTED_EDGE('',*,*,#1445,.T.);
#1496=CARTESIAN_POINT('',(-2.064,1.27,8.89));
#1495=VERTEX_POINT('',#1496);
#1494=EDGE_CURVE('',#1495,#1436,#1499,.T.);
#1499=LINE('',#1496,#1501);
#1501=VECTOR('',#1502,1.5875127);
#1502=DIRECTION('',(1.0,0.0,0.0));
#1493=ORIENTED_EDGE('',*,*,#1494,.F.);
#1504=EDGE_CURVE('',#1477,#1495,#1509,.T.);
#1509=LINE('',#1478,#1511);
#1511=VECTOR('',#1512,2.54);
#1512=DIRECTION('',(0.0,1.0,0.0));
#1503=ORIENTED_EDGE('',*,*,#1504,.F.);
#1513=STYLED_ITEM('',(#43),#1514);
#1514=ADVANCED_FACE('',(#1520),#1515,.T.);
#1515=PLANE('',#1516);
#1516=AXIS2_PLACEMENT_3D('',#1517,#1518,#1519);
#1517=CARTESIAN_POINT('',(-2.54,-1.111,8.001));
#1518=DIRECTION('',(-0.881,0.0,0.472));
#1519=DIRECTION('',(0.,0.,1.));
#1520=FACE_OUTER_BOUND('',#1521,.T.);
#1521=EDGE_LOOP('',(#1522,#1532,#1542,#1552));
#1527=CARTESIAN_POINT('',(-2.54,-1.111,8.001));
#1526=VERTEX_POINT('',#1527);
#1523=EDGE_CURVE('',#1477,#1526,#1528,.T.);
#1528=LINE('',#1478,#1530);
#1530=VECTOR('',#1531,1.02094469816788);
#1531=DIRECTION('',(-0.466,0.155,-0.871));
#1522=ORIENTED_EDGE('',*,*,#1523,.F.);
#1532=ORIENTED_EDGE('',*,*,#1504,.T.);
#1545=CARTESIAN_POINT('',(-2.54,1.111,8.001));
#1544=VERTEX_POINT('',#1545);
#1543=EDGE_CURVE('',#1544,#1495,#1548,.T.);
#1548=LINE('',#1545,#1550);
#1550=VECTOR('',#1551,1.02094469816788);
#1551=DIRECTION('',(0.466,0.155,0.871));
#1542=ORIENTED_EDGE('',*,*,#1543,.F.);
#1553=EDGE_CURVE('',#1526,#1544,#1558,.T.);
#1558=LINE('',#1527,#1560);
#1560=VECTOR('',#1561,2.2224873);
#1561=DIRECTION('',(0.0,1.0,0.0));
#1552=ORIENTED_EDGE('',*,*,#1553,.F.);
#1562=STYLED_ITEM('',(#43),#1563);
#1563=ADVANCED_FACE('',(#1569),#1564,.T.);
#1564=PLANE('',#1565);
#1565=AXIS2_PLACEMENT_3D('',#1566,#1567,#1568);
#1566=CARTESIAN_POINT('',(0.0,1.111,2.223));
#1567=DIRECTION('',(0.316,0.949,0.0));
#1568=DIRECTION('',(0.,0.,1.));
#1569=FACE_OUTER_BOUND('',#1570,.T.);
#1570=EDGE_LOOP('',(#1571,#1581,#1591,#1601));
#1574=CARTESIAN_POINT('',(-0.476,1.27,0.0));
#1573=VERTEX_POINT('',#1574);
#1572=EDGE_CURVE('',#1573,#1083,#1577,.T.);
#1577=LINE('',#1574,#1579);
#1579=VECTOR('',#1580,2.27848406119529);
#1580=DIRECTION('',(0.209,-0.07,0.975));
#1571=ORIENTED_EDGE('',*,*,#1572,.F.);
#1582=EDGE_CURVE('',#1436,#1573,#1587,.T.);
#1587=LINE('',#1437,#1589);
#1589=VECTOR('',#1590,8.8899746);
#1590=DIRECTION('',(0.0,0.0,-1.0));
#1581=ORIENTED_EDGE('',*,*,#1582,.F.);
#1591=ORIENTED_EDGE('',*,*,#1435,.T.);
#1601=ORIENTED_EDGE('',*,*,#1092,.T.);
#1611=STYLED_ITEM('',(#43),#1612);
#1612=ADVANCED_FACE('',(#1618),#1613,.T.);
#1613=PLANE('',#1614);
#1614=AXIS2_PLACEMENT_3D('',#1615,#1616,#1617);
#1615=CARTESIAN_POINT('',(-0.476,1.27,0.0));
#1616=DIRECTION('',(0.0,1.0,0.0));
#1617=DIRECTION('',(0.,0.,1.));
#1618=FACE_OUTER_BOUND('',#1619,.T.);
#1619=EDGE_LOOP('',(#1620,#1630,#1640,#1650));
#1623=CARTESIAN_POINT('',(-2.064,1.27,0.0));
#1622=VERTEX_POINT('',#1623);
#1621=EDGE_CURVE('',#1622,#1573,#1626,.T.);
#1626=LINE('',#1623,#1628);
#1628=VECTOR('',#1629,1.5875127);
#1629=DIRECTION('',(1.0,0.0,0.0));
#1620=ORIENTED_EDGE('',*,*,#1621,.F.);
#1631=EDGE_CURVE('',#1495,#1622,#1636,.T.);
#1636=LINE('',#1496,#1638);
#1638=VECTOR('',#1639,8.8899746);
#1639=DIRECTION('',(0.0,0.0,-1.0));
#1630=ORIENTED_EDGE('',*,*,#1631,.F.);
#1640=ORIENTED_EDGE('',*,*,#1494,.T.);
#1650=ORIENTED_EDGE('',*,*,#1582,.T.);
#1660=STYLED_ITEM('',(#43),#1661);
#1661=ADVANCED_FACE('',(#1667),#1662,.T.);
#1662=PLANE('',#1663);
#1663=AXIS2_PLACEMENT_3D('',#1664,#1665,#1666);
#1664=CARTESIAN_POINT('',(-2.064,1.27,0.0));
#1665=DIRECTION('',(-0.316,0.949,0.0));
#1666=DIRECTION('',(0.,0.,1.));
#1667=FACE_OUTER_BOUND('',#1668,.T.);
#1668=EDGE_LOOP('',(#1669,#1679,#1689,#1699));
#1672=CARTESIAN_POINT('',(-2.54,1.111,2.223));
#1671=VERTEX_POINT('',#1672);
#1670=EDGE_CURVE('',#1671,#1622,#1675,.T.);
#1675=LINE('',#1672,#1677);
#1677=VECTOR('',#1678,2.27848406119529);
#1678=DIRECTION('',(0.209,0.07,-0.975));
#1669=ORIENTED_EDGE('',*,*,#1670,.F.);
#1680=EDGE_CURVE('',#1544,#1671,#1685,.T.);
#1685=LINE('',#1545,#1687);
#1687=VECTOR('',#1688,5.77848349);
#1688=DIRECTION('',(0.0,0.0,-1.0));
#1679=ORIENTED_EDGE('',*,*,#1680,.F.);
#1689=ORIENTED_EDGE('',*,*,#1543,.T.);
#1699=ORIENTED_EDGE('',*,*,#1631,.T.);
#1709=STYLED_ITEM('',(#43),#1710);
#1710=ADVANCED_FACE('',(#1716),#1711,.T.);
#1711=PLANE('',#1712);
#1712=AXIS2_PLACEMENT_3D('',#1713,#1714,#1715);
#1713=CARTESIAN_POINT('',(-2.54,-1.111,2.223));
#1714=DIRECTION('',(-0.316,-0.949,0.0));
#1715=DIRECTION('',(0.,0.,1.));
#1716=FACE_OUTER_BOUND('',#1717,.T.);
#1717=EDGE_LOOP('',(#1718,#1728,#1738,#1748));
#1721=CARTESIAN_POINT('',(-2.064,-1.27,0.0));
#1720=VERTEX_POINT('',#1721);
#1723=CARTESIAN_POINT('',(-2.54,-1.111,2.223));
#1722=VERTEX_POINT('',#1723);
#1719=EDGE_CURVE('',#1720,#1722,#1724,.T.);
#1724=LINE('',#1721,#1726);
#1726=VECTOR('',#1727,2.27848406119529);
#1727=DIRECTION('',(-0.209,0.07,0.975));
#1718=ORIENTED_EDGE('',*,*,#1719,.F.);
#1729=EDGE_CURVE('',#1477,#1720,#1734,.T.);
#1734=LINE('',#1478,#1736);
#1736=VECTOR('',#1737,8.8899746);
#1737=DIRECTION('',(0.0,0.0,-1.0));
#1728=ORIENTED_EDGE('',*,*,#1729,.F.);
#1738=ORIENTED_EDGE('',*,*,#1523,.T.);
#1749=EDGE_CURVE('',#1722,#1526,#1754,.T.);
#1754=LINE('',#1723,#1756);
#1756=VECTOR('',#1757,5.77848349);
#1757=DIRECTION('',(0.0,0.0,1.0));
#1748=ORIENTED_EDGE('',*,*,#1749,.F.);
#1758=STYLED_ITEM('',(#43),#1759);
#1759=ADVANCED_FACE('',(#1765),#1760,.T.);
#1760=PLANE('',#1761);
#1761=AXIS2_PLACEMENT_3D('',#1762,#1763,#1764);
#1762=CARTESIAN_POINT('',(-2.064,-1.27,0.0));
#1763=DIRECTION('',(0.0,-1.0,0.0));
#1764=DIRECTION('',(0.,0.,1.));
#1765=FACE_OUTER_BOUND('',#1766,.T.);
#1766=EDGE_LOOP('',(#1767,#1777,#1787,#1797));
#1770=CARTESIAN_POINT('',(-0.476,-1.27,0.0));
#1769=VERTEX_POINT('',#1770);
#1768=EDGE_CURVE('',#1769,#1720,#1773,.T.);
#1773=LINE('',#1770,#1775);
#1775=VECTOR('',#1776,1.5875127);
#1776=DIRECTION('',(-1.0,0.0,0.0));
#1767=ORIENTED_EDGE('',*,*,#1768,.F.);
#1778=EDGE_CURVE('',#1446,#1769,#1783,.T.);
#1783=LINE('',#1447,#1785);
#1785=VECTOR('',#1786,8.8899746);
#1786=DIRECTION('',(0.0,0.0,-1.0));
#1777=ORIENTED_EDGE('',*,*,#1778,.F.);
#1787=ORIENTED_EDGE('',*,*,#1474,.T.);
#1797=ORIENTED_EDGE('',*,*,#1729,.T.);
#1807=STYLED_ITEM('',(#43),#1808);
#1808=ADVANCED_FACE('',(#1814),#1809,.T.);
#1809=PLANE('',#1810);
#1810=AXIS2_PLACEMENT_3D('',#1811,#1812,#1813);
#1811=CARTESIAN_POINT('',(-0.476,-1.27,0.0));
#1812=DIRECTION('',(0.316,-0.949,0.0));
#1813=DIRECTION('',(0.,0.,1.));
#1814=FACE_OUTER_BOUND('',#1815,.T.);
#1815=EDGE_LOOP('',(#1816,#1826,#1836,#1846));
#1817=EDGE_CURVE('',#1134,#1769,#1822,.T.);
#1822=LINE('',#1135,#1824);
#1824=VECTOR('',#1825,2.27848406119529);
#1825=DIRECTION('',(-0.209,-0.07,-0.975));
#1816=ORIENTED_EDGE('',*,*,#1817,.F.);
#1826=ORIENTED_EDGE('',*,*,#1161,.T.);
#1836=ORIENTED_EDGE('',*,*,#1455,.T.);
#1846=ORIENTED_EDGE('',*,*,#1778,.T.);
#1856=STYLED_ITEM('',(#43),#1857);
#1857=ADVANCED_FACE('',(#1863),#1858,.T.);
#1858=PLANE('',#1859);
#1859=AXIS2_PLACEMENT_3D('',#1860,#1861,#1862);
#1860=CARTESIAN_POINT('',(-0.476,-1.27,0.0));
#1861=DIRECTION('',(0.978,0.0,-0.21));
#1862=DIRECTION('',(0.,0.,1.));
#1863=FACE_OUTER_BOUND('',#1864,.T.);
#1864=EDGE_LOOP('',(#1865,#1875,#1885,#1895));
#1866=EDGE_CURVE('',#1573,#1769,#1871,.T.);
#1871=LINE('',#1574,#1873);
#1873=VECTOR('',#1874,2.54);
#1874=DIRECTION('',(0.0,-1.0,0.0));
#1865=ORIENTED_EDGE('',*,*,#1866,.F.);
#1875=ORIENTED_EDGE('',*,*,#1572,.T.);
#1885=ORIENTED_EDGE('',*,*,#1376,.T.);
#1895=ORIENTED_EDGE('',*,*,#1817,.T.);
#1905=STYLED_ITEM('',(#43),#1906);
#1906=ADVANCED_FACE('',(#1912),#1907,.T.);
#1907=PLANE('',#1908);
#1908=AXIS2_PLACEMENT_3D('',#1909,#1910,#1911);
#1909=CARTESIAN_POINT('',(-2.064,1.27,0.0));
#1910=DIRECTION('',(0.0,0.0,-1.0));
#1911=DIRECTION('',(0.,1.,0.));
#1912=FACE_OUTER_BOUND('',#1913,.T.);
#1913=EDGE_LOOP('',(#1914,#1924,#1934,#1944));
#1914=ORIENTED_EDGE('',*,*,#1621,.T.);
#1924=ORIENTED_EDGE('',*,*,#1866,.T.);
#1934=ORIENTED_EDGE('',*,*,#1768,.T.);
#1945=EDGE_CURVE('',#1622,#1720,#1950,.T.);
#1950=LINE('',#1623,#1952);
#1952=VECTOR('',#1953,2.54);
#1953=DIRECTION('',(0.0,-1.0,0.0));
#1944=ORIENTED_EDGE('',*,*,#1945,.F.);
#1954=STYLED_ITEM('',(#43),#1955);
#1955=ADVANCED_FACE('',(#1961),#1956,.T.);
#1956=PLANE('',#1957);
#1957=AXIS2_PLACEMENT_3D('',#1958,#1959,#1960);
#1958=CARTESIAN_POINT('',(-2.064,1.27,0.0));
#1959=DIRECTION('',(-0.978,0.0,-0.21));
#1960=DIRECTION('',(0.,0.,1.));
#1961=FACE_OUTER_BOUND('',#1962,.T.);
#1962=EDGE_LOOP('',(#1963,#1973,#1983,#1993));
#1963=ORIENTED_EDGE('',*,*,#1945,.T.);
#1973=ORIENTED_EDGE('',*,*,#1719,.T.);
#1984=EDGE_CURVE('',#1671,#1722,#1989,.T.);
#1989=LINE('',#1672,#1991);
#1991=VECTOR('',#1992,2.2224873);
#1992=DIRECTION('',(0.0,-1.0,0.0));
#1983=ORIENTED_EDGE('',*,*,#1984,.F.);
#1993=ORIENTED_EDGE('',*,*,#1670,.T.);
#2003=STYLED_ITEM('',(#43),#2004);
#2004=ADVANCED_FACE('',(#2010),#2005,.T.);
#2005=PLANE('',#2006);
#2006=AXIS2_PLACEMENT_3D('',#2007,#2008,#2009);
#2007=CARTESIAN_POINT('',(-2.54,-1.111,8.001));
#2008=DIRECTION('',(0.881,0.0,0.472));
#2009=DIRECTION('',(0.,0.,1.));
#2010=FACE_OUTER_BOUND('',#2011,.T.);
#2011=EDGE_LOOP('',(#2012,#2022,#2032,#2042));
#2012=ORIENTED_EDGE('',*,*,#1553,.T.);
#2025=CARTESIAN_POINT('',(-3.016,1.27,8.89));
#2024=VERTEX_POINT('',#2025);
#2023=EDGE_CURVE('',#2024,#1544,#2028,.T.);
#2028=LINE('',#2025,#2030);
#2030=VECTOR('',#2031,1.02094469816788);
#2031=DIRECTION('',(0.466,-0.155,-0.871));
#2022=ORIENTED_EDGE('',*,*,#2023,.F.);
#2035=CARTESIAN_POINT('',(-3.016,-1.27,8.89));
#2034=VERTEX_POINT('',#2035);
#2033=EDGE_CURVE('',#2034,#2024,#2038,.T.);
#2038=LINE('',#2035,#2040);
#2040=VECTOR('',#2041,2.54);
#2041=DIRECTION('',(0.0,1.0,0.0));
#2032=ORIENTED_EDGE('',*,*,#2033,.F.);
#2043=EDGE_CURVE('',#1526,#2034,#2048,.T.);
#2048=LINE('',#1527,#2050);
#2050=VECTOR('',#2051,1.02094469816788);
#2051=DIRECTION('',(-0.466,-0.155,0.871));
#2042=ORIENTED_EDGE('',*,*,#2043,.F.);
#2052=STYLED_ITEM('',(#43),#2053);
#2053=ADVANCED_FACE('',(#2059),#2054,.T.);
#2054=PLANE('',#2055);
#2055=AXIS2_PLACEMENT_3D('',#2056,#2057,#2058);
#2056=CARTESIAN_POINT('',(-4.604,-1.27,8.89));
#2057=DIRECTION('',(0.0,0.0,1.0));
#2058=DIRECTION('',(0.,1.,0.));
#2059=FACE_OUTER_BOUND('',#2060,.T.);
#2060=EDGE_LOOP('',(#2061,#2071,#2081,#2091));
#2066=CARTESIAN_POINT('',(-4.604,-1.27,8.89));
#2065=VERTEX_POINT('',#2066);
#2062=EDGE_CURVE('',#2034,#2065,#2067,.T.);
#2067=LINE('',#2035,#2069);
#2069=VECTOR('',#2070,1.5875127);
#2070=DIRECTION('',(-1.0,0.0,0.0));
#2061=ORIENTED_EDGE('',*,*,#2062,.F.);
#2071=ORIENTED_EDGE('',*,*,#2033,.T.);
#2084=CARTESIAN_POINT('',(-4.604,1.27,8.89));
#2083=VERTEX_POINT('',#2084);
#2082=EDGE_CURVE('',#2083,#2024,#2087,.T.);
#2087=LINE('',#2084,#2089);
#2089=VECTOR('',#2090,1.5875127);
#2090=DIRECTION('',(1.0,0.0,0.0));
#2081=ORIENTED_EDGE('',*,*,#2082,.F.);
#2092=EDGE_CURVE('',#2065,#2083,#2097,.T.);
#2097=LINE('',#2066,#2099);
#2099=VECTOR('',#2100,2.54);
#2100=DIRECTION('',(0.0,1.0,0.0));
#2091=ORIENTED_EDGE('',*,*,#2092,.F.);
#2101=STYLED_ITEM('',(#43),#2102);
#2102=ADVANCED_FACE('',(#2108),#2103,.T.);
#2103=PLANE('',#2104);
#2104=AXIS2_PLACEMENT_3D('',#2105,#2106,#2107);
#2105=CARTESIAN_POINT('',(-5.08,-1.111,8.001));
#2106=DIRECTION('',(-0.881,0.0,0.472));
#2107=DIRECTION('',(0.,0.,1.));
#2108=FACE_OUTER_BOUND('',#2109,.T.);
#2109=EDGE_LOOP('',(#2110,#2120,#2130,#2140));
#2115=CARTESIAN_POINT('',(-5.08,-1.111,8.001));
#2114=VERTEX_POINT('',#2115);
#2111=EDGE_CURVE('',#2065,#2114,#2116,.T.);
#2116=LINE('',#2066,#2118);
#2118=VECTOR('',#2119,1.02094469816788);
#2119=DIRECTION('',(-0.466,0.155,-0.871));
#2110=ORIENTED_EDGE('',*,*,#2111,.F.);
#2120=ORIENTED_EDGE('',*,*,#2092,.T.);
#2133=CARTESIAN_POINT('',(-5.08,1.111,8.001));
#2132=VERTEX_POINT('',#2133);
#2131=EDGE_CURVE('',#2132,#2083,#2136,.T.);
#2136=LINE('',#2133,#2138);
#2138=VECTOR('',#2139,1.02094469816788);
#2139=DIRECTION('',(0.466,0.155,0.871));
#2130=ORIENTED_EDGE('',*,*,#2131,.F.);
#2141=EDGE_CURVE('',#2114,#2132,#2146,.T.);
#2146=LINE('',#2115,#2148);
#2148=VECTOR('',#2149,2.2224873);
#2149=DIRECTION('',(0.0,1.0,0.0));
#2140=ORIENTED_EDGE('',*,*,#2141,.F.);
#2150=STYLED_ITEM('',(#43),#2151);
#2151=ADVANCED_FACE('',(#2157),#2152,.T.);
#2152=PLANE('',#2153);
#2153=AXIS2_PLACEMENT_3D('',#2154,#2155,#2156);
#2154=CARTESIAN_POINT('',(-2.54,1.111,2.223));
#2155=DIRECTION('',(0.316,0.949,0.0));
#2156=DIRECTION('',(0.,0.,1.));
#2157=FACE_OUTER_BOUND('',#2158,.T.);
#2158=EDGE_LOOP('',(#2159,#2169,#2179,#2189));
#2162=CARTESIAN_POINT('',(-3.016,1.27,0.0));
#2161=VERTEX_POINT('',#2162);
#2160=EDGE_CURVE('',#2161,#1671,#2165,.T.);
#2165=LINE('',#2162,#2167);
#2167=VECTOR('',#2168,2.27848406119529);
#2168=DIRECTION('',(0.209,-0.07,0.975));
#2159=ORIENTED_EDGE('',*,*,#2160,.F.);
#2170=EDGE_CURVE('',#2024,#2161,#2175,.T.);
#2175=LINE('',#2025,#2177);
#2177=VECTOR('',#2178,8.8899746);
#2178=DIRECTION('',(0.0,0.0,-1.0));
#2169=ORIENTED_EDGE('',*,*,#2170,.F.);
#2179=ORIENTED_EDGE('',*,*,#2023,.T.);
#2189=ORIENTED_EDGE('',*,*,#1680,.T.);
#2199=STYLED_ITEM('',(#43),#2200);
#2200=ADVANCED_FACE('',(#2206),#2201,.T.);
#2201=PLANE('',#2202);
#2202=AXIS2_PLACEMENT_3D('',#2203,#2204,#2205);
#2203=CARTESIAN_POINT('',(-3.016,1.27,0.0));
#2204=DIRECTION('',(0.0,1.0,0.0));
#2205=DIRECTION('',(0.,0.,1.));
#2206=FACE_OUTER_BOUND('',#2207,.T.);
#2207=EDGE_LOOP('',(#2208,#2218,#2228,#2238));
#2211=CARTESIAN_POINT('',(-4.604,1.27,0.0));
#2210=VERTEX_POINT('',#2211);
#2209=EDGE_CURVE('',#2210,#2161,#2214,.T.);
#2214=LINE('',#2211,#2216);
#2216=VECTOR('',#2217,1.5875127);
#2217=DIRECTION('',(1.0,0.0,0.0));
#2208=ORIENTED_EDGE('',*,*,#2209,.F.);
#2219=EDGE_CURVE('',#2083,#2210,#2224,.T.);
#2224=LINE('',#2084,#2226);
#2226=VECTOR('',#2227,8.8899746);
#2227=DIRECTION('',(0.0,0.0,-1.0));
#2218=ORIENTED_EDGE('',*,*,#2219,.F.);
#2228=ORIENTED_EDGE('',*,*,#2082,.T.);
#2238=ORIENTED_EDGE('',*,*,#2170,.T.);
#2248=STYLED_ITEM('',(#43),#2249);
#2249=ADVANCED_FACE('',(#2255),#2250,.T.);
#2250=PLANE('',#2251);
#2251=AXIS2_PLACEMENT_3D('',#2252,#2253,#2254);
#2252=CARTESIAN_POINT('',(-4.604,1.27,0.0));
#2253=DIRECTION('',(-0.316,0.949,0.0));
#2254=DIRECTION('',(0.,0.,1.));
#2255=FACE_OUTER_BOUND('',#2256,.T.);
#2256=EDGE_LOOP('',(#2257,#2267,#2277,#2287));
#2260=CARTESIAN_POINT('',(-5.08,1.111,2.223));
#2259=VERTEX_POINT('',#2260);
#2258=EDGE_CURVE('',#2259,#2210,#2263,.T.);
#2263=LINE('',#2260,#2265);
#2265=VECTOR('',#2266,2.27848406119529);
#2266=DIRECTION('',(0.209,0.07,-0.975));
#2257=ORIENTED_EDGE('',*,*,#2258,.F.);
#2268=EDGE_CURVE('',#2132,#2259,#2273,.T.);
#2273=LINE('',#2133,#2275);
#2275=VECTOR('',#2276,5.77848349);
#2276=DIRECTION('',(0.0,0.0,-1.0));
#2267=ORIENTED_EDGE('',*,*,#2268,.F.);
#2277=ORIENTED_EDGE('',*,*,#2131,.T.);
#2287=ORIENTED_EDGE('',*,*,#2219,.T.);
#2297=STYLED_ITEM('',(#43),#2298);
#2298=ADVANCED_FACE('',(#2304),#2299,.T.);
#2299=PLANE('',#2300);
#2300=AXIS2_PLACEMENT_3D('',#2301,#2302,#2303);
#2301=CARTESIAN_POINT('',(-5.08,-1.111,2.223));
#2302=DIRECTION('',(-0.316,-0.949,0.0));
#2303=DIRECTION('',(0.,0.,1.));
#2304=FACE_OUTER_BOUND('',#2305,.T.);
#2305=EDGE_LOOP('',(#2306,#2316,#2326,#2336));
#2309=CARTESIAN_POINT('',(-4.604,-1.27,0.0));
#2308=VERTEX_POINT('',#2309);
#2311=CARTESIAN_POINT('',(-5.08,-1.111,2.223));
#2310=VERTEX_POINT('',#2311);
#2307=EDGE_CURVE('',#2308,#2310,#2312,.T.);
#2312=LINE('',#2309,#2314);
#2314=VECTOR('',#2315,2.27848406119529);
#2315=DIRECTION('',(-0.209,0.07,0.975));
#2306=ORIENTED_EDGE('',*,*,#2307,.F.);
#2317=EDGE_CURVE('',#2065,#2308,#2322,.T.);
#2322=LINE('',#2066,#2324);
#2324=VECTOR('',#2325,8.8899746);
#2325=DIRECTION('',(0.0,0.0,-1.0));
#2316=ORIENTED_EDGE('',*,*,#2317,.F.);
#2326=ORIENTED_EDGE('',*,*,#2111,.T.);
#2337=EDGE_CURVE('',#2310,#2114,#2342,.T.);
#2342=LINE('',#2311,#2344);
#2344=VECTOR('',#2345,5.77848349);
#2345=DIRECTION('',(0.0,0.0,1.0));
#2336=ORIENTED_EDGE('',*,*,#2337,.F.);
#2346=STYLED_ITEM('',(#43),#2347);
#2347=ADVANCED_FACE('',(#2353),#2348,.T.);
#2348=PLANE('',#2349);
#2349=AXIS2_PLACEMENT_3D('',#2350,#2351,#2352);
#2350=CARTESIAN_POINT('',(-4.604,-1.27,0.0));
#2351=DIRECTION('',(0.0,-1.0,0.0));
#2352=DIRECTION('',(0.,0.,1.));
#2353=FACE_OUTER_BOUND('',#2354,.T.);
#2354=EDGE_LOOP('',(#2355,#2365,#2375,#2385));
#2358=CARTESIAN_POINT('',(-3.016,-1.27,0.0));
#2357=VERTEX_POINT('',#2358);
#2356=EDGE_CURVE('',#2357,#2308,#2361,.T.);
#2361=LINE('',#2358,#2363);
#2363=VECTOR('',#2364,1.5875127);
#2364=DIRECTION('',(-1.0,0.0,0.0));
#2355=ORIENTED_EDGE('',*,*,#2356,.F.);
#2366=EDGE_CURVE('',#2034,#2357,#2371,.T.);
#2371=LINE('',#2035,#2373);
#2373=VECTOR('',#2374,8.8899746);
#2374=DIRECTION('',(0.0,0.0,-1.0));
#2365=ORIENTED_EDGE('',*,*,#2366,.F.);
#2375=ORIENTED_EDGE('',*,*,#2062,.T.);
#2385=ORIENTED_EDGE('',*,*,#2317,.T.);
#2395=STYLED_ITEM('',(#43),#2396);
#2396=ADVANCED_FACE('',(#2402),#2397,.T.);
#2397=PLANE('',#2398);
#2398=AXIS2_PLACEMENT_3D('',#2399,#2400,#2401);
#2399=CARTESIAN_POINT('',(-3.016,-1.27,0.0));
#2400=DIRECTION('',(0.316,-0.949,0.0));
#2401=DIRECTION('',(0.,0.,1.));
#2402=FACE_OUTER_BOUND('',#2403,.T.);
#2403=EDGE_LOOP('',(#2404,#2414,#2424,#2434));
#2405=EDGE_CURVE('',#1722,#2357,#2410,.T.);
#2410=LINE('',#1723,#2412);
#2412=VECTOR('',#2413,2.27848406119529);
#2413=DIRECTION('',(-0.209,-0.07,-0.975));
#2404=ORIENTED_EDGE('',*,*,#2405,.F.);
#2414=ORIENTED_EDGE('',*,*,#1749,.T.);
#2424=ORIENTED_EDGE('',*,*,#2043,.T.);
#2434=ORIENTED_EDGE('',*,*,#2366,.T.);
#2444=STYLED_ITEM('',(#43),#2445);
#2445=ADVANCED_FACE('',(#2451),#2446,.T.);
#2446=PLANE('',#2447);
#2447=AXIS2_PLACEMENT_3D('',#2448,#2449,#2450);
#2448=CARTESIAN_POINT('',(-3.016,-1.27,0.0));
#2449=DIRECTION('',(0.978,0.0,-0.21));
#2450=DIRECTION('',(0.,0.,1.));
#2451=FACE_OUTER_BOUND('',#2452,.T.);
#2452=EDGE_LOOP('',(#2453,#2463,#2473,#2483));
#2454=EDGE_CURVE('',#2161,#2357,#2459,.T.);
#2459=LINE('',#2162,#2461);
#2461=VECTOR('',#2462,2.54);
#2462=DIRECTION('',(0.0,-1.0,0.0));
#2453=ORIENTED_EDGE('',*,*,#2454,.F.);
#2463=ORIENTED_EDGE('',*,*,#2160,.T.);
#2473=ORIENTED_EDGE('',*,*,#1984,.T.);
#2483=ORIENTED_EDGE('',*,*,#2405,.T.);
#2493=STYLED_ITEM('',(#43),#2494);
#2494=ADVANCED_FACE('',(#2500),#2495,.T.);
#2495=PLANE('',#2496);
#2496=AXIS2_PLACEMENT_3D('',#2497,#2498,#2499);
#2497=CARTESIAN_POINT('',(-4.604,1.27,0.0));
#2498=DIRECTION('',(0.0,0.0,-1.0));
#2499=DIRECTION('',(0.,1.,0.));
#2500=FACE_OUTER_BOUND('',#2501,.T.);
#2501=EDGE_LOOP('',(#2502,#2512,#2522,#2532));
#2502=ORIENTED_EDGE('',*,*,#2209,.T.);
#2512=ORIENTED_EDGE('',*,*,#2454,.T.);
#2522=ORIENTED_EDGE('',*,*,#2356,.T.);
#2533=EDGE_CURVE('',#2210,#2308,#2538,.T.);
#2538=LINE('',#2211,#2540);
#2540=VECTOR('',#2541,2.54);
#2541=DIRECTION('',(0.0,-1.0,0.0));
#2532=ORIENTED_EDGE('',*,*,#2533,.F.);
#2542=STYLED_ITEM('',(#43),#2543);
#2543=ADVANCED_FACE('',(#2549),#2544,.T.);
#2544=PLANE('',#2545);
#2545=AXIS2_PLACEMENT_3D('',#2546,#2547,#2548);
#2546=CARTESIAN_POINT('',(-4.604,1.27,0.0));
#2547=DIRECTION('',(-0.978,0.0,-0.21));
#2548=DIRECTION('',(0.,0.,1.));
#2549=FACE_OUTER_BOUND('',#2550,.T.);
#2550=EDGE_LOOP('',(#2551,#2561,#2571,#2581));
#2551=ORIENTED_EDGE('',*,*,#2533,.T.);
#2561=ORIENTED_EDGE('',*,*,#2307,.T.);
#2572=EDGE_CURVE('',#2259,#2310,#2577,.T.);
#2577=LINE('',#2260,#2579);
#2579=VECTOR('',#2580,2.2224873);
#2580=DIRECTION('',(0.0,-1.0,0.0));
#2571=ORIENTED_EDGE('',*,*,#2572,.F.);
#2581=ORIENTED_EDGE('',*,*,#2258,.T.);
#2591=STYLED_ITEM('',(#43),#2592);
#2592=ADVANCED_FACE('',(#2598),#2593,.T.);
#2593=PLANE('',#2594);
#2594=AXIS2_PLACEMENT_3D('',#2595,#2596,#2597);
#2595=CARTESIAN_POINT('',(-5.08,1.111,2.223));
#2596=DIRECTION('',(-1.0,0.0,0.0));
#2597=DIRECTION('',(0.,0.,1.));
#2598=FACE_OUTER_BOUND('',#2599,.T.);
#2599=EDGE_LOOP('',(#2600,#2610,#2620,#2630));
#2600=ORIENTED_EDGE('',*,*,#2572,.T.);
#2610=ORIENTED_EDGE('',*,*,#2337,.T.);
#2620=ORIENTED_EDGE('',*,*,#2141,.T.);
#2630=ORIENTED_EDGE('',*,*,#2268,.T.);
#2641=MANIFOLD_SOLID_BREP($,#2642);
#2642=CLOSED_SHELL('',(#2646,#2695,#2744,#2793,#2842,#2891,#2940,#2989,#3038,#3087));
#2643=MANIFOLD_SOLID_BREP($,#2644);
#2644=CLOSED_SHELL('',(#3136,#3185,#3234,#3283,#3332,#3381,#3430,#3479,#3528,#3577));
#2645=STYLED_ITEM('',(#34),#2646);
#2646=ADVANCED_FACE('',(#2652),#2647,.T.);
#2647=PLANE('',#2648);
#2648=AXIS2_PLACEMENT_3D('',#2649,#2650,#2651);
#2649=CARTESIAN_POINT('',(3.651,-0.159,12.7));
#2650=DIRECTION('',(0.0,0.0,1.0));
#2651=DIRECTION('',(0.,1.,0.));
#2652=FACE_OUTER_BOUND('',#2653,.T.);
#2653=EDGE_LOOP('',(#2654,#2664,#2674,#2684));
#2657=CARTESIAN_POINT('',(3.969,-0.159,12.7));
#2656=VERTEX_POINT('',#2657);
#2659=CARTESIAN_POINT('',(3.651,-0.159,12.7));
#2658=VERTEX_POINT('',#2659);
#2655=EDGE_CURVE('',#2656,#2658,#2660,.T.);
#2660=LINE('',#2657,#2662);
#2662=VECTOR('',#2663,0.3175);
#2663=DIRECTION('',(-1.0,0.0,0.0));
#2654=ORIENTED_EDGE('',*,*,#2655,.F.);
#2667=CARTESIAN_POINT('',(3.969,0.159,12.7));
#2666=VERTEX_POINT('',#2667);
#2665=EDGE_CURVE('',#2666,#2656,#2670,.T.);
#2670=LINE('',#2667,#2672);
#2672=VECTOR('',#2673,0.3175);
#2673=DIRECTION('',(0.0,-1.0,0.0));
#2664=ORIENTED_EDGE('',*,*,#2665,.F.);
#2677=CARTESIAN_POINT('',(3.651,0.159,12.7));
#2676=VERTEX_POINT('',#2677);
#2675=EDGE_CURVE('',#2676,#2666,#2680,.T.);
#2680=LINE('',#2677,#2682);
#2682=VECTOR('',#2683,0.3175);
#2683=DIRECTION('',(1.0,0.0,0.0));
#2674=ORIENTED_EDGE('',*,*,#2675,.F.);
#2685=EDGE_CURVE('',#2658,#2676,#2690,.T.);
#2690=LINE('',#2659,#2692);
#2692=VECTOR('',#2693,0.3175);
#2693=DIRECTION('',(0.0,1.0,0.0));
#2684=ORIENTED_EDGE('',*,*,#2685,.F.);
#2694=STYLED_ITEM('',(#34),#2695);
#2695=ADVANCED_FACE('',(#2701),#2696,.T.);
#2696=PLANE('',#2697);
#2697=AXIS2_PLACEMENT_3D('',#2698,#2699,#2700);
#2698=CARTESIAN_POINT('',(4.127,-0.318,12.541));
#2699=DIRECTION('',(0.707,0.0,0.707));
#2700=DIRECTION('',(0.,0.,1.));
#2701=FACE_OUTER_BOUND('',#2702,.T.);
#2702=EDGE_LOOP('',(#2703,#2713,#2723,#2733));
#2706=CARTESIAN_POINT('',(4.127,0.318,12.541));
#2705=VERTEX_POINT('',#2706);
#2708=CARTESIAN_POINT('',(4.127,-0.318,12.541));
#2707=VERTEX_POINT('',#2708);
#2704=EDGE_CURVE('',#2705,#2707,#2709,.T.);
#2709=LINE('',#2706,#2711);
#2711=VECTOR('',#2712,0.635);
#2712=DIRECTION('',(0.0,-1.0,0.0));
#2703=ORIENTED_EDGE('',*,*,#2704,.F.);
#2714=EDGE_CURVE('',#2666,#2705,#2719,.T.);
#2719=LINE('',#2667,#2721);
#2721=VECTOR('',#2722,0.274963065701559);
#2722=DIRECTION('',(0.577,0.577,-0.577));
#2713=ORIENTED_EDGE('',*,*,#2714,.F.);
#2723=ORIENTED_EDGE('',*,*,#2665,.T.);
#2734=EDGE_CURVE('',#2707,#2656,#2739,.T.);
#2739=LINE('',#2708,#2741);
#2741=VECTOR('',#2742,0.274963065701559);
#2742=DIRECTION('',(-0.577,0.577,0.577));
#2733=ORIENTED_EDGE('',*,*,#2734,.F.);
#2743=STYLED_ITEM('',(#34),#2744);
#2744=ADVANCED_FACE('',(#2750),#2745,.T.);
#2745=PLANE('',#2746);
#2746=AXIS2_PLACEMENT_3D('',#2747,#2748,#2749);
#2747=CARTESIAN_POINT('',(4.127,0.318,12.541));
#2748=DIRECTION('',(0.0,0.707,0.707));
#2749=DIRECTION('',(0.,0.,1.));
#2750=FACE_OUTER_BOUND('',#2751,.T.);
#2751=EDGE_LOOP('',(#2752,#2762,#2772,#2782));
#2755=CARTESIAN_POINT('',(3.492,0.318,12.541));
#2754=VERTEX_POINT('',#2755);
#2753=EDGE_CURVE('',#2754,#2705,#2758,.T.);
#2758=LINE('',#2755,#2760);
#2760=VECTOR('',#2761,0.635);
#2761=DIRECTION('',(1.0,0.0,0.0));
#2752=ORIENTED_EDGE('',*,*,#2753,.F.);
#2763=EDGE_CURVE('',#2676,#2754,#2768,.T.);
#2768=LINE('',#2677,#2770);
#2770=VECTOR('',#2771,0.274963065701559);
#2771=DIRECTION('',(-0.577,0.577,-0.577));
#2762=ORIENTED_EDGE('',*,*,#2763,.F.);
#2772=ORIENTED_EDGE('',*,*,#2675,.T.);
#2782=ORIENTED_EDGE('',*,*,#2714,.T.);
#2792=STYLED_ITEM('',(#34),#2793);
#2793=ADVANCED_FACE('',(#2799),#2794,.T.);
#2794=PLANE('',#2795);
#2795=AXIS2_PLACEMENT_3D('',#2796,#2797,#2798);
#2796=CARTESIAN_POINT('',(3.492,0.318,12.541));
#2797=DIRECTION('',(-0.707,0.0,0.707));
#2798=DIRECTION('',(0.,0.,1.));
#2799=FACE_OUTER_BOUND('',#2800,.T.);
#2800=EDGE_LOOP('',(#2801,#2811,#2821,#2831));
#2804=CARTESIAN_POINT('',(3.492,-0.318,12.541));
#2803=VERTEX_POINT('',#2804);
#2802=EDGE_CURVE('',#2803,#2754,#2807,.T.);
#2807=LINE('',#2804,#2809);
#2809=VECTOR('',#2810,0.635);
#2810=DIRECTION('',(0.0,1.0,0.0));
#2801=ORIENTED_EDGE('',*,*,#2802,.F.);
#2812=EDGE_CURVE('',#2658,#2803,#2817,.T.);
#2817=LINE('',#2659,#2819);
#2819=VECTOR('',#2820,0.274963065701559);
#2820=DIRECTION('',(-0.577,-0.577,-0.577));
#2811=ORIENTED_EDGE('',*,*,#2812,.F.);
#2821=ORIENTED_EDGE('',*,*,#2685,.T.);
#2831=ORIENTED_EDGE('',*,*,#2763,.T.);
#2841=STYLED_ITEM('',(#34),#2842);
#2842=ADVANCED_FACE('',(#2848),#2843,.T.);
#2843=PLANE('',#2844);
#2844=AXIS2_PLACEMENT_3D('',#2845,#2846,#2847);
#2845=CARTESIAN_POINT('',(3.492,-0.318,12.541));
#2846=DIRECTION('',(0.0,-0.707,0.707));
#2847=DIRECTION('',(0.,0.,1.));
#2848=FACE_OUTER_BOUND('',#2849,.T.);
#2849=EDGE_LOOP('',(#2850,#2860,#2870,#2880));
#2851=EDGE_CURVE('',#2707,#2803,#2856,.T.);
#2856=LINE('',#2708,#2858);
#2858=VECTOR('',#2859,0.635);
#2859=DIRECTION('',(-1.0,0.0,0.0));
#2850=ORIENTED_EDGE('',*,*,#2851,.F.);
#2860=ORIENTED_EDGE('',*,*,#2734,.T.);
#2870=ORIENTED_EDGE('',*,*,#2655,.T.);
#2880=ORIENTED_EDGE('',*,*,#2812,.T.);
#2890=STYLED_ITEM('',(#34),#2891);
#2891=ADVANCED_FACE('',(#2897),#2892,.T.);
#2892=PLANE('',#2893);
#2893=AXIS2_PLACEMENT_3D('',#2894,#2895,#2896);
#2894=CARTESIAN_POINT('',(4.127,-0.318,8.89));
#2895=DIRECTION('',(1.0,0.0,0.0));
#2896=DIRECTION('',(0.,0.,1.));
#2897=FACE_OUTER_BOUND('',#2898,.T.);
#2898=EDGE_LOOP('',(#2899,#2909,#2919,#2929));
#2902=CARTESIAN_POINT('',(4.127,0.318,8.89));
#2901=VERTEX_POINT('',#2902);
#2904=CARTESIAN_POINT('',(4.127,-0.318,8.89));
#2903=VERTEX_POINT('',#2904);
#2900=EDGE_CURVE('',#2901,#2903,#2905,.T.);
#2905=LINE('',#2902,#2907);
#2907=VECTOR('',#2908,0.635);
#2908=DIRECTION('',(0.0,-1.0,0.0));
#2899=ORIENTED_EDGE('',*,*,#2900,.F.);
#2910=EDGE_CURVE('',#2705,#2901,#2915,.T.);
#2915=LINE('',#2706,#2917);
#2917=VECTOR('',#2918,3.65125);
#2918=DIRECTION('',(0.0,0.0,-1.0));
#2909=ORIENTED_EDGE('',*,*,#2910,.F.);
#2919=ORIENTED_EDGE('',*,*,#2704,.T.);
#2930=EDGE_CURVE('',#2903,#2707,#2935,.T.);
#2935=LINE('',#2904,#2937);
#2937=VECTOR('',#2938,3.65125);
#2938=DIRECTION('',(0.0,0.0,1.0));
#2929=ORIENTED_EDGE('',*,*,#2930,.F.);
#2939=STYLED_ITEM('',(#34),#2940);
#2940=ADVANCED_FACE('',(#2946),#2941,.T.);
#2941=PLANE('',#2942);
#2942=AXIS2_PLACEMENT_3D('',#2943,#2944,#2945);
#2943=CARTESIAN_POINT('',(4.127,0.318,8.89));
#2944=DIRECTION('',(0.0,1.0,0.0));
#2945=DIRECTION('',(0.,0.,1.));
#2946=FACE_OUTER_BOUND('',#2947,.T.);
#2947=EDGE_LOOP('',(#2948,#2958,#2968,#2978));
#2951=CARTESIAN_POINT('',(3.492,0.318,8.89));
#2950=VERTEX_POINT('',#2951);
#2949=EDGE_CURVE('',#2950,#2901,#2954,.T.);
#2954=LINE('',#2951,#2956);
#2956=VECTOR('',#2957,0.635);
#2957=DIRECTION('',(1.0,0.0,0.0));
#2948=ORIENTED_EDGE('',*,*,#2949,.F.);
#2959=EDGE_CURVE('',#2754,#2950,#2964,.T.);
#2964=LINE('',#2755,#2966);
#2966=VECTOR('',#2967,3.65125);
#2967=DIRECTION('',(0.0,0.0,-1.0));
#2958=ORIENTED_EDGE('',*,*,#2959,.F.);
#2968=ORIENTED_EDGE('',*,*,#2753,.T.);
#2978=ORIENTED_EDGE('',*,*,#2910,.T.);
#2988=STYLED_ITEM('',(#34),#2989);
#2989=ADVANCED_FACE('',(#2995),#2990,.T.);
#2990=PLANE('',#2991);
#2991=AXIS2_PLACEMENT_3D('',#2992,#2993,#2994);
#2992=CARTESIAN_POINT('',(3.492,0.318,8.89));
#2993=DIRECTION('',(-1.0,0.0,0.0));
#2994=DIRECTION('',(0.,0.,1.));
#2995=FACE_OUTER_BOUND('',#2996,.T.);
#2996=EDGE_LOOP('',(#2997,#3007,#3017,#3027));
#3000=CARTESIAN_POINT('',(3.492,-0.318,8.89));
#2999=VERTEX_POINT('',#3000);
#2998=EDGE_CURVE('',#2999,#2950,#3003,.T.);
#3003=LINE('',#3000,#3005);
#3005=VECTOR('',#3006,0.635);
#3006=DIRECTION('',(0.0,1.0,0.0));
#2997=ORIENTED_EDGE('',*,*,#2998,.F.);
#3008=EDGE_CURVE('',#2803,#2999,#3013,.T.);
#3013=LINE('',#2804,#3015);
#3015=VECTOR('',#3016,3.65125);
#3016=DIRECTION('',(0.0,0.0,-1.0));
#3007=ORIENTED_EDGE('',*,*,#3008,.F.);
#3017=ORIENTED_EDGE('',*,*,#2802,.T.);
#3027=ORIENTED_EDGE('',*,*,#2959,.T.);
#3037=STYLED_ITEM('',(#34),#3038);
#3038=ADVANCED_FACE('',(#3044),#3039,.T.);
#3039=PLANE('',#3040);
#3040=AXIS2_PLACEMENT_3D('',#3041,#3042,#3043);
#3041=CARTESIAN_POINT('',(3.492,-0.318,8.89));
#3042=DIRECTION('',(0.0,-1.0,0.0));
#3043=DIRECTION('',(0.,0.,1.));
#3044=FACE_OUTER_BOUND('',#3045,.T.);
#3045=EDGE_LOOP('',(#3046,#3056,#3066,#3076));
#3047=EDGE_CURVE('',#2903,#2999,#3052,.T.);
#3052=LINE('',#2904,#3054);
#3054=VECTOR('',#3055,0.635);
#3055=DIRECTION('',(-1.0,0.0,0.0));
#3046=ORIENTED_EDGE('',*,*,#3047,.F.);
#3056=ORIENTED_EDGE('',*,*,#2930,.T.);
#3066=ORIENTED_EDGE('',*,*,#2851,.T.);
#3076=ORIENTED_EDGE('',*,*,#3008,.T.);
#3086=STYLED_ITEM('',(#34),#3087);
#3087=ADVANCED_FACE('',(#3093),#3088,.T.);
#3088=PLANE('',#3089);
#3089=AXIS2_PLACEMENT_3D('',#3090,#3091,#3092);
#3090=CARTESIAN_POINT('',(3.492,0.318,8.89));
#3091=DIRECTION('',(0.0,0.0,-1.0));
#3092=DIRECTION('',(0.,1.,0.));
#3093=FACE_OUTER_BOUND('',#3094,.T.);
#3094=EDGE_LOOP('',(#3095,#3105,#3115,#3125));
#3095=ORIENTED_EDGE('',*,*,#2949,.T.);
#3105=ORIENTED_EDGE('',*,*,#2900,.T.);
#3115=ORIENTED_EDGE('',*,*,#3047,.T.);
#3125=ORIENTED_EDGE('',*,*,#2998,.T.);
#3135=STYLED_ITEM('',(#34),#3136);
#3136=ADVANCED_FACE('',(#3142),#3137,.T.);
#3137=PLANE('',#3138);
#3138=AXIS2_PLACEMENT_3D('',#3139,#3140,#3141);
#3139=CARTESIAN_POINT('',(3.492,-0.318,0.0));
#3140=DIRECTION('',(0.0,0.0,1.0));
#3141=DIRECTION('',(0.,1.,0.));
#3142=FACE_OUTER_BOUND('',#3143,.T.);
#3143=EDGE_LOOP('',(#3144,#3154,#3164,#3174));
#3147=CARTESIAN_POINT('',(4.127,-0.318,0.0));
#3146=VERTEX_POINT('',#3147);
#3149=CARTESIAN_POINT('',(3.492,-0.318,0.0));
#3148=VERTEX_POINT('',#3149);
#3145=EDGE_CURVE('',#3146,#3148,#3150,.T.);
#3150=LINE('',#3147,#3152);
#3152=VECTOR('',#3153,0.635);
#3153=DIRECTION('',(-1.0,0.0,0.0));
#3144=ORIENTED_EDGE('',*,*,#3145,.F.);
#3157=CARTESIAN_POINT('',(4.127,0.318,0.0));
#3156=VERTEX_POINT('',#3157);
#3155=EDGE_CURVE('',#3156,#3146,#3160,.T.);
#3160=LINE('',#3157,#3162);
#3162=VECTOR('',#3163,0.635);
#3163=DIRECTION('',(0.0,-1.0,0.0));
#3154=ORIENTED_EDGE('',*,*,#3155,.F.);
#3167=CARTESIAN_POINT('',(3.492,0.318,0.0));
#3166=VERTEX_POINT('',#3167);
#3165=EDGE_CURVE('',#3166,#3156,#3170,.T.);
#3170=LINE('',#3167,#3172);
#3172=VECTOR('',#3173,0.635);
#3173=DIRECTION('',(1.0,0.0,0.0));
#3164=ORIENTED_EDGE('',*,*,#3165,.F.);
#3175=EDGE_CURVE('',#3148,#3166,#3180,.T.);
#3180=LINE('',#3149,#3182);
#3182=VECTOR('',#3183,0.635);
#3183=DIRECTION('',(0.0,1.0,0.0));
#3174=ORIENTED_EDGE('',*,*,#3175,.F.);
#3184=STYLED_ITEM('',(#34),#3185);
#3185=ADVANCED_FACE('',(#3191),#3186,.T.);
#3186=PLANE('',#3187);
#3187=AXIS2_PLACEMENT_3D('',#3188,#3189,#3190);
#3188=CARTESIAN_POINT('',(4.127,-0.318,-4.921));
#3189=DIRECTION('',(1.0,0.0,0.0));
#3190=DIRECTION('',(0.,0.,1.));
#3191=FACE_OUTER_BOUND('',#3192,.T.);
#3192=EDGE_LOOP('',(#3193,#3203,#3213,#3223));
#3196=CARTESIAN_POINT('',(4.127,0.318,-4.921));
#3195=VERTEX_POINT('',#3196);
#3198=CARTESIAN_POINT('',(4.127,-0.318,-4.921));
#3197=VERTEX_POINT('',#3198);
#3194=EDGE_CURVE('',#3195,#3197,#3199,.T.);
#3199=LINE('',#3196,#3201);
#3201=VECTOR('',#3202,0.635);
#3202=DIRECTION('',(0.0,-1.0,0.0));
#3193=ORIENTED_EDGE('',*,*,#3194,.F.);
#3204=EDGE_CURVE('',#3156,#3195,#3209,.T.);
#3209=LINE('',#3157,#3211);
#3211=VECTOR('',#3212,4.92125);
#3212=DIRECTION('',(0.0,0.0,-1.0));
#3203=ORIENTED_EDGE('',*,*,#3204,.F.);
#3213=ORIENTED_EDGE('',*,*,#3155,.T.);
#3224=EDGE_CURVE('',#3197,#3146,#3229,.T.);
#3229=LINE('',#3198,#3231);
#3231=VECTOR('',#3232,4.92125);
#3232=DIRECTION('',(0.0,0.0,1.0));
#3223=ORIENTED_EDGE('',*,*,#3224,.F.);
#3233=STYLED_ITEM('',(#34),#3234);
#3234=ADVANCED_FACE('',(#3240),#3235,.T.);
#3235=PLANE('',#3236);
#3236=AXIS2_PLACEMENT_3D('',#3237,#3238,#3239);
#3237=CARTESIAN_POINT('',(4.127,0.318,-4.921));
#3238=DIRECTION('',(0.0,1.0,0.0));
#3239=DIRECTION('',(0.,0.,1.));
#3240=FACE_OUTER_BOUND('',#3241,.T.);
#3241=EDGE_LOOP('',(#3242,#3252,#3262,#3272));
#3245=CARTESIAN_POINT('',(3.492,0.318,-4.921));
#3244=VERTEX_POINT('',#3245);
#3243=EDGE_CURVE('',#3244,#3195,#3248,.T.);
#3248=LINE('',#3245,#3250);
#3250=VECTOR('',#3251,0.635);
#3251=DIRECTION('',(1.0,0.0,0.0));
#3242=ORIENTED_EDGE('',*,*,#3243,.F.);
#3253=EDGE_CURVE('',#3166,#3244,#3258,.T.);
#3258=LINE('',#3167,#3260);
#3260=VECTOR('',#3261,4.92125);
#3261=DIRECTION('',(0.0,0.0,-1.0));
#3252=ORIENTED_EDGE('',*,*,#3253,.F.);
#3262=ORIENTED_EDGE('',*,*,#3165,.T.);
#3272=ORIENTED_EDGE('',*,*,#3204,.T.);
#3282=STYLED_ITEM('',(#34),#3283);
#3283=ADVANCED_FACE('',(#3289),#3284,.T.);
#3284=PLANE('',#3285);
#3285=AXIS2_PLACEMENT_3D('',#3286,#3287,#3288);
#3286=CARTESIAN_POINT('',(3.492,0.318,-4.921));
#3287=DIRECTION('',(-1.0,0.0,0.0));
#3288=DIRECTION('',(0.,0.,1.));
#3289=FACE_OUTER_BOUND('',#3290,.T.);
#3290=EDGE_LOOP('',(#3291,#3301,#3311,#3321));
#3294=CARTESIAN_POINT('',(3.492,-0.318,-4.921));
#3293=VERTEX_POINT('',#3294);
#3292=EDGE_CURVE('',#3293,#3244,#3297,.T.);
#3297=LINE('',#3294,#3299);
#3299=VECTOR('',#3300,0.635);
#3300=DIRECTION('',(0.0,1.0,0.0));
#3291=ORIENTED_EDGE('',*,*,#3292,.F.);
#3302=EDGE_CURVE('',#3148,#3293,#3307,.T.);
#3307=LINE('',#3149,#3309);
#3309=VECTOR('',#3310,4.92125);
#3310=DIRECTION('',(0.0,0.0,-1.0));
#3301=ORIENTED_EDGE('',*,*,#3302,.F.);
#3311=ORIENTED_EDGE('',*,*,#3175,.T.);
#3321=ORIENTED_EDGE('',*,*,#3253,.T.);
#3331=STYLED_ITEM('',(#34),#3332);
#3332=ADVANCED_FACE('',(#3338),#3333,.T.);
#3333=PLANE('',#3334);
#3334=AXIS2_PLACEMENT_3D('',#3335,#3336,#3337);
#3335=CARTESIAN_POINT('',(3.492,-0.318,-4.921));
#3336=DIRECTION('',(0.0,-1.0,0.0));
#3337=DIRECTION('',(0.,0.,1.));
#3338=FACE_OUTER_BOUND('',#3339,.T.);
#3339=EDGE_LOOP('',(#3340,#3350,#3360,#3370));
#3341=EDGE_CURVE('',#3197,#3293,#3346,.T.);
#3346=LINE('',#3198,#3348);
#3348=VECTOR('',#3349,0.635);
#3349=DIRECTION('',(-1.0,0.0,0.0));
#3340=ORIENTED_EDGE('',*,*,#3341,.F.);
#3350=ORIENTED_EDGE('',*,*,#3224,.T.);
#3360=ORIENTED_EDGE('',*,*,#3145,.T.);
#3370=ORIENTED_EDGE('',*,*,#3302,.T.);
#3380=STYLED_ITEM('',(#34),#3381);
#3381=ADVANCED_FACE('',(#3387),#3382,.T.);
#3382=PLANE('',#3383);
#3383=AXIS2_PLACEMENT_3D('',#3384,#3385,#3386);
#3384=CARTESIAN_POINT('',(3.969,-0.159,-5.08));
#3385=DIRECTION('',(0.707,0.0,-0.707));
#3386=DIRECTION('',(0.,0.,1.));
#3387=FACE_OUTER_BOUND('',#3388,.T.);
#3388=EDGE_LOOP('',(#3389,#3399,#3409,#3419));
#3392=CARTESIAN_POINT('',(3.969,0.159,-5.08));
#3391=VERTEX_POINT('',#3392);
#3394=CARTESIAN_POINT('',(3.969,-0.159,-5.08));
#3393=VERTEX_POINT('',#3394);
#3390=EDGE_CURVE('',#3391,#3393,#3395,.T.);
#3395=LINE('',#3392,#3397);
#3397=VECTOR('',#3398,0.3175);
#3398=DIRECTION('',(0.0,-1.0,0.0));
#3389=ORIENTED_EDGE('',*,*,#3390,.F.);
#3400=EDGE_CURVE('',#3195,#3391,#3405,.T.);
#3405=LINE('',#3196,#3407);
#3407=VECTOR('',#3408,0.274963065701559);
#3408=DIRECTION('',(-0.577,-0.577,-0.577));
#3399=ORIENTED_EDGE('',*,*,#3400,.F.);
#3409=ORIENTED_EDGE('',*,*,#3194,.T.);
#3420=EDGE_CURVE('',#3393,#3197,#3425,.T.);
#3425=LINE('',#3394,#3427);
#3427=VECTOR('',#3428,0.274963065701559);
#3428=DIRECTION('',(0.577,-0.577,0.577));
#3419=ORIENTED_EDGE('',*,*,#3420,.F.);
#3429=STYLED_ITEM('',(#34),#3430);
#3430=ADVANCED_FACE('',(#3436),#3431,.T.);
#3431=PLANE('',#3432);
#3432=AXIS2_PLACEMENT_3D('',#3433,#3434,#3435);
#3433=CARTESIAN_POINT('',(3.969,0.159,-5.08));
#3434=DIRECTION('',(0.0,0.707,-0.707));
#3435=DIRECTION('',(0.,0.,1.));
#3436=FACE_OUTER_BOUND('',#3437,.T.);
#3437=EDGE_LOOP('',(#3438,#3448,#3458,#3468));
#3441=CARTESIAN_POINT('',(3.651,0.159,-5.08));
#3440=VERTEX_POINT('',#3441);
#3439=EDGE_CURVE('',#3440,#3391,#3444,.T.);
#3444=LINE('',#3441,#3446);
#3446=VECTOR('',#3447,0.3175);
#3447=DIRECTION('',(1.0,0.0,0.0));
#3438=ORIENTED_EDGE('',*,*,#3439,.F.);
#3449=EDGE_CURVE('',#3244,#3440,#3454,.T.);
#3454=LINE('',#3245,#3456);
#3456=VECTOR('',#3457,0.274963065701559);
#3457=DIRECTION('',(0.577,-0.577,-0.577));
#3448=ORIENTED_EDGE('',*,*,#3449,.F.);
#3458=ORIENTED_EDGE('',*,*,#3243,.T.);
#3468=ORIENTED_EDGE('',*,*,#3400,.T.);
#3478=STYLED_ITEM('',(#34),#3479);
#3479=ADVANCED_FACE('',(#3485),#3480,.T.);
#3480=PLANE('',#3481);
#3481=AXIS2_PLACEMENT_3D('',#3482,#3483,#3484);
#3482=CARTESIAN_POINT('',(3.651,0.159,-5.08));
#3483=DIRECTION('',(-0.707,0.0,-0.707));
#3484=DIRECTION('',(0.,0.,1.));
#3485=FACE_OUTER_BOUND('',#3486,.T.);
#3486=EDGE_LOOP('',(#3487,#3497,#3507,#3517));
#3490=CARTESIAN_POINT('',(3.651,-0.159,-5.08));
#3489=VERTEX_POINT('',#3490);
#3488=EDGE_CURVE('',#3489,#3440,#3493,.T.);
#3493=LINE('',#3490,#3495);
#3495=VECTOR('',#3496,0.3175);
#3496=DIRECTION('',(0.0,1.0,0.0));
#3487=ORIENTED_EDGE('',*,*,#3488,.F.);
#3498=EDGE_CURVE('',#3293,#3489,#3503,.T.);
#3503=LINE('',#3294,#3505);
#3505=VECTOR('',#3506,0.274963065701559);
#3506=DIRECTION('',(0.577,0.577,-0.577));
#3497=ORIENTED_EDGE('',*,*,#3498,.F.);
#3507=ORIENTED_EDGE('',*,*,#3292,.T.);
#3517=ORIENTED_EDGE('',*,*,#3449,.T.);
#3527=STYLED_ITEM('',(#34),#3528);
#3528=ADVANCED_FACE('',(#3534),#3529,.T.);
#3529=PLANE('',#3530);
#3530=AXIS2_PLACEMENT_3D('',#3531,#3532,#3533);
#3531=CARTESIAN_POINT('',(3.651,-0.159,-5.08));
#3532=DIRECTION('',(0.0,-0.707,-0.707));
#3533=DIRECTION('',(0.,0.,1.));
#3534=FACE_OUTER_BOUND('',#3535,.T.);
#3535=EDGE_LOOP('',(#3536,#3546,#3556,#3566));
#3537=EDGE_CURVE('',#3393,#3489,#3542,.T.);
#3542=LINE('',#3394,#3544);
#3544=VECTOR('',#3545,0.3175);
#3545=DIRECTION('',(-1.0,0.0,0.0));
#3536=ORIENTED_EDGE('',*,*,#3537,.F.);
#3546=ORIENTED_EDGE('',*,*,#3420,.T.);
#3556=ORIENTED_EDGE('',*,*,#3341,.T.);
#3566=ORIENTED_EDGE('',*,*,#3498,.T.);
#3576=STYLED_ITEM('',(#34),#3577);
#3577=ADVANCED_FACE('',(#3583),#3578,.T.);
#3578=PLANE('',#3579);
#3579=AXIS2_PLACEMENT_3D('',#3580,#3581,#3582);
#3580=CARTESIAN_POINT('',(3.651,0.159,-5.08));
#3581=DIRECTION('',(0.0,0.0,-1.0));
#3582=DIRECTION('',(0.,1.,0.));
#3583=FACE_OUTER_BOUND('',#3584,.T.);
#3584=EDGE_LOOP('',(#3585,#3595,#3605,#3615));
#3585=ORIENTED_EDGE('',*,*,#3439,.T.);
#3595=ORIENTED_EDGE('',*,*,#3390,.T.);
#3605=ORIENTED_EDGE('',*,*,#3537,.T.);
#3615=ORIENTED_EDGE('',*,*,#3488,.T.);
#3625=MANIFOLD_SOLID_BREP($,#3626);
#3626=CLOSED_SHELL('',(#3630,#3679,#3728,#3777,#3826,#3875,#3924,#3973,#4022,#4071));
#3627=MANIFOLD_SOLID_BREP($,#3628);
#3628=CLOSED_SHELL('',(#4120,#4169,#4218,#4267,#4316,#4365,#4414,#4463,#4512,#4561));
#3629=STYLED_ITEM('',(#34),#3630);
#3630=ADVANCED_FACE('',(#3636),#3631,.T.);
#3631=PLANE('',#3632);
#3632=AXIS2_PLACEMENT_3D('',#3633,#3634,#3635);
#3633=CARTESIAN_POINT('',(1.111,-0.159,12.7));
#3634=DIRECTION('',(0.0,0.0,1.0));
#3635=DIRECTION('',(0.,1.,0.));
#3636=FACE_OUTER_BOUND('',#3637,.T.);
#3637=EDGE_LOOP('',(#3638,#3648,#3658,#3668));
#3641=CARTESIAN_POINT('',(1.429,-0.159,12.7));
#3640=VERTEX_POINT('',#3641);
#3643=CARTESIAN_POINT('',(1.111,-0.159,12.7));
#3642=VERTEX_POINT('',#3643);
#3639=EDGE_CURVE('',#3640,#3642,#3644,.T.);
#3644=LINE('',#3641,#3646);
#3646=VECTOR('',#3647,0.3175);
#3647=DIRECTION('',(-1.0,0.0,0.0));
#3638=ORIENTED_EDGE('',*,*,#3639,.F.);
#3651=CARTESIAN_POINT('',(1.429,0.159,12.7));
#3650=VERTEX_POINT('',#3651);
#3649=EDGE_CURVE('',#3650,#3640,#3654,.T.);
#3654=LINE('',#3651,#3656);
#3656=VECTOR('',#3657,0.3175);
#3657=DIRECTION('',(0.0,-1.0,0.0));
#3648=ORIENTED_EDGE('',*,*,#3649,.F.);
#3661=CARTESIAN_POINT('',(1.111,0.159,12.7));
#3660=VERTEX_POINT('',#3661);
#3659=EDGE_CURVE('',#3660,#3650,#3664,.T.);
#3664=LINE('',#3661,#3666);
#3666=VECTOR('',#3667,0.3175);
#3667=DIRECTION('',(1.0,0.0,0.0));
#3658=ORIENTED_EDGE('',*,*,#3659,.F.);
#3669=EDGE_CURVE('',#3642,#3660,#3674,.T.);
#3674=LINE('',#3643,#3676);
#3676=VECTOR('',#3677,0.3175);
#3677=DIRECTION('',(0.0,1.0,0.0));
#3668=ORIENTED_EDGE('',*,*,#3669,.F.);
#3678=STYLED_ITEM('',(#34),#3679);
#3679=ADVANCED_FACE('',(#3685),#3680,.T.);
#3680=PLANE('',#3681);
#3681=AXIS2_PLACEMENT_3D('',#3682,#3683,#3684);
#3682=CARTESIAN_POINT('',(1.588,-0.318,12.541));
#3683=DIRECTION('',(0.707,0.0,0.707));
#3684=DIRECTION('',(0.,0.,1.));
#3685=FACE_OUTER_BOUND('',#3686,.T.);
#3686=EDGE_LOOP('',(#3687,#3697,#3707,#3717));
#3690=CARTESIAN_POINT('',(1.588,0.318,12.541));
#3689=VERTEX_POINT('',#3690);
#3692=CARTESIAN_POINT('',(1.588,-0.318,12.541));
#3691=VERTEX_POINT('',#3692);
#3688=EDGE_CURVE('',#3689,#3691,#3693,.T.);
#3693=LINE('',#3690,#3695);
#3695=VECTOR('',#3696,0.635);
#3696=DIRECTION('',(0.0,-1.0,0.0));
#3687=ORIENTED_EDGE('',*,*,#3688,.F.);
#3698=EDGE_CURVE('',#3650,#3689,#3703,.T.);
#3703=LINE('',#3651,#3705);
#3705=VECTOR('',#3706,0.274963065701559);
#3706=DIRECTION('',(0.577,0.577,-0.577));
#3697=ORIENTED_EDGE('',*,*,#3698,.F.);
#3707=ORIENTED_EDGE('',*,*,#3649,.T.);
#3718=EDGE_CURVE('',#3691,#3640,#3723,.T.);
#3723=LINE('',#3692,#3725);
#3725=VECTOR('',#3726,0.274963065701559);
#3726=DIRECTION('',(-0.577,0.577,0.577));
#3717=ORIENTED_EDGE('',*,*,#3718,.F.);
#3727=STYLED_ITEM('',(#34),#3728);
#3728=ADVANCED_FACE('',(#3734),#3729,.T.);
#3729=PLANE('',#3730);
#3730=AXIS2_PLACEMENT_3D('',#3731,#3732,#3733);
#3731=CARTESIAN_POINT('',(1.588,0.318,12.541));
#3732=DIRECTION('',(0.0,0.707,0.707));
#3733=DIRECTION('',(0.,0.,1.));
#3734=FACE_OUTER_BOUND('',#3735,.T.);
#3735=EDGE_LOOP('',(#3736,#3746,#3756,#3766));
#3739=CARTESIAN_POINT('',(0.952,0.318,12.541));
#3738=VERTEX_POINT('',#3739);
#3737=EDGE_CURVE('',#3738,#3689,#3742,.T.);
#3742=LINE('',#3739,#3744);
#3744=VECTOR('',#3745,0.635);
#3745=DIRECTION('',(1.0,0.0,0.0));
#3736=ORIENTED_EDGE('',*,*,#3737,.F.);
#3747=EDGE_CURVE('',#3660,#3738,#3752,.T.);
#3752=LINE('',#3661,#3754);
#3754=VECTOR('',#3755,0.274963065701559);
#3755=DIRECTION('',(-0.577,0.577,-0.577));
#3746=ORIENTED_EDGE('',*,*,#3747,.F.);
#3756=ORIENTED_EDGE('',*,*,#3659,.T.);
#3766=ORIENTED_EDGE('',*,*,#3698,.T.);
#3776=STYLED_ITEM('',(#34),#3777);
#3777=ADVANCED_FACE('',(#3783),#3778,.T.);
#3778=PLANE('',#3779);
#3779=AXIS2_PLACEMENT_3D('',#3780,#3781,#3782);
#3780=CARTESIAN_POINT('',(0.952,0.318,12.541));
#3781=DIRECTION('',(-0.707,0.0,0.707));
#3782=DIRECTION('',(0.,0.,1.));
#3783=FACE_OUTER_BOUND('',#3784,.T.);
#3784=EDGE_LOOP('',(#3785,#3795,#3805,#3815));
#3788=CARTESIAN_POINT('',(0.952,-0.318,12.541));
#3787=VERTEX_POINT('',#3788);
#3786=EDGE_CURVE('',#3787,#3738,#3791,.T.);
#3791=LINE('',#3788,#3793);
#3793=VECTOR('',#3794,0.635);
#3794=DIRECTION('',(0.0,1.0,0.0));
#3785=ORIENTED_EDGE('',*,*,#3786,.F.);
#3796=EDGE_CURVE('',#3642,#3787,#3801,.T.);
#3801=LINE('',#3643,#3803);
#3803=VECTOR('',#3804,0.274963065701559);
#3804=DIRECTION('',(-0.577,-0.577,-0.577));
#3795=ORIENTED_EDGE('',*,*,#3796,.F.);
#3805=ORIENTED_EDGE('',*,*,#3669,.T.);
#3815=ORIENTED_EDGE('',*,*,#3747,.T.);
#3825=STYLED_ITEM('',(#34),#3826);
#3826=ADVANCED_FACE('',(#3832),#3827,.T.);
#3827=PLANE('',#3828);
#3828=AXIS2_PLACEMENT_3D('',#3829,#3830,#3831);
#3829=CARTESIAN_POINT('',(0.952,-0.318,12.541));
#3830=DIRECTION('',(0.0,-0.707,0.707));
#3831=DIRECTION('',(0.,0.,1.));
#3832=FACE_OUTER_BOUND('',#3833,.T.);
#3833=EDGE_LOOP('',(#3834,#3844,#3854,#3864));
#3835=EDGE_CURVE('',#3691,#3787,#3840,.T.);
#3840=LINE('',#3692,#3842);
#3842=VECTOR('',#3843,0.635);
#3843=DIRECTION('',(-1.0,0.0,0.0));
#3834=ORIENTED_EDGE('',*,*,#3835,.F.);
#3844=ORIENTED_EDGE('',*,*,#3718,.T.);
#3854=ORIENTED_EDGE('',*,*,#3639,.T.);
#3864=ORIENTED_EDGE('',*,*,#3796,.T.);
#3874=STYLED_ITEM('',(#34),#3875);
#3875=ADVANCED_FACE('',(#3881),#3876,.T.);
#3876=PLANE('',#3877);
#3877=AXIS2_PLACEMENT_3D('',#3878,#3879,#3880);
#3878=CARTESIAN_POINT('',(1.588,-0.318,8.89));
#3879=DIRECTION('',(1.0,0.0,0.0));
#3880=DIRECTION('',(0.,0.,1.));
#3881=FACE_OUTER_BOUND('',#3882,.T.);
#3882=EDGE_LOOP('',(#3883,#3893,#3903,#3913));
#3886=CARTESIAN_POINT('',(1.588,0.318,8.89));
#3885=VERTEX_POINT('',#3886);
#3888=CARTESIAN_POINT('',(1.588,-0.318,8.89));
#3887=VERTEX_POINT('',#3888);
#3884=EDGE_CURVE('',#3885,#3887,#3889,.T.);
#3889=LINE('',#3886,#3891);
#3891=VECTOR('',#3892,0.635);
#3892=DIRECTION('',(0.0,-1.0,0.0));
#3883=ORIENTED_EDGE('',*,*,#3884,.F.);
#3894=EDGE_CURVE('',#3689,#3885,#3899,.T.);
#3899=LINE('',#3690,#3901);
#3901=VECTOR('',#3902,3.65125);
#3902=DIRECTION('',(0.0,0.0,-1.0));
#3893=ORIENTED_EDGE('',*,*,#3894,.F.);
#3903=ORIENTED_EDGE('',*,*,#3688,.T.);
#3914=EDGE_CURVE('',#3887,#3691,#3919,.T.);
#3919=LINE('',#3888,#3921);
#3921=VECTOR('',#3922,3.65125);
#3922=DIRECTION('',(0.0,0.0,1.0));
#3913=ORIENTED_EDGE('',*,*,#3914,.F.);
#3923=STYLED_ITEM('',(#34),#3924);
#3924=ADVANCED_FACE('',(#3930),#3925,.T.);
#3925=PLANE('',#3926);
#3926=AXIS2_PLACEMENT_3D('',#3927,#3928,#3929);
#3927=CARTESIAN_POINT('',(1.588,0.318,8.89));
#3928=DIRECTION('',(0.0,1.0,0.0));
#3929=DIRECTION('',(0.,0.,1.));
#3930=FACE_OUTER_BOUND('',#3931,.T.);
#3931=EDGE_LOOP('',(#3932,#3942,#3952,#3962));
#3935=CARTESIAN_POINT('',(0.952,0.318,8.89));
#3934=VERTEX_POINT('',#3935);
#3933=EDGE_CURVE('',#3934,#3885,#3938,.T.);
#3938=LINE('',#3935,#3940);
#3940=VECTOR('',#3941,0.635);
#3941=DIRECTION('',(1.0,0.0,0.0));
#3932=ORIENTED_EDGE('',*,*,#3933,.F.);
#3943=EDGE_CURVE('',#3738,#3934,#3948,.T.);
#3948=LINE('',#3739,#3950);
#3950=VECTOR('',#3951,3.65125);
#3951=DIRECTION('',(0.0,0.0,-1.0));
#3942=ORIENTED_EDGE('',*,*,#3943,.F.);
#3952=ORIENTED_EDGE('',*,*,#3737,.T.);
#3962=ORIENTED_EDGE('',*,*,#3894,.T.);
#3972=STYLED_ITEM('',(#34),#3973);
#3973=ADVANCED_FACE('',(#3979),#3974,.T.);
#3974=PLANE('',#3975);
#3975=AXIS2_PLACEMENT_3D('',#3976,#3977,#3978);
#3976=CARTESIAN_POINT('',(0.952,0.318,8.89));
#3977=DIRECTION('',(-1.0,0.0,0.0));
#3978=DIRECTION('',(0.,0.,1.));
#3979=FACE_OUTER_BOUND('',#3980,.T.);
#3980=EDGE_LOOP('',(#3981,#3991,#4001,#4011));
#3984=CARTESIAN_POINT('',(0.952,-0.318,8.89));
#3983=VERTEX_POINT('',#3984);
#3982=EDGE_CURVE('',#3983,#3934,#3987,.T.);
#3987=LINE('',#3984,#3989);
#3989=VECTOR('',#3990,0.635);
#3990=DIRECTION('',(0.0,1.0,0.0));
#3981=ORIENTED_EDGE('',*,*,#3982,.F.);
#3992=EDGE_CURVE('',#3787,#3983,#3997,.T.);
#3997=LINE('',#3788,#3999);
#3999=VECTOR('',#4000,3.65125);
#4000=DIRECTION('',(0.0,0.0,-1.0));
#3991=ORIENTED_EDGE('',*,*,#3992,.F.);
#4001=ORIENTED_EDGE('',*,*,#3786,.T.);
#4011=ORIENTED_EDGE('',*,*,#3943,.T.);
#4021=STYLED_ITEM('',(#34),#4022);
#4022=ADVANCED_FACE('',(#4028),#4023,.T.);
#4023=PLANE('',#4024);
#4024=AXIS2_PLACEMENT_3D('',#4025,#4026,#4027);
#4025=CARTESIAN_POINT('',(0.952,-0.318,8.89));
#4026=DIRECTION('',(0.0,-1.0,0.0));
#4027=DIRECTION('',(0.,0.,1.));
#4028=FACE_OUTER_BOUND('',#4029,.T.);
#4029=EDGE_LOOP('',(#4030,#4040,#4050,#4060));
#4031=EDGE_CURVE('',#3887,#3983,#4036,.T.);
#4036=LINE('',#3888,#4038);
#4038=VECTOR('',#4039,0.635);
#4039=DIRECTION('',(-1.0,0.0,0.0));
#4030=ORIENTED_EDGE('',*,*,#4031,.F.);
#4040=ORIENTED_EDGE('',*,*,#3914,.T.);
#4050=ORIENTED_EDGE('',*,*,#3835,.T.);
#4060=ORIENTED_EDGE('',*,*,#3992,.T.);
#4070=STYLED_ITEM('',(#34),#4071);
#4071=ADVANCED_FACE('',(#4077),#4072,.T.);
#4072=PLANE('',#4073);
#4073=AXIS2_PLACEMENT_3D('',#4074,#4075,#4076);
#4074=CARTESIAN_POINT('',(0.952,0.318,8.89));
#4075=DIRECTION('',(0.0,0.0,-1.0));
#4076=DIRECTION('',(0.,1.,0.));
#4077=FACE_OUTER_BOUND('',#4078,.T.);
#4078=EDGE_LOOP('',(#4079,#4089,#4099,#4109));
#4079=ORIENTED_EDGE('',*,*,#3933,.T.);
#4089=ORIENTED_EDGE('',*,*,#3884,.T.);
#4099=ORIENTED_EDGE('',*,*,#4031,.T.);
#4109=ORIENTED_EDGE('',*,*,#3982,.T.);
#4119=STYLED_ITEM('',(#34),#4120);
#4120=ADVANCED_FACE('',(#4126),#4121,.T.);
#4121=PLANE('',#4122);
#4122=AXIS2_PLACEMENT_3D('',#4123,#4124,#4125);
#4123=CARTESIAN_POINT('',(0.952,-0.318,0.0));
#4124=DIRECTION('',(0.0,0.0,1.0));
#4125=DIRECTION('',(0.,1.,0.));
#4126=FACE_OUTER_BOUND('',#4127,.T.);
#4127=EDGE_LOOP('',(#4128,#4138,#4148,#4158));
#4131=CARTESIAN_POINT('',(1.588,-0.318,0.0));
#4130=VERTEX_POINT('',#4131);
#4133=CARTESIAN_POINT('',(0.952,-0.318,0.0));
#4132=VERTEX_POINT('',#4133);
#4129=EDGE_CURVE('',#4130,#4132,#4134,.T.);
#4134=LINE('',#4131,#4136);
#4136=VECTOR('',#4137,0.635);
#4137=DIRECTION('',(-1.0,0.0,0.0));
#4128=ORIENTED_EDGE('',*,*,#4129,.F.);
#4141=CARTESIAN_POINT('',(1.588,0.318,0.0));
#4140=VERTEX_POINT('',#4141);
#4139=EDGE_CURVE('',#4140,#4130,#4144,.T.);
#4144=LINE('',#4141,#4146);
#4146=VECTOR('',#4147,0.635);
#4147=DIRECTION('',(0.0,-1.0,0.0));
#4138=ORIENTED_EDGE('',*,*,#4139,.F.);
#4151=CARTESIAN_POINT('',(0.952,0.318,0.0));
#4150=VERTEX_POINT('',#4151);
#4149=EDGE_CURVE('',#4150,#4140,#4154,.T.);
#4154=LINE('',#4151,#4156);
#4156=VECTOR('',#4157,0.635);
#4157=DIRECTION('',(1.0,0.0,0.0));
#4148=ORIENTED_EDGE('',*,*,#4149,.F.);
#4159=EDGE_CURVE('',#4132,#4150,#4164,.T.);
#4164=LINE('',#4133,#4166);
#4166=VECTOR('',#4167,0.635);
#4167=DIRECTION('',(0.0,1.0,0.0));
#4158=ORIENTED_EDGE('',*,*,#4159,.F.);
#4168=STYLED_ITEM('',(#34),#4169);
#4169=ADVANCED_FACE('',(#4175),#4170,.T.);
#4170=PLANE('',#4171);
#4171=AXIS2_PLACEMENT_3D('',#4172,#4173,#4174);
#4172=CARTESIAN_POINT('',(1.588,-0.318,-4.921));
#4173=DIRECTION('',(1.0,0.0,0.0));
#4174=DIRECTION('',(0.,0.,1.));
#4175=FACE_OUTER_BOUND('',#4176,.T.);
#4176=EDGE_LOOP('',(#4177,#4187,#4197,#4207));
#4180=CARTESIAN_POINT('',(1.588,0.318,-4.921));
#4179=VERTEX_POINT('',#4180);
#4182=CARTESIAN_POINT('',(1.588,-0.318,-4.921));
#4181=VERTEX_POINT('',#4182);
#4178=EDGE_CURVE('',#4179,#4181,#4183,.T.);
#4183=LINE('',#4180,#4185);
#4185=VECTOR('',#4186,0.635);
#4186=DIRECTION('',(0.0,-1.0,0.0));
#4177=ORIENTED_EDGE('',*,*,#4178,.F.);
#4188=EDGE_CURVE('',#4140,#4179,#4193,.T.);
#4193=LINE('',#4141,#4195);
#4195=VECTOR('',#4196,4.92125);
#4196=DIRECTION('',(0.0,0.0,-1.0));
#4187=ORIENTED_EDGE('',*,*,#4188,.F.);
#4197=ORIENTED_EDGE('',*,*,#4139,.T.);
#4208=EDGE_CURVE('',#4181,#4130,#4213,.T.);
#4213=LINE('',#4182,#4215);
#4215=VECTOR('',#4216,4.92125);
#4216=DIRECTION('',(0.0,0.0,1.0));
#4207=ORIENTED_EDGE('',*,*,#4208,.F.);
#4217=STYLED_ITEM('',(#34),#4218);
#4218=ADVANCED_FACE('',(#4224),#4219,.T.);
#4219=PLANE('',#4220);
#4220=AXIS2_PLACEMENT_3D('',#4221,#4222,#4223);
#4221=CARTESIAN_POINT('',(1.588,0.318,-4.921));
#4222=DIRECTION('',(0.0,1.0,0.0));
#4223=DIRECTION('',(0.,0.,1.));
#4224=FACE_OUTER_BOUND('',#4225,.T.);
#4225=EDGE_LOOP('',(#4226,#4236,#4246,#4256));
#4229=CARTESIAN_POINT('',(0.952,0.318,-4.921));
#4228=VERTEX_POINT('',#4229);
#4227=EDGE_CURVE('',#4228,#4179,#4232,.T.);
#4232=LINE('',#4229,#4234);
#4234=VECTOR('',#4235,0.635);
#4235=DIRECTION('',(1.0,0.0,0.0));
#4226=ORIENTED_EDGE('',*,*,#4227,.F.);
#4237=EDGE_CURVE('',#4150,#4228,#4242,.T.);
#4242=LINE('',#4151,#4244);
#4244=VECTOR('',#4245,4.92125);
#4245=DIRECTION('',(0.0,0.0,-1.0));
#4236=ORIENTED_EDGE('',*,*,#4237,.F.);
#4246=ORIENTED_EDGE('',*,*,#4149,.T.);
#4256=ORIENTED_EDGE('',*,*,#4188,.T.);
#4266=STYLED_ITEM('',(#34),#4267);
#4267=ADVANCED_FACE('',(#4273),#4268,.T.);
#4268=PLANE('',#4269);
#4269=AXIS2_PLACEMENT_3D('',#4270,#4271,#4272);
#4270=CARTESIAN_POINT('',(0.952,0.318,-4.921));
#4271=DIRECTION('',(-1.0,0.0,0.0));
#4272=DIRECTION('',(0.,0.,1.));
#4273=FACE_OUTER_BOUND('',#4274,.T.);
#4274=EDGE_LOOP('',(#4275,#4285,#4295,#4305));
#4278=CARTESIAN_POINT('',(0.952,-0.318,-4.921));
#4277=VERTEX_POINT('',#4278);
#4276=EDGE_CURVE('',#4277,#4228,#4281,.T.);
#4281=LINE('',#4278,#4283);
#4283=VECTOR('',#4284,0.635);
#4284=DIRECTION('',(0.0,1.0,0.0));
#4275=ORIENTED_EDGE('',*,*,#4276,.F.);
#4286=EDGE_CURVE('',#4132,#4277,#4291,.T.);
#4291=LINE('',#4133,#4293);
#4293=VECTOR('',#4294,4.92125);
#4294=DIRECTION('',(0.0,0.0,-1.0));
#4285=ORIENTED_EDGE('',*,*,#4286,.F.);
#4295=ORIENTED_EDGE('',*,*,#4159,.T.);
#4305=ORIENTED_EDGE('',*,*,#4237,.T.);
#4315=STYLED_ITEM('',(#34),#4316);
#4316=ADVANCED_FACE('',(#4322),#4317,.T.);
#4317=PLANE('',#4318);
#4318=AXIS2_PLACEMENT_3D('',#4319,#4320,#4321);
#4319=CARTESIAN_POINT('',(0.952,-0.318,-4.921));
#4320=DIRECTION('',(0.0,-1.0,0.0));
#4321=DIRECTION('',(0.,0.,1.));
#4322=FACE_OUTER_BOUND('',#4323,.T.);
#4323=EDGE_LOOP('',(#4324,#4334,#4344,#4354));
#4325=EDGE_CURVE('',#4181,#4277,#4330,.T.);
#4330=LINE('',#4182,#4332);
#4332=VECTOR('',#4333,0.635);
#4333=DIRECTION('',(-1.0,0.0,0.0));
#4324=ORIENTED_EDGE('',*,*,#4325,.F.);
#4334=ORIENTED_EDGE('',*,*,#4208,.T.);
#4344=ORIENTED_EDGE('',*,*,#4129,.T.);
#4354=ORIENTED_EDGE('',*,*,#4286,.T.);
#4364=STYLED_ITEM('',(#34),#4365);
#4365=ADVANCED_FACE('',(#4371),#4366,.T.);
#4366=PLANE('',#4367);
#4367=AXIS2_PLACEMENT_3D('',#4368,#4369,#4370);
#4368=CARTESIAN_POINT('',(1.429,-0.159,-5.08));
#4369=DIRECTION('',(0.707,0.0,-0.707));
#4370=DIRECTION('',(0.,0.,1.));
#4371=FACE_OUTER_BOUND('',#4372,.T.);
#4372=EDGE_LOOP('',(#4373,#4383,#4393,#4403));
#4376=CARTESIAN_POINT('',(1.429,0.159,-5.08));
#4375=VERTEX_POINT('',#4376);
#4378=CARTESIAN_POINT('',(1.429,-0.159,-5.08));
#4377=VERTEX_POINT('',#4378);
#4374=EDGE_CURVE('',#4375,#4377,#4379,.T.);
#4379=LINE('',#4376,#4381);
#4381=VECTOR('',#4382,0.3175);
#4382=DIRECTION('',(0.0,-1.0,0.0));
#4373=ORIENTED_EDGE('',*,*,#4374,.F.);
#4384=EDGE_CURVE('',#4179,#4375,#4389,.T.);
#4389=LINE('',#4180,#4391);
#4391=VECTOR('',#4392,0.274963065701559);
#4392=DIRECTION('',(-0.577,-0.577,-0.577));
#4383=ORIENTED_EDGE('',*,*,#4384,.F.);
#4393=ORIENTED_EDGE('',*,*,#4178,.T.);
#4404=EDGE_CURVE('',#4377,#4181,#4409,.T.);
#4409=LINE('',#4378,#4411);
#4411=VECTOR('',#4412,0.274963065701559);
#4412=DIRECTION('',(0.577,-0.577,0.577));
#4403=ORIENTED_EDGE('',*,*,#4404,.F.);
#4413=STYLED_ITEM('',(#34),#4414);
#4414=ADVANCED_FACE('',(#4420),#4415,.T.);
#4415=PLANE('',#4416);
#4416=AXIS2_PLACEMENT_3D('',#4417,#4418,#4419);
#4417=CARTESIAN_POINT('',(1.429,0.159,-5.08));
#4418=DIRECTION('',(0.0,0.707,-0.707));
#4419=DIRECTION('',(0.,0.,1.));
#4420=FACE_OUTER_BOUND('',#4421,.T.);
#4421=EDGE_LOOP('',(#4422,#4432,#4442,#4452));
#4425=CARTESIAN_POINT('',(1.111,0.159,-5.08));
#4424=VERTEX_POINT('',#4425);
#4423=EDGE_CURVE('',#4424,#4375,#4428,.T.);
#4428=LINE('',#4425,#4430);
#4430=VECTOR('',#4431,0.3175);
#4431=DIRECTION('',(1.0,0.0,0.0));
#4422=ORIENTED_EDGE('',*,*,#4423,.F.);
#4433=EDGE_CURVE('',#4228,#4424,#4438,.T.);
#4438=LINE('',#4229,#4440);
#4440=VECTOR('',#4441,0.274963065701559);
#4441=DIRECTION('',(0.577,-0.577,-0.577));
#4432=ORIENTED_EDGE('',*,*,#4433,.F.);
#4442=ORIENTED_EDGE('',*,*,#4227,.T.);
#4452=ORIENTED_EDGE('',*,*,#4384,.T.);
#4462=STYLED_ITEM('',(#34),#4463);
#4463=ADVANCED_FACE('',(#4469),#4464,.T.);
#4464=PLANE('',#4465);
#4465=AXIS2_PLACEMENT_3D('',#4466,#4467,#4468);
#4466=CARTESIAN_POINT('',(1.111,0.159,-5.08));
#4467=DIRECTION('',(-0.707,0.0,-0.707));
#4468=DIRECTION('',(0.,0.,1.));
#4469=FACE_OUTER_BOUND('',#4470,.T.);
#4470=EDGE_LOOP('',(#4471,#4481,#4491,#4501));
#4474=CARTESIAN_POINT('',(1.111,-0.159,-5.08));
#4473=VERTEX_POINT('',#4474);
#4472=EDGE_CURVE('',#4473,#4424,#4477,.T.);
#4477=LINE('',#4474,#4479);
#4479=VECTOR('',#4480,0.3175);
#4480=DIRECTION('',(0.0,1.0,0.0));
#4471=ORIENTED_EDGE('',*,*,#4472,.F.);
#4482=EDGE_CURVE('',#4277,#4473,#4487,.T.);
#4487=LINE('',#4278,#4489);
#4489=VECTOR('',#4490,0.274963065701559);
#4490=DIRECTION('',(0.577,0.577,-0.577));
#4481=ORIENTED_EDGE('',*,*,#4482,.F.);
#4491=ORIENTED_EDGE('',*,*,#4276,.T.);
#4501=ORIENTED_EDGE('',*,*,#4433,.T.);
#4511=STYLED_ITEM('',(#34),#4512);
#4512=ADVANCED_FACE('',(#4518),#4513,.T.);
#4513=PLANE('',#4514);
#4514=AXIS2_PLACEMENT_3D('',#4515,#4516,#4517);
#4515=CARTESIAN_POINT('',(1.111,-0.159,-5.08));
#4516=DIRECTION('',(0.0,-0.707,-0.707));
#4517=DIRECTION('',(0.,0.,1.));
#4518=FACE_OUTER_BOUND('',#4519,.T.);
#4519=EDGE_LOOP('',(#4520,#4530,#4540,#4550));
#4521=EDGE_CURVE('',#4377,#4473,#4526,.T.);
#4526=LINE('',#4378,#4528);
#4528=VECTOR('',#4529,0.3175);
#4529=DIRECTION('',(-1.0,0.0,0.0));
#4520=ORIENTED_EDGE('',*,*,#4521,.F.);
#4530=ORIENTED_EDGE('',*,*,#4404,.T.);
#4540=ORIENTED_EDGE('',*,*,#4325,.T.);
#4550=ORIENTED_EDGE('',*,*,#4482,.T.);
#4560=STYLED_ITEM('',(#34),#4561);
#4561=ADVANCED_FACE('',(#4567),#4562,.T.);
#4562=PLANE('',#4563);
#4563=AXIS2_PLACEMENT_3D('',#4564,#4565,#4566);
#4564=CARTESIAN_POINT('',(1.111,0.159,-5.08));
#4565=DIRECTION('',(0.0,0.0,-1.0));
#4566=DIRECTION('',(0.,1.,0.));
#4567=FACE_OUTER_BOUND('',#4568,.T.);
#4568=EDGE_LOOP('',(#4569,#4579,#4589,#4599));
#4569=ORIENTED_EDGE('',*,*,#4423,.T.);
#4579=ORIENTED_EDGE('',*,*,#4374,.T.);
#4589=ORIENTED_EDGE('',*,*,#4521,.T.);
#4599=ORIENTED_EDGE('',*,*,#4472,.T.);
#4609=MANIFOLD_SOLID_BREP($,#4610);
#4610=CLOSED_SHELL('',(#4614,#4663,#4712,#4761,#4810,#4859,#4908,#4957,#5006,#5055));
#4611=MANIFOLD_SOLID_BREP($,#4612);
#4612=CLOSED_SHELL('',(#5104,#5153,#5202,#5251,#5300,#5349,#5398,#5447,#5496,#5545));
#4613=STYLED_ITEM('',(#34),#4614);
#4614=ADVANCED_FACE('',(#4620),#4615,.T.);
#4615=PLANE('',#4616);
#4616=AXIS2_PLACEMENT_3D('',#4617,#4618,#4619);
#4617=CARTESIAN_POINT('',(-1.429,-0.159,12.7));
#4618=DIRECTION('',(0.0,0.0,1.0));
#4619=DIRECTION('',(0.,1.,0.));
#4620=FACE_OUTER_BOUND('',#4621,.T.);
#4621=EDGE_LOOP('',(#4622,#4632,#4642,#4652));
#4625=CARTESIAN_POINT('',(-1.111,-0.159,12.7));
#4624=VERTEX_POINT('',#4625);
#4627=CARTESIAN_POINT('',(-1.429,-0.159,12.7));
#4626=VERTEX_POINT('',#4627);
#4623=EDGE_CURVE('',#4624,#4626,#4628,.T.);
#4628=LINE('',#4625,#4630);
#4630=VECTOR('',#4631,0.3175);
#4631=DIRECTION('',(-1.0,0.0,0.0));
#4622=ORIENTED_EDGE('',*,*,#4623,.F.);
#4635=CARTESIAN_POINT('',(-1.111,0.159,12.7));
#4634=VERTEX_POINT('',#4635);
#4633=EDGE_CURVE('',#4634,#4624,#4638,.T.);
#4638=LINE('',#4635,#4640);
#4640=VECTOR('',#4641,0.3175);
#4641=DIRECTION('',(0.0,-1.0,0.0));
#4632=ORIENTED_EDGE('',*,*,#4633,.F.);
#4645=CARTESIAN_POINT('',(-1.429,0.159,12.7));
#4644=VERTEX_POINT('',#4645);
#4643=EDGE_CURVE('',#4644,#4634,#4648,.T.);
#4648=LINE('',#4645,#4650);
#4650=VECTOR('',#4651,0.3175);
#4651=DIRECTION('',(1.0,0.0,0.0));
#4642=ORIENTED_EDGE('',*,*,#4643,.F.);
#4653=EDGE_CURVE('',#4626,#4644,#4658,.T.);
#4658=LINE('',#4627,#4660);
#4660=VECTOR('',#4661,0.3175);
#4661=DIRECTION('',(0.0,1.0,0.0));
#4652=ORIENTED_EDGE('',*,*,#4653,.F.);
#4662=STYLED_ITEM('',(#34),#4663);
#4663=ADVANCED_FACE('',(#4669),#4664,.T.);
#4664=PLANE('',#4665);
#4665=AXIS2_PLACEMENT_3D('',#4666,#4667,#4668);
#4666=CARTESIAN_POINT('',(-0.952,-0.318,12.541));
#4667=DIRECTION('',(0.707,0.0,0.707));
#4668=DIRECTION('',(0.,0.,1.));
#4669=FACE_OUTER_BOUND('',#4670,.T.);
#4670=EDGE_LOOP('',(#4671,#4681,#4691,#4701));
#4674=CARTESIAN_POINT('',(-0.952,0.318,12.541));
#4673=VERTEX_POINT('',#4674);
#4676=CARTESIAN_POINT('',(-0.952,-0.318,12.541));
#4675=VERTEX_POINT('',#4676);
#4672=EDGE_CURVE('',#4673,#4675,#4677,.T.);
#4677=LINE('',#4674,#4679);
#4679=VECTOR('',#4680,0.635);
#4680=DIRECTION('',(0.0,-1.0,0.0));
#4671=ORIENTED_EDGE('',*,*,#4672,.F.);
#4682=EDGE_CURVE('',#4634,#4673,#4687,.T.);
#4687=LINE('',#4635,#4689);
#4689=VECTOR('',#4690,0.274963065701559);
#4690=DIRECTION('',(0.577,0.577,-0.577));
#4681=ORIENTED_EDGE('',*,*,#4682,.F.);
#4691=ORIENTED_EDGE('',*,*,#4633,.T.);
#4702=EDGE_CURVE('',#4675,#4624,#4707,.T.);
#4707=LINE('',#4676,#4709);
#4709=VECTOR('',#4710,0.274963065701559);
#4710=DIRECTION('',(-0.577,0.577,0.577));
#4701=ORIENTED_EDGE('',*,*,#4702,.F.);
#4711=STYLED_ITEM('',(#34),#4712);
#4712=ADVANCED_FACE('',(#4718),#4713,.T.);
#4713=PLANE('',#4714);
#4714=AXIS2_PLACEMENT_3D('',#4715,#4716,#4717);
#4715=CARTESIAN_POINT('',(-0.952,0.318,12.541));
#4716=DIRECTION('',(0.0,0.707,0.707));
#4717=DIRECTION('',(0.,0.,1.));
#4718=FACE_OUTER_BOUND('',#4719,.T.);
#4719=EDGE_LOOP('',(#4720,#4730,#4740,#4750));
#4723=CARTESIAN_POINT('',(-1.588,0.318,12.541));
#4722=VERTEX_POINT('',#4723);
#4721=EDGE_CURVE('',#4722,#4673,#4726,.T.);
#4726=LINE('',#4723,#4728);
#4728=VECTOR('',#4729,0.635);
#4729=DIRECTION('',(1.0,0.0,0.0));
#4720=ORIENTED_EDGE('',*,*,#4721,.F.);
#4731=EDGE_CURVE('',#4644,#4722,#4736,.T.);
#4736=LINE('',#4645,#4738);
#4738=VECTOR('',#4739,0.274963065701559);
#4739=DIRECTION('',(-0.577,0.577,-0.577));
#4730=ORIENTED_EDGE('',*,*,#4731,.F.);
#4740=ORIENTED_EDGE('',*,*,#4643,.T.);
#4750=ORIENTED_EDGE('',*,*,#4682,.T.);
#4760=STYLED_ITEM('',(#34),#4761);
#4761=ADVANCED_FACE('',(#4767),#4762,.T.);
#4762=PLANE('',#4763);
#4763=AXIS2_PLACEMENT_3D('',#4764,#4765,#4766);
#4764=CARTESIAN_POINT('',(-1.588,0.318,12.541));
#4765=DIRECTION('',(-0.707,0.0,0.707));
#4766=DIRECTION('',(0.,0.,1.));
#4767=FACE_OUTER_BOUND('',#4768,.T.);
#4768=EDGE_LOOP('',(#4769,#4779,#4789,#4799));
#4772=CARTESIAN_POINT('',(-1.588,-0.318,12.541));
#4771=VERTEX_POINT('',#4772);
#4770=EDGE_CURVE('',#4771,#4722,#4775,.T.);
#4775=LINE('',#4772,#4777);
#4777=VECTOR('',#4778,0.635);
#4778=DIRECTION('',(0.0,1.0,0.0));
#4769=ORIENTED_EDGE('',*,*,#4770,.F.);
#4780=EDGE_CURVE('',#4626,#4771,#4785,.T.);
#4785=LINE('',#4627,#4787);
#4787=VECTOR('',#4788,0.274963065701559);
#4788=DIRECTION('',(-0.577,-0.577,-0.577));
#4779=ORIENTED_EDGE('',*,*,#4780,.F.);
#4789=ORIENTED_EDGE('',*,*,#4653,.T.);
#4799=ORIENTED_EDGE('',*,*,#4731,.T.);
#4809=STYLED_ITEM('',(#34),#4810);
#4810=ADVANCED_FACE('',(#4816),#4811,.T.);
#4811=PLANE('',#4812);
#4812=AXIS2_PLACEMENT_3D('',#4813,#4814,#4815);
#4813=CARTESIAN_POINT('',(-1.588,-0.318,12.541));
#4814=DIRECTION('',(0.0,-0.707,0.707));
#4815=DIRECTION('',(0.,0.,1.));
#4816=FACE_OUTER_BOUND('',#4817,.T.);
#4817=EDGE_LOOP('',(#4818,#4828,#4838,#4848));
#4819=EDGE_CURVE('',#4675,#4771,#4824,.T.);
#4824=LINE('',#4676,#4826);
#4826=VECTOR('',#4827,0.635);
#4827=DIRECTION('',(-1.0,0.0,0.0));
#4818=ORIENTED_EDGE('',*,*,#4819,.F.);
#4828=ORIENTED_EDGE('',*,*,#4702,.T.);
#4838=ORIENTED_EDGE('',*,*,#4623,.T.);
#4848=ORIENTED_EDGE('',*,*,#4780,.T.);
#4858=STYLED_ITEM('',(#34),#4859);
#4859=ADVANCED_FACE('',(#4865),#4860,.T.);
#4860=PLANE('',#4861);
#4861=AXIS2_PLACEMENT_3D('',#4862,#4863,#4864);
#4862=CARTESIAN_POINT('',(-0.952,-0.318,8.89));
#4863=DIRECTION('',(1.0,0.0,0.0));
#4864=DIRECTION('',(0.,0.,1.));
#4865=FACE_OUTER_BOUND('',#4866,.T.);
#4866=EDGE_LOOP('',(#4867,#4877,#4887,#4897));
#4870=CARTESIAN_POINT('',(-0.952,0.318,8.89));
#4869=VERTEX_POINT('',#4870);
#4872=CARTESIAN_POINT('',(-0.952,-0.318,8.89));
#4871=VERTEX_POINT('',#4872);
#4868=EDGE_CURVE('',#4869,#4871,#4873,.T.);
#4873=LINE('',#4870,#4875);
#4875=VECTOR('',#4876,0.635);
#4876=DIRECTION('',(0.0,-1.0,0.0));
#4867=ORIENTED_EDGE('',*,*,#4868,.F.);
#4878=EDGE_CURVE('',#4673,#4869,#4883,.T.);
#4883=LINE('',#4674,#4885);
#4885=VECTOR('',#4886,3.65125);
#4886=DIRECTION('',(0.0,0.0,-1.0));
#4877=ORIENTED_EDGE('',*,*,#4878,.F.);
#4887=ORIENTED_EDGE('',*,*,#4672,.T.);
#4898=EDGE_CURVE('',#4871,#4675,#4903,.T.);
#4903=LINE('',#4872,#4905);
#4905=VECTOR('',#4906,3.65125);
#4906=DIRECTION('',(0.0,0.0,1.0));
#4897=ORIENTED_EDGE('',*,*,#4898,.F.);
#4907=STYLED_ITEM('',(#34),#4908);
#4908=ADVANCED_FACE('',(#4914),#4909,.T.);
#4909=PLANE('',#4910);
#4910=AXIS2_PLACEMENT_3D('',#4911,#4912,#4913);
#4911=CARTESIAN_POINT('',(-0.952,0.318,8.89));
#4912=DIRECTION('',(0.0,1.0,0.0));
#4913=DIRECTION('',(0.,0.,1.));
#4914=FACE_OUTER_BOUND('',#4915,.T.);
#4915=EDGE_LOOP('',(#4916,#4926,#4936,#4946));
#4919=CARTESIAN_POINT('',(-1.588,0.318,8.89));
#4918=VERTEX_POINT('',#4919);
#4917=EDGE_CURVE('',#4918,#4869,#4922,.T.);
#4922=LINE('',#4919,#4924);
#4924=VECTOR('',#4925,0.635);
#4925=DIRECTION('',(1.0,0.0,0.0));
#4916=ORIENTED_EDGE('',*,*,#4917,.F.);
#4927=EDGE_CURVE('',#4722,#4918,#4932,.T.);
#4932=LINE('',#4723,#4934);
#4934=VECTOR('',#4935,3.65125);
#4935=DIRECTION('',(0.0,0.0,-1.0));
#4926=ORIENTED_EDGE('',*,*,#4927,.F.);
#4936=ORIENTED_EDGE('',*,*,#4721,.T.);
#4946=ORIENTED_EDGE('',*,*,#4878,.T.);
#4956=STYLED_ITEM('',(#34),#4957);
#4957=ADVANCED_FACE('',(#4963),#4958,.T.);
#4958=PLANE('',#4959);
#4959=AXIS2_PLACEMENT_3D('',#4960,#4961,#4962);
#4960=CARTESIAN_POINT('',(-1.588,0.318,8.89));
#4961=DIRECTION('',(-1.0,0.0,0.0));
#4962=DIRECTION('',(0.,0.,1.));
#4963=FACE_OUTER_BOUND('',#4964,.T.);
#4964=EDGE_LOOP('',(#4965,#4975,#4985,#4995));
#4968=CARTESIAN_POINT('',(-1.588,-0.318,8.89));
#4967=VERTEX_POINT('',#4968);
#4966=EDGE_CURVE('',#4967,#4918,#4971,.T.);
#4971=LINE('',#4968,#4973);
#4973=VECTOR('',#4974,0.635);
#4974=DIRECTION('',(0.0,1.0,0.0));
#4965=ORIENTED_EDGE('',*,*,#4966,.F.);
#4976=EDGE_CURVE('',#4771,#4967,#4981,.T.);
#4981=LINE('',#4772,#4983);
#4983=VECTOR('',#4984,3.65125);
#4984=DIRECTION('',(0.0,0.0,-1.0));
#4975=ORIENTED_EDGE('',*,*,#4976,.F.);
#4985=ORIENTED_EDGE('',*,*,#4770,.T.);
#4995=ORIENTED_EDGE('',*,*,#4927,.T.);
#5005=STYLED_ITEM('',(#34),#5006);
#5006=ADVANCED_FACE('',(#5012),#5007,.T.);
#5007=PLANE('',#5008);
#5008=AXIS2_PLACEMENT_3D('',#5009,#5010,#5011);
#5009=CARTESIAN_POINT('',(-1.588,-0.318,8.89));
#5010=DIRECTION('',(0.0,-1.0,0.0));
#5011=DIRECTION('',(0.,0.,1.));
#5012=FACE_OUTER_BOUND('',#5013,.T.);
#5013=EDGE_LOOP('',(#5014,#5024,#5034,#5044));
#5015=EDGE_CURVE('',#4871,#4967,#5020,.T.);
#5020=LINE('',#4872,#5022);
#5022=VECTOR('',#5023,0.635);
#5023=DIRECTION('',(-1.0,0.0,0.0));
#5014=ORIENTED_EDGE('',*,*,#5015,.F.);
#5024=ORIENTED_EDGE('',*,*,#4898,.T.);
#5034=ORIENTED_EDGE('',*,*,#4819,.T.);
#5044=ORIENTED_EDGE('',*,*,#4976,.T.);
#5054=STYLED_ITEM('',(#34),#5055);
#5055=ADVANCED_FACE('',(#5061),#5056,.T.);
#5056=PLANE('',#5057);
#5057=AXIS2_PLACEMENT_3D('',#5058,#5059,#5060);
#5058=CARTESIAN_POINT('',(-1.588,0.318,8.89));
#5059=DIRECTION('',(0.0,0.0,-1.0));
#5060=DIRECTION('',(0.,1.,0.));
#5061=FACE_OUTER_BOUND('',#5062,.T.);
#5062=EDGE_LOOP('',(#5063,#5073,#5083,#5093));
#5063=ORIENTED_EDGE('',*,*,#4917,.T.);
#5073=ORIENTED_EDGE('',*,*,#4868,.T.);
#5083=ORIENTED_EDGE('',*,*,#5015,.T.);
#5093=ORIENTED_EDGE('',*,*,#4966,.T.);
#5103=STYLED_ITEM('',(#34),#5104);
#5104=ADVANCED_FACE('',(#5110),#5105,.T.);
#5105=PLANE('',#5106);
#5106=AXIS2_PLACEMENT_3D('',#5107,#5108,#5109);
#5107=CARTESIAN_POINT('',(-1.588,-0.318,0.0));
#5108=DIRECTION('',(0.0,0.0,1.0));
#5109=DIRECTION('',(0.,1.,0.));
#5110=FACE_OUTER_BOUND('',#5111,.T.);
#5111=EDGE_LOOP('',(#5112,#5122,#5132,#5142));
#5115=CARTESIAN_POINT('',(-0.952,-0.318,0.0));
#5114=VERTEX_POINT('',#5115);
#5117=CARTESIAN_POINT('',(-1.588,-0.318,0.0));
#5116=VERTEX_POINT('',#5117);
#5113=EDGE_CURVE('',#5114,#5116,#5118,.T.);
#5118=LINE('',#5115,#5120);
#5120=VECTOR('',#5121,0.635);
#5121=DIRECTION('',(-1.0,0.0,0.0));
#5112=ORIENTED_EDGE('',*,*,#5113,.F.);
#5125=CARTESIAN_POINT('',(-0.952,0.318,0.0));
#5124=VERTEX_POINT('',#5125);
#5123=EDGE_CURVE('',#5124,#5114,#5128,.T.);
#5128=LINE('',#5125,#5130);
#5130=VECTOR('',#5131,0.635);
#5131=DIRECTION('',(0.0,-1.0,0.0));
#5122=ORIENTED_EDGE('',*,*,#5123,.F.);
#5135=CARTESIAN_POINT('',(-1.588,0.318,0.0));
#5134=VERTEX_POINT('',#5135);
#5133=EDGE_CURVE('',#5134,#5124,#5138,.T.);
#5138=LINE('',#5135,#5140);
#5140=VECTOR('',#5141,0.635);
#5141=DIRECTION('',(1.0,0.0,0.0));
#5132=ORIENTED_EDGE('',*,*,#5133,.F.);
#5143=EDGE_CURVE('',#5116,#5134,#5148,.T.);
#5148=LINE('',#5117,#5150);
#5150=VECTOR('',#5151,0.635);
#5151=DIRECTION('',(0.0,1.0,0.0));
#5142=ORIENTED_EDGE('',*,*,#5143,.F.);
#5152=STYLED_ITEM('',(#34),#5153);
#5153=ADVANCED_FACE('',(#5159),#5154,.T.);
#5154=PLANE('',#5155);
#5155=AXIS2_PLACEMENT_3D('',#5156,#5157,#5158);
#5156=CARTESIAN_POINT('',(-0.952,-0.318,-4.921));
#5157=DIRECTION('',(1.0,0.0,0.0));
#5158=DIRECTION('',(0.,0.,1.));
#5159=FACE_OUTER_BOUND('',#5160,.T.);
#5160=EDGE_LOOP('',(#5161,#5171,#5181,#5191));
#5164=CARTESIAN_POINT('',(-0.952,0.318,-4.921));
#5163=VERTEX_POINT('',#5164);
#5166=CARTESIAN_POINT('',(-0.952,-0.318,-4.921));
#5165=VERTEX_POINT('',#5166);
#5162=EDGE_CURVE('',#5163,#5165,#5167,.T.);
#5167=LINE('',#5164,#5169);
#5169=VECTOR('',#5170,0.635);
#5170=DIRECTION('',(0.0,-1.0,0.0));
#5161=ORIENTED_EDGE('',*,*,#5162,.F.);
#5172=EDGE_CURVE('',#5124,#5163,#5177,.T.);
#5177=LINE('',#5125,#5179);
#5179=VECTOR('',#5180,4.92125);
#5180=DIRECTION('',(0.0,0.0,-1.0));
#5171=ORIENTED_EDGE('',*,*,#5172,.F.);
#5181=ORIENTED_EDGE('',*,*,#5123,.T.);
#5192=EDGE_CURVE('',#5165,#5114,#5197,.T.);
#5197=LINE('',#5166,#5199);
#5199=VECTOR('',#5200,4.92125);
#5200=DIRECTION('',(0.0,0.0,1.0));
#5191=ORIENTED_EDGE('',*,*,#5192,.F.);
#5201=STYLED_ITEM('',(#34),#5202);
#5202=ADVANCED_FACE('',(#5208),#5203,.T.);
#5203=PLANE('',#5204);
#5204=AXIS2_PLACEMENT_3D('',#5205,#5206,#5207);
#5205=CARTESIAN_POINT('',(-0.952,0.318,-4.921));
#5206=DIRECTION('',(0.0,1.0,0.0));
#5207=DIRECTION('',(0.,0.,1.));
#5208=FACE_OUTER_BOUND('',#5209,.T.);
#5209=EDGE_LOOP('',(#5210,#5220,#5230,#5240));
#5213=CARTESIAN_POINT('',(-1.588,0.318,-4.921));
#5212=VERTEX_POINT('',#5213);
#5211=EDGE_CURVE('',#5212,#5163,#5216,.T.);
#5216=LINE('',#5213,#5218);
#5218=VECTOR('',#5219,0.635);
#5219=DIRECTION('',(1.0,0.0,0.0));
#5210=ORIENTED_EDGE('',*,*,#5211,.F.);
#5221=EDGE_CURVE('',#5134,#5212,#5226,.T.);
#5226=LINE('',#5135,#5228);
#5228=VECTOR('',#5229,4.92125);
#5229=DIRECTION('',(0.0,0.0,-1.0));
#5220=ORIENTED_EDGE('',*,*,#5221,.F.);
#5230=ORIENTED_EDGE('',*,*,#5133,.T.);
#5240=ORIENTED_EDGE('',*,*,#5172,.T.);
#5250=STYLED_ITEM('',(#34),#5251);
#5251=ADVANCED_FACE('',(#5257),#5252,.T.);
#5252=PLANE('',#5253);
#5253=AXIS2_PLACEMENT_3D('',#5254,#5255,#5256);
#5254=CARTESIAN_POINT('',(-1.588,0.318,-4.921));
#5255=DIRECTION('',(-1.0,0.0,0.0));
#5256=DIRECTION('',(0.,0.,1.));
#5257=FACE_OUTER_BOUND('',#5258,.T.);
#5258=EDGE_LOOP('',(#5259,#5269,#5279,#5289));
#5262=CARTESIAN_POINT('',(-1.588,-0.318,-4.921));
#5261=VERTEX_POINT('',#5262);
#5260=EDGE_CURVE('',#5261,#5212,#5265,.T.);
#5265=LINE('',#5262,#5267);
#5267=VECTOR('',#5268,0.635);
#5268=DIRECTION('',(0.0,1.0,0.0));
#5259=ORIENTED_EDGE('',*,*,#5260,.F.);
#5270=EDGE_CURVE('',#5116,#5261,#5275,.T.);
#5275=LINE('',#5117,#5277);
#5277=VECTOR('',#5278,4.92125);
#5278=DIRECTION('',(0.0,0.0,-1.0));
#5269=ORIENTED_EDGE('',*,*,#5270,.F.);
#5279=ORIENTED_EDGE('',*,*,#5143,.T.);
#5289=ORIENTED_EDGE('',*,*,#5221,.T.);
#5299=STYLED_ITEM('',(#34),#5300);
#5300=ADVANCED_FACE('',(#5306),#5301,.T.);
#5301=PLANE('',#5302);
#5302=AXIS2_PLACEMENT_3D('',#5303,#5304,#5305);
#5303=CARTESIAN_POINT('',(-1.588,-0.318,-4.921));
#5304=DIRECTION('',(0.0,-1.0,0.0));
#5305=DIRECTION('',(0.,0.,1.));
#5306=FACE_OUTER_BOUND('',#5307,.T.);
#5307=EDGE_LOOP('',(#5308,#5318,#5328,#5338));
#5309=EDGE_CURVE('',#5165,#5261,#5314,.T.);
#5314=LINE('',#5166,#5316);
#5316=VECTOR('',#5317,0.635);
#5317=DIRECTION('',(-1.0,0.0,0.0));
#5308=ORIENTED_EDGE('',*,*,#5309,.F.);
#5318=ORIENTED_EDGE('',*,*,#5192,.T.);
#5328=ORIENTED_EDGE('',*,*,#5113,.T.);
#5338=ORIENTED_EDGE('',*,*,#5270,.T.);
#5348=STYLED_ITEM('',(#34),#5349);
#5349=ADVANCED_FACE('',(#5355),#5350,.T.);
#5350=PLANE('',#5351);
#5351=AXIS2_PLACEMENT_3D('',#5352,#5353,#5354);
#5352=CARTESIAN_POINT('',(-1.111,-0.159,-5.08));
#5353=DIRECTION('',(0.707,0.0,-0.707));
#5354=DIRECTION('',(0.,0.,1.));
#5355=FACE_OUTER_BOUND('',#5356,.T.);
#5356=EDGE_LOOP('',(#5357,#5367,#5377,#5387));
#5360=CARTESIAN_POINT('',(-1.111,0.159,-5.08));
#5359=VERTEX_POINT('',#5360);
#5362=CARTESIAN_POINT('',(-1.111,-0.159,-5.08));
#5361=VERTEX_POINT('',#5362);
#5358=EDGE_CURVE('',#5359,#5361,#5363,.T.);
#5363=LINE('',#5360,#5365);
#5365=VECTOR('',#5366,0.3175);
#5366=DIRECTION('',(0.0,-1.0,0.0));
#5357=ORIENTED_EDGE('',*,*,#5358,.F.);
#5368=EDGE_CURVE('',#5163,#5359,#5373,.T.);
#5373=LINE('',#5164,#5375);
#5375=VECTOR('',#5376,0.274963065701559);
#5376=DIRECTION('',(-0.577,-0.577,-0.577));
#5367=ORIENTED_EDGE('',*,*,#5368,.F.);
#5377=ORIENTED_EDGE('',*,*,#5162,.T.);
#5388=EDGE_CURVE('',#5361,#5165,#5393,.T.);
#5393=LINE('',#5362,#5395);
#5395=VECTOR('',#5396,0.274963065701559);
#5396=DIRECTION('',(0.577,-0.577,0.577));
#5387=ORIENTED_EDGE('',*,*,#5388,.F.);
#5397=STYLED_ITEM('',(#34),#5398);
#5398=ADVANCED_FACE('',(#5404),#5399,.T.);
#5399=PLANE('',#5400);
#5400=AXIS2_PLACEMENT_3D('',#5401,#5402,#5403);
#5401=CARTESIAN_POINT('',(-1.111,0.159,-5.08));
#5402=DIRECTION('',(0.0,0.707,-0.707));
#5403=DIRECTION('',(0.,0.,1.));
#5404=FACE_OUTER_BOUND('',#5405,.T.);
#5405=EDGE_LOOP('',(#5406,#5416,#5426,#5436));
#5409=CARTESIAN_POINT('',(-1.429,0.159,-5.08));
#5408=VERTEX_POINT('',#5409);
#5407=EDGE_CURVE('',#5408,#5359,#5412,.T.);
#5412=LINE('',#5409,#5414);
#5414=VECTOR('',#5415,0.3175);
#5415=DIRECTION('',(1.0,0.0,0.0));
#5406=ORIENTED_EDGE('',*,*,#5407,.F.);
#5417=EDGE_CURVE('',#5212,#5408,#5422,.T.);
#5422=LINE('',#5213,#5424);
#5424=VECTOR('',#5425,0.274963065701559);
#5425=DIRECTION('',(0.577,-0.577,-0.577));
#5416=ORIENTED_EDGE('',*,*,#5417,.F.);
#5426=ORIENTED_EDGE('',*,*,#5211,.T.);
#5436=ORIENTED_EDGE('',*,*,#5368,.T.);
#5446=STYLED_ITEM('',(#34),#5447);
#5447=ADVANCED_FACE('',(#5453),#5448,.T.);
#5448=PLANE('',#5449);
#5449=AXIS2_PLACEMENT_3D('',#5450,#5451,#5452);
#5450=CARTESIAN_POINT('',(-1.429,0.159,-5.08));
#5451=DIRECTION('',(-0.707,0.0,-0.707));
#5452=DIRECTION('',(0.,0.,1.));
#5453=FACE_OUTER_BOUND('',#5454,.T.);
#5454=EDGE_LOOP('',(#5455,#5465,#5475,#5485));
#5458=CARTESIAN_POINT('',(-1.429,-0.159,-5.08));
#5457=VERTEX_POINT('',#5458);
#5456=EDGE_CURVE('',#5457,#5408,#5461,.T.);
#5461=LINE('',#5458,#5463);
#5463=VECTOR('',#5464,0.3175);
#5464=DIRECTION('',(0.0,1.0,0.0));
#5455=ORIENTED_EDGE('',*,*,#5456,.F.);
#5466=EDGE_CURVE('',#5261,#5457,#5471,.T.);
#5471=LINE('',#5262,#5473);
#5473=VECTOR('',#5474,0.274963065701559);
#5474=DIRECTION('',(0.577,0.577,-0.577));
#5465=ORIENTED_EDGE('',*,*,#5466,.F.);
#5475=ORIENTED_EDGE('',*,*,#5260,.T.);
#5485=ORIENTED_EDGE('',*,*,#5417,.T.);
#5495=STYLED_ITEM('',(#34),#5496);
#5496=ADVANCED_FACE('',(#5502),#5497,.T.);
#5497=PLANE('',#5498);
#5498=AXIS2_PLACEMENT_3D('',#5499,#5500,#5501);
#5499=CARTESIAN_POINT('',(-1.429,-0.159,-5.08));
#5500=DIRECTION('',(0.0,-0.707,-0.707));
#5501=DIRECTION('',(0.,0.,1.));
#5502=FACE_OUTER_BOUND('',#5503,.T.);
#5503=EDGE_LOOP('',(#5504,#5514,#5524,#5534));
#5505=EDGE_CURVE('',#5361,#5457,#5510,.T.);
#5510=LINE('',#5362,#5512);
#5512=VECTOR('',#5513,0.3175);
#5513=DIRECTION('',(-1.0,0.0,0.0));
#5504=ORIENTED_EDGE('',*,*,#5505,.F.);
#5514=ORIENTED_EDGE('',*,*,#5388,.T.);
#5524=ORIENTED_EDGE('',*,*,#5309,.T.);
#5534=ORIENTED_EDGE('',*,*,#5466,.T.);
#5544=STYLED_ITEM('',(#34),#5545);
#5545=ADVANCED_FACE('',(#5551),#5546,.T.);
#5546=PLANE('',#5547);
#5547=AXIS2_PLACEMENT_3D('',#5548,#5549,#5550);
#5548=CARTESIAN_POINT('',(-1.429,0.159,-5.08));
#5549=DIRECTION('',(0.0,0.0,-1.0));
#5550=DIRECTION('',(0.,1.,0.));
#5551=FACE_OUTER_BOUND('',#5552,.T.);
#5552=EDGE_LOOP('',(#5553,#5563,#5573,#5583));
#5553=ORIENTED_EDGE('',*,*,#5407,.T.);
#5563=ORIENTED_EDGE('',*,*,#5358,.T.);
#5573=ORIENTED_EDGE('',*,*,#5505,.T.);
#5583=ORIENTED_EDGE('',*,*,#5456,.T.);
#5593=MANIFOLD_SOLID_BREP($,#5594);
#5594=CLOSED_SHELL('',(#5598,#5647,#5696,#5745,#5794,#5843,#5892,#5941,#5990,#6039));
#5595=MANIFOLD_SOLID_BREP($,#5596);
#5596=CLOSED_SHELL('',(#6088,#6137,#6186,#6235,#6284,#6333,#6382,#6431,#6480,#6529));
#5597=STYLED_ITEM('',(#34),#5598);
#5598=ADVANCED_FACE('',(#5604),#5599,.T.);
#5599=PLANE('',#5600);
#5600=AXIS2_PLACEMENT_3D('',#5601,#5602,#5603);
#5601=CARTESIAN_POINT('',(-3.969,-0.159,12.7));
#5602=DIRECTION('',(0.0,0.0,1.0));
#5603=DIRECTION('',(0.,1.,0.));
#5604=FACE_OUTER_BOUND('',#5605,.T.);
#5605=EDGE_LOOP('',(#5606,#5616,#5626,#5636));
#5609=CARTESIAN_POINT('',(-3.651,-0.159,12.7));
#5608=VERTEX_POINT('',#5609);
#5611=CARTESIAN_POINT('',(-3.969,-0.159,12.7));
#5610=VERTEX_POINT('',#5611);
#5607=EDGE_CURVE('',#5608,#5610,#5612,.T.);
#5612=LINE('',#5609,#5614);
#5614=VECTOR('',#5615,0.3175);
#5615=DIRECTION('',(-1.0,0.0,0.0));
#5606=ORIENTED_EDGE('',*,*,#5607,.F.);
#5619=CARTESIAN_POINT('',(-3.651,0.159,12.7));
#5618=VERTEX_POINT('',#5619);
#5617=EDGE_CURVE('',#5618,#5608,#5622,.T.);
#5622=LINE('',#5619,#5624);
#5624=VECTOR('',#5625,0.3175);
#5625=DIRECTION('',(0.0,-1.0,0.0));
#5616=ORIENTED_EDGE('',*,*,#5617,.F.);
#5629=CARTESIAN_POINT('',(-3.969,0.159,12.7));
#5628=VERTEX_POINT('',#5629);
#5627=EDGE_CURVE('',#5628,#5618,#5632,.T.);
#5632=LINE('',#5629,#5634);
#5634=VECTOR('',#5635,0.3175);
#5635=DIRECTION('',(1.0,0.0,0.0));
#5626=ORIENTED_EDGE('',*,*,#5627,.F.);
#5637=EDGE_CURVE('',#5610,#5628,#5642,.T.);
#5642=LINE('',#5611,#5644);
#5644=VECTOR('',#5645,0.3175);
#5645=DIRECTION('',(0.0,1.0,0.0));
#5636=ORIENTED_EDGE('',*,*,#5637,.F.);
#5646=STYLED_ITEM('',(#34),#5647);
#5647=ADVANCED_FACE('',(#5653),#5648,.T.);
#5648=PLANE('',#5649);
#5649=AXIS2_PLACEMENT_3D('',#5650,#5651,#5652);
#5650=CARTESIAN_POINT('',(-3.492,-0.318,12.541));
#5651=DIRECTION('',(0.707,0.0,0.707));
#5652=DIRECTION('',(0.,0.,1.));
#5653=FACE_OUTER_BOUND('',#5654,.T.);
#5654=EDGE_LOOP('',(#5655,#5665,#5675,#5685));
#5658=CARTESIAN_POINT('',(-3.492,0.318,12.541));
#5657=VERTEX_POINT('',#5658);
#5660=CARTESIAN_POINT('',(-3.492,-0.318,12.541));
#5659=VERTEX_POINT('',#5660);
#5656=EDGE_CURVE('',#5657,#5659,#5661,.T.);
#5661=LINE('',#5658,#5663);
#5663=VECTOR('',#5664,0.635);
#5664=DIRECTION('',(0.0,-1.0,0.0));
#5655=ORIENTED_EDGE('',*,*,#5656,.F.);
#5666=EDGE_CURVE('',#5618,#5657,#5671,.T.);
#5671=LINE('',#5619,#5673);
#5673=VECTOR('',#5674,0.274963065701559);
#5674=DIRECTION('',(0.577,0.577,-0.577));
#5665=ORIENTED_EDGE('',*,*,#5666,.F.);
#5675=ORIENTED_EDGE('',*,*,#5617,.T.);
#5686=EDGE_CURVE('',#5659,#5608,#5691,.T.);
#5691=LINE('',#5660,#5693);
#5693=VECTOR('',#5694,0.274963065701559);
#5694=DIRECTION('',(-0.577,0.577,0.577));
#5685=ORIENTED_EDGE('',*,*,#5686,.F.);
#5695=STYLED_ITEM('',(#34),#5696);
#5696=ADVANCED_FACE('',(#5702),#5697,.T.);
#5697=PLANE('',#5698);
#5698=AXIS2_PLACEMENT_3D('',#5699,#5700,#5701);
#5699=CARTESIAN_POINT('',(-3.492,0.318,12.541));
#5700=DIRECTION('',(0.0,0.707,0.707));
#5701=DIRECTION('',(0.,0.,1.));
#5702=FACE_OUTER_BOUND('',#5703,.T.);
#5703=EDGE_LOOP('',(#5704,#5714,#5724,#5734));
#5707=CARTESIAN_POINT('',(-4.127,0.318,12.541));
#5706=VERTEX_POINT('',#5707);
#5705=EDGE_CURVE('',#5706,#5657,#5710,.T.);
#5710=LINE('',#5707,#5712);
#5712=VECTOR('',#5713,0.635);
#5713=DIRECTION('',(1.0,0.0,0.0));
#5704=ORIENTED_EDGE('',*,*,#5705,.F.);
#5715=EDGE_CURVE('',#5628,#5706,#5720,.T.);
#5720=LINE('',#5629,#5722);
#5722=VECTOR('',#5723,0.274963065701559);
#5723=DIRECTION('',(-0.577,0.577,-0.577));
#5714=ORIENTED_EDGE('',*,*,#5715,.F.);
#5724=ORIENTED_EDGE('',*,*,#5627,.T.);
#5734=ORIENTED_EDGE('',*,*,#5666,.T.);
#5744=STYLED_ITEM('',(#34),#5745);
#5745=ADVANCED_FACE('',(#5751),#5746,.T.);
#5746=PLANE('',#5747);
#5747=AXIS2_PLACEMENT_3D('',#5748,#5749,#5750);
#5748=CARTESIAN_POINT('',(-4.127,0.318,12.541));
#5749=DIRECTION('',(-0.707,0.0,0.707));
#5750=DIRECTION('',(0.,0.,1.));
#5751=FACE_OUTER_BOUND('',#5752,.T.);
#5752=EDGE_LOOP('',(#5753,#5763,#5773,#5783));
#5756=CARTESIAN_POINT('',(-4.127,-0.318,12.541));
#5755=VERTEX_POINT('',#5756);
#5754=EDGE_CURVE('',#5755,#5706,#5759,.T.);
#5759=LINE('',#5756,#5761);
#5761=VECTOR('',#5762,0.635);
#5762=DIRECTION('',(0.0,1.0,0.0));
#5753=ORIENTED_EDGE('',*,*,#5754,.F.);
#5764=EDGE_CURVE('',#5610,#5755,#5769,.T.);
#5769=LINE('',#5611,#5771);
#5771=VECTOR('',#5772,0.274963065701559);
#5772=DIRECTION('',(-0.577,-0.577,-0.577));
#5763=ORIENTED_EDGE('',*,*,#5764,.F.);
#5773=ORIENTED_EDGE('',*,*,#5637,.T.);
#5783=ORIENTED_EDGE('',*,*,#5715,.T.);
#5793=STYLED_ITEM('',(#34),#5794);
#5794=ADVANCED_FACE('',(#5800),#5795,.T.);
#5795=PLANE('',#5796);
#5796=AXIS2_PLACEMENT_3D('',#5797,#5798,#5799);
#5797=CARTESIAN_POINT('',(-4.127,-0.318,12.541));
#5798=DIRECTION('',(0.0,-0.707,0.707));
#5799=DIRECTION('',(0.,0.,1.));
#5800=FACE_OUTER_BOUND('',#5801,.T.);
#5801=EDGE_LOOP('',(#5802,#5812,#5822,#5832));
#5803=EDGE_CURVE('',#5659,#5755,#5808,.T.);
#5808=LINE('',#5660,#5810);
#5810=VECTOR('',#5811,0.635);
#5811=DIRECTION('',(-1.0,0.0,0.0));
#5802=ORIENTED_EDGE('',*,*,#5803,.F.);
#5812=ORIENTED_EDGE('',*,*,#5686,.T.);
#5822=ORIENTED_EDGE('',*,*,#5607,.T.);
#5832=ORIENTED_EDGE('',*,*,#5764,.T.);
#5842=STYLED_ITEM('',(#34),#5843);
#5843=ADVANCED_FACE('',(#5849),#5844,.T.);
#5844=PLANE('',#5845);
#5845=AXIS2_PLACEMENT_3D('',#5846,#5847,#5848);
#5846=CARTESIAN_POINT('',(-3.492,-0.318,8.89));
#5847=DIRECTION('',(1.0,0.0,0.0));
#5848=DIRECTION('',(0.,0.,1.));
#5849=FACE_OUTER_BOUND('',#5850,.T.);
#5850=EDGE_LOOP('',(#5851,#5861,#5871,#5881));
#5854=CARTESIAN_POINT('',(-3.492,0.318,8.89));
#5853=VERTEX_POINT('',#5854);
#5856=CARTESIAN_POINT('',(-3.492,-0.318,8.89));
#5855=VERTEX_POINT('',#5856);
#5852=EDGE_CURVE('',#5853,#5855,#5857,.T.);
#5857=LINE('',#5854,#5859);
#5859=VECTOR('',#5860,0.635);
#5860=DIRECTION('',(0.0,-1.0,0.0));
#5851=ORIENTED_EDGE('',*,*,#5852,.F.);
#5862=EDGE_CURVE('',#5657,#5853,#5867,.T.);
#5867=LINE('',#5658,#5869);
#5869=VECTOR('',#5870,3.65125);
#5870=DIRECTION('',(0.0,0.0,-1.0));
#5861=ORIENTED_EDGE('',*,*,#5862,.F.);
#5871=ORIENTED_EDGE('',*,*,#5656,.T.);
#5882=EDGE_CURVE('',#5855,#5659,#5887,.T.);
#5887=LINE('',#5856,#5889);
#5889=VECTOR('',#5890,3.65125);
#5890=DIRECTION('',(0.0,0.0,1.0));
#5881=ORIENTED_EDGE('',*,*,#5882,.F.);
#5891=STYLED_ITEM('',(#34),#5892);
#5892=ADVANCED_FACE('',(#5898),#5893,.T.);
#5893=PLANE('',#5894);
#5894=AXIS2_PLACEMENT_3D('',#5895,#5896,#5897);
#5895=CARTESIAN_POINT('',(-3.492,0.318,8.89));
#5896=DIRECTION('',(0.0,1.0,0.0));
#5897=DIRECTION('',(0.,0.,1.));
#5898=FACE_OUTER_BOUND('',#5899,.T.);
#5899=EDGE_LOOP('',(#5900,#5910,#5920,#5930));
#5903=CARTESIAN_POINT('',(-4.127,0.318,8.89));
#5902=VERTEX_POINT('',#5903);
#5901=EDGE_CURVE('',#5902,#5853,#5906,.T.);
#5906=LINE('',#5903,#5908);
#5908=VECTOR('',#5909,0.635);
#5909=DIRECTION('',(1.0,0.0,0.0));
#5900=ORIENTED_EDGE('',*,*,#5901,.F.);
#5911=EDGE_CURVE('',#5706,#5902,#5916,.T.);
#5916=LINE('',#5707,#5918);
#5918=VECTOR('',#5919,3.65125);
#5919=DIRECTION('',(0.0,0.0,-1.0));
#5910=ORIENTED_EDGE('',*,*,#5911,.F.);
#5920=ORIENTED_EDGE('',*,*,#5705,.T.);
#5930=ORIENTED_EDGE('',*,*,#5862,.T.);
#5940=STYLED_ITEM('',(#34),#5941);
#5941=ADVANCED_FACE('',(#5947),#5942,.T.);
#5942=PLANE('',#5943);
#5943=AXIS2_PLACEMENT_3D('',#5944,#5945,#5946);
#5944=CARTESIAN_POINT('',(-4.127,0.318,8.89));
#5945=DIRECTION('',(-1.0,0.0,0.0));
#5946=DIRECTION('',(0.,0.,1.));
#5947=FACE_OUTER_BOUND('',#5948,.T.);
#5948=EDGE_LOOP('',(#5949,#5959,#5969,#5979));
#5952=CARTESIAN_POINT('',(-4.127,-0.318,8.89));
#5951=VERTEX_POINT('',#5952);
#5950=EDGE_CURVE('',#5951,#5902,#5955,.T.);
#5955=LINE('',#5952,#5957);
#5957=VECTOR('',#5958,0.635);
#5958=DIRECTION('',(0.0,1.0,0.0));
#5949=ORIENTED_EDGE('',*,*,#5950,.F.);
#5960=EDGE_CURVE('',#5755,#5951,#5965,.T.);
#5965=LINE('',#5756,#5967);
#5967=VECTOR('',#5968,3.65125);
#5968=DIRECTION('',(0.0,0.0,-1.0));
#5959=ORIENTED_EDGE('',*,*,#5960,.F.);
#5969=ORIENTED_EDGE('',*,*,#5754,.T.);
#5979=ORIENTED_EDGE('',*,*,#5911,.T.);
#5989=STYLED_ITEM('',(#34),#5990);
#5990=ADVANCED_FACE('',(#5996),#5991,.T.);
#5991=PLANE('',#5992);
#5992=AXIS2_PLACEMENT_3D('',#5993,#5994,#5995);
#5993=CARTESIAN_POINT('',(-4.127,-0.318,8.89));
#5994=DIRECTION('',(0.0,-1.0,0.0));
#5995=DIRECTION('',(0.,0.,1.));
#5996=FACE_OUTER_BOUND('',#5997,.T.);
#5997=EDGE_LOOP('',(#5998,#6008,#6018,#6028));
#5999=EDGE_CURVE('',#5855,#5951,#6004,.T.);
#6004=LINE('',#5856,#6006);
#6006=VECTOR('',#6007,0.635);
#6007=DIRECTION('',(-1.0,0.0,0.0));
#5998=ORIENTED_EDGE('',*,*,#5999,.F.);
#6008=ORIENTED_EDGE('',*,*,#5882,.T.);
#6018=ORIENTED_EDGE('',*,*,#5803,.T.);
#6028=ORIENTED_EDGE('',*,*,#5960,.T.);
#6038=STYLED_ITEM('',(#34),#6039);
#6039=ADVANCED_FACE('',(#6045),#6040,.T.);
#6040=PLANE('',#6041);
#6041=AXIS2_PLACEMENT_3D('',#6042,#6043,#6044);
#6042=CARTESIAN_POINT('',(-4.127,0.318,8.89));
#6043=DIRECTION('',(0.0,0.0,-1.0));
#6044=DIRECTION('',(0.,1.,0.));
#6045=FACE_OUTER_BOUND('',#6046,.T.);
#6046=EDGE_LOOP('',(#6047,#6057,#6067,#6077));
#6047=ORIENTED_EDGE('',*,*,#5901,.T.);
#6057=ORIENTED_EDGE('',*,*,#5852,.T.);
#6067=ORIENTED_EDGE('',*,*,#5999,.T.);
#6077=ORIENTED_EDGE('',*,*,#5950,.T.);
#6087=STYLED_ITEM('',(#34),#6088);
#6088=ADVANCED_FACE('',(#6094),#6089,.T.);
#6089=PLANE('',#6090);
#6090=AXIS2_PLACEMENT_3D('',#6091,#6092,#6093);
#6091=CARTESIAN_POINT('',(-4.127,-0.318,0.0));
#6092=DIRECTION('',(0.0,0.0,1.0));
#6093=DIRECTION('',(0.,1.,0.));
#6094=FACE_OUTER_BOUND('',#6095,.T.);
#6095=EDGE_LOOP('',(#6096,#6106,#6116,#6126));
#6099=CARTESIAN_POINT('',(-3.492,-0.318,0.0));
#6098=VERTEX_POINT('',#6099);
#6101=CARTESIAN_POINT('',(-4.127,-0.318,0.0));
#6100=VERTEX_POINT('',#6101);
#6097=EDGE_CURVE('',#6098,#6100,#6102,.T.);
#6102=LINE('',#6099,#6104);
#6104=VECTOR('',#6105,0.635);
#6105=DIRECTION('',(-1.0,0.0,0.0));
#6096=ORIENTED_EDGE('',*,*,#6097,.F.);
#6109=CARTESIAN_POINT('',(-3.492,0.318,0.0));
#6108=VERTEX_POINT('',#6109);
#6107=EDGE_CURVE('',#6108,#6098,#6112,.T.);
#6112=LINE('',#6109,#6114);
#6114=VECTOR('',#6115,0.635);
#6115=DIRECTION('',(0.0,-1.0,0.0));
#6106=ORIENTED_EDGE('',*,*,#6107,.F.);
#6119=CARTESIAN_POINT('',(-4.127,0.318,0.0));
#6118=VERTEX_POINT('',#6119);
#6117=EDGE_CURVE('',#6118,#6108,#6122,.T.);
#6122=LINE('',#6119,#6124);
#6124=VECTOR('',#6125,0.635);
#6125=DIRECTION('',(1.0,0.0,0.0));
#6116=ORIENTED_EDGE('',*,*,#6117,.F.);
#6127=EDGE_CURVE('',#6100,#6118,#6132,.T.);
#6132=LINE('',#6101,#6134);
#6134=VECTOR('',#6135,0.635);
#6135=DIRECTION('',(0.0,1.0,0.0));
#6126=ORIENTED_EDGE('',*,*,#6127,.F.);
#6136=STYLED_ITEM('',(#34),#6137);
#6137=ADVANCED_FACE('',(#6143),#6138,.T.);
#6138=PLANE('',#6139);
#6139=AXIS2_PLACEMENT_3D('',#6140,#6141,#6142);
#6140=CARTESIAN_POINT('',(-3.492,-0.318,-4.921));
#6141=DIRECTION('',(1.0,0.0,0.0));
#6142=DIRECTION('',(0.,0.,1.));
#6143=FACE_OUTER_BOUND('',#6144,.T.);
#6144=EDGE_LOOP('',(#6145,#6155,#6165,#6175));
#6148=CARTESIAN_POINT('',(-3.492,0.318,-4.921));
#6147=VERTEX_POINT('',#6148);
#6150=CARTESIAN_POINT('',(-3.492,-0.318,-4.921));
#6149=VERTEX_POINT('',#6150);
#6146=EDGE_CURVE('',#6147,#6149,#6151,.T.);
#6151=LINE('',#6148,#6153);
#6153=VECTOR('',#6154,0.635);
#6154=DIRECTION('',(0.0,-1.0,0.0));
#6145=ORIENTED_EDGE('',*,*,#6146,.F.);
#6156=EDGE_CURVE('',#6108,#6147,#6161,.T.);
#6161=LINE('',#6109,#6163);
#6163=VECTOR('',#6164,4.92125);
#6164=DIRECTION('',(0.0,0.0,-1.0));
#6155=ORIENTED_EDGE('',*,*,#6156,.F.);
#6165=ORIENTED_EDGE('',*,*,#6107,.T.);
#6176=EDGE_CURVE('',#6149,#6098,#6181,.T.);
#6181=LINE('',#6150,#6183);
#6183=VECTOR('',#6184,4.92125);
#6184=DIRECTION('',(0.0,0.0,1.0));
#6175=ORIENTED_EDGE('',*,*,#6176,.F.);
#6185=STYLED_ITEM('',(#34),#6186);
#6186=ADVANCED_FACE('',(#6192),#6187,.T.);
#6187=PLANE('',#6188);
#6188=AXIS2_PLACEMENT_3D('',#6189,#6190,#6191);
#6189=CARTESIAN_POINT('',(-3.492,0.318,-4.921));
#6190=DIRECTION('',(0.0,1.0,0.0));
#6191=DIRECTION('',(0.,0.,1.));
#6192=FACE_OUTER_BOUND('',#6193,.T.);
#6193=EDGE_LOOP('',(#6194,#6204,#6214,#6224));
#6197=CARTESIAN_POINT('',(-4.127,0.318,-4.921));
#6196=VERTEX_POINT('',#6197);
#6195=EDGE_CURVE('',#6196,#6147,#6200,.T.);
#6200=LINE('',#6197,#6202);
#6202=VECTOR('',#6203,0.635);
#6203=DIRECTION('',(1.0,0.0,0.0));
#6194=ORIENTED_EDGE('',*,*,#6195,.F.);
#6205=EDGE_CURVE('',#6118,#6196,#6210,.T.);
#6210=LINE('',#6119,#6212);
#6212=VECTOR('',#6213,4.92125);
#6213=DIRECTION('',(0.0,0.0,-1.0));
#6204=ORIENTED_EDGE('',*,*,#6205,.F.);
#6214=ORIENTED_EDGE('',*,*,#6117,.T.);
#6224=ORIENTED_EDGE('',*,*,#6156,.T.);
#6234=STYLED_ITEM('',(#34),#6235);
#6235=ADVANCED_FACE('',(#6241),#6236,.T.);
#6236=PLANE('',#6237);
#6237=AXIS2_PLACEMENT_3D('',#6238,#6239,#6240);
#6238=CARTESIAN_POINT('',(-4.127,0.318,-4.921));
#6239=DIRECTION('',(-1.0,0.0,0.0));
#6240=DIRECTION('',(0.,0.,1.));
#6241=FACE_OUTER_BOUND('',#6242,.T.);
#6242=EDGE_LOOP('',(#6243,#6253,#6263,#6273));
#6246=CARTESIAN_POINT('',(-4.127,-0.318,-4.921));
#6245=VERTEX_POINT('',#6246);
#6244=EDGE_CURVE('',#6245,#6196,#6249,.T.);
#6249=LINE('',#6246,#6251);
#6251=VECTOR('',#6252,0.635);
#6252=DIRECTION('',(0.0,1.0,0.0));
#6243=ORIENTED_EDGE('',*,*,#6244,.F.);
#6254=EDGE_CURVE('',#6100,#6245,#6259,.T.);
#6259=LINE('',#6101,#6261);
#6261=VECTOR('',#6262,4.92125);
#6262=DIRECTION('',(0.0,0.0,-1.0));
#6253=ORIENTED_EDGE('',*,*,#6254,.F.);
#6263=ORIENTED_EDGE('',*,*,#6127,.T.);
#6273=ORIENTED_EDGE('',*,*,#6205,.T.);
#6283=STYLED_ITEM('',(#34),#6284);
#6284=ADVANCED_FACE('',(#6290),#6285,.T.);
#6285=PLANE('',#6286);
#6286=AXIS2_PLACEMENT_3D('',#6287,#6288,#6289);
#6287=CARTESIAN_POINT('',(-4.127,-0.318,-4.921));
#6288=DIRECTION('',(0.0,-1.0,0.0));
#6289=DIRECTION('',(0.,0.,1.));
#6290=FACE_OUTER_BOUND('',#6291,.T.);
#6291=EDGE_LOOP('',(#6292,#6302,#6312,#6322));
#6293=EDGE_CURVE('',#6149,#6245,#6298,.T.);
#6298=LINE('',#6150,#6300);
#6300=VECTOR('',#6301,0.635);
#6301=DIRECTION('',(-1.0,0.0,0.0));
#6292=ORIENTED_EDGE('',*,*,#6293,.F.);
#6302=ORIENTED_EDGE('',*,*,#6176,.T.);
#6312=ORIENTED_EDGE('',*,*,#6097,.T.);
#6322=ORIENTED_EDGE('',*,*,#6254,.T.);
#6332=STYLED_ITEM('',(#34),#6333);
#6333=ADVANCED_FACE('',(#6339),#6334,.T.);
#6334=PLANE('',#6335);
#6335=AXIS2_PLACEMENT_3D('',#6336,#6337,#6338);
#6336=CARTESIAN_POINT('',(-3.651,-0.159,-5.08));
#6337=DIRECTION('',(0.707,0.0,-0.707));
#6338=DIRECTION('',(0.,0.,1.));
#6339=FACE_OUTER_BOUND('',#6340,.T.);
#6340=EDGE_LOOP('',(#6341,#6351,#6361,#6371));
#6344=CARTESIAN_POINT('',(-3.651,0.159,-5.08));
#6343=VERTEX_POINT('',#6344);
#6346=CARTESIAN_POINT('',(-3.651,-0.159,-5.08));
#6345=VERTEX_POINT('',#6346);
#6342=EDGE_CURVE('',#6343,#6345,#6347,.T.);
#6347=LINE('',#6344,#6349);
#6349=VECTOR('',#6350,0.3175);
#6350=DIRECTION('',(0.0,-1.0,0.0));
#6341=ORIENTED_EDGE('',*,*,#6342,.F.);
#6352=EDGE_CURVE('',#6147,#6343,#6357,.T.);
#6357=LINE('',#6148,#6359);
#6359=VECTOR('',#6360,0.274963065701559);
#6360=DIRECTION('',(-0.577,-0.577,-0.577));
#6351=ORIENTED_EDGE('',*,*,#6352,.F.);
#6361=ORIENTED_EDGE('',*,*,#6146,.T.);
#6372=EDGE_CURVE('',#6345,#6149,#6377,.T.);
#6377=LINE('',#6346,#6379);
#6379=VECTOR('',#6380,0.274963065701559);
#6380=DIRECTION('',(0.577,-0.577,0.577));
#6371=ORIENTED_EDGE('',*,*,#6372,.F.);
#6381=STYLED_ITEM('',(#34),#6382);
#6382=ADVANCED_FACE('',(#6388),#6383,.T.);
#6383=PLANE('',#6384);
#6384=AXIS2_PLACEMENT_3D('',#6385,#6386,#6387);
#6385=CARTESIAN_POINT('',(-3.651,0.159,-5.08));
#6386=DIRECTION('',(0.0,0.707,-0.707));
#6387=DIRECTION('',(0.,0.,1.));
#6388=FACE_OUTER_BOUND('',#6389,.T.);
#6389=EDGE_LOOP('',(#6390,#6400,#6410,#6420));
#6393=CARTESIAN_POINT('',(-3.969,0.159,-5.08));
#6392=VERTEX_POINT('',#6393);
#6391=EDGE_CURVE('',#6392,#6343,#6396,.T.);
#6396=LINE('',#6393,#6398);
#6398=VECTOR('',#6399,0.3175);
#6399=DIRECTION('',(1.0,0.0,0.0));
#6390=ORIENTED_EDGE('',*,*,#6391,.F.);
#6401=EDGE_CURVE('',#6196,#6392,#6406,.T.);
#6406=LINE('',#6197,#6408);
#6408=VECTOR('',#6409,0.274963065701559);
#6409=DIRECTION('',(0.577,-0.577,-0.577));
#6400=ORIENTED_EDGE('',*,*,#6401,.F.);
#6410=ORIENTED_EDGE('',*,*,#6195,.T.);
#6420=ORIENTED_EDGE('',*,*,#6352,.T.);
#6430=STYLED_ITEM('',(#34),#6431);
#6431=ADVANCED_FACE('',(#6437),#6432,.T.);
#6432=PLANE('',#6433);
#6433=AXIS2_PLACEMENT_3D('',#6434,#6435,#6436);
#6434=CARTESIAN_POINT('',(-3.969,0.159,-5.08));
#6435=DIRECTION('',(-0.707,0.0,-0.707));
#6436=DIRECTION('',(0.,0.,1.));
#6437=FACE_OUTER_BOUND('',#6438,.T.);
#6438=EDGE_LOOP('',(#6439,#6449,#6459,#6469));
#6442=CARTESIAN_POINT('',(-3.969,-0.159,-5.08));
#6441=VERTEX_POINT('',#6442);
#6440=EDGE_CURVE('',#6441,#6392,#6445,.T.);
#6445=LINE('',#6442,#6447);
#6447=VECTOR('',#6448,0.3175);
#6448=DIRECTION('',(0.0,1.0,0.0));
#6439=ORIENTED_EDGE('',*,*,#6440,.F.);
#6450=EDGE_CURVE('',#6245,#6441,#6455,.T.);
#6455=LINE('',#6246,#6457);
#6457=VECTOR('',#6458,0.274963065701559);
#6458=DIRECTION('',(0.577,0.577,-0.577));
#6449=ORIENTED_EDGE('',*,*,#6450,.F.);
#6459=ORIENTED_EDGE('',*,*,#6244,.T.);
#6469=ORIENTED_EDGE('',*,*,#6401,.T.);
#6479=STYLED_ITEM('',(#34),#6480);
#6480=ADVANCED_FACE('',(#6486),#6481,.T.);
#6481=PLANE('',#6482);
#6482=AXIS2_PLACEMENT_3D('',#6483,#6484,#6485);
#6483=CARTESIAN_POINT('',(-3.969,-0.159,-5.08));
#6484=DIRECTION('',(0.0,-0.707,-0.707));
#6485=DIRECTION('',(0.,0.,1.));
#6486=FACE_OUTER_BOUND('',#6487,.T.);
#6487=EDGE_LOOP('',(#6488,#6498,#6508,#6518));
#6489=EDGE_CURVE('',#6345,#6441,#6494,.T.);
#6494=LINE('',#6346,#6496);
#6496=VECTOR('',#6497,0.3175);
#6497=DIRECTION('',(-1.0,0.0,0.0));
#6488=ORIENTED_EDGE('',*,*,#6489,.F.);
#6498=ORIENTED_EDGE('',*,*,#6372,.T.);
#6508=ORIENTED_EDGE('',*,*,#6293,.T.);
#6518=ORIENTED_EDGE('',*,*,#6450,.T.);
#6528=STYLED_ITEM('',(#34),#6529);
#6529=ADVANCED_FACE('',(#6535),#6530,.T.);
#6530=PLANE('',#6531);
#6531=AXIS2_PLACEMENT_3D('',#6532,#6533,#6534);
#6532=CARTESIAN_POINT('',(-3.969,0.159,-5.08));
#6533=DIRECTION('',(0.0,0.0,-1.0));
#6534=DIRECTION('',(0.,1.,0.));
#6535=FACE_OUTER_BOUND('',#6536,.T.);
#6536=EDGE_LOOP('',(#6537,#6547,#6557,#6567));
#6537=ORIENTED_EDGE('',*,*,#6391,.T.);
#6547=ORIENTED_EDGE('',*,*,#6342,.T.);
#6557=ORIENTED_EDGE('',*,*,#6489,.T.);
#6567=ORIENTED_EDGE('',*,*,#6440,.T.);
ENDSEC;
END-ISO-10303-21;
